ISO-10303-21;
HEADER;
FILE_DESCRIPTION(('KiCad electronic assembly'),'2;1');
FILE_NAME('maratui.step','2026-09-04T11:19:21',('Pcbnew'),('Kicad'),
  'Open CASCADE STEP processor 7.6','KiCad to STEP converter','Unknown'
  );
FILE_SCHEMA(('AUTOMOTIVE_DESIGN { 1 0 10303 214 1 1 1 1 }'));
ENDSEC;
DATA;
#1 = APPLICATION_PROTOCOL_DEFINITION('international standard',
  'automotive_design',2000,#2);
#2 = APPLICATION_CONTEXT(
  'core data for automotive mechanical design processes');
#3 = SHAPE_DEFINITION_REPRESENTATION(#4,#10);
#4 = PRODUCT_DEFINITION_SHAPE('','',#5);
#5 = PRODUCT_DEFINITION('design','',#6,#9);
#6 = PRODUCT_DEFINITION_FORMATION('','',#7);
#7 = PRODUCT('maratui 1','maratui 1','',(#8));
#8 = PRODUCT_CONTEXT('',#2,'mechanical');
#9 = PRODUCT_DEFINITION_CONTEXT('part definition',#2,'design');
#10 = SHAPE_REPRESENTATION('',(#11,#15,#19,#23,#27,#31,#35),#39);
#11 = AXIS2_PLACEMENT_3D('',#12,#13,#14);
#12 = CARTESIAN_POINT('',(0.,0.,0.));
#13 = DIRECTION('',(0.,0.,1.));
#14 = DIRECTION('',(1.,0.,-0.));
#15 = AXIS2_PLACEMENT_3D('',#16,#17,#18);
#16 = CARTESIAN_POINT('',(135.5,-87.,1.595));
#17 = DIRECTION('',(0.,0.,1.));
#18 = DIRECTION('',(1.,0.,0.));
#19 = AXIS2_PLACEMENT_3D('',#20,#21,#22);
#20 = CARTESIAN_POINT('',(156.4675,-56.25,1.595));
#21 = DIRECTION('',(-0.,0.,1.));
#22 = DIRECTION('',(1.110223024625E-16,-1.,0.));
#23 = AXIS2_PLACEMENT_3D('',#24,#25,#26);
#24 = CARTESIAN_POINT('',(99.5,-87.34,1.595));
#25 = DIRECTION('',(0.,0.,1.));
#26 = DIRECTION('',(1.,0.,0.));
#27 = AXIS2_PLACEMENT_3D('',#28,#29,#30);
#28 = CARTESIAN_POINT('',(156.5,-76.,1.595));
#29 = DIRECTION('',(-0.,0.,1.));
#30 = DIRECTION('',(1.110223024625E-16,-1.,0.));
#31 = AXIS2_PLACEMENT_3D('',#32,#33,#34);
#32 = CARTESIAN_POINT('',(89.5,-92.5,1.595));
#33 = DIRECTION('',(0.,0.,1.));
#34 = DIRECTION('',(-1.,1.224646799147E-16,0.));
#35 = AXIS2_PLACEMENT_3D('',#36,#37,#38);
#36 = CARTESIAN_POINT('',(0.,0.,0.));
#37 = DIRECTION('',(0.,0.,1.));
#38 = DIRECTION('',(1.,0.,-0.));
#39 = ( GEOMETRIC_REPRESENTATION_CONTEXT(3) 
GLOBAL_UNCERTAINTY_ASSIGNED_CONTEXT((#43)) GLOBAL_UNIT_ASSIGNED_CONTEXT(
(#40,#41,#42)) REPRESENTATION_CONTEXT('Context #1',
  '3D Context with UNIT and UNCERTAINTY') );
#40 = ( LENGTH_UNIT() NAMED_UNIT(*) SI_UNIT(.MILLI.,.METRE.) );
#41 = ( NAMED_UNIT(*) PLANE_ANGLE_UNIT() SI_UNIT($,.RADIAN.) );
#42 = ( NAMED_UNIT(*) SI_UNIT($,.STERADIAN.) SOLID_ANGLE_UNIT() );
#43 = UNCERTAINTY_MEASURE_WITH_UNIT(LENGTH_MEASURE(1.E-07),#40,
  'distance_accuracy_value','confusion accuracy');
#44 = PRODUCT_RELATED_PRODUCT_CATEGORY('part',$,(#7));
#45 = SHAPE_DEFINITION_REPRESENTATION(#46,#52);
#46 = PRODUCT_DEFINITION_SHAPE('','',#47);
#47 = PRODUCT_DEFINITION('design','',#48,#51);
#48 = PRODUCT_DEFINITION_FORMATION('','',#49);
#49 = PRODUCT('PinSocket_1x05_P2.54mm_Vertical',
  'PinSocket_1x05_P2.54mm_Vertical','',(#50));
#50 = PRODUCT_CONTEXT('',#2,'mechanical');
#51 = PRODUCT_DEFINITION_CONTEXT('part definition',#2,'design');
#52 = SHAPE_REPRESENTATION('',(#11,#53),#57);
#53 = AXIS2_PLACEMENT_3D('',#54,#55,#56);
#54 = CARTESIAN_POINT('',(0.,0.,0.));
#55 = DIRECTION('',(0.,0.,1.));
#56 = DIRECTION('',(1.,0.,-0.));
#57 = ( GEOMETRIC_REPRESENTATION_CONTEXT(3) 
GLOBAL_UNCERTAINTY_ASSIGNED_CONTEXT((#61)) GLOBAL_UNIT_ASSIGNED_CONTEXT(
(#58,#59,#60)) REPRESENTATION_CONTEXT('Context #1',
  '3D Context with UNIT and UNCERTAINTY') );
#58 = ( LENGTH_UNIT() NAMED_UNIT(*) SI_UNIT(.MILLI.,.METRE.) );
#59 = ( NAMED_UNIT(*) PLANE_ANGLE_UNIT() SI_UNIT($,.RADIAN.) );
#60 = ( NAMED_UNIT(*) SI_UNIT($,.STERADIAN.) SOLID_ANGLE_UNIT() );
#61 = UNCERTAINTY_MEASURE_WITH_UNIT(LENGTH_MEASURE(1.E-07),#58,
  'distance_accuracy_value','confusion accuracy');
#62 = CONTEXT_DEPENDENT_SHAPE_REPRESENTATION(#63,#65);
#63 = ( REPRESENTATION_RELATIONSHIP('','',#52,#10) 
REPRESENTATION_RELATIONSHIP_WITH_TRANSFORMATION(#64) 
SHAPE_REPRESENTATION_RELATIONSHIP() );
#64 = ITEM_DEFINED_TRANSFORMATION('','',#11,#15);
#65 = PRODUCT_DEFINITION_SHAPE('Placement','Placement of an item',#66);
#66 = NEXT_ASSEMBLY_USAGE_OCCURRENCE('2','J1','',#5,#47,$);
#67 = PRODUCT_RELATED_PRODUCT_CATEGORY('part',$,(#49));
#68 = SHAPE_DEFINITION_REPRESENTATION(#69,#75);
#69 = PRODUCT_DEFINITION_SHAPE('','',#70);
#70 = PRODUCT_DEFINITION('design','',#71,#74);
#71 = PRODUCT_DEFINITION_FORMATION('','',#72);
#72 = PRODUCT('PinSocket_1x05_P2.54mm_Vertical',
  'PinSocket_1x05_P2.54mm_Vertical','',(#73));
#73 = PRODUCT_CONTEXT('',#2,'mechanical');
#74 = PRODUCT_DEFINITION_CONTEXT('part definition',#2,'design');
#75 = ADVANCED_BREP_SHAPE_REPRESENTATION('',(#11,#76),#4238);
#76 = MANIFOLD_SOLID_BREP('',#77);
#77 = CLOSED_SHELL('',(#78,#118,#181,#244,#261,#448,#470,#487,#834,#846,
    #858,#889,#913,#937,#954,#985,#1009,#1033,#1050,#1081,#1105,#1129,
    #1146,#1177,#1201,#1225,#1242,#1273,#1297,#1321,#1338,#1355,#1402,
    #1419,#1466,#1483,#1530,#1547,#1594,#1611,#1658,#1675,#1722,#1739,
    #1786,#1803,#1850,#1867,#1914,#1931,#1978,#2009,#2065,#2089,#2138,
    #2169,#2225,#2249,#2298,#2329,#2385,#2409,#2458,#2489,#2545,#2569,
    #2618,#2649,#2705,#2729,#2778,#2795,#2812,#2829,#2846,#2858,#2875,
    #2892,#2909,#2926,#2938,#2955,#2972,#2989,#3006,#3018,#3035,#3052,
    #3069,#3086,#3098,#3115,#3132,#3149,#3166,#3178,#3195,#3212,#3261,
    #3285,#3327,#3344,#3361,#3378,#3427,#3451,#3493,#3510,#3527,#3544,
    #3593,#3617,#3659,#3676,#3693,#3710,#3759,#3783,#3825,#3842,#3859,
    #3876,#3925,#3949,#3991,#4008,#4025,#4042,#4054,#4071,#4088,#4100,
    #4117,#4134,#4146,#4163,#4180,#4192,#4209,#4226));
#78 = ADVANCED_FACE('',(#79),#113,.F.);
#79 = FACE_BOUND('',#80,.F.);
#80 = EDGE_LOOP('',(#81,#91,#99,#107));
#81 = ORIENTED_EDGE('',*,*,#82,.T.);
#82 = EDGE_CURVE('',#83,#85,#87,.T.);
#83 = VERTEX_POINT('',#84);
#84 = CARTESIAN_POINT('',(1.27,-11.43,0.));
#85 = VERTEX_POINT('',#86);
#86 = CARTESIAN_POINT('',(1.27,-11.43,8.5));
#87 = LINE('',#88,#89);
#88 = CARTESIAN_POINT('',(1.27,-11.43,0.));
#89 = VECTOR('',#90,1.);
#90 = DIRECTION('',(0.,0.,1.));
#91 = ORIENTED_EDGE('',*,*,#92,.T.);
#92 = EDGE_CURVE('',#85,#93,#95,.T.);
#93 = VERTEX_POINT('',#94);
#94 = CARTESIAN_POINT('',(1.27,1.27,8.5));
#95 = LINE('',#96,#97);
#96 = CARTESIAN_POINT('',(1.27,-11.43,8.5));
#97 = VECTOR('',#98,1.);
#98 = DIRECTION('',(1.110223024625E-16,1.,0.));
#99 = ORIENTED_EDGE('',*,*,#100,.F.);
#100 = EDGE_CURVE('',#101,#93,#103,.T.);
#101 = VERTEX_POINT('',#102);
#102 = CARTESIAN_POINT('',(1.27,1.27,0.));
#103 = LINE('',#104,#105);
#104 = CARTESIAN_POINT('',(1.27,1.27,0.));
#105 = VECTOR('',#106,1.);
#106 = DIRECTION('',(0.,0.,1.));
#107 = ORIENTED_EDGE('',*,*,#108,.F.);
#108 = EDGE_CURVE('',#83,#101,#109,.T.);
#109 = LINE('',#110,#111);
#110 = CARTESIAN_POINT('',(1.27,-11.43,0.));
#111 = VECTOR('',#112,1.);
#112 = DIRECTION('',(1.110223024625E-16,1.,0.));
#113 = PLANE('',#114);
#114 = AXIS2_PLACEMENT_3D('',#115,#116,#117);
#115 = CARTESIAN_POINT('',(1.27,-11.43,0.));
#116 = DIRECTION('',(-1.,1.110223024625E-16,0.));
#117 = DIRECTION('',(1.110223024625E-16,1.,0.));
#118 = ADVANCED_FACE('',(#119),#176,.F.);
#119 = FACE_BOUND('',#120,.F.);
#120 = EDGE_LOOP('',(#121,#131,#139,#145,#146,#154,#162,#170));
#121 = ORIENTED_EDGE('',*,*,#122,.F.);
#122 = EDGE_CURVE('',#123,#125,#127,.T.);
#123 = VERTEX_POINT('',#124);
#124 = CARTESIAN_POINT('',(-1.27,-11.43,0.));
#125 = VERTEX_POINT('',#126);
#126 = CARTESIAN_POINT('',(-0.846666666667,-11.43,0.));
#127 = LINE('',#128,#129);
#128 = CARTESIAN_POINT('',(-1.27,-11.43,0.));
#129 = VECTOR('',#130,1.);
#130 = DIRECTION('',(1.,-1.110223024625E-16,0.));
#131 = ORIENTED_EDGE('',*,*,#132,.T.);
#132 = EDGE_CURVE('',#123,#133,#135,.T.);
#133 = VERTEX_POINT('',#134);
#134 = CARTESIAN_POINT('',(-1.27,-11.43,8.5));
#135 = LINE('',#136,#137);
#136 = CARTESIAN_POINT('',(-1.27,-11.43,0.));
#137 = VECTOR('',#138,1.);
#138 = DIRECTION('',(0.,0.,1.));
#139 = ORIENTED_EDGE('',*,*,#140,.T.);
#140 = EDGE_CURVE('',#133,#85,#141,.T.);
#141 = LINE('',#142,#143);
#142 = CARTESIAN_POINT('',(-1.27,-11.43,8.5));
#143 = VECTOR('',#144,1.);
#144 = DIRECTION('',(1.,-1.110223024625E-16,0.));
#145 = ORIENTED_EDGE('',*,*,#82,.F.);
#146 = ORIENTED_EDGE('',*,*,#147,.F.);
#147 = EDGE_CURVE('',#148,#83,#150,.T.);
#148 = VERTEX_POINT('',#149);
#149 = CARTESIAN_POINT('',(0.846666666667,-11.43,0.));
#150 = LINE('',#151,#152);
#151 = CARTESIAN_POINT('',(-1.27,-11.43,0.));
#152 = VECTOR('',#153,1.);
#153 = DIRECTION('',(1.,-1.110223024625E-16,0.));
#154 = ORIENTED_EDGE('',*,*,#155,.T.);
#155 = EDGE_CURVE('',#148,#156,#158,.T.);
#156 = VERTEX_POINT('',#157);
#157 = CARTESIAN_POINT('',(0.846666666667,-11.43,0.2));
#158 = LINE('',#159,#160);
#159 = CARTESIAN_POINT('',(0.846666666667,-11.43,0.));
#160 = VECTOR('',#161,1.);
#161 = DIRECTION('',(0.,0.,1.));
#162 = ORIENTED_EDGE('',*,*,#163,.F.);
#163 = EDGE_CURVE('',#164,#156,#166,.T.);
#164 = VERTEX_POINT('',#165);
#165 = CARTESIAN_POINT('',(-0.846666666667,-11.43,0.2));
#166 = LINE('',#167,#168);
#167 = CARTESIAN_POINT('',(-0.846666666667,-11.43,0.2));
#168 = VECTOR('',#169,1.);
#169 = DIRECTION('',(1.,-1.110223024625E-16,0.));
#170 = ORIENTED_EDGE('',*,*,#171,.F.);
#171 = EDGE_CURVE('',#125,#164,#172,.T.);
#172 = LINE('',#173,#174);
#173 = CARTESIAN_POINT('',(-0.846666666667,-11.43,0.));
#174 = VECTOR('',#175,1.);
#175 = DIRECTION('',(0.,0.,1.));
#176 = PLANE('',#177);
#177 = AXIS2_PLACEMENT_3D('',#178,#179,#180);
#178 = CARTESIAN_POINT('',(-1.27,-11.43,0.));
#179 = DIRECTION('',(1.110223024625E-16,1.,0.));
#180 = DIRECTION('',(1.,-1.110223024625E-16,0.));
#181 = ADVANCED_FACE('',(#182),#239,.F.);
#182 = FACE_BOUND('',#183,.F.);
#183 = EDGE_LOOP('',(#184,#192,#193,#201,#209,#217,#225,#233));
#184 = ORIENTED_EDGE('',*,*,#185,.F.);
#185 = EDGE_CURVE('',#101,#186,#188,.T.);
#186 = VERTEX_POINT('',#187);
#187 = CARTESIAN_POINT('',(0.846666666667,1.27,0.));
#188 = LINE('',#189,#190);
#189 = CARTESIAN_POINT('',(1.27,1.27,0.));
#190 = VECTOR('',#191,1.);
#191 = DIRECTION('',(-1.,1.110223024625E-16,0.));
#192 = ORIENTED_EDGE('',*,*,#100,.T.);
#193 = ORIENTED_EDGE('',*,*,#194,.T.);
#194 = EDGE_CURVE('',#93,#195,#197,.T.);
#195 = VERTEX_POINT('',#196);
#196 = CARTESIAN_POINT('',(-1.27,1.27,8.5));
#197 = LINE('',#198,#199);
#198 = CARTESIAN_POINT('',(1.27,1.27,8.5));
#199 = VECTOR('',#200,1.);
#200 = DIRECTION('',(-1.,1.110223024625E-16,0.));
#201 = ORIENTED_EDGE('',*,*,#202,.F.);
#202 = EDGE_CURVE('',#203,#195,#205,.T.);
#203 = VERTEX_POINT('',#204);
#204 = CARTESIAN_POINT('',(-1.27,1.27,0.));
#205 = LINE('',#206,#207);
#206 = CARTESIAN_POINT('',(-1.27,1.27,0.));
#207 = VECTOR('',#208,1.);
#208 = DIRECTION('',(0.,0.,1.));
#209 = ORIENTED_EDGE('',*,*,#210,.F.);
#210 = EDGE_CURVE('',#211,#203,#213,.T.);
#211 = VERTEX_POINT('',#212);
#212 = CARTESIAN_POINT('',(-0.846666666667,1.27,0.));
#213 = LINE('',#214,#215);
#214 = CARTESIAN_POINT('',(1.27,1.27,0.));
#215 = VECTOR('',#216,1.);
#216 = DIRECTION('',(-1.,1.110223024625E-16,0.));
#217 = ORIENTED_EDGE('',*,*,#218,.T.);
#218 = EDGE_CURVE('',#211,#219,#221,.T.);
#219 = VERTEX_POINT('',#220);
#220 = CARTESIAN_POINT('',(-0.846666666667,1.27,0.2));
#221 = LINE('',#222,#223);
#222 = CARTESIAN_POINT('',(-0.846666666667,1.27,0.));
#223 = VECTOR('',#224,1.);
#224 = DIRECTION('',(0.,0.,1.));
#225 = ORIENTED_EDGE('',*,*,#226,.F.);
#226 = EDGE_CURVE('',#227,#219,#229,.T.);
#227 = VERTEX_POINT('',#228);
#228 = CARTESIAN_POINT('',(0.846666666667,1.27,0.2));
#229 = LINE('',#230,#231);
#230 = CARTESIAN_POINT('',(0.846666666667,1.27,0.2));
#231 = VECTOR('',#232,1.);
#232 = DIRECTION('',(-1.,1.110223024625E-16,0.));
#233 = ORIENTED_EDGE('',*,*,#234,.F.);
#234 = EDGE_CURVE('',#186,#227,#235,.T.);
#235 = LINE('',#236,#237);
#236 = CARTESIAN_POINT('',(0.846666666667,1.27,0.));
#237 = VECTOR('',#238,1.);
#238 = DIRECTION('',(0.,0.,1.));
#239 = PLANE('',#240);
#240 = AXIS2_PLACEMENT_3D('',#241,#242,#243);
#241 = CARTESIAN_POINT('',(1.27,1.27,0.));
#242 = DIRECTION('',(-1.110223024625E-16,-1.,0.));
#243 = DIRECTION('',(-1.,1.110223024625E-16,0.));
#244 = ADVANCED_FACE('',(#245),#256,.F.);
#245 = FACE_BOUND('',#246,.F.);
#246 = EDGE_LOOP('',(#247,#248,#249,#250));
#247 = ORIENTED_EDGE('',*,*,#147,.T.);
#248 = ORIENTED_EDGE('',*,*,#108,.T.);
#249 = ORIENTED_EDGE('',*,*,#185,.T.);
#250 = ORIENTED_EDGE('',*,*,#251,.F.);
#251 = EDGE_CURVE('',#148,#186,#252,.T.);
#252 = LINE('',#253,#254);
#253 = CARTESIAN_POINT('',(0.846666666667,-11.43,0.));
#254 = VECTOR('',#255,1.);
#255 = DIRECTION('',(1.110223024625E-16,1.,0.));
#256 = PLANE('',#257);
#257 = AXIS2_PLACEMENT_3D('',#258,#259,#260);
#258 = CARTESIAN_POINT('',(-5.36237720894E-16,-5.08,0.));
#259 = DIRECTION('',(0.,0.,1.));
#260 = DIRECTION('',(1.110223024625E-16,1.,-0.));
#261 = ADVANCED_FACE('',(#262,#273,#307,#341,#375,#409),#443,.T.);
#262 = FACE_BOUND('',#263,.T.);
#263 = EDGE_LOOP('',(#264,#265,#266,#272));
#264 = ORIENTED_EDGE('',*,*,#92,.T.);
#265 = ORIENTED_EDGE('',*,*,#194,.T.);
#266 = ORIENTED_EDGE('',*,*,#267,.T.);
#267 = EDGE_CURVE('',#195,#133,#268,.T.);
#268 = LINE('',#269,#270);
#269 = CARTESIAN_POINT('',(-1.27,1.27,8.5));
#270 = VECTOR('',#271,1.);
#271 = DIRECTION('',(-1.110223024625E-16,-1.,0.));
#272 = ORIENTED_EDGE('',*,*,#140,.T.);
#273 = FACE_BOUND('',#274,.T.);
#274 = EDGE_LOOP('',(#275,#285,#293,#301));
#275 = ORIENTED_EDGE('',*,*,#276,.F.);
#276 = EDGE_CURVE('',#277,#279,#281,.T.);
#277 = VERTEX_POINT('',#278);
#278 = CARTESIAN_POINT('',(0.6,-10.76,8.5));
#279 = VERTEX_POINT('',#280);
#280 = CARTESIAN_POINT('',(0.6,-9.56,8.5));
#281 = LINE('',#282,#283);
#282 = CARTESIAN_POINT('',(0.6,-10.76,8.5));
#283 = VECTOR('',#284,1.);
#284 = DIRECTION('',(1.110223024625E-16,1.,0.));
#285 = ORIENTED_EDGE('',*,*,#286,.F.);
#286 = EDGE_CURVE('',#287,#277,#289,.T.);
#287 = VERTEX_POINT('',#288);
#288 = CARTESIAN_POINT('',(-0.6,-10.76,8.5));
#289 = LINE('',#290,#291);
#290 = CARTESIAN_POINT('',(-0.6,-10.76,8.5));
#291 = VECTOR('',#292,1.);
#292 = DIRECTION('',(1.,-1.110223024625E-16,0.));
#293 = ORIENTED_EDGE('',*,*,#294,.F.);
#294 = EDGE_CURVE('',#295,#287,#297,.T.);
#295 = VERTEX_POINT('',#296);
#296 = CARTESIAN_POINT('',(-0.6,-9.56,8.5));
#297 = LINE('',#298,#299);
#298 = CARTESIAN_POINT('',(-0.6,-9.56,8.5));
#299 = VECTOR('',#300,1.);
#300 = DIRECTION('',(-1.110223024625E-16,-1.,0.));
#301 = ORIENTED_EDGE('',*,*,#302,.F.);
#302 = EDGE_CURVE('',#279,#295,#303,.T.);
#303 = LINE('',#304,#305);
#304 = CARTESIAN_POINT('',(0.6,-9.56,8.5));
#305 = VECTOR('',#306,1.);
#306 = DIRECTION('',(-1.,1.110223024625E-16,0.));
#307 = FACE_BOUND('',#308,.T.);
#308 = EDGE_LOOP('',(#309,#319,#327,#335));
#309 = ORIENTED_EDGE('',*,*,#310,.F.);
#310 = EDGE_CURVE('',#311,#313,#315,.T.);
#311 = VERTEX_POINT('',#312);
#312 = CARTESIAN_POINT('',(0.6,-8.22,8.5));
#313 = VERTEX_POINT('',#314);
#314 = CARTESIAN_POINT('',(0.6,-7.02,8.5));
#315 = LINE('',#316,#317);
#316 = CARTESIAN_POINT('',(0.6,-8.22,8.5));
#317 = VECTOR('',#318,1.);
#318 = DIRECTION('',(1.110223024625E-16,1.,0.));
#319 = ORIENTED_EDGE('',*,*,#320,.F.);
#320 = EDGE_CURVE('',#321,#311,#323,.T.);
#321 = VERTEX_POINT('',#322);
#322 = CARTESIAN_POINT('',(-0.6,-8.22,8.5));
#323 = LINE('',#324,#325);
#324 = CARTESIAN_POINT('',(-0.6,-8.22,8.5));
#325 = VECTOR('',#326,1.);
#326 = DIRECTION('',(1.,-1.110223024625E-16,0.));
#327 = ORIENTED_EDGE('',*,*,#328,.F.);
#328 = EDGE_CURVE('',#329,#321,#331,.T.);
#329 = VERTEX_POINT('',#330);
#330 = CARTESIAN_POINT('',(-0.6,-7.02,8.5));
#331 = LINE('',#332,#333);
#332 = CARTESIAN_POINT('',(-0.6,-7.02,8.5));
#333 = VECTOR('',#334,1.);
#334 = DIRECTION('',(-1.110223024625E-16,-1.,0.));
#335 = ORIENTED_EDGE('',*,*,#336,.F.);
#336 = EDGE_CURVE('',#313,#329,#337,.T.);
#337 = LINE('',#338,#339);
#338 = CARTESIAN_POINT('',(0.6,-7.02,8.5));
#339 = VECTOR('',#340,1.);
#340 = DIRECTION('',(-1.,1.110223024625E-16,0.));
#341 = FACE_BOUND('',#342,.T.);
#342 = EDGE_LOOP('',(#343,#353,#361,#369));
#343 = ORIENTED_EDGE('',*,*,#344,.F.);
#344 = EDGE_CURVE('',#345,#347,#349,.T.);
#345 = VERTEX_POINT('',#346);
#346 = CARTESIAN_POINT('',(0.6,-5.68,8.5));
#347 = VERTEX_POINT('',#348);
#348 = CARTESIAN_POINT('',(0.6,-4.48,8.5));
#349 = LINE('',#350,#351);
#350 = CARTESIAN_POINT('',(0.6,-5.68,8.5));
#351 = VECTOR('',#352,1.);
#352 = DIRECTION('',(1.110223024625E-16,1.,0.));
#353 = ORIENTED_EDGE('',*,*,#354,.F.);
#354 = EDGE_CURVE('',#355,#345,#357,.T.);
#355 = VERTEX_POINT('',#356);
#356 = CARTESIAN_POINT('',(-0.6,-5.68,8.5));
#357 = LINE('',#358,#359);
#358 = CARTESIAN_POINT('',(-0.6,-5.68,8.5));
#359 = VECTOR('',#360,1.);
#360 = DIRECTION('',(1.,-1.110223024625E-16,0.));
#361 = ORIENTED_EDGE('',*,*,#362,.F.);
#362 = EDGE_CURVE('',#363,#355,#365,.T.);
#363 = VERTEX_POINT('',#364);
#364 = CARTESIAN_POINT('',(-0.6,-4.48,8.5));
#365 = LINE('',#366,#367);
#366 = CARTESIAN_POINT('',(-0.6,-4.48,8.5));
#367 = VECTOR('',#368,1.);
#368 = DIRECTION('',(-1.110223024625E-16,-1.,0.));
#369 = ORIENTED_EDGE('',*,*,#370,.F.);
#370 = EDGE_CURVE('',#347,#363,#371,.T.);
#371 = LINE('',#372,#373);
#372 = CARTESIAN_POINT('',(0.6,-4.48,8.5));
#373 = VECTOR('',#374,1.);
#374 = DIRECTION('',(-1.,1.110223024625E-16,0.));
#375 = FACE_BOUND('',#376,.T.);
#376 = EDGE_LOOP('',(#377,#387,#395,#403));
#377 = ORIENTED_EDGE('',*,*,#378,.F.);
#378 = EDGE_CURVE('',#379,#381,#383,.T.);
#379 = VERTEX_POINT('',#380);
#380 = CARTESIAN_POINT('',(0.6,-3.14,8.5));
#381 = VERTEX_POINT('',#382);
#382 = CARTESIAN_POINT('',(0.6,-1.94,8.5));
#383 = LINE('',#384,#385);
#384 = CARTESIAN_POINT('',(0.6,-3.14,8.5));
#385 = VECTOR('',#386,1.);
#386 = DIRECTION('',(1.110223024625E-16,1.,0.));
#387 = ORIENTED_EDGE('',*,*,#388,.F.);
#388 = EDGE_CURVE('',#389,#379,#391,.T.);
#389 = VERTEX_POINT('',#390);
#390 = CARTESIAN_POINT('',(-0.6,-3.14,8.5));
#391 = LINE('',#392,#393);
#392 = CARTESIAN_POINT('',(-0.6,-3.14,8.5));
#393 = VECTOR('',#394,1.);
#394 = DIRECTION('',(1.,-1.110223024625E-16,0.));
#395 = ORIENTED_EDGE('',*,*,#396,.F.);
#396 = EDGE_CURVE('',#397,#389,#399,.T.);
#397 = VERTEX_POINT('',#398);
#398 = CARTESIAN_POINT('',(-0.6,-1.94,8.5));
#399 = LINE('',#400,#401);
#400 = CARTESIAN_POINT('',(-0.6,-1.94,8.5));
#401 = VECTOR('',#402,1.);
#402 = DIRECTION('',(-1.110223024625E-16,-1.,0.));
#403 = ORIENTED_EDGE('',*,*,#404,.F.);
#404 = EDGE_CURVE('',#381,#397,#405,.T.);
#405 = LINE('',#406,#407);
#406 = CARTESIAN_POINT('',(0.6,-1.94,8.5));
#407 = VECTOR('',#408,1.);
#408 = DIRECTION('',(-1.,1.110223024625E-16,0.));
#409 = FACE_BOUND('',#410,.T.);
#410 = EDGE_LOOP('',(#411,#421,#429,#437));
#411 = ORIENTED_EDGE('',*,*,#412,.F.);
#412 = EDGE_CURVE('',#413,#415,#417,.T.);
#413 = VERTEX_POINT('',#414);
#414 = CARTESIAN_POINT('',(0.6,-0.6,8.5));
#415 = VERTEX_POINT('',#416);
#416 = CARTESIAN_POINT('',(0.6,0.6,8.5));
#417 = LINE('',#418,#419);
#418 = CARTESIAN_POINT('',(0.6,-0.6,8.5));
#419 = VECTOR('',#420,1.);
#420 = DIRECTION('',(1.110223024625E-16,1.,0.));
#421 = ORIENTED_EDGE('',*,*,#422,.F.);
#422 = EDGE_CURVE('',#423,#413,#425,.T.);
#423 = VERTEX_POINT('',#424);
#424 = CARTESIAN_POINT('',(-0.6,-0.6,8.5));
#425 = LINE('',#426,#427);
#426 = CARTESIAN_POINT('',(-0.6,-0.6,8.5));
#427 = VECTOR('',#428,1.);
#428 = DIRECTION('',(1.,-1.110223024625E-16,0.));
#429 = ORIENTED_EDGE('',*,*,#430,.F.);
#430 = EDGE_CURVE('',#431,#423,#433,.T.);
#431 = VERTEX_POINT('',#432);
#432 = CARTESIAN_POINT('',(-0.6,0.6,8.5));
#433 = LINE('',#434,#435);
#434 = CARTESIAN_POINT('',(-0.6,0.6,8.5));
#435 = VECTOR('',#436,1.);
#436 = DIRECTION('',(-1.110223024625E-16,-1.,0.));
#437 = ORIENTED_EDGE('',*,*,#438,.F.);
#438 = EDGE_CURVE('',#415,#431,#439,.T.);
#439 = LINE('',#440,#441);
#440 = CARTESIAN_POINT('',(0.6,0.6,8.5));
#441 = VECTOR('',#442,1.);
#442 = DIRECTION('',(-1.,1.110223024625E-16,0.));
#443 = PLANE('',#444);
#444 = AXIS2_PLACEMENT_3D('',#445,#446,#447);
#445 = CARTESIAN_POINT('',(-5.36237720894E-16,-5.08,8.5));
#446 = DIRECTION('',(0.,0.,1.));
#447 = DIRECTION('',(1.110223024625E-16,1.,-0.));
#448 = ADVANCED_FACE('',(#449),#465,.F.);
#449 = FACE_BOUND('',#450,.F.);
#450 = EDGE_LOOP('',(#451,#452,#458,#459));
#451 = ORIENTED_EDGE('',*,*,#122,.T.);
#452 = ORIENTED_EDGE('',*,*,#453,.F.);
#453 = EDGE_CURVE('',#211,#125,#454,.T.);
#454 = LINE('',#455,#456);
#455 = CARTESIAN_POINT('',(-0.846666666667,1.27,0.));
#456 = VECTOR('',#457,1.);
#457 = DIRECTION('',(-1.110223024625E-16,-1.,0.));
#458 = ORIENTED_EDGE('',*,*,#210,.T.);
#459 = ORIENTED_EDGE('',*,*,#460,.T.);
#460 = EDGE_CURVE('',#203,#123,#461,.T.);
#461 = LINE('',#462,#463);
#462 = CARTESIAN_POINT('',(-1.27,1.27,0.));
#463 = VECTOR('',#464,1.);
#464 = DIRECTION('',(-1.110223024625E-16,-1.,0.));
#465 = PLANE('',#466);
#466 = AXIS2_PLACEMENT_3D('',#467,#468,#469);
#467 = CARTESIAN_POINT('',(-5.36237720894E-16,-5.08,0.));
#468 = DIRECTION('',(0.,0.,1.));
#469 = DIRECTION('',(1.110223024625E-16,1.,-0.));
#470 = ADVANCED_FACE('',(#471),#482,.T.);
#471 = FACE_BOUND('',#472,.T.);
#472 = EDGE_LOOP('',(#473,#474,#480,#481));
#473 = ORIENTED_EDGE('',*,*,#218,.T.);
#474 = ORIENTED_EDGE('',*,*,#475,.T.);
#475 = EDGE_CURVE('',#219,#164,#476,.T.);
#476 = LINE('',#477,#478);
#477 = CARTESIAN_POINT('',(-0.846666666667,1.27,0.2));
#478 = VECTOR('',#479,1.);
#479 = DIRECTION('',(-1.110223024625E-16,-1.,0.));
#480 = ORIENTED_EDGE('',*,*,#171,.F.);
#481 = ORIENTED_EDGE('',*,*,#453,.F.);
#482 = PLANE('',#483);
#483 = AXIS2_PLACEMENT_3D('',#484,#485,#486);
#484 = CARTESIAN_POINT('',(-0.846666666667,1.27,0.));
#485 = DIRECTION('',(1.,-1.110223024625E-16,0.));
#486 = DIRECTION('',(-1.110223024625E-16,-1.,0.));
#487 = ADVANCED_FACE('',(#488,#499,#565,#631,#697,#763),#829,.F.);
#488 = FACE_BOUND('',#489,.F.);
#489 = EDGE_LOOP('',(#490,#496,#497,#498));
#490 = ORIENTED_EDGE('',*,*,#491,.T.);
#491 = EDGE_CURVE('',#156,#227,#492,.T.);
#492 = LINE('',#493,#494);
#493 = CARTESIAN_POINT('',(0.846666666667,-11.43,0.2));
#494 = VECTOR('',#495,1.);
#495 = DIRECTION('',(1.110223024625E-16,1.,0.));
#496 = ORIENTED_EDGE('',*,*,#226,.T.);
#497 = ORIENTED_EDGE('',*,*,#475,.T.);
#498 = ORIENTED_EDGE('',*,*,#163,.T.);
#499 = FACE_BOUND('',#500,.F.);
#500 = EDGE_LOOP('',(#501,#511,#519,#527,#535,#543,#551,#559));
#501 = ORIENTED_EDGE('',*,*,#502,.F.);
#502 = EDGE_CURVE('',#503,#505,#507,.T.);
#503 = VERTEX_POINT('',#504);
#504 = CARTESIAN_POINT('',(-0.1,-10.61,0.2));
#505 = VERTEX_POINT('',#506);
#506 = CARTESIAN_POINT('',(0.1,-10.61,0.2));
#507 = LINE('',#508,#509);
#508 = CARTESIAN_POINT('',(-0.1,-10.61,0.2));
#509 = VECTOR('',#510,1.);
#510 = DIRECTION('',(1.,-1.110223024625E-16,0.));
#511 = ORIENTED_EDGE('',*,*,#512,.T.);
#512 = EDGE_CURVE('',#503,#513,#515,.T.);
#513 = VERTEX_POINT('',#514);
#514 = CARTESIAN_POINT('',(-0.1,-10.46,0.2));
#515 = LINE('',#516,#517);
#516 = CARTESIAN_POINT('',(-0.1,-10.61,0.2));
#517 = VECTOR('',#518,1.);
#518 = DIRECTION('',(1.110223024625E-16,1.,0.));
#519 = ORIENTED_EDGE('',*,*,#520,.F.);
#520 = EDGE_CURVE('',#521,#513,#523,.T.);
#521 = VERTEX_POINT('',#522);
#522 = CARTESIAN_POINT('',(-0.1,-9.86,0.2));
#523 = LINE('',#524,#525);
#524 = CARTESIAN_POINT('',(-0.1,-7.62,0.2));
#525 = VECTOR('',#526,1.);
#526 = DIRECTION('',(-1.110223024625E-16,-1.,0.));
#527 = ORIENTED_EDGE('',*,*,#528,.T.);
#528 = EDGE_CURVE('',#521,#529,#531,.T.);
#529 = VERTEX_POINT('',#530);
#530 = CARTESIAN_POINT('',(-0.1,-9.71,0.2));
#531 = LINE('',#532,#533);
#532 = CARTESIAN_POINT('',(-0.1,-10.61,0.2));
#533 = VECTOR('',#534,1.);
#534 = DIRECTION('',(1.110223024625E-16,1.,0.));
#535 = ORIENTED_EDGE('',*,*,#536,.T.);
#536 = EDGE_CURVE('',#529,#537,#539,.T.);
#537 = VERTEX_POINT('',#538);
#538 = CARTESIAN_POINT('',(0.1,-9.71,0.2));
#539 = LINE('',#540,#541);
#540 = CARTESIAN_POINT('',(-0.1,-9.71,0.2));
#541 = VECTOR('',#542,1.);
#542 = DIRECTION('',(1.,-1.110223024625E-16,0.));
#543 = ORIENTED_EDGE('',*,*,#544,.T.);
#544 = EDGE_CURVE('',#537,#545,#547,.T.);
#545 = VERTEX_POINT('',#546);
#546 = CARTESIAN_POINT('',(0.1,-9.86,0.2));
#547 = LINE('',#548,#549);
#548 = CARTESIAN_POINT('',(0.1,-9.71,0.2));
#549 = VECTOR('',#550,1.);
#550 = DIRECTION('',(-1.110223024625E-16,-1.,0.));
#551 = ORIENTED_EDGE('',*,*,#552,.T.);
#552 = EDGE_CURVE('',#545,#553,#555,.T.);
#553 = VERTEX_POINT('',#554);
#554 = CARTESIAN_POINT('',(0.1,-10.46,0.2));
#555 = LINE('',#556,#557);
#556 = CARTESIAN_POINT('',(0.1,-7.62,0.2));
#557 = VECTOR('',#558,1.);
#558 = DIRECTION('',(-1.110223024625E-16,-1.,0.));
#559 = ORIENTED_EDGE('',*,*,#560,.T.);
#560 = EDGE_CURVE('',#553,#505,#561,.T.);
#561 = LINE('',#562,#563);
#562 = CARTESIAN_POINT('',(0.1,-9.71,0.2));
#563 = VECTOR('',#564,1.);
#564 = DIRECTION('',(-1.110223024625E-16,-1.,0.));
#565 = FACE_BOUND('',#566,.F.);
#566 = EDGE_LOOP('',(#567,#577,#585,#593,#601,#609,#617,#625));
#567 = ORIENTED_EDGE('',*,*,#568,.F.);
#568 = EDGE_CURVE('',#569,#571,#573,.T.);
#569 = VERTEX_POINT('',#570);
#570 = CARTESIAN_POINT('',(-0.1,-8.07,0.2));
#571 = VERTEX_POINT('',#572);
#572 = CARTESIAN_POINT('',(0.1,-8.07,0.2));
#573 = LINE('',#574,#575);
#574 = CARTESIAN_POINT('',(-0.1,-8.07,0.2));
#575 = VECTOR('',#576,1.);
#576 = DIRECTION('',(1.,-1.110223024625E-16,0.));
#577 = ORIENTED_EDGE('',*,*,#578,.T.);
#578 = EDGE_CURVE('',#569,#579,#581,.T.);
#579 = VERTEX_POINT('',#580);
#580 = CARTESIAN_POINT('',(-0.1,-7.92,0.2));
#581 = LINE('',#582,#583);
#582 = CARTESIAN_POINT('',(-0.1,-8.07,0.2));
#583 = VECTOR('',#584,1.);
#584 = DIRECTION('',(1.110223024625E-16,1.,0.));
#585 = ORIENTED_EDGE('',*,*,#586,.F.);
#586 = EDGE_CURVE('',#587,#579,#589,.T.);
#587 = VERTEX_POINT('',#588);
#588 = CARTESIAN_POINT('',(-0.1,-7.32,0.2));
#589 = LINE('',#590,#591);
#590 = CARTESIAN_POINT('',(-0.1,-6.35,0.2));
#591 = VECTOR('',#592,1.);
#592 = DIRECTION('',(-1.110223024625E-16,-1.,0.));
#593 = ORIENTED_EDGE('',*,*,#594,.T.);
#594 = EDGE_CURVE('',#587,#595,#597,.T.);
#595 = VERTEX_POINT('',#596);
#596 = CARTESIAN_POINT('',(-0.1,-7.17,0.2));
#597 = LINE('',#598,#599);
#598 = CARTESIAN_POINT('',(-0.1,-8.07,0.2));
#599 = VECTOR('',#600,1.);
#600 = DIRECTION('',(1.110223024625E-16,1.,0.));
#601 = ORIENTED_EDGE('',*,*,#602,.T.);
#602 = EDGE_CURVE('',#595,#603,#605,.T.);
#603 = VERTEX_POINT('',#604);
#604 = CARTESIAN_POINT('',(0.1,-7.17,0.2));
#605 = LINE('',#606,#607);
#606 = CARTESIAN_POINT('',(-0.1,-7.17,0.2));
#607 = VECTOR('',#608,1.);
#608 = DIRECTION('',(1.,-1.110223024625E-16,0.));
#609 = ORIENTED_EDGE('',*,*,#610,.T.);
#610 = EDGE_CURVE('',#603,#611,#613,.T.);
#611 = VERTEX_POINT('',#612);
#612 = CARTESIAN_POINT('',(0.1,-7.32,0.2));
#613 = LINE('',#614,#615);
#614 = CARTESIAN_POINT('',(0.1,-7.17,0.2));
#615 = VECTOR('',#616,1.);
#616 = DIRECTION('',(-1.110223024625E-16,-1.,0.));
#617 = ORIENTED_EDGE('',*,*,#618,.T.);
#618 = EDGE_CURVE('',#611,#619,#621,.T.);
#619 = VERTEX_POINT('',#620);
#620 = CARTESIAN_POINT('',(0.1,-7.92,0.2));
#621 = LINE('',#622,#623);
#622 = CARTESIAN_POINT('',(0.1,-6.35,0.2));
#623 = VECTOR('',#624,1.);
#624 = DIRECTION('',(-1.110223024625E-16,-1.,0.));
#625 = ORIENTED_EDGE('',*,*,#626,.T.);
#626 = EDGE_CURVE('',#619,#571,#627,.T.);
#627 = LINE('',#628,#629);
#628 = CARTESIAN_POINT('',(0.1,-7.17,0.2));
#629 = VECTOR('',#630,1.);
#630 = DIRECTION('',(-1.110223024625E-16,-1.,0.));
#631 = FACE_BOUND('',#632,.F.);
#632 = EDGE_LOOP('',(#633,#643,#651,#659,#667,#675,#683,#691));
#633 = ORIENTED_EDGE('',*,*,#634,.F.);
#634 = EDGE_CURVE('',#635,#637,#639,.T.);
#635 = VERTEX_POINT('',#636);
#636 = CARTESIAN_POINT('',(-0.1,-5.53,0.2));
#637 = VERTEX_POINT('',#638);
#638 = CARTESIAN_POINT('',(0.1,-5.53,0.2));
#639 = LINE('',#640,#641);
#640 = CARTESIAN_POINT('',(-0.1,-5.53,0.2));
#641 = VECTOR('',#642,1.);
#642 = DIRECTION('',(1.,-1.110223024625E-16,0.));
#643 = ORIENTED_EDGE('',*,*,#644,.T.);
#644 = EDGE_CURVE('',#635,#645,#647,.T.);
#645 = VERTEX_POINT('',#646);
#646 = CARTESIAN_POINT('',(-0.1,-5.38,0.2));
#647 = LINE('',#648,#649);
#648 = CARTESIAN_POINT('',(-0.1,-5.53,0.2));
#649 = VECTOR('',#650,1.);
#650 = DIRECTION('',(1.110223024625E-16,1.,0.));
#651 = ORIENTED_EDGE('',*,*,#652,.F.);
#652 = EDGE_CURVE('',#653,#645,#655,.T.);
#653 = VERTEX_POINT('',#654);
#654 = CARTESIAN_POINT('',(-0.1,-4.78,0.2));
#655 = LINE('',#656,#657);
#656 = CARTESIAN_POINT('',(-0.1,-5.08,0.2));
#657 = VECTOR('',#658,1.);
#658 = DIRECTION('',(-1.110223024625E-16,-1.,0.));
#659 = ORIENTED_EDGE('',*,*,#660,.T.);
#660 = EDGE_CURVE('',#653,#661,#663,.T.);
#661 = VERTEX_POINT('',#662);
#662 = CARTESIAN_POINT('',(-0.1,-4.63,0.2));
#663 = LINE('',#664,#665);
#664 = CARTESIAN_POINT('',(-0.1,-5.53,0.2));
#665 = VECTOR('',#666,1.);
#666 = DIRECTION('',(1.110223024625E-16,1.,0.));
#667 = ORIENTED_EDGE('',*,*,#668,.T.);
#668 = EDGE_CURVE('',#661,#669,#671,.T.);
#669 = VERTEX_POINT('',#670);
#670 = CARTESIAN_POINT('',(0.1,-4.63,0.2));
#671 = LINE('',#672,#673);
#672 = CARTESIAN_POINT('',(-0.1,-4.63,0.2));
#673 = VECTOR('',#674,1.);
#674 = DIRECTION('',(1.,-1.110223024625E-16,0.));
#675 = ORIENTED_EDGE('',*,*,#676,.T.);
#676 = EDGE_CURVE('',#669,#677,#679,.T.);
#677 = VERTEX_POINT('',#678);
#678 = CARTESIAN_POINT('',(0.1,-4.78,0.2));
#679 = LINE('',#680,#681);
#680 = CARTESIAN_POINT('',(0.1,-4.63,0.2));
#681 = VECTOR('',#682,1.);
#682 = DIRECTION('',(-1.110223024625E-16,-1.,0.));
#683 = ORIENTED_EDGE('',*,*,#684,.T.);
#684 = EDGE_CURVE('',#677,#685,#687,.T.);
#685 = VERTEX_POINT('',#686);
#686 = CARTESIAN_POINT('',(0.1,-5.38,0.2));
#687 = LINE('',#688,#689);
#688 = CARTESIAN_POINT('',(0.1,-5.08,0.2));
#689 = VECTOR('',#690,1.);
#690 = DIRECTION('',(-1.110223024625E-16,-1.,0.));
#691 = ORIENTED_EDGE('',*,*,#692,.T.);
#692 = EDGE_CURVE('',#685,#637,#693,.T.);
#693 = LINE('',#694,#695);
#694 = CARTESIAN_POINT('',(0.1,-4.63,0.2));
#695 = VECTOR('',#696,1.);
#696 = DIRECTION('',(-1.110223024625E-16,-1.,0.));
#697 = FACE_BOUND('',#698,.F.);
#698 = EDGE_LOOP('',(#699,#709,#717,#725,#733,#741,#749,#757));
#699 = ORIENTED_EDGE('',*,*,#700,.F.);
#700 = EDGE_CURVE('',#701,#703,#705,.T.);
#701 = VERTEX_POINT('',#702);
#702 = CARTESIAN_POINT('',(-0.1,-2.99,0.2));
#703 = VERTEX_POINT('',#704);
#704 = CARTESIAN_POINT('',(0.1,-2.99,0.2));
#705 = LINE('',#706,#707);
#706 = CARTESIAN_POINT('',(-0.1,-2.99,0.2));
#707 = VECTOR('',#708,1.);
#708 = DIRECTION('',(1.,-1.110223024625E-16,0.));
#709 = ORIENTED_EDGE('',*,*,#710,.T.);
#710 = EDGE_CURVE('',#701,#711,#713,.T.);
#711 = VERTEX_POINT('',#712);
#712 = CARTESIAN_POINT('',(-0.1,-2.84,0.2));
#713 = LINE('',#714,#715);
#714 = CARTESIAN_POINT('',(-0.1,-2.99,0.2));
#715 = VECTOR('',#716,1.);
#716 = DIRECTION('',(1.110223024625E-16,1.,0.));
#717 = ORIENTED_EDGE('',*,*,#718,.F.);
#718 = EDGE_CURVE('',#719,#711,#721,.T.);
#719 = VERTEX_POINT('',#720);
#720 = CARTESIAN_POINT('',(-0.1,-2.24,0.2));
#721 = LINE('',#722,#723);
#722 = CARTESIAN_POINT('',(-0.1,-3.81,0.2));
#723 = VECTOR('',#724,1.);
#724 = DIRECTION('',(-1.110223024625E-16,-1.,0.));
#725 = ORIENTED_EDGE('',*,*,#726,.T.);
#726 = EDGE_CURVE('',#719,#727,#729,.T.);
#727 = VERTEX_POINT('',#728);
#728 = CARTESIAN_POINT('',(-0.1,-2.09,0.2));
#729 = LINE('',#730,#731);
#730 = CARTESIAN_POINT('',(-0.1,-2.99,0.2));
#731 = VECTOR('',#732,1.);
#732 = DIRECTION('',(1.110223024625E-16,1.,0.));
#733 = ORIENTED_EDGE('',*,*,#734,.T.);
#734 = EDGE_CURVE('',#727,#735,#737,.T.);
#735 = VERTEX_POINT('',#736);
#736 = CARTESIAN_POINT('',(0.1,-2.09,0.2));
#737 = LINE('',#738,#739);
#738 = CARTESIAN_POINT('',(-0.1,-2.09,0.2));
#739 = VECTOR('',#740,1.);
#740 = DIRECTION('',(1.,-1.110223024625E-16,0.));
#741 = ORIENTED_EDGE('',*,*,#742,.T.);
#742 = EDGE_CURVE('',#735,#743,#745,.T.);
#743 = VERTEX_POINT('',#744);
#744 = CARTESIAN_POINT('',(0.1,-2.24,0.2));
#745 = LINE('',#746,#747);
#746 = CARTESIAN_POINT('',(0.1,-2.09,0.2));
#747 = VECTOR('',#748,1.);
#748 = DIRECTION('',(-1.110223024625E-16,-1.,0.));
#749 = ORIENTED_EDGE('',*,*,#750,.T.);
#750 = EDGE_CURVE('',#743,#751,#753,.T.);
#751 = VERTEX_POINT('',#752);
#752 = CARTESIAN_POINT('',(0.1,-2.84,0.2));
#753 = LINE('',#754,#755);
#754 = CARTESIAN_POINT('',(0.1,-3.81,0.2));
#755 = VECTOR('',#756,1.);
#756 = DIRECTION('',(-1.110223024625E-16,-1.,0.));
#757 = ORIENTED_EDGE('',*,*,#758,.T.);
#758 = EDGE_CURVE('',#751,#703,#759,.T.);
#759 = LINE('',#760,#761);
#760 = CARTESIAN_POINT('',(0.1,-2.09,0.2));
#761 = VECTOR('',#762,1.);
#762 = DIRECTION('',(-1.110223024625E-16,-1.,0.));
#763 = FACE_BOUND('',#764,.F.);
#764 = EDGE_LOOP('',(#765,#775,#783,#791,#799,#807,#815,#823));
#765 = ORIENTED_EDGE('',*,*,#766,.F.);
#766 = EDGE_CURVE('',#767,#769,#771,.T.);
#767 = VERTEX_POINT('',#768);
#768 = CARTESIAN_POINT('',(-0.1,-0.45,0.2));
#769 = VERTEX_POINT('',#770);
#770 = CARTESIAN_POINT('',(0.1,-0.45,0.2));
#771 = LINE('',#772,#773);
#772 = CARTESIAN_POINT('',(-0.1,-0.45,0.2));
#773 = VECTOR('',#774,1.);
#774 = DIRECTION('',(1.,-1.110223024625E-16,0.));
#775 = ORIENTED_EDGE('',*,*,#776,.T.);
#776 = EDGE_CURVE('',#767,#777,#779,.T.);
#777 = VERTEX_POINT('',#778);
#778 = CARTESIAN_POINT('',(-0.1,-0.3,0.2));
#779 = LINE('',#780,#781);
#780 = CARTESIAN_POINT('',(-0.1,-0.45,0.2));
#781 = VECTOR('',#782,1.);
#782 = DIRECTION('',(1.110223024625E-16,1.,0.));
#783 = ORIENTED_EDGE('',*,*,#784,.F.);
#784 = EDGE_CURVE('',#785,#777,#787,.T.);
#785 = VERTEX_POINT('',#786);
#786 = CARTESIAN_POINT('',(-0.1,0.3,0.2));
#787 = LINE('',#788,#789);
#788 = CARTESIAN_POINT('',(-0.1,-2.54,0.2));
#789 = VECTOR('',#790,1.);
#790 = DIRECTION('',(-1.110223024625E-16,-1.,0.));
#791 = ORIENTED_EDGE('',*,*,#792,.T.);
#792 = EDGE_CURVE('',#785,#793,#795,.T.);
#793 = VERTEX_POINT('',#794);
#794 = CARTESIAN_POINT('',(-0.1,0.45,0.2));
#795 = LINE('',#796,#797);
#796 = CARTESIAN_POINT('',(-0.1,-0.45,0.2));
#797 = VECTOR('',#798,1.);
#798 = DIRECTION('',(1.110223024625E-16,1.,0.));
#799 = ORIENTED_EDGE('',*,*,#800,.T.);
#800 = EDGE_CURVE('',#793,#801,#803,.T.);
#801 = VERTEX_POINT('',#802);
#802 = CARTESIAN_POINT('',(0.1,0.45,0.2));
#803 = LINE('',#804,#805);
#804 = CARTESIAN_POINT('',(-0.1,0.45,0.2));
#805 = VECTOR('',#806,1.);
#806 = DIRECTION('',(1.,-1.110223024625E-16,0.));
#807 = ORIENTED_EDGE('',*,*,#808,.T.);
#808 = EDGE_CURVE('',#801,#809,#811,.T.);
#809 = VERTEX_POINT('',#810);
#810 = CARTESIAN_POINT('',(0.1,0.3,0.2));
#811 = LINE('',#812,#813);
#812 = CARTESIAN_POINT('',(0.1,0.45,0.2));
#813 = VECTOR('',#814,1.);
#814 = DIRECTION('',(-1.110223024625E-16,-1.,0.));
#815 = ORIENTED_EDGE('',*,*,#816,.T.);
#816 = EDGE_CURVE('',#809,#817,#819,.T.);
#817 = VERTEX_POINT('',#818);
#818 = CARTESIAN_POINT('',(0.1,-0.3,0.2));
#819 = LINE('',#820,#821);
#820 = CARTESIAN_POINT('',(0.1,-2.54,0.2));
#821 = VECTOR('',#822,1.);
#822 = DIRECTION('',(-1.110223024625E-16,-1.,0.));
#823 = ORIENTED_EDGE('',*,*,#824,.T.);
#824 = EDGE_CURVE('',#817,#769,#825,.T.);
#825 = LINE('',#826,#827);
#826 = CARTESIAN_POINT('',(0.1,0.45,0.2));
#827 = VECTOR('',#828,1.);
#828 = DIRECTION('',(-1.110223024625E-16,-1.,0.));
#829 = PLANE('',#830);
#830 = AXIS2_PLACEMENT_3D('',#831,#832,#833);
#831 = CARTESIAN_POINT('',(-5.36237720894E-16,-5.08,0.2));
#832 = DIRECTION('',(0.,0.,1.));
#833 = DIRECTION('',(1.110223024625E-16,1.,-0.));
#834 = ADVANCED_FACE('',(#835),#841,.T.);
#835 = FACE_BOUND('',#836,.T.);
#836 = EDGE_LOOP('',(#837,#838,#839,#840));
#837 = ORIENTED_EDGE('',*,*,#155,.T.);
#838 = ORIENTED_EDGE('',*,*,#491,.T.);
#839 = ORIENTED_EDGE('',*,*,#234,.F.);
#840 = ORIENTED_EDGE('',*,*,#251,.F.);
#841 = PLANE('',#842);
#842 = AXIS2_PLACEMENT_3D('',#843,#844,#845);
#843 = CARTESIAN_POINT('',(0.846666666667,-11.43,0.));
#844 = DIRECTION('',(-1.,1.110223024625E-16,0.));
#845 = DIRECTION('',(1.110223024625E-16,1.,0.));
#846 = ADVANCED_FACE('',(#847),#853,.F.);
#847 = FACE_BOUND('',#848,.F.);
#848 = EDGE_LOOP('',(#849,#850,#851,#852));
#849 = ORIENTED_EDGE('',*,*,#202,.T.);
#850 = ORIENTED_EDGE('',*,*,#267,.T.);
#851 = ORIENTED_EDGE('',*,*,#132,.F.);
#852 = ORIENTED_EDGE('',*,*,#460,.F.);
#853 = PLANE('',#854);
#854 = AXIS2_PLACEMENT_3D('',#855,#856,#857);
#855 = CARTESIAN_POINT('',(-1.27,1.27,0.));
#856 = DIRECTION('',(1.,-1.110223024625E-16,0.));
#857 = DIRECTION('',(-1.110223024625E-16,-1.,0.));
#858 = ADVANCED_FACE('',(#859),#884,.T.);
#859 = FACE_BOUND('',#860,.T.);
#860 = EDGE_LOOP('',(#861,#869,#870,#878));
#861 = ORIENTED_EDGE('',*,*,#862,.F.);
#862 = EDGE_CURVE('',#277,#863,#865,.T.);
#863 = VERTEX_POINT('',#864);
#864 = CARTESIAN_POINT('',(0.3,-10.46,8.2));
#865 = LINE('',#866,#867);
#866 = CARTESIAN_POINT('',(0.3,-10.46,8.2));
#867 = VECTOR('',#868,1.);
#868 = DIRECTION('',(-0.57735026919,0.57735026919,-0.57735026919));
#869 = ORIENTED_EDGE('',*,*,#276,.T.);
#870 = ORIENTED_EDGE('',*,*,#871,.T.);
#871 = EDGE_CURVE('',#279,#872,#874,.T.);
#872 = VERTEX_POINT('',#873);
#873 = CARTESIAN_POINT('',(0.3,-9.86,8.2));
#874 = LINE('',#875,#876);
#875 = CARTESIAN_POINT('',(0.3,-9.86,8.2));
#876 = VECTOR('',#877,1.);
#877 = DIRECTION('',(-0.57735026919,-0.57735026919,-0.57735026919));
#878 = ORIENTED_EDGE('',*,*,#879,.F.);
#879 = EDGE_CURVE('',#863,#872,#880,.T.);
#880 = LINE('',#881,#882);
#881 = CARTESIAN_POINT('',(0.3,-10.76,8.2));
#882 = VECTOR('',#883,1.);
#883 = DIRECTION('',(1.110223024625E-16,1.,0.));
#884 = PLANE('',#885);
#885 = AXIS2_PLACEMENT_3D('',#886,#887,#888);
#886 = CARTESIAN_POINT('',(0.45,-10.76,8.35));
#887 = DIRECTION('',(-0.707106781187,7.850462293414E-17,0.707106781187)
  );
#888 = DIRECTION('',(1.110223024625E-16,1.,2.680278185005E-29));
#889 = ADVANCED_FACE('',(#890),#908,.T.);
#890 = FACE_BOUND('',#891,.T.);
#891 = EDGE_LOOP('',(#892,#893,#894,#902));
#892 = ORIENTED_EDGE('',*,*,#871,.F.);
#893 = ORIENTED_EDGE('',*,*,#302,.T.);
#894 = ORIENTED_EDGE('',*,*,#895,.T.);
#895 = EDGE_CURVE('',#295,#896,#898,.T.);
#896 = VERTEX_POINT('',#897);
#897 = CARTESIAN_POINT('',(-0.3,-9.86,8.2));
#898 = LINE('',#899,#900);
#899 = CARTESIAN_POINT('',(-0.3,-9.86,8.2));
#900 = VECTOR('',#901,1.);
#901 = DIRECTION('',(0.57735026919,-0.57735026919,-0.57735026919));
#902 = ORIENTED_EDGE('',*,*,#903,.F.);
#903 = EDGE_CURVE('',#872,#896,#904,.T.);
#904 = LINE('',#905,#906);
#905 = CARTESIAN_POINT('',(0.6,-9.86,8.2));
#906 = VECTOR('',#907,1.);
#907 = DIRECTION('',(-1.,1.110223024625E-16,0.));
#908 = PLANE('',#909);
#909 = AXIS2_PLACEMENT_3D('',#910,#911,#912);
#910 = CARTESIAN_POINT('',(0.6,-9.71,8.35));
#911 = DIRECTION('',(-8.197719098449E-17,-0.707106781187,0.707106781187)
  );
#912 = DIRECTION('',(-1.,1.13477778879E-16,-2.455476416522E-18));
#913 = ADVANCED_FACE('',(#914),#932,.T.);
#914 = FACE_BOUND('',#915,.T.);
#915 = EDGE_LOOP('',(#916,#917,#918,#926));
#916 = ORIENTED_EDGE('',*,*,#895,.F.);
#917 = ORIENTED_EDGE('',*,*,#294,.T.);
#918 = ORIENTED_EDGE('',*,*,#919,.T.);
#919 = EDGE_CURVE('',#287,#920,#922,.T.);
#920 = VERTEX_POINT('',#921);
#921 = CARTESIAN_POINT('',(-0.3,-10.46,8.2));
#922 = LINE('',#923,#924);
#923 = CARTESIAN_POINT('',(-0.3,-10.46,8.2));
#924 = VECTOR('',#925,1.);
#925 = DIRECTION('',(0.57735026919,0.57735026919,-0.57735026919));
#926 = ORIENTED_EDGE('',*,*,#927,.F.);
#927 = EDGE_CURVE('',#896,#920,#928,.T.);
#928 = LINE('',#929,#930);
#929 = CARTESIAN_POINT('',(-0.3,-9.56,8.2));
#930 = VECTOR('',#931,1.);
#931 = DIRECTION('',(-1.110223024625E-16,-1.,0.));
#932 = PLANE('',#933);
#933 = AXIS2_PLACEMENT_3D('',#934,#935,#936);
#934 = CARTESIAN_POINT('',(-0.45,-9.56,8.35));
#935 = DIRECTION('',(0.707106781187,-7.850462293414E-17,0.707106781187)
  );
#936 = DIRECTION('',(-1.110223024625E-16,-1.,2.680278185005E-29));
#937 = ADVANCED_FACE('',(#938),#949,.T.);
#938 = FACE_BOUND('',#939,.T.);
#939 = EDGE_LOOP('',(#940,#941,#942,#943));
#940 = ORIENTED_EDGE('',*,*,#919,.F.);
#941 = ORIENTED_EDGE('',*,*,#286,.T.);
#942 = ORIENTED_EDGE('',*,*,#862,.T.);
#943 = ORIENTED_EDGE('',*,*,#944,.F.);
#944 = EDGE_CURVE('',#920,#863,#945,.T.);
#945 = LINE('',#946,#947);
#946 = CARTESIAN_POINT('',(-0.6,-10.46,8.2));
#947 = VECTOR('',#948,1.);
#948 = DIRECTION('',(1.,-1.110223024625E-16,0.));
#949 = PLANE('',#950);
#950 = AXIS2_PLACEMENT_3D('',#951,#952,#953);
#951 = CARTESIAN_POINT('',(-0.6,-10.61,8.35));
#952 = DIRECTION('',(8.197719098449E-17,0.707106781187,0.707106781187));
#953 = DIRECTION('',(1.,-1.13477778879E-16,-2.455476416522E-18));
#954 = ADVANCED_FACE('',(#955),#980,.T.);
#955 = FACE_BOUND('',#956,.T.);
#956 = EDGE_LOOP('',(#957,#965,#966,#974));
#957 = ORIENTED_EDGE('',*,*,#958,.F.);
#958 = EDGE_CURVE('',#311,#959,#961,.T.);
#959 = VERTEX_POINT('',#960);
#960 = CARTESIAN_POINT('',(0.3,-7.92,8.2));
#961 = LINE('',#962,#963);
#962 = CARTESIAN_POINT('',(0.3,-7.92,8.2));
#963 = VECTOR('',#964,1.);
#964 = DIRECTION('',(-0.57735026919,0.57735026919,-0.57735026919));
#965 = ORIENTED_EDGE('',*,*,#310,.T.);
#966 = ORIENTED_EDGE('',*,*,#967,.T.);
#967 = EDGE_CURVE('',#313,#968,#970,.T.);
#968 = VERTEX_POINT('',#969);
#969 = CARTESIAN_POINT('',(0.3,-7.32,8.2));
#970 = LINE('',#971,#972);
#971 = CARTESIAN_POINT('',(0.3,-7.32,8.2));
#972 = VECTOR('',#973,1.);
#973 = DIRECTION('',(-0.57735026919,-0.57735026919,-0.57735026919));
#974 = ORIENTED_EDGE('',*,*,#975,.F.);
#975 = EDGE_CURVE('',#959,#968,#976,.T.);
#976 = LINE('',#977,#978);
#977 = CARTESIAN_POINT('',(0.3,-8.22,8.2));
#978 = VECTOR('',#979,1.);
#979 = DIRECTION('',(1.110223024625E-16,1.,0.));
#980 = PLANE('',#981);
#981 = AXIS2_PLACEMENT_3D('',#982,#983,#984);
#982 = CARTESIAN_POINT('',(0.45,-8.22,8.35));
#983 = DIRECTION('',(-0.707106781187,7.850462293414E-17,0.707106781187)
  );
#984 = DIRECTION('',(1.110223024625E-16,1.,2.680278185005E-29));
#985 = ADVANCED_FACE('',(#986),#1004,.T.);
#986 = FACE_BOUND('',#987,.T.);
#987 = EDGE_LOOP('',(#988,#989,#990,#998));
#988 = ORIENTED_EDGE('',*,*,#967,.F.);
#989 = ORIENTED_EDGE('',*,*,#336,.T.);
#990 = ORIENTED_EDGE('',*,*,#991,.T.);
#991 = EDGE_CURVE('',#329,#992,#994,.T.);
#992 = VERTEX_POINT('',#993);
#993 = CARTESIAN_POINT('',(-0.3,-7.32,8.2));
#994 = LINE('',#995,#996);
#995 = CARTESIAN_POINT('',(-0.3,-7.32,8.2));
#996 = VECTOR('',#997,1.);
#997 = DIRECTION('',(0.57735026919,-0.57735026919,-0.57735026919));
#998 = ORIENTED_EDGE('',*,*,#999,.F.);
#999 = EDGE_CURVE('',#968,#992,#1000,.T.);
#1000 = LINE('',#1001,#1002);
#1001 = CARTESIAN_POINT('',(0.6,-7.32,8.2));
#1002 = VECTOR('',#1003,1.);
#1003 = DIRECTION('',(-1.,1.110223024625E-16,0.));
#1004 = PLANE('',#1005);
#1005 = AXIS2_PLACEMENT_3D('',#1006,#1007,#1008);
#1006 = CARTESIAN_POINT('',(0.6,-7.17,8.35));
#1007 = DIRECTION('',(-8.197719098449E-17,-0.707106781187,0.707106781187
    ));
#1008 = DIRECTION('',(-1.,1.13477778879E-16,-2.455476416522E-18));
#1009 = ADVANCED_FACE('',(#1010),#1028,.T.);
#1010 = FACE_BOUND('',#1011,.T.);
#1011 = EDGE_LOOP('',(#1012,#1013,#1014,#1022));
#1012 = ORIENTED_EDGE('',*,*,#991,.F.);
#1013 = ORIENTED_EDGE('',*,*,#328,.T.);
#1014 = ORIENTED_EDGE('',*,*,#1015,.T.);
#1015 = EDGE_CURVE('',#321,#1016,#1018,.T.);
#1016 = VERTEX_POINT('',#1017);
#1017 = CARTESIAN_POINT('',(-0.3,-7.92,8.2));
#1018 = LINE('',#1019,#1020);
#1019 = CARTESIAN_POINT('',(-0.3,-7.92,8.2));
#1020 = VECTOR('',#1021,1.);
#1021 = DIRECTION('',(0.57735026919,0.57735026919,-0.57735026919));
#1022 = ORIENTED_EDGE('',*,*,#1023,.F.);
#1023 = EDGE_CURVE('',#992,#1016,#1024,.T.);
#1024 = LINE('',#1025,#1026);
#1025 = CARTESIAN_POINT('',(-0.3,-7.02,8.2));
#1026 = VECTOR('',#1027,1.);
#1027 = DIRECTION('',(-1.110223024625E-16,-1.,0.));
#1028 = PLANE('',#1029);
#1029 = AXIS2_PLACEMENT_3D('',#1030,#1031,#1032);
#1030 = CARTESIAN_POINT('',(-0.45,-7.02,8.35));
#1031 = DIRECTION('',(0.707106781187,-7.850462293414E-17,0.707106781187)
  );
#1032 = DIRECTION('',(-1.110223024625E-16,-1.,2.680278185005E-29));
#1033 = ADVANCED_FACE('',(#1034),#1045,.T.);
#1034 = FACE_BOUND('',#1035,.T.);
#1035 = EDGE_LOOP('',(#1036,#1037,#1038,#1039));
#1036 = ORIENTED_EDGE('',*,*,#1015,.F.);
#1037 = ORIENTED_EDGE('',*,*,#320,.T.);
#1038 = ORIENTED_EDGE('',*,*,#958,.T.);
#1039 = ORIENTED_EDGE('',*,*,#1040,.F.);
#1040 = EDGE_CURVE('',#1016,#959,#1041,.T.);
#1041 = LINE('',#1042,#1043);
#1042 = CARTESIAN_POINT('',(-0.6,-7.92,8.2));
#1043 = VECTOR('',#1044,1.);
#1044 = DIRECTION('',(1.,-1.110223024625E-16,0.));
#1045 = PLANE('',#1046);
#1046 = AXIS2_PLACEMENT_3D('',#1047,#1048,#1049);
#1047 = CARTESIAN_POINT('',(-0.6,-8.07,8.35));
#1048 = DIRECTION('',(8.197719098449E-17,0.707106781187,0.707106781187)
  );
#1049 = DIRECTION('',(1.,-1.13477778879E-16,-2.455476416522E-18));
#1050 = ADVANCED_FACE('',(#1051),#1076,.T.);
#1051 = FACE_BOUND('',#1052,.T.);
#1052 = EDGE_LOOP('',(#1053,#1061,#1062,#1070));
#1053 = ORIENTED_EDGE('',*,*,#1054,.F.);
#1054 = EDGE_CURVE('',#345,#1055,#1057,.T.);
#1055 = VERTEX_POINT('',#1056);
#1056 = CARTESIAN_POINT('',(0.3,-5.38,8.2));
#1057 = LINE('',#1058,#1059);
#1058 = CARTESIAN_POINT('',(0.3,-5.38,8.2));
#1059 = VECTOR('',#1060,1.);
#1060 = DIRECTION('',(-0.57735026919,0.57735026919,-0.57735026919));
#1061 = ORIENTED_EDGE('',*,*,#344,.T.);
#1062 = ORIENTED_EDGE('',*,*,#1063,.T.);
#1063 = EDGE_CURVE('',#347,#1064,#1066,.T.);
#1064 = VERTEX_POINT('',#1065);
#1065 = CARTESIAN_POINT('',(0.3,-4.78,8.2));
#1066 = LINE('',#1067,#1068);
#1067 = CARTESIAN_POINT('',(0.3,-4.78,8.2));
#1068 = VECTOR('',#1069,1.);
#1069 = DIRECTION('',(-0.57735026919,-0.57735026919,-0.57735026919));
#1070 = ORIENTED_EDGE('',*,*,#1071,.F.);
#1071 = EDGE_CURVE('',#1055,#1064,#1072,.T.);
#1072 = LINE('',#1073,#1074);
#1073 = CARTESIAN_POINT('',(0.3,-5.68,8.2));
#1074 = VECTOR('',#1075,1.);
#1075 = DIRECTION('',(1.110223024625E-16,1.,0.));
#1076 = PLANE('',#1077);
#1077 = AXIS2_PLACEMENT_3D('',#1078,#1079,#1080);
#1078 = CARTESIAN_POINT('',(0.45,-5.68,8.35));
#1079 = DIRECTION('',(-0.707106781187,7.850462293414E-17,0.707106781187)
  );
#1080 = DIRECTION('',(1.110223024625E-16,1.,2.680278185005E-29));
#1081 = ADVANCED_FACE('',(#1082),#1100,.T.);
#1082 = FACE_BOUND('',#1083,.T.);
#1083 = EDGE_LOOP('',(#1084,#1085,#1086,#1094));
#1084 = ORIENTED_EDGE('',*,*,#1063,.F.);
#1085 = ORIENTED_EDGE('',*,*,#370,.T.);
#1086 = ORIENTED_EDGE('',*,*,#1087,.T.);
#1087 = EDGE_CURVE('',#363,#1088,#1090,.T.);
#1088 = VERTEX_POINT('',#1089);
#1089 = CARTESIAN_POINT('',(-0.3,-4.78,8.2));
#1090 = LINE('',#1091,#1092);
#1091 = CARTESIAN_POINT('',(-0.3,-4.78,8.2));
#1092 = VECTOR('',#1093,1.);
#1093 = DIRECTION('',(0.57735026919,-0.57735026919,-0.57735026919));
#1094 = ORIENTED_EDGE('',*,*,#1095,.F.);
#1095 = EDGE_CURVE('',#1064,#1088,#1096,.T.);
#1096 = LINE('',#1097,#1098);
#1097 = CARTESIAN_POINT('',(0.6,-4.78,8.2));
#1098 = VECTOR('',#1099,1.);
#1099 = DIRECTION('',(-1.,1.110223024625E-16,0.));
#1100 = PLANE('',#1101);
#1101 = AXIS2_PLACEMENT_3D('',#1102,#1103,#1104);
#1102 = CARTESIAN_POINT('',(0.6,-4.63,8.35));
#1103 = DIRECTION('',(-8.197719098449E-17,-0.707106781187,0.707106781187
    ));
#1104 = DIRECTION('',(-1.,1.13477778879E-16,-2.455476416522E-18));
#1105 = ADVANCED_FACE('',(#1106),#1124,.T.);
#1106 = FACE_BOUND('',#1107,.T.);
#1107 = EDGE_LOOP('',(#1108,#1109,#1110,#1118));
#1108 = ORIENTED_EDGE('',*,*,#1087,.F.);
#1109 = ORIENTED_EDGE('',*,*,#362,.T.);
#1110 = ORIENTED_EDGE('',*,*,#1111,.T.);
#1111 = EDGE_CURVE('',#355,#1112,#1114,.T.);
#1112 = VERTEX_POINT('',#1113);
#1113 = CARTESIAN_POINT('',(-0.3,-5.38,8.2));
#1114 = LINE('',#1115,#1116);
#1115 = CARTESIAN_POINT('',(-0.3,-5.38,8.2));
#1116 = VECTOR('',#1117,1.);
#1117 = DIRECTION('',(0.57735026919,0.57735026919,-0.57735026919));
#1118 = ORIENTED_EDGE('',*,*,#1119,.F.);
#1119 = EDGE_CURVE('',#1088,#1112,#1120,.T.);
#1120 = LINE('',#1121,#1122);
#1121 = CARTESIAN_POINT('',(-0.3,-4.48,8.2));
#1122 = VECTOR('',#1123,1.);
#1123 = DIRECTION('',(-1.110223024625E-16,-1.,0.));
#1124 = PLANE('',#1125);
#1125 = AXIS2_PLACEMENT_3D('',#1126,#1127,#1128);
#1126 = CARTESIAN_POINT('',(-0.45,-4.48,8.35));
#1127 = DIRECTION('',(0.707106781187,-7.850462293414E-17,0.707106781187)
  );
#1128 = DIRECTION('',(-1.110223024625E-16,-1.,2.680278185005E-29));
#1129 = ADVANCED_FACE('',(#1130),#1141,.T.);
#1130 = FACE_BOUND('',#1131,.T.);
#1131 = EDGE_LOOP('',(#1132,#1133,#1134,#1135));
#1132 = ORIENTED_EDGE('',*,*,#1111,.F.);
#1133 = ORIENTED_EDGE('',*,*,#354,.T.);
#1134 = ORIENTED_EDGE('',*,*,#1054,.T.);
#1135 = ORIENTED_EDGE('',*,*,#1136,.F.);
#1136 = EDGE_CURVE('',#1112,#1055,#1137,.T.);
#1137 = LINE('',#1138,#1139);
#1138 = CARTESIAN_POINT('',(-0.6,-5.38,8.2));
#1139 = VECTOR('',#1140,1.);
#1140 = DIRECTION('',(1.,-1.110223024625E-16,0.));
#1141 = PLANE('',#1142);
#1142 = AXIS2_PLACEMENT_3D('',#1143,#1144,#1145);
#1143 = CARTESIAN_POINT('',(-0.6,-5.53,8.35));
#1144 = DIRECTION('',(8.197719098449E-17,0.707106781187,0.707106781187)
  );
#1145 = DIRECTION('',(1.,-1.13477778879E-16,-2.455476416522E-18));
#1146 = ADVANCED_FACE('',(#1147),#1172,.T.);
#1147 = FACE_BOUND('',#1148,.T.);
#1148 = EDGE_LOOP('',(#1149,#1157,#1158,#1166));
#1149 = ORIENTED_EDGE('',*,*,#1150,.F.);
#1150 = EDGE_CURVE('',#379,#1151,#1153,.T.);
#1151 = VERTEX_POINT('',#1152);
#1152 = CARTESIAN_POINT('',(0.3,-2.84,8.2));
#1153 = LINE('',#1154,#1155);
#1154 = CARTESIAN_POINT('',(0.3,-2.84,8.2));
#1155 = VECTOR('',#1156,1.);
#1156 = DIRECTION('',(-0.57735026919,0.57735026919,-0.57735026919));
#1157 = ORIENTED_EDGE('',*,*,#378,.T.);
#1158 = ORIENTED_EDGE('',*,*,#1159,.T.);
#1159 = EDGE_CURVE('',#381,#1160,#1162,.T.);
#1160 = VERTEX_POINT('',#1161);
#1161 = CARTESIAN_POINT('',(0.3,-2.24,8.2));
#1162 = LINE('',#1163,#1164);
#1163 = CARTESIAN_POINT('',(0.3,-2.24,8.2));
#1164 = VECTOR('',#1165,1.);
#1165 = DIRECTION('',(-0.57735026919,-0.57735026919,-0.57735026919));
#1166 = ORIENTED_EDGE('',*,*,#1167,.F.);
#1167 = EDGE_CURVE('',#1151,#1160,#1168,.T.);
#1168 = LINE('',#1169,#1170);
#1169 = CARTESIAN_POINT('',(0.3,-3.14,8.2));
#1170 = VECTOR('',#1171,1.);
#1171 = DIRECTION('',(1.110223024625E-16,1.,0.));
#1172 = PLANE('',#1173);
#1173 = AXIS2_PLACEMENT_3D('',#1174,#1175,#1176);
#1174 = CARTESIAN_POINT('',(0.45,-3.14,8.35));
#1175 = DIRECTION('',(-0.707106781187,7.850462293414E-17,0.707106781187)
  );
#1176 = DIRECTION('',(1.110223024625E-16,1.,2.680278185005E-29));
#1177 = ADVANCED_FACE('',(#1178),#1196,.T.);
#1178 = FACE_BOUND('',#1179,.T.);
#1179 = EDGE_LOOP('',(#1180,#1181,#1182,#1190));
#1180 = ORIENTED_EDGE('',*,*,#1159,.F.);
#1181 = ORIENTED_EDGE('',*,*,#404,.T.);
#1182 = ORIENTED_EDGE('',*,*,#1183,.T.);
#1183 = EDGE_CURVE('',#397,#1184,#1186,.T.);
#1184 = VERTEX_POINT('',#1185);
#1185 = CARTESIAN_POINT('',(-0.3,-2.24,8.2));
#1186 = LINE('',#1187,#1188);
#1187 = CARTESIAN_POINT('',(-0.3,-2.24,8.2));
#1188 = VECTOR('',#1189,1.);
#1189 = DIRECTION('',(0.57735026919,-0.57735026919,-0.57735026919));
#1190 = ORIENTED_EDGE('',*,*,#1191,.F.);
#1191 = EDGE_CURVE('',#1160,#1184,#1192,.T.);
#1192 = LINE('',#1193,#1194);
#1193 = CARTESIAN_POINT('',(0.6,-2.24,8.2));
#1194 = VECTOR('',#1195,1.);
#1195 = DIRECTION('',(-1.,1.110223024625E-16,0.));
#1196 = PLANE('',#1197);
#1197 = AXIS2_PLACEMENT_3D('',#1198,#1199,#1200);
#1198 = CARTESIAN_POINT('',(0.6,-2.09,8.35));
#1199 = DIRECTION('',(-8.197719098449E-17,-0.707106781187,0.707106781187
    ));
#1200 = DIRECTION('',(-1.,1.13477778879E-16,-2.455476416522E-18));
#1201 = ADVANCED_FACE('',(#1202),#1220,.T.);
#1202 = FACE_BOUND('',#1203,.T.);
#1203 = EDGE_LOOP('',(#1204,#1205,#1206,#1214));
#1204 = ORIENTED_EDGE('',*,*,#1183,.F.);
#1205 = ORIENTED_EDGE('',*,*,#396,.T.);
#1206 = ORIENTED_EDGE('',*,*,#1207,.T.);
#1207 = EDGE_CURVE('',#389,#1208,#1210,.T.);
#1208 = VERTEX_POINT('',#1209);
#1209 = CARTESIAN_POINT('',(-0.3,-2.84,8.2));
#1210 = LINE('',#1211,#1212);
#1211 = CARTESIAN_POINT('',(-0.3,-2.84,8.2));
#1212 = VECTOR('',#1213,1.);
#1213 = DIRECTION('',(0.57735026919,0.57735026919,-0.57735026919));
#1214 = ORIENTED_EDGE('',*,*,#1215,.F.);
#1215 = EDGE_CURVE('',#1184,#1208,#1216,.T.);
#1216 = LINE('',#1217,#1218);
#1217 = CARTESIAN_POINT('',(-0.3,-1.94,8.2));
#1218 = VECTOR('',#1219,1.);
#1219 = DIRECTION('',(-1.110223024625E-16,-1.,0.));
#1220 = PLANE('',#1221);
#1221 = AXIS2_PLACEMENT_3D('',#1222,#1223,#1224);
#1222 = CARTESIAN_POINT('',(-0.45,-1.94,8.35));
#1223 = DIRECTION('',(0.707106781187,-7.850462293414E-17,0.707106781187)
  );
#1224 = DIRECTION('',(-1.110223024625E-16,-1.,2.680278185005E-29));
#1225 = ADVANCED_FACE('',(#1226),#1237,.T.);
#1226 = FACE_BOUND('',#1227,.T.);
#1227 = EDGE_LOOP('',(#1228,#1229,#1230,#1231));
#1228 = ORIENTED_EDGE('',*,*,#1207,.F.);
#1229 = ORIENTED_EDGE('',*,*,#388,.T.);
#1230 = ORIENTED_EDGE('',*,*,#1150,.T.);
#1231 = ORIENTED_EDGE('',*,*,#1232,.F.);
#1232 = EDGE_CURVE('',#1208,#1151,#1233,.T.);
#1233 = LINE('',#1234,#1235);
#1234 = CARTESIAN_POINT('',(-0.6,-2.84,8.2));
#1235 = VECTOR('',#1236,1.);
#1236 = DIRECTION('',(1.,-1.110223024625E-16,0.));
#1237 = PLANE('',#1238);
#1238 = AXIS2_PLACEMENT_3D('',#1239,#1240,#1241);
#1239 = CARTESIAN_POINT('',(-0.6,-2.99,8.35));
#1240 = DIRECTION('',(8.197719098449E-17,0.707106781187,0.707106781187)
  );
#1241 = DIRECTION('',(1.,-1.13477778879E-16,-2.455476416522E-18));
#1242 = ADVANCED_FACE('',(#1243),#1268,.T.);
#1243 = FACE_BOUND('',#1244,.T.);
#1244 = EDGE_LOOP('',(#1245,#1253,#1254,#1262));
#1245 = ORIENTED_EDGE('',*,*,#1246,.F.);
#1246 = EDGE_CURVE('',#413,#1247,#1249,.T.);
#1247 = VERTEX_POINT('',#1248);
#1248 = CARTESIAN_POINT('',(0.3,-0.3,8.2));
#1249 = LINE('',#1250,#1251);
#1250 = CARTESIAN_POINT('',(0.3,-0.3,8.2));
#1251 = VECTOR('',#1252,1.);
#1252 = DIRECTION('',(-0.57735026919,0.57735026919,-0.57735026919));
#1253 = ORIENTED_EDGE('',*,*,#412,.T.);
#1254 = ORIENTED_EDGE('',*,*,#1255,.T.);
#1255 = EDGE_CURVE('',#415,#1256,#1258,.T.);
#1256 = VERTEX_POINT('',#1257);
#1257 = CARTESIAN_POINT('',(0.3,0.3,8.2));
#1258 = LINE('',#1259,#1260);
#1259 = CARTESIAN_POINT('',(0.3,0.3,8.2));
#1260 = VECTOR('',#1261,1.);
#1261 = DIRECTION('',(-0.57735026919,-0.57735026919,-0.57735026919));
#1262 = ORIENTED_EDGE('',*,*,#1263,.F.);
#1263 = EDGE_CURVE('',#1247,#1256,#1264,.T.);
#1264 = LINE('',#1265,#1266);
#1265 = CARTESIAN_POINT('',(0.3,-0.6,8.2));
#1266 = VECTOR('',#1267,1.);
#1267 = DIRECTION('',(1.110223024625E-16,1.,0.));
#1268 = PLANE('',#1269);
#1269 = AXIS2_PLACEMENT_3D('',#1270,#1271,#1272);
#1270 = CARTESIAN_POINT('',(0.45,-0.6,8.35));
#1271 = DIRECTION('',(-0.707106781187,7.850462293414E-17,0.707106781187)
  );
#1272 = DIRECTION('',(1.110223024625E-16,1.,2.680278185005E-29));
#1273 = ADVANCED_FACE('',(#1274),#1292,.T.);
#1274 = FACE_BOUND('',#1275,.T.);
#1275 = EDGE_LOOP('',(#1276,#1277,#1278,#1286));
#1276 = ORIENTED_EDGE('',*,*,#1255,.F.);
#1277 = ORIENTED_EDGE('',*,*,#438,.T.);
#1278 = ORIENTED_EDGE('',*,*,#1279,.T.);
#1279 = EDGE_CURVE('',#431,#1280,#1282,.T.);
#1280 = VERTEX_POINT('',#1281);
#1281 = CARTESIAN_POINT('',(-0.3,0.3,8.2));
#1282 = LINE('',#1283,#1284);
#1283 = CARTESIAN_POINT('',(-0.3,0.3,8.2));
#1284 = VECTOR('',#1285,1.);
#1285 = DIRECTION('',(0.57735026919,-0.57735026919,-0.57735026919));
#1286 = ORIENTED_EDGE('',*,*,#1287,.F.);
#1287 = EDGE_CURVE('',#1256,#1280,#1288,.T.);
#1288 = LINE('',#1289,#1290);
#1289 = CARTESIAN_POINT('',(0.6,0.3,8.2));
#1290 = VECTOR('',#1291,1.);
#1291 = DIRECTION('',(-1.,1.110223024625E-16,0.));
#1292 = PLANE('',#1293);
#1293 = AXIS2_PLACEMENT_3D('',#1294,#1295,#1296);
#1294 = CARTESIAN_POINT('',(0.6,0.45,8.35));
#1295 = DIRECTION('',(-8.197719098449E-17,-0.707106781187,0.707106781187
    ));
#1296 = DIRECTION('',(-1.,1.13477778879E-16,-2.455476416522E-18));
#1297 = ADVANCED_FACE('',(#1298),#1316,.T.);
#1298 = FACE_BOUND('',#1299,.T.);
#1299 = EDGE_LOOP('',(#1300,#1301,#1302,#1310));
#1300 = ORIENTED_EDGE('',*,*,#1279,.F.);
#1301 = ORIENTED_EDGE('',*,*,#430,.T.);
#1302 = ORIENTED_EDGE('',*,*,#1303,.T.);
#1303 = EDGE_CURVE('',#423,#1304,#1306,.T.);
#1304 = VERTEX_POINT('',#1305);
#1305 = CARTESIAN_POINT('',(-0.3,-0.3,8.2));
#1306 = LINE('',#1307,#1308);
#1307 = CARTESIAN_POINT('',(-0.3,-0.3,8.2));
#1308 = VECTOR('',#1309,1.);
#1309 = DIRECTION('',(0.57735026919,0.57735026919,-0.57735026919));
#1310 = ORIENTED_EDGE('',*,*,#1311,.F.);
#1311 = EDGE_CURVE('',#1280,#1304,#1312,.T.);
#1312 = LINE('',#1313,#1314);
#1313 = CARTESIAN_POINT('',(-0.3,0.6,8.2));
#1314 = VECTOR('',#1315,1.);
#1315 = DIRECTION('',(-1.110223024625E-16,-1.,0.));
#1316 = PLANE('',#1317);
#1317 = AXIS2_PLACEMENT_3D('',#1318,#1319,#1320);
#1318 = CARTESIAN_POINT('',(-0.45,0.6,8.35));
#1319 = DIRECTION('',(0.707106781187,-7.850462293414E-17,0.707106781187)
  );
#1320 = DIRECTION('',(-1.110223024625E-16,-1.,2.680278185005E-29));
#1321 = ADVANCED_FACE('',(#1322),#1333,.T.);
#1322 = FACE_BOUND('',#1323,.T.);
#1323 = EDGE_LOOP('',(#1324,#1325,#1326,#1327));
#1324 = ORIENTED_EDGE('',*,*,#1303,.F.);
#1325 = ORIENTED_EDGE('',*,*,#422,.T.);
#1326 = ORIENTED_EDGE('',*,*,#1246,.T.);
#1327 = ORIENTED_EDGE('',*,*,#1328,.F.);
#1328 = EDGE_CURVE('',#1304,#1247,#1329,.T.);
#1329 = LINE('',#1330,#1331);
#1330 = CARTESIAN_POINT('',(-0.6,-0.3,8.2));
#1331 = VECTOR('',#1332,1.);
#1332 = DIRECTION('',(1.,-1.110223024625E-16,0.));
#1333 = PLANE('',#1334);
#1334 = AXIS2_PLACEMENT_3D('',#1335,#1336,#1337);
#1335 = CARTESIAN_POINT('',(-0.6,-0.45,8.35));
#1336 = DIRECTION('',(8.197719098449E-17,0.707106781187,0.707106781187)
  );
#1337 = DIRECTION('',(1.,-1.13477778879E-16,-2.455476416522E-18));
#1338 = ADVANCED_FACE('',(#1339),#1350,.T.);
#1339 = FACE_BOUND('',#1340,.T.);
#1340 = EDGE_LOOP('',(#1341,#1342,#1343,#1349));
#1341 = ORIENTED_EDGE('',*,*,#502,.F.);
#1342 = ORIENTED_EDGE('',*,*,#512,.T.);
#1343 = ORIENTED_EDGE('',*,*,#1344,.T.);
#1344 = EDGE_CURVE('',#513,#553,#1345,.T.);
#1345 = LINE('',#1346,#1347);
#1346 = CARTESIAN_POINT('',(-0.1,-10.46,0.2));
#1347 = VECTOR('',#1348,1.);
#1348 = DIRECTION('',(1.,-1.110223024625E-16,0.));
#1349 = ORIENTED_EDGE('',*,*,#560,.T.);
#1350 = PLANE('',#1351);
#1351 = AXIS2_PLACEMENT_3D('',#1352,#1353,#1354);
#1352 = CARTESIAN_POINT('',(-0.1,-10.46,0.2));
#1353 = DIRECTION('',(0.,-0.,-1.));
#1354 = DIRECTION('',(-1.110223024625E-16,-1.,0.));
#1355 = ADVANCED_FACE('',(#1356),#1397,.F.);
#1356 = FACE_BOUND('',#1357,.F.);
#1357 = EDGE_LOOP('',(#1358,#1366,#1367,#1375,#1383,#1391));
#1358 = ORIENTED_EDGE('',*,*,#1359,.T.);
#1359 = EDGE_CURVE('',#1360,#553,#1362,.T.);
#1360 = VERTEX_POINT('',#1361);
#1361 = CARTESIAN_POINT('',(0.1,-10.46,-2.5));
#1362 = LINE('',#1363,#1364);
#1363 = CARTESIAN_POINT('',(0.1,-10.46,-2.5));
#1364 = VECTOR('',#1365,1.);
#1365 = DIRECTION('',(0.,0.,1.));
#1366 = ORIENTED_EDGE('',*,*,#552,.F.);
#1367 = ORIENTED_EDGE('',*,*,#1368,.T.);
#1368 = EDGE_CURVE('',#545,#1369,#1371,.T.);
#1369 = VERTEX_POINT('',#1370);
#1370 = CARTESIAN_POINT('',(0.1,-9.86,-2.5));
#1371 = LINE('',#1372,#1373);
#1372 = CARTESIAN_POINT('',(0.1,-9.86,0.2));
#1373 = VECTOR('',#1374,1.);
#1374 = DIRECTION('',(0.,0.,-1.));
#1375 = ORIENTED_EDGE('',*,*,#1376,.T.);
#1376 = EDGE_CURVE('',#1369,#1377,#1379,.T.);
#1377 = VERTEX_POINT('',#1378);
#1378 = CARTESIAN_POINT('',(0.1,-10.01,-3.1));
#1379 = LINE('',#1380,#1381);
#1380 = CARTESIAN_POINT('',(0.1,-9.86,-2.5));
#1381 = VECTOR('',#1382,1.);
#1382 = DIRECTION('',(-2.692686352073E-17,-0.242535625036,
    -0.970142500145));
#1383 = ORIENTED_EDGE('',*,*,#1384,.T.);
#1384 = EDGE_CURVE('',#1377,#1385,#1387,.T.);
#1385 = VERTEX_POINT('',#1386);
#1386 = CARTESIAN_POINT('',(0.1,-10.31,-3.1));
#1387 = LINE('',#1388,#1389);
#1388 = CARTESIAN_POINT('',(0.1,-10.01,-3.1));
#1389 = VECTOR('',#1390,1.);
#1390 = DIRECTION('',(-1.110223024625E-16,-1.,0.));
#1391 = ORIENTED_EDGE('',*,*,#1392,.T.);
#1392 = EDGE_CURVE('',#1385,#1360,#1393,.T.);
#1393 = LINE('',#1394,#1395);
#1394 = CARTESIAN_POINT('',(0.1,-10.31,-3.1));
#1395 = VECTOR('',#1396,1.);
#1396 = DIRECTION('',(-2.692686352073E-17,-0.242535625036,0.970142500145
    ));
#1397 = PLANE('',#1398);
#1398 = AXIS2_PLACEMENT_3D('',#1399,#1400,#1401);
#1399 = CARTESIAN_POINT('',(0.1,-10.16,3.911477598424));
#1400 = DIRECTION('',(-1.,1.110223024625E-16,0.));
#1401 = DIRECTION('',(0.,0.,1.));
#1402 = ADVANCED_FACE('',(#1403),#1414,.T.);
#1403 = FACE_BOUND('',#1404,.T.);
#1404 = EDGE_LOOP('',(#1405,#1411,#1412,#1413));
#1405 = ORIENTED_EDGE('',*,*,#1406,.F.);
#1406 = EDGE_CURVE('',#521,#545,#1407,.T.);
#1407 = LINE('',#1408,#1409);
#1408 = CARTESIAN_POINT('',(-0.1,-9.86,0.2));
#1409 = VECTOR('',#1410,1.);
#1410 = DIRECTION('',(1.,-1.110223024625E-16,0.));
#1411 = ORIENTED_EDGE('',*,*,#528,.T.);
#1412 = ORIENTED_EDGE('',*,*,#536,.T.);
#1413 = ORIENTED_EDGE('',*,*,#544,.T.);
#1414 = PLANE('',#1415);
#1415 = AXIS2_PLACEMENT_3D('',#1416,#1417,#1418);
#1416 = CARTESIAN_POINT('',(-0.1,-10.46,0.2));
#1417 = DIRECTION('',(0.,-0.,-1.));
#1418 = DIRECTION('',(-1.110223024625E-16,-1.,0.));
#1419 = ADVANCED_FACE('',(#1420),#1461,.T.);
#1420 = FACE_BOUND('',#1421,.T.);
#1421 = EDGE_LOOP('',(#1422,#1430,#1431,#1439,#1447,#1455));
#1422 = ORIENTED_EDGE('',*,*,#1423,.T.);
#1423 = EDGE_CURVE('',#1424,#513,#1426,.T.);
#1424 = VERTEX_POINT('',#1425);
#1425 = CARTESIAN_POINT('',(-0.1,-10.46,-2.5));
#1426 = LINE('',#1427,#1428);
#1427 = CARTESIAN_POINT('',(-0.1,-10.46,-2.5));
#1428 = VECTOR('',#1429,1.);
#1429 = DIRECTION('',(0.,0.,1.));
#1430 = ORIENTED_EDGE('',*,*,#520,.F.);
#1431 = ORIENTED_EDGE('',*,*,#1432,.T.);
#1432 = EDGE_CURVE('',#521,#1433,#1435,.T.);
#1433 = VERTEX_POINT('',#1434);
#1434 = CARTESIAN_POINT('',(-0.1,-9.86,-2.5));
#1435 = LINE('',#1436,#1437);
#1436 = CARTESIAN_POINT('',(-0.1,-9.86,0.2));
#1437 = VECTOR('',#1438,1.);
#1438 = DIRECTION('',(0.,0.,-1.));
#1439 = ORIENTED_EDGE('',*,*,#1440,.T.);
#1440 = EDGE_CURVE('',#1433,#1441,#1443,.T.);
#1441 = VERTEX_POINT('',#1442);
#1442 = CARTESIAN_POINT('',(-0.1,-10.01,-3.1));
#1443 = LINE('',#1444,#1445);
#1444 = CARTESIAN_POINT('',(-0.1,-9.86,-2.5));
#1445 = VECTOR('',#1446,1.);
#1446 = DIRECTION('',(-2.692686352073E-17,-0.242535625036,
    -0.970142500145));
#1447 = ORIENTED_EDGE('',*,*,#1448,.F.);
#1448 = EDGE_CURVE('',#1449,#1441,#1451,.T.);
#1449 = VERTEX_POINT('',#1450);
#1450 = CARTESIAN_POINT('',(-0.1,-10.31,-3.1));
#1451 = LINE('',#1452,#1453);
#1452 = CARTESIAN_POINT('',(-0.1,-10.31,-3.1));
#1453 = VECTOR('',#1454,1.);
#1454 = DIRECTION('',(1.110223024625E-16,1.,0.));
#1455 = ORIENTED_EDGE('',*,*,#1456,.T.);
#1456 = EDGE_CURVE('',#1449,#1424,#1457,.T.);
#1457 = LINE('',#1458,#1459);
#1458 = CARTESIAN_POINT('',(-0.1,-10.31,-3.1));
#1459 = VECTOR('',#1460,1.);
#1460 = DIRECTION('',(-2.692686352073E-17,-0.242535625036,0.970142500145
    ));
#1461 = PLANE('',#1462);
#1462 = AXIS2_PLACEMENT_3D('',#1463,#1464,#1465);
#1463 = CARTESIAN_POINT('',(-0.1,-10.16,3.911477598424));
#1464 = DIRECTION('',(-1.,1.110223024625E-16,0.));
#1465 = DIRECTION('',(0.,0.,1.));
#1466 = ADVANCED_FACE('',(#1467),#1478,.T.);
#1467 = FACE_BOUND('',#1468,.T.);
#1468 = EDGE_LOOP('',(#1469,#1470,#1471,#1477));
#1469 = ORIENTED_EDGE('',*,*,#568,.F.);
#1470 = ORIENTED_EDGE('',*,*,#578,.T.);
#1471 = ORIENTED_EDGE('',*,*,#1472,.T.);
#1472 = EDGE_CURVE('',#579,#619,#1473,.T.);
#1473 = LINE('',#1474,#1475);
#1474 = CARTESIAN_POINT('',(-0.1,-7.92,0.2));
#1475 = VECTOR('',#1476,1.);
#1476 = DIRECTION('',(1.,-1.110223024625E-16,0.));
#1477 = ORIENTED_EDGE('',*,*,#626,.T.);
#1478 = PLANE('',#1479);
#1479 = AXIS2_PLACEMENT_3D('',#1480,#1481,#1482);
#1480 = CARTESIAN_POINT('',(-0.1,-7.92,0.2));
#1481 = DIRECTION('',(0.,-0.,-1.));
#1482 = DIRECTION('',(-1.110223024625E-16,-1.,0.));
#1483 = ADVANCED_FACE('',(#1484),#1525,.F.);
#1484 = FACE_BOUND('',#1485,.F.);
#1485 = EDGE_LOOP('',(#1486,#1494,#1495,#1503,#1511,#1519));
#1486 = ORIENTED_EDGE('',*,*,#1487,.T.);
#1487 = EDGE_CURVE('',#1488,#619,#1490,.T.);
#1488 = VERTEX_POINT('',#1489);
#1489 = CARTESIAN_POINT('',(0.1,-7.92,-2.5));
#1490 = LINE('',#1491,#1492);
#1491 = CARTESIAN_POINT('',(0.1,-7.92,-2.5));
#1492 = VECTOR('',#1493,1.);
#1493 = DIRECTION('',(0.,0.,1.));
#1494 = ORIENTED_EDGE('',*,*,#618,.F.);
#1495 = ORIENTED_EDGE('',*,*,#1496,.T.);
#1496 = EDGE_CURVE('',#611,#1497,#1499,.T.);
#1497 = VERTEX_POINT('',#1498);
#1498 = CARTESIAN_POINT('',(0.1,-7.32,-2.5));
#1499 = LINE('',#1500,#1501);
#1500 = CARTESIAN_POINT('',(0.1,-7.32,0.2));
#1501 = VECTOR('',#1502,1.);
#1502 = DIRECTION('',(0.,0.,-1.));
#1503 = ORIENTED_EDGE('',*,*,#1504,.T.);
#1504 = EDGE_CURVE('',#1497,#1505,#1507,.T.);
#1505 = VERTEX_POINT('',#1506);
#1506 = CARTESIAN_POINT('',(0.1,-7.47,-3.1));
#1507 = LINE('',#1508,#1509);
#1508 = CARTESIAN_POINT('',(0.1,-7.32,-2.5));
#1509 = VECTOR('',#1510,1.);
#1510 = DIRECTION('',(-2.692686352073E-17,-0.242535625036,
    -0.970142500145));
#1511 = ORIENTED_EDGE('',*,*,#1512,.T.);
#1512 = EDGE_CURVE('',#1505,#1513,#1515,.T.);
#1513 = VERTEX_POINT('',#1514);
#1514 = CARTESIAN_POINT('',(0.1,-7.77,-3.1));
#1515 = LINE('',#1516,#1517);
#1516 = CARTESIAN_POINT('',(0.1,-7.47,-3.1));
#1517 = VECTOR('',#1518,1.);
#1518 = DIRECTION('',(-1.110223024625E-16,-1.,0.));
#1519 = ORIENTED_EDGE('',*,*,#1520,.T.);
#1520 = EDGE_CURVE('',#1513,#1488,#1521,.T.);
#1521 = LINE('',#1522,#1523);
#1522 = CARTESIAN_POINT('',(0.1,-7.77,-3.1));
#1523 = VECTOR('',#1524,1.);
#1524 = DIRECTION('',(-2.692686352073E-17,-0.242535625036,0.970142500145
    ));
#1525 = PLANE('',#1526);
#1526 = AXIS2_PLACEMENT_3D('',#1527,#1528,#1529);
#1527 = CARTESIAN_POINT('',(0.1,-7.62,3.911477598424));
#1528 = DIRECTION('',(-1.,1.110223024625E-16,0.));
#1529 = DIRECTION('',(0.,0.,1.));
#1530 = ADVANCED_FACE('',(#1531),#1542,.T.);
#1531 = FACE_BOUND('',#1532,.T.);
#1532 = EDGE_LOOP('',(#1533,#1539,#1540,#1541));
#1533 = ORIENTED_EDGE('',*,*,#1534,.F.);
#1534 = EDGE_CURVE('',#587,#611,#1535,.T.);
#1535 = LINE('',#1536,#1537);
#1536 = CARTESIAN_POINT('',(-0.1,-7.32,0.2));
#1537 = VECTOR('',#1538,1.);
#1538 = DIRECTION('',(1.,-1.110223024625E-16,0.));
#1539 = ORIENTED_EDGE('',*,*,#594,.T.);
#1540 = ORIENTED_EDGE('',*,*,#602,.T.);
#1541 = ORIENTED_EDGE('',*,*,#610,.T.);
#1542 = PLANE('',#1543);
#1543 = AXIS2_PLACEMENT_3D('',#1544,#1545,#1546);
#1544 = CARTESIAN_POINT('',(-0.1,-7.92,0.2));
#1545 = DIRECTION('',(0.,-0.,-1.));
#1546 = DIRECTION('',(-1.110223024625E-16,-1.,0.));
#1547 = ADVANCED_FACE('',(#1548),#1589,.T.);
#1548 = FACE_BOUND('',#1549,.T.);
#1549 = EDGE_LOOP('',(#1550,#1558,#1559,#1567,#1575,#1583));
#1550 = ORIENTED_EDGE('',*,*,#1551,.T.);
#1551 = EDGE_CURVE('',#1552,#579,#1554,.T.);
#1552 = VERTEX_POINT('',#1553);
#1553 = CARTESIAN_POINT('',(-0.1,-7.92,-2.5));
#1554 = LINE('',#1555,#1556);
#1555 = CARTESIAN_POINT('',(-0.1,-7.92,-2.5));
#1556 = VECTOR('',#1557,1.);
#1557 = DIRECTION('',(0.,0.,1.));
#1558 = ORIENTED_EDGE('',*,*,#586,.F.);
#1559 = ORIENTED_EDGE('',*,*,#1560,.T.);
#1560 = EDGE_CURVE('',#587,#1561,#1563,.T.);
#1561 = VERTEX_POINT('',#1562);
#1562 = CARTESIAN_POINT('',(-0.1,-7.32,-2.5));
#1563 = LINE('',#1564,#1565);
#1564 = CARTESIAN_POINT('',(-0.1,-7.32,0.2));
#1565 = VECTOR('',#1566,1.);
#1566 = DIRECTION('',(0.,0.,-1.));
#1567 = ORIENTED_EDGE('',*,*,#1568,.T.);
#1568 = EDGE_CURVE('',#1561,#1569,#1571,.T.);
#1569 = VERTEX_POINT('',#1570);
#1570 = CARTESIAN_POINT('',(-0.1,-7.47,-3.1));
#1571 = LINE('',#1572,#1573);
#1572 = CARTESIAN_POINT('',(-0.1,-7.32,-2.5));
#1573 = VECTOR('',#1574,1.);
#1574 = DIRECTION('',(-2.692686352073E-17,-0.242535625036,
    -0.970142500145));
#1575 = ORIENTED_EDGE('',*,*,#1576,.F.);
#1576 = EDGE_CURVE('',#1577,#1569,#1579,.T.);
#1577 = VERTEX_POINT('',#1578);
#1578 = CARTESIAN_POINT('',(-0.1,-7.77,-3.1));
#1579 = LINE('',#1580,#1581);
#1580 = CARTESIAN_POINT('',(-0.1,-7.77,-3.1));
#1581 = VECTOR('',#1582,1.);
#1582 = DIRECTION('',(1.110223024625E-16,1.,0.));
#1583 = ORIENTED_EDGE('',*,*,#1584,.T.);
#1584 = EDGE_CURVE('',#1577,#1552,#1585,.T.);
#1585 = LINE('',#1586,#1587);
#1586 = CARTESIAN_POINT('',(-0.1,-7.77,-3.1));
#1587 = VECTOR('',#1588,1.);
#1588 = DIRECTION('',(-2.692686352073E-17,-0.242535625036,0.970142500145
    ));
#1589 = PLANE('',#1590);
#1590 = AXIS2_PLACEMENT_3D('',#1591,#1592,#1593);
#1591 = CARTESIAN_POINT('',(-0.1,-7.62,3.911477598424));
#1592 = DIRECTION('',(-1.,1.110223024625E-16,0.));
#1593 = DIRECTION('',(0.,0.,1.));
#1594 = ADVANCED_FACE('',(#1595),#1606,.T.);
#1595 = FACE_BOUND('',#1596,.T.);
#1596 = EDGE_LOOP('',(#1597,#1598,#1599,#1605));
#1597 = ORIENTED_EDGE('',*,*,#634,.F.);
#1598 = ORIENTED_EDGE('',*,*,#644,.T.);
#1599 = ORIENTED_EDGE('',*,*,#1600,.T.);
#1600 = EDGE_CURVE('',#645,#685,#1601,.T.);
#1601 = LINE('',#1602,#1603);
#1602 = CARTESIAN_POINT('',(-0.1,-5.38,0.2));
#1603 = VECTOR('',#1604,1.);
#1604 = DIRECTION('',(1.,-1.110223024625E-16,0.));
#1605 = ORIENTED_EDGE('',*,*,#692,.T.);
#1606 = PLANE('',#1607);
#1607 = AXIS2_PLACEMENT_3D('',#1608,#1609,#1610);
#1608 = CARTESIAN_POINT('',(-0.1,-5.38,0.2));
#1609 = DIRECTION('',(0.,-0.,-1.));
#1610 = DIRECTION('',(-1.110223024625E-16,-1.,0.));
#1611 = ADVANCED_FACE('',(#1612),#1653,.F.);
#1612 = FACE_BOUND('',#1613,.F.);
#1613 = EDGE_LOOP('',(#1614,#1622,#1623,#1631,#1639,#1647));
#1614 = ORIENTED_EDGE('',*,*,#1615,.T.);
#1615 = EDGE_CURVE('',#1616,#685,#1618,.T.);
#1616 = VERTEX_POINT('',#1617);
#1617 = CARTESIAN_POINT('',(0.1,-5.38,-2.5));
#1618 = LINE('',#1619,#1620);
#1619 = CARTESIAN_POINT('',(0.1,-5.38,-2.5));
#1620 = VECTOR('',#1621,1.);
#1621 = DIRECTION('',(0.,0.,1.));
#1622 = ORIENTED_EDGE('',*,*,#684,.F.);
#1623 = ORIENTED_EDGE('',*,*,#1624,.T.);
#1624 = EDGE_CURVE('',#677,#1625,#1627,.T.);
#1625 = VERTEX_POINT('',#1626);
#1626 = CARTESIAN_POINT('',(0.1,-4.78,-2.5));
#1627 = LINE('',#1628,#1629);
#1628 = CARTESIAN_POINT('',(0.1,-4.78,0.2));
#1629 = VECTOR('',#1630,1.);
#1630 = DIRECTION('',(0.,0.,-1.));
#1631 = ORIENTED_EDGE('',*,*,#1632,.T.);
#1632 = EDGE_CURVE('',#1625,#1633,#1635,.T.);
#1633 = VERTEX_POINT('',#1634);
#1634 = CARTESIAN_POINT('',(0.1,-4.93,-3.1));
#1635 = LINE('',#1636,#1637);
#1636 = CARTESIAN_POINT('',(0.1,-4.78,-2.5));
#1637 = VECTOR('',#1638,1.);
#1638 = DIRECTION('',(-2.692686352073E-17,-0.242535625036,
    -0.970142500145));
#1639 = ORIENTED_EDGE('',*,*,#1640,.T.);
#1640 = EDGE_CURVE('',#1633,#1641,#1643,.T.);
#1641 = VERTEX_POINT('',#1642);
#1642 = CARTESIAN_POINT('',(0.1,-5.23,-3.1));
#1643 = LINE('',#1644,#1645);
#1644 = CARTESIAN_POINT('',(0.1,-4.93,-3.1));
#1645 = VECTOR('',#1646,1.);
#1646 = DIRECTION('',(-1.110223024625E-16,-1.,0.));
#1647 = ORIENTED_EDGE('',*,*,#1648,.T.);
#1648 = EDGE_CURVE('',#1641,#1616,#1649,.T.);
#1649 = LINE('',#1650,#1651);
#1650 = CARTESIAN_POINT('',(0.1,-5.23,-3.1));
#1651 = VECTOR('',#1652,1.);
#1652 = DIRECTION('',(-2.692686352073E-17,-0.242535625036,0.970142500145
    ));
#1653 = PLANE('',#1654);
#1654 = AXIS2_PLACEMENT_3D('',#1655,#1656,#1657);
#1655 = CARTESIAN_POINT('',(0.1,-5.08,3.911477598424));
#1656 = DIRECTION('',(-1.,1.110223024625E-16,0.));
#1657 = DIRECTION('',(0.,0.,1.));
#1658 = ADVANCED_FACE('',(#1659),#1670,.T.);
#1659 = FACE_BOUND('',#1660,.T.);
#1660 = EDGE_LOOP('',(#1661,#1667,#1668,#1669));
#1661 = ORIENTED_EDGE('',*,*,#1662,.F.);
#1662 = EDGE_CURVE('',#653,#677,#1663,.T.);
#1663 = LINE('',#1664,#1665);
#1664 = CARTESIAN_POINT('',(-0.1,-4.78,0.2));
#1665 = VECTOR('',#1666,1.);
#1666 = DIRECTION('',(1.,-1.110223024625E-16,0.));
#1667 = ORIENTED_EDGE('',*,*,#660,.T.);
#1668 = ORIENTED_EDGE('',*,*,#668,.T.);
#1669 = ORIENTED_EDGE('',*,*,#676,.T.);
#1670 = PLANE('',#1671);
#1671 = AXIS2_PLACEMENT_3D('',#1672,#1673,#1674);
#1672 = CARTESIAN_POINT('',(-0.1,-5.38,0.2));
#1673 = DIRECTION('',(0.,-0.,-1.));
#1674 = DIRECTION('',(-1.110223024625E-16,-1.,0.));
#1675 = ADVANCED_FACE('',(#1676),#1717,.T.);
#1676 = FACE_BOUND('',#1677,.T.);
#1677 = EDGE_LOOP('',(#1678,#1686,#1687,#1695,#1703,#1711));
#1678 = ORIENTED_EDGE('',*,*,#1679,.T.);
#1679 = EDGE_CURVE('',#1680,#645,#1682,.T.);
#1680 = VERTEX_POINT('',#1681);
#1681 = CARTESIAN_POINT('',(-0.1,-5.38,-2.5));
#1682 = LINE('',#1683,#1684);
#1683 = CARTESIAN_POINT('',(-0.1,-5.38,-2.5));
#1684 = VECTOR('',#1685,1.);
#1685 = DIRECTION('',(0.,0.,1.));
#1686 = ORIENTED_EDGE('',*,*,#652,.F.);
#1687 = ORIENTED_EDGE('',*,*,#1688,.T.);
#1688 = EDGE_CURVE('',#653,#1689,#1691,.T.);
#1689 = VERTEX_POINT('',#1690);
#1690 = CARTESIAN_POINT('',(-0.1,-4.78,-2.5));
#1691 = LINE('',#1692,#1693);
#1692 = CARTESIAN_POINT('',(-0.1,-4.78,0.2));
#1693 = VECTOR('',#1694,1.);
#1694 = DIRECTION('',(0.,0.,-1.));
#1695 = ORIENTED_EDGE('',*,*,#1696,.T.);
#1696 = EDGE_CURVE('',#1689,#1697,#1699,.T.);
#1697 = VERTEX_POINT('',#1698);
#1698 = CARTESIAN_POINT('',(-0.1,-4.93,-3.1));
#1699 = LINE('',#1700,#1701);
#1700 = CARTESIAN_POINT('',(-0.1,-4.78,-2.5));
#1701 = VECTOR('',#1702,1.);
#1702 = DIRECTION('',(-2.692686352073E-17,-0.242535625036,
    -0.970142500145));
#1703 = ORIENTED_EDGE('',*,*,#1704,.F.);
#1704 = EDGE_CURVE('',#1705,#1697,#1707,.T.);
#1705 = VERTEX_POINT('',#1706);
#1706 = CARTESIAN_POINT('',(-0.1,-5.23,-3.1));
#1707 = LINE('',#1708,#1709);
#1708 = CARTESIAN_POINT('',(-0.1,-5.23,-3.1));
#1709 = VECTOR('',#1710,1.);
#1710 = DIRECTION('',(1.110223024625E-16,1.,0.));
#1711 = ORIENTED_EDGE('',*,*,#1712,.T.);
#1712 = EDGE_CURVE('',#1705,#1680,#1713,.T.);
#1713 = LINE('',#1714,#1715);
#1714 = CARTESIAN_POINT('',(-0.1,-5.23,-3.1));
#1715 = VECTOR('',#1716,1.);
#1716 = DIRECTION('',(-2.692686352073E-17,-0.242535625036,0.970142500145
    ));
#1717 = PLANE('',#1718);
#1718 = AXIS2_PLACEMENT_3D('',#1719,#1720,#1721);
#1719 = CARTESIAN_POINT('',(-0.1,-5.08,3.911477598424));
#1720 = DIRECTION('',(-1.,1.110223024625E-16,0.));
#1721 = DIRECTION('',(0.,0.,1.));
#1722 = ADVANCED_FACE('',(#1723),#1734,.T.);
#1723 = FACE_BOUND('',#1724,.T.);
#1724 = EDGE_LOOP('',(#1725,#1726,#1727,#1733));
#1725 = ORIENTED_EDGE('',*,*,#700,.F.);
#1726 = ORIENTED_EDGE('',*,*,#710,.T.);
#1727 = ORIENTED_EDGE('',*,*,#1728,.T.);
#1728 = EDGE_CURVE('',#711,#751,#1729,.T.);
#1729 = LINE('',#1730,#1731);
#1730 = CARTESIAN_POINT('',(-0.1,-2.84,0.2));
#1731 = VECTOR('',#1732,1.);
#1732 = DIRECTION('',(1.,-1.110223024625E-16,0.));
#1733 = ORIENTED_EDGE('',*,*,#758,.T.);
#1734 = PLANE('',#1735);
#1735 = AXIS2_PLACEMENT_3D('',#1736,#1737,#1738);
#1736 = CARTESIAN_POINT('',(-0.1,-2.84,0.2));
#1737 = DIRECTION('',(0.,-0.,-1.));
#1738 = DIRECTION('',(-1.110223024625E-16,-1.,0.));
#1739 = ADVANCED_FACE('',(#1740),#1781,.F.);
#1740 = FACE_BOUND('',#1741,.F.);
#1741 = EDGE_LOOP('',(#1742,#1750,#1751,#1759,#1767,#1775));
#1742 = ORIENTED_EDGE('',*,*,#1743,.T.);
#1743 = EDGE_CURVE('',#1744,#751,#1746,.T.);
#1744 = VERTEX_POINT('',#1745);
#1745 = CARTESIAN_POINT('',(0.1,-2.84,-2.5));
#1746 = LINE('',#1747,#1748);
#1747 = CARTESIAN_POINT('',(0.1,-2.84,-2.5));
#1748 = VECTOR('',#1749,1.);
#1749 = DIRECTION('',(0.,0.,1.));
#1750 = ORIENTED_EDGE('',*,*,#750,.F.);
#1751 = ORIENTED_EDGE('',*,*,#1752,.T.);
#1752 = EDGE_CURVE('',#743,#1753,#1755,.T.);
#1753 = VERTEX_POINT('',#1754);
#1754 = CARTESIAN_POINT('',(0.1,-2.24,-2.5));
#1755 = LINE('',#1756,#1757);
#1756 = CARTESIAN_POINT('',(0.1,-2.24,0.2));
#1757 = VECTOR('',#1758,1.);
#1758 = DIRECTION('',(0.,0.,-1.));
#1759 = ORIENTED_EDGE('',*,*,#1760,.T.);
#1760 = EDGE_CURVE('',#1753,#1761,#1763,.T.);
#1761 = VERTEX_POINT('',#1762);
#1762 = CARTESIAN_POINT('',(0.1,-2.39,-3.1));
#1763 = LINE('',#1764,#1765);
#1764 = CARTESIAN_POINT('',(0.1,-2.24,-2.5));
#1765 = VECTOR('',#1766,1.);
#1766 = DIRECTION('',(-2.692686352073E-17,-0.242535625036,
    -0.970142500145));
#1767 = ORIENTED_EDGE('',*,*,#1768,.T.);
#1768 = EDGE_CURVE('',#1761,#1769,#1771,.T.);
#1769 = VERTEX_POINT('',#1770);
#1770 = CARTESIAN_POINT('',(0.1,-2.69,-3.1));
#1771 = LINE('',#1772,#1773);
#1772 = CARTESIAN_POINT('',(0.1,-2.39,-3.1));
#1773 = VECTOR('',#1774,1.);
#1774 = DIRECTION('',(-1.110223024625E-16,-1.,0.));
#1775 = ORIENTED_EDGE('',*,*,#1776,.T.);
#1776 = EDGE_CURVE('',#1769,#1744,#1777,.T.);
#1777 = LINE('',#1778,#1779);
#1778 = CARTESIAN_POINT('',(0.1,-2.69,-3.1));
#1779 = VECTOR('',#1780,1.);
#1780 = DIRECTION('',(-2.692686352073E-17,-0.242535625036,0.970142500145
    ));
#1781 = PLANE('',#1782);
#1782 = AXIS2_PLACEMENT_3D('',#1783,#1784,#1785);
#1783 = CARTESIAN_POINT('',(0.1,-2.54,3.911477598424));
#1784 = DIRECTION('',(-1.,1.110223024625E-16,0.));
#1785 = DIRECTION('',(0.,0.,1.));
#1786 = ADVANCED_FACE('',(#1787),#1798,.T.);
#1787 = FACE_BOUND('',#1788,.T.);
#1788 = EDGE_LOOP('',(#1789,#1795,#1796,#1797));
#1789 = ORIENTED_EDGE('',*,*,#1790,.F.);
#1790 = EDGE_CURVE('',#719,#743,#1791,.T.);
#1791 = LINE('',#1792,#1793);
#1792 = CARTESIAN_POINT('',(-0.1,-2.24,0.2));
#1793 = VECTOR('',#1794,1.);
#1794 = DIRECTION('',(1.,-1.110223024625E-16,0.));
#1795 = ORIENTED_EDGE('',*,*,#726,.T.);
#1796 = ORIENTED_EDGE('',*,*,#734,.T.);
#1797 = ORIENTED_EDGE('',*,*,#742,.T.);
#1798 = PLANE('',#1799);
#1799 = AXIS2_PLACEMENT_3D('',#1800,#1801,#1802);
#1800 = CARTESIAN_POINT('',(-0.1,-2.84,0.2));
#1801 = DIRECTION('',(0.,-0.,-1.));
#1802 = DIRECTION('',(-1.110223024625E-16,-1.,0.));
#1803 = ADVANCED_FACE('',(#1804),#1845,.T.);
#1804 = FACE_BOUND('',#1805,.T.);
#1805 = EDGE_LOOP('',(#1806,#1814,#1815,#1823,#1831,#1839));
#1806 = ORIENTED_EDGE('',*,*,#1807,.T.);
#1807 = EDGE_CURVE('',#1808,#711,#1810,.T.);
#1808 = VERTEX_POINT('',#1809);
#1809 = CARTESIAN_POINT('',(-0.1,-2.84,-2.5));
#1810 = LINE('',#1811,#1812);
#1811 = CARTESIAN_POINT('',(-0.1,-2.84,-2.5));
#1812 = VECTOR('',#1813,1.);
#1813 = DIRECTION('',(0.,0.,1.));
#1814 = ORIENTED_EDGE('',*,*,#718,.F.);
#1815 = ORIENTED_EDGE('',*,*,#1816,.T.);
#1816 = EDGE_CURVE('',#719,#1817,#1819,.T.);
#1817 = VERTEX_POINT('',#1818);
#1818 = CARTESIAN_POINT('',(-0.1,-2.24,-2.5));
#1819 = LINE('',#1820,#1821);
#1820 = CARTESIAN_POINT('',(-0.1,-2.24,0.2));
#1821 = VECTOR('',#1822,1.);
#1822 = DIRECTION('',(0.,0.,-1.));
#1823 = ORIENTED_EDGE('',*,*,#1824,.T.);
#1824 = EDGE_CURVE('',#1817,#1825,#1827,.T.);
#1825 = VERTEX_POINT('',#1826);
#1826 = CARTESIAN_POINT('',(-0.1,-2.39,-3.1));
#1827 = LINE('',#1828,#1829);
#1828 = CARTESIAN_POINT('',(-0.1,-2.24,-2.5));
#1829 = VECTOR('',#1830,1.);
#1830 = DIRECTION('',(-2.692686352073E-17,-0.242535625036,
    -0.970142500145));
#1831 = ORIENTED_EDGE('',*,*,#1832,.F.);
#1832 = EDGE_CURVE('',#1833,#1825,#1835,.T.);
#1833 = VERTEX_POINT('',#1834);
#1834 = CARTESIAN_POINT('',(-0.1,-2.69,-3.1));
#1835 = LINE('',#1836,#1837);
#1836 = CARTESIAN_POINT('',(-0.1,-2.69,-3.1));
#1837 = VECTOR('',#1838,1.);
#1838 = DIRECTION('',(1.110223024625E-16,1.,0.));
#1839 = ORIENTED_EDGE('',*,*,#1840,.T.);
#1840 = EDGE_CURVE('',#1833,#1808,#1841,.T.);
#1841 = LINE('',#1842,#1843);
#1842 = CARTESIAN_POINT('',(-0.1,-2.69,-3.1));
#1843 = VECTOR('',#1844,1.);
#1844 = DIRECTION('',(-2.692686352073E-17,-0.242535625036,0.970142500145
    ));
#1845 = PLANE('',#1846);
#1846 = AXIS2_PLACEMENT_3D('',#1847,#1848,#1849);
#1847 = CARTESIAN_POINT('',(-0.1,-2.54,3.911477598424));
#1848 = DIRECTION('',(-1.,1.110223024625E-16,0.));
#1849 = DIRECTION('',(0.,0.,1.));
#1850 = ADVANCED_FACE('',(#1851),#1862,.T.);
#1851 = FACE_BOUND('',#1852,.T.);
#1852 = EDGE_LOOP('',(#1853,#1854,#1855,#1861));
#1853 = ORIENTED_EDGE('',*,*,#766,.F.);
#1854 = ORIENTED_EDGE('',*,*,#776,.T.);
#1855 = ORIENTED_EDGE('',*,*,#1856,.T.);
#1856 = EDGE_CURVE('',#777,#817,#1857,.T.);
#1857 = LINE('',#1858,#1859);
#1858 = CARTESIAN_POINT('',(-0.1,-0.3,0.2));
#1859 = VECTOR('',#1860,1.);
#1860 = DIRECTION('',(1.,-1.110223024625E-16,0.));
#1861 = ORIENTED_EDGE('',*,*,#824,.T.);
#1862 = PLANE('',#1863);
#1863 = AXIS2_PLACEMENT_3D('',#1864,#1865,#1866);
#1864 = CARTESIAN_POINT('',(-0.1,-0.3,0.2));
#1865 = DIRECTION('',(0.,-0.,-1.));
#1866 = DIRECTION('',(-1.110223024625E-16,-1.,0.));
#1867 = ADVANCED_FACE('',(#1868),#1909,.F.);
#1868 = FACE_BOUND('',#1869,.F.);
#1869 = EDGE_LOOP('',(#1870,#1878,#1879,#1887,#1895,#1903));
#1870 = ORIENTED_EDGE('',*,*,#1871,.T.);
#1871 = EDGE_CURVE('',#1872,#817,#1874,.T.);
#1872 = VERTEX_POINT('',#1873);
#1873 = CARTESIAN_POINT('',(0.1,-0.3,-2.5));
#1874 = LINE('',#1875,#1876);
#1875 = CARTESIAN_POINT('',(0.1,-0.3,-2.5));
#1876 = VECTOR('',#1877,1.);
#1877 = DIRECTION('',(0.,0.,1.));
#1878 = ORIENTED_EDGE('',*,*,#816,.F.);
#1879 = ORIENTED_EDGE('',*,*,#1880,.T.);
#1880 = EDGE_CURVE('',#809,#1881,#1883,.T.);
#1881 = VERTEX_POINT('',#1882);
#1882 = CARTESIAN_POINT('',(0.1,0.3,-2.5));
#1883 = LINE('',#1884,#1885);
#1884 = CARTESIAN_POINT('',(0.1,0.3,0.2));
#1885 = VECTOR('',#1886,1.);
#1886 = DIRECTION('',(0.,0.,-1.));
#1887 = ORIENTED_EDGE('',*,*,#1888,.T.);
#1888 = EDGE_CURVE('',#1881,#1889,#1891,.T.);
#1889 = VERTEX_POINT('',#1890);
#1890 = CARTESIAN_POINT('',(0.1,0.15,-3.1));
#1891 = LINE('',#1892,#1893);
#1892 = CARTESIAN_POINT('',(0.1,0.3,-2.5));
#1893 = VECTOR('',#1894,1.);
#1894 = DIRECTION('',(-2.692686352073E-17,-0.242535625036,
    -0.970142500145));
#1895 = ORIENTED_EDGE('',*,*,#1896,.T.);
#1896 = EDGE_CURVE('',#1889,#1897,#1899,.T.);
#1897 = VERTEX_POINT('',#1898);
#1898 = CARTESIAN_POINT('',(0.1,-0.15,-3.1));
#1899 = LINE('',#1900,#1901);
#1900 = CARTESIAN_POINT('',(0.1,0.15,-3.1));
#1901 = VECTOR('',#1902,1.);
#1902 = DIRECTION('',(-1.110223024625E-16,-1.,0.));
#1903 = ORIENTED_EDGE('',*,*,#1904,.T.);
#1904 = EDGE_CURVE('',#1897,#1872,#1905,.T.);
#1905 = LINE('',#1906,#1907);
#1906 = CARTESIAN_POINT('',(0.1,-0.15,-3.1));
#1907 = VECTOR('',#1908,1.);
#1908 = DIRECTION('',(-2.692686352073E-17,-0.242535625036,0.970142500145
    ));
#1909 = PLANE('',#1910);
#1910 = AXIS2_PLACEMENT_3D('',#1911,#1912,#1913);
#1911 = CARTESIAN_POINT('',(0.1,-1.110223024625E-17,3.911477598424));
#1912 = DIRECTION('',(-1.,1.110223024625E-16,0.));
#1913 = DIRECTION('',(0.,0.,1.));
#1914 = ADVANCED_FACE('',(#1915),#1926,.T.);
#1915 = FACE_BOUND('',#1916,.T.);
#1916 = EDGE_LOOP('',(#1917,#1923,#1924,#1925));
#1917 = ORIENTED_EDGE('',*,*,#1918,.F.);
#1918 = EDGE_CURVE('',#785,#809,#1919,.T.);
#1919 = LINE('',#1920,#1921);
#1920 = CARTESIAN_POINT('',(-0.1,0.3,0.2));
#1921 = VECTOR('',#1922,1.);
#1922 = DIRECTION('',(1.,-1.110223024625E-16,0.));
#1923 = ORIENTED_EDGE('',*,*,#792,.T.);
#1924 = ORIENTED_EDGE('',*,*,#800,.T.);
#1925 = ORIENTED_EDGE('',*,*,#808,.T.);
#1926 = PLANE('',#1927);
#1927 = AXIS2_PLACEMENT_3D('',#1928,#1929,#1930);
#1928 = CARTESIAN_POINT('',(-0.1,-0.3,0.2));
#1929 = DIRECTION('',(0.,-0.,-1.));
#1930 = DIRECTION('',(-1.110223024625E-16,-1.,0.));
#1931 = ADVANCED_FACE('',(#1932),#1973,.T.);
#1932 = FACE_BOUND('',#1933,.T.);
#1933 = EDGE_LOOP('',(#1934,#1942,#1943,#1951,#1959,#1967));
#1934 = ORIENTED_EDGE('',*,*,#1935,.T.);
#1935 = EDGE_CURVE('',#1936,#777,#1938,.T.);
#1936 = VERTEX_POINT('',#1937);
#1937 = CARTESIAN_POINT('',(-0.1,-0.3,-2.5));
#1938 = LINE('',#1939,#1940);
#1939 = CARTESIAN_POINT('',(-0.1,-0.3,-2.5));
#1940 = VECTOR('',#1941,1.);
#1941 = DIRECTION('',(0.,0.,1.));
#1942 = ORIENTED_EDGE('',*,*,#784,.F.);
#1943 = ORIENTED_EDGE('',*,*,#1944,.T.);
#1944 = EDGE_CURVE('',#785,#1945,#1947,.T.);
#1945 = VERTEX_POINT('',#1946);
#1946 = CARTESIAN_POINT('',(-0.1,0.3,-2.5));
#1947 = LINE('',#1948,#1949);
#1948 = CARTESIAN_POINT('',(-0.1,0.3,0.2));
#1949 = VECTOR('',#1950,1.);
#1950 = DIRECTION('',(0.,0.,-1.));
#1951 = ORIENTED_EDGE('',*,*,#1952,.T.);
#1952 = EDGE_CURVE('',#1945,#1953,#1955,.T.);
#1953 = VERTEX_POINT('',#1954);
#1954 = CARTESIAN_POINT('',(-0.1,0.15,-3.1));
#1955 = LINE('',#1956,#1957);
#1956 = CARTESIAN_POINT('',(-0.1,0.3,-2.5));
#1957 = VECTOR('',#1958,1.);
#1958 = DIRECTION('',(-2.692686352073E-17,-0.242535625036,
    -0.970142500145));
#1959 = ORIENTED_EDGE('',*,*,#1960,.F.);
#1960 = EDGE_CURVE('',#1961,#1953,#1963,.T.);
#1961 = VERTEX_POINT('',#1962);
#1962 = CARTESIAN_POINT('',(-0.1,-0.15,-3.1));
#1963 = LINE('',#1964,#1965);
#1964 = CARTESIAN_POINT('',(-0.1,-0.15,-3.1));
#1965 = VECTOR('',#1966,1.);
#1966 = DIRECTION('',(1.110223024625E-16,1.,0.));
#1967 = ORIENTED_EDGE('',*,*,#1968,.T.);
#1968 = EDGE_CURVE('',#1961,#1936,#1969,.T.);
#1969 = LINE('',#1970,#1971);
#1970 = CARTESIAN_POINT('',(-0.1,-0.15,-3.1));
#1971 = VECTOR('',#1972,1.);
#1972 = DIRECTION('',(-2.692686352073E-17,-0.242535625036,0.970142500145
    ));
#1973 = PLANE('',#1974);
#1974 = AXIS2_PLACEMENT_3D('',#1975,#1976,#1977);
#1975 = CARTESIAN_POINT('',(-0.1,1.110223024625E-17,3.911477598424));
#1976 = DIRECTION('',(-1.,1.110223024625E-16,0.));
#1977 = DIRECTION('',(0.,0.,1.));
#1978 = ADVANCED_FACE('',(#1979),#2004,.F.);
#1979 = FACE_BOUND('',#1980,.F.);
#1980 = EDGE_LOOP('',(#1981,#1989,#1997,#2003));
#1981 = ORIENTED_EDGE('',*,*,#1982,.T.);
#1982 = EDGE_CURVE('',#863,#1983,#1985,.T.);
#1983 = VERTEX_POINT('',#1984);
#1984 = CARTESIAN_POINT('',(0.3,-10.46,0.9));
#1985 = LINE('',#1986,#1987);
#1986 = CARTESIAN_POINT('',(0.3,-10.46,8.2));
#1987 = VECTOR('',#1988,1.);
#1988 = DIRECTION('',(0.,-0.,-1.));
#1989 = ORIENTED_EDGE('',*,*,#1990,.T.);
#1990 = EDGE_CURVE('',#1983,#1991,#1993,.T.);
#1991 = VERTEX_POINT('',#1992);
#1992 = CARTESIAN_POINT('',(0.3,-9.86,0.9));
#1993 = LINE('',#1994,#1995);
#1994 = CARTESIAN_POINT('',(0.3,-10.46,0.9));
#1995 = VECTOR('',#1996,1.);
#1996 = DIRECTION('',(1.110223024625E-16,1.,0.));
#1997 = ORIENTED_EDGE('',*,*,#1998,.F.);
#1998 = EDGE_CURVE('',#872,#1991,#1999,.T.);
#1999 = LINE('',#2000,#2001);
#2000 = CARTESIAN_POINT('',(0.3,-9.86,8.2));
#2001 = VECTOR('',#2002,1.);
#2002 = DIRECTION('',(0.,-0.,-1.));
#2003 = ORIENTED_EDGE('',*,*,#879,.F.);
#2004 = PLANE('',#2005);
#2005 = AXIS2_PLACEMENT_3D('',#2006,#2007,#2008);
#2006 = CARTESIAN_POINT('',(0.3,-10.46,8.2));
#2007 = DIRECTION('',(1.,-1.110223024625E-16,0.));
#2008 = DIRECTION('',(1.110223024625E-16,1.,0.));
#2009 = ADVANCED_FACE('',(#2010),#2060,.F.);
#2010 = FACE_BOUND('',#2011,.F.);
#2011 = EDGE_LOOP('',(#2012,#2013,#2014,#2022,#2030,#2038,#2046,#2054));
#2012 = ORIENTED_EDGE('',*,*,#903,.F.);
#2013 = ORIENTED_EDGE('',*,*,#1998,.T.);
#2014 = ORIENTED_EDGE('',*,*,#2015,.T.);
#2015 = EDGE_CURVE('',#1991,#2016,#2018,.T.);
#2016 = VERTEX_POINT('',#2017);
#2017 = CARTESIAN_POINT('',(0.1,-9.86,0.9));
#2018 = LINE('',#2019,#2020);
#2019 = CARTESIAN_POINT('',(0.3,-9.86,0.9));
#2020 = VECTOR('',#2021,1.);
#2021 = DIRECTION('',(-1.,1.110223024625E-16,0.));
#2022 = ORIENTED_EDGE('',*,*,#2023,.T.);
#2023 = EDGE_CURVE('',#2016,#2024,#2026,.T.);
#2024 = VERTEX_POINT('',#2025);
#2025 = CARTESIAN_POINT('',(0.1,-9.86,7.4));
#2026 = LINE('',#2027,#2028);
#2027 = CARTESIAN_POINT('',(0.1,-9.86,6.055738799212));
#2028 = VECTOR('',#2029,1.);
#2029 = DIRECTION('',(0.,-0.,1.));
#2030 = ORIENTED_EDGE('',*,*,#2031,.F.);
#2031 = EDGE_CURVE('',#2032,#2024,#2034,.T.);
#2032 = VERTEX_POINT('',#2033);
#2033 = CARTESIAN_POINT('',(-0.1,-9.86,7.4));
#2034 = LINE('',#2035,#2036);
#2035 = CARTESIAN_POINT('',(-0.1,-9.86,7.4));
#2036 = VECTOR('',#2037,1.);
#2037 = DIRECTION('',(1.,-1.110223024625E-16,0.));
#2038 = ORIENTED_EDGE('',*,*,#2039,.F.);
#2039 = EDGE_CURVE('',#2040,#2032,#2042,.T.);
#2040 = VERTEX_POINT('',#2041);
#2041 = CARTESIAN_POINT('',(-0.1,-9.86,0.9));
#2042 = LINE('',#2043,#2044);
#2043 = CARTESIAN_POINT('',(-0.1,-9.86,6.055738799212));
#2044 = VECTOR('',#2045,1.);
#2045 = DIRECTION('',(0.,-0.,1.));
#2046 = ORIENTED_EDGE('',*,*,#2047,.T.);
#2047 = EDGE_CURVE('',#2040,#2048,#2050,.T.);
#2048 = VERTEX_POINT('',#2049);
#2049 = CARTESIAN_POINT('',(-0.3,-9.86,0.9));
#2050 = LINE('',#2051,#2052);
#2051 = CARTESIAN_POINT('',(0.3,-9.86,0.9));
#2052 = VECTOR('',#2053,1.);
#2053 = DIRECTION('',(-1.,1.110223024625E-16,0.));
#2054 = ORIENTED_EDGE('',*,*,#2055,.F.);
#2055 = EDGE_CURVE('',#896,#2048,#2056,.T.);
#2056 = LINE('',#2057,#2058);
#2057 = CARTESIAN_POINT('',(-0.3,-9.86,8.2));
#2058 = VECTOR('',#2059,1.);
#2059 = DIRECTION('',(0.,-0.,-1.));
#2060 = PLANE('',#2061);
#2061 = AXIS2_PLACEMENT_3D('',#2062,#2063,#2064);
#2062 = CARTESIAN_POINT('',(0.3,-9.86,8.2));
#2063 = DIRECTION('',(1.110223024625E-16,1.,0.));
#2064 = DIRECTION('',(-1.,1.110223024625E-16,0.));
#2065 = ADVANCED_FACE('',(#2066),#2084,.F.);
#2066 = FACE_BOUND('',#2067,.F.);
#2067 = EDGE_LOOP('',(#2068,#2069,#2077,#2083));
#2068 = ORIENTED_EDGE('',*,*,#2055,.T.);
#2069 = ORIENTED_EDGE('',*,*,#2070,.T.);
#2070 = EDGE_CURVE('',#2048,#2071,#2073,.T.);
#2071 = VERTEX_POINT('',#2072);
#2072 = CARTESIAN_POINT('',(-0.3,-10.46,0.9));
#2073 = LINE('',#2074,#2075);
#2074 = CARTESIAN_POINT('',(-0.3,-9.86,0.9));
#2075 = VECTOR('',#2076,1.);
#2076 = DIRECTION('',(-1.110223024625E-16,-1.,0.));
#2077 = ORIENTED_EDGE('',*,*,#2078,.F.);
#2078 = EDGE_CURVE('',#920,#2071,#2079,.T.);
#2079 = LINE('',#2080,#2081);
#2080 = CARTESIAN_POINT('',(-0.3,-10.46,8.2));
#2081 = VECTOR('',#2082,1.);
#2082 = DIRECTION('',(0.,-0.,-1.));
#2083 = ORIENTED_EDGE('',*,*,#927,.F.);
#2084 = PLANE('',#2085);
#2085 = AXIS2_PLACEMENT_3D('',#2086,#2087,#2088);
#2086 = CARTESIAN_POINT('',(-0.3,-9.86,8.2));
#2087 = DIRECTION('',(-1.,1.110223024625E-16,0.));
#2088 = DIRECTION('',(-1.110223024625E-16,-1.,0.));
#2089 = ADVANCED_FACE('',(#2090),#2133,.F.);
#2090 = FACE_BOUND('',#2091,.F.);
#2091 = EDGE_LOOP('',(#2092,#2093,#2094,#2102,#2110,#2118,#2126,#2132));
#2092 = ORIENTED_EDGE('',*,*,#944,.F.);
#2093 = ORIENTED_EDGE('',*,*,#2078,.T.);
#2094 = ORIENTED_EDGE('',*,*,#2095,.T.);
#2095 = EDGE_CURVE('',#2071,#2096,#2098,.T.);
#2096 = VERTEX_POINT('',#2097);
#2097 = CARTESIAN_POINT('',(-0.1,-10.46,0.9));
#2098 = LINE('',#2099,#2100);
#2099 = CARTESIAN_POINT('',(-0.3,-10.46,0.9));
#2100 = VECTOR('',#2101,1.);
#2101 = DIRECTION('',(1.,-1.110223024625E-16,0.));
#2102 = ORIENTED_EDGE('',*,*,#2103,.F.);
#2103 = EDGE_CURVE('',#2104,#2096,#2106,.T.);
#2104 = VERTEX_POINT('',#2105);
#2105 = CARTESIAN_POINT('',(-0.1,-10.46,7.4));
#2106 = LINE('',#2107,#2108);
#2107 = CARTESIAN_POINT('',(-0.1,-10.46,6.055738799212));
#2108 = VECTOR('',#2109,1.);
#2109 = DIRECTION('',(-0.,0.,-1.));
#2110 = ORIENTED_EDGE('',*,*,#2111,.T.);
#2111 = EDGE_CURVE('',#2104,#2112,#2114,.T.);
#2112 = VERTEX_POINT('',#2113);
#2113 = CARTESIAN_POINT('',(0.1,-10.46,7.4));
#2114 = LINE('',#2115,#2116);
#2115 = CARTESIAN_POINT('',(-0.1,-10.46,7.4));
#2116 = VECTOR('',#2117,1.);
#2117 = DIRECTION('',(1.,-1.110223024625E-16,0.));
#2118 = ORIENTED_EDGE('',*,*,#2119,.T.);
#2119 = EDGE_CURVE('',#2112,#2120,#2122,.T.);
#2120 = VERTEX_POINT('',#2121);
#2121 = CARTESIAN_POINT('',(0.1,-10.46,0.9));
#2122 = LINE('',#2123,#2124);
#2123 = CARTESIAN_POINT('',(0.1,-10.46,6.055738799212));
#2124 = VECTOR('',#2125,1.);
#2125 = DIRECTION('',(-0.,0.,-1.));
#2126 = ORIENTED_EDGE('',*,*,#2127,.T.);
#2127 = EDGE_CURVE('',#2120,#1983,#2128,.T.);
#2128 = LINE('',#2129,#2130);
#2129 = CARTESIAN_POINT('',(-0.3,-10.46,0.9));
#2130 = VECTOR('',#2131,1.);
#2131 = DIRECTION('',(1.,-1.110223024625E-16,0.));
#2132 = ORIENTED_EDGE('',*,*,#1982,.F.);
#2133 = PLANE('',#2134);
#2134 = AXIS2_PLACEMENT_3D('',#2135,#2136,#2137);
#2135 = CARTESIAN_POINT('',(-0.3,-10.46,8.2));
#2136 = DIRECTION('',(-1.110223024625E-16,-1.,0.));
#2137 = DIRECTION('',(1.,-1.110223024625E-16,0.));
#2138 = ADVANCED_FACE('',(#2139),#2164,.F.);
#2139 = FACE_BOUND('',#2140,.F.);
#2140 = EDGE_LOOP('',(#2141,#2149,#2157,#2163));
#2141 = ORIENTED_EDGE('',*,*,#2142,.T.);
#2142 = EDGE_CURVE('',#959,#2143,#2145,.T.);
#2143 = VERTEX_POINT('',#2144);
#2144 = CARTESIAN_POINT('',(0.3,-7.92,0.9));
#2145 = LINE('',#2146,#2147);
#2146 = CARTESIAN_POINT('',(0.3,-7.92,8.2));
#2147 = VECTOR('',#2148,1.);
#2148 = DIRECTION('',(0.,-0.,-1.));
#2149 = ORIENTED_EDGE('',*,*,#2150,.T.);
#2150 = EDGE_CURVE('',#2143,#2151,#2153,.T.);
#2151 = VERTEX_POINT('',#2152);
#2152 = CARTESIAN_POINT('',(0.3,-7.32,0.9));
#2153 = LINE('',#2154,#2155);
#2154 = CARTESIAN_POINT('',(0.3,-7.92,0.9));
#2155 = VECTOR('',#2156,1.);
#2156 = DIRECTION('',(1.110223024625E-16,1.,0.));
#2157 = ORIENTED_EDGE('',*,*,#2158,.F.);
#2158 = EDGE_CURVE('',#968,#2151,#2159,.T.);
#2159 = LINE('',#2160,#2161);
#2160 = CARTESIAN_POINT('',(0.3,-7.32,8.2));
#2161 = VECTOR('',#2162,1.);
#2162 = DIRECTION('',(0.,-0.,-1.));
#2163 = ORIENTED_EDGE('',*,*,#975,.F.);
#2164 = PLANE('',#2165);
#2165 = AXIS2_PLACEMENT_3D('',#2166,#2167,#2168);
#2166 = CARTESIAN_POINT('',(0.3,-7.92,8.2));
#2167 = DIRECTION('',(1.,-1.110223024625E-16,0.));
#2168 = DIRECTION('',(1.110223024625E-16,1.,0.));
#2169 = ADVANCED_FACE('',(#2170),#2220,.F.);
#2170 = FACE_BOUND('',#2171,.F.);
#2171 = EDGE_LOOP('',(#2172,#2173,#2174,#2182,#2190,#2198,#2206,#2214));
#2172 = ORIENTED_EDGE('',*,*,#999,.F.);
#2173 = ORIENTED_EDGE('',*,*,#2158,.T.);
#2174 = ORIENTED_EDGE('',*,*,#2175,.T.);
#2175 = EDGE_CURVE('',#2151,#2176,#2178,.T.);
#2176 = VERTEX_POINT('',#2177);
#2177 = CARTESIAN_POINT('',(0.1,-7.32,0.9));
#2178 = LINE('',#2179,#2180);
#2179 = CARTESIAN_POINT('',(0.3,-7.32,0.9));
#2180 = VECTOR('',#2181,1.);
#2181 = DIRECTION('',(-1.,1.110223024625E-16,0.));
#2182 = ORIENTED_EDGE('',*,*,#2183,.T.);
#2183 = EDGE_CURVE('',#2176,#2184,#2186,.T.);
#2184 = VERTEX_POINT('',#2185);
#2185 = CARTESIAN_POINT('',(0.1,-7.32,7.4));
#2186 = LINE('',#2187,#2188);
#2187 = CARTESIAN_POINT('',(0.1,-7.32,6.055738799212));
#2188 = VECTOR('',#2189,1.);
#2189 = DIRECTION('',(0.,-0.,1.));
#2190 = ORIENTED_EDGE('',*,*,#2191,.F.);
#2191 = EDGE_CURVE('',#2192,#2184,#2194,.T.);
#2192 = VERTEX_POINT('',#2193);
#2193 = CARTESIAN_POINT('',(-0.1,-7.32,7.4));
#2194 = LINE('',#2195,#2196);
#2195 = CARTESIAN_POINT('',(-0.1,-7.32,7.4));
#2196 = VECTOR('',#2197,1.);
#2197 = DIRECTION('',(1.,-1.110223024625E-16,0.));
#2198 = ORIENTED_EDGE('',*,*,#2199,.F.);
#2199 = EDGE_CURVE('',#2200,#2192,#2202,.T.);
#2200 = VERTEX_POINT('',#2201);
#2201 = CARTESIAN_POINT('',(-0.1,-7.32,0.9));
#2202 = LINE('',#2203,#2204);
#2203 = CARTESIAN_POINT('',(-0.1,-7.32,6.055738799212));
#2204 = VECTOR('',#2205,1.);
#2205 = DIRECTION('',(0.,-0.,1.));
#2206 = ORIENTED_EDGE('',*,*,#2207,.T.);
#2207 = EDGE_CURVE('',#2200,#2208,#2210,.T.);
#2208 = VERTEX_POINT('',#2209);
#2209 = CARTESIAN_POINT('',(-0.3,-7.32,0.9));
#2210 = LINE('',#2211,#2212);
#2211 = CARTESIAN_POINT('',(0.3,-7.32,0.9));
#2212 = VECTOR('',#2213,1.);
#2213 = DIRECTION('',(-1.,1.110223024625E-16,0.));
#2214 = ORIENTED_EDGE('',*,*,#2215,.F.);
#2215 = EDGE_CURVE('',#992,#2208,#2216,.T.);
#2216 = LINE('',#2217,#2218);
#2217 = CARTESIAN_POINT('',(-0.3,-7.32,8.2));
#2218 = VECTOR('',#2219,1.);
#2219 = DIRECTION('',(0.,-0.,-1.));
#2220 = PLANE('',#2221);
#2221 = AXIS2_PLACEMENT_3D('',#2222,#2223,#2224);
#2222 = CARTESIAN_POINT('',(0.3,-7.32,8.2));
#2223 = DIRECTION('',(1.110223024625E-16,1.,0.));
#2224 = DIRECTION('',(-1.,1.110223024625E-16,0.));
#2225 = ADVANCED_FACE('',(#2226),#2244,.F.);
#2226 = FACE_BOUND('',#2227,.F.);
#2227 = EDGE_LOOP('',(#2228,#2229,#2237,#2243));
#2228 = ORIENTED_EDGE('',*,*,#2215,.T.);
#2229 = ORIENTED_EDGE('',*,*,#2230,.T.);
#2230 = EDGE_CURVE('',#2208,#2231,#2233,.T.);
#2231 = VERTEX_POINT('',#2232);
#2232 = CARTESIAN_POINT('',(-0.3,-7.92,0.9));
#2233 = LINE('',#2234,#2235);
#2234 = CARTESIAN_POINT('',(-0.3,-7.32,0.9));
#2235 = VECTOR('',#2236,1.);
#2236 = DIRECTION('',(-1.110223024625E-16,-1.,0.));
#2237 = ORIENTED_EDGE('',*,*,#2238,.F.);
#2238 = EDGE_CURVE('',#1016,#2231,#2239,.T.);
#2239 = LINE('',#2240,#2241);
#2240 = CARTESIAN_POINT('',(-0.3,-7.92,8.2));
#2241 = VECTOR('',#2242,1.);
#2242 = DIRECTION('',(0.,-0.,-1.));
#2243 = ORIENTED_EDGE('',*,*,#1023,.F.);
#2244 = PLANE('',#2245);
#2245 = AXIS2_PLACEMENT_3D('',#2246,#2247,#2248);
#2246 = CARTESIAN_POINT('',(-0.3,-7.32,8.2));
#2247 = DIRECTION('',(-1.,1.110223024625E-16,0.));
#2248 = DIRECTION('',(-1.110223024625E-16,-1.,0.));
#2249 = ADVANCED_FACE('',(#2250),#2293,.F.);
#2250 = FACE_BOUND('',#2251,.F.);
#2251 = EDGE_LOOP('',(#2252,#2253,#2254,#2262,#2270,#2278,#2286,#2292));
#2252 = ORIENTED_EDGE('',*,*,#1040,.F.);
#2253 = ORIENTED_EDGE('',*,*,#2238,.T.);
#2254 = ORIENTED_EDGE('',*,*,#2255,.T.);
#2255 = EDGE_CURVE('',#2231,#2256,#2258,.T.);
#2256 = VERTEX_POINT('',#2257);
#2257 = CARTESIAN_POINT('',(-0.1,-7.92,0.9));
#2258 = LINE('',#2259,#2260);
#2259 = CARTESIAN_POINT('',(-0.3,-7.92,0.9));
#2260 = VECTOR('',#2261,1.);
#2261 = DIRECTION('',(1.,-1.110223024625E-16,0.));
#2262 = ORIENTED_EDGE('',*,*,#2263,.F.);
#2263 = EDGE_CURVE('',#2264,#2256,#2266,.T.);
#2264 = VERTEX_POINT('',#2265);
#2265 = CARTESIAN_POINT('',(-0.1,-7.92,7.4));
#2266 = LINE('',#2267,#2268);
#2267 = CARTESIAN_POINT('',(-0.1,-7.92,6.055738799212));
#2268 = VECTOR('',#2269,1.);
#2269 = DIRECTION('',(-0.,0.,-1.));
#2270 = ORIENTED_EDGE('',*,*,#2271,.T.);
#2271 = EDGE_CURVE('',#2264,#2272,#2274,.T.);
#2272 = VERTEX_POINT('',#2273);
#2273 = CARTESIAN_POINT('',(0.1,-7.92,7.4));
#2274 = LINE('',#2275,#2276);
#2275 = CARTESIAN_POINT('',(-0.1,-7.92,7.4));
#2276 = VECTOR('',#2277,1.);
#2277 = DIRECTION('',(1.,-1.110223024625E-16,0.));
#2278 = ORIENTED_EDGE('',*,*,#2279,.T.);
#2279 = EDGE_CURVE('',#2272,#2280,#2282,.T.);
#2280 = VERTEX_POINT('',#2281);
#2281 = CARTESIAN_POINT('',(0.1,-7.92,0.9));
#2282 = LINE('',#2283,#2284);
#2283 = CARTESIAN_POINT('',(0.1,-7.92,6.055738799212));
#2284 = VECTOR('',#2285,1.);
#2285 = DIRECTION('',(-0.,0.,-1.));
#2286 = ORIENTED_EDGE('',*,*,#2287,.T.);
#2287 = EDGE_CURVE('',#2280,#2143,#2288,.T.);
#2288 = LINE('',#2289,#2290);
#2289 = CARTESIAN_POINT('',(-0.3,-7.92,0.9));
#2290 = VECTOR('',#2291,1.);
#2291 = DIRECTION('',(1.,-1.110223024625E-16,0.));
#2292 = ORIENTED_EDGE('',*,*,#2142,.F.);
#2293 = PLANE('',#2294);
#2294 = AXIS2_PLACEMENT_3D('',#2295,#2296,#2297);
#2295 = CARTESIAN_POINT('',(-0.3,-7.92,8.2));
#2296 = DIRECTION('',(-1.110223024625E-16,-1.,0.));
#2297 = DIRECTION('',(1.,-1.110223024625E-16,0.));
#2298 = ADVANCED_FACE('',(#2299),#2324,.F.);
#2299 = FACE_BOUND('',#2300,.F.);
#2300 = EDGE_LOOP('',(#2301,#2309,#2317,#2323));
#2301 = ORIENTED_EDGE('',*,*,#2302,.T.);
#2302 = EDGE_CURVE('',#1055,#2303,#2305,.T.);
#2303 = VERTEX_POINT('',#2304);
#2304 = CARTESIAN_POINT('',(0.3,-5.38,0.9));
#2305 = LINE('',#2306,#2307);
#2306 = CARTESIAN_POINT('',(0.3,-5.38,8.2));
#2307 = VECTOR('',#2308,1.);
#2308 = DIRECTION('',(0.,-0.,-1.));
#2309 = ORIENTED_EDGE('',*,*,#2310,.T.);
#2310 = EDGE_CURVE('',#2303,#2311,#2313,.T.);
#2311 = VERTEX_POINT('',#2312);
#2312 = CARTESIAN_POINT('',(0.3,-4.78,0.9));
#2313 = LINE('',#2314,#2315);
#2314 = CARTESIAN_POINT('',(0.3,-5.38,0.9));
#2315 = VECTOR('',#2316,1.);
#2316 = DIRECTION('',(1.110223024625E-16,1.,0.));
#2317 = ORIENTED_EDGE('',*,*,#2318,.F.);
#2318 = EDGE_CURVE('',#1064,#2311,#2319,.T.);
#2319 = LINE('',#2320,#2321);
#2320 = CARTESIAN_POINT('',(0.3,-4.78,8.2));
#2321 = VECTOR('',#2322,1.);
#2322 = DIRECTION('',(0.,-0.,-1.));
#2323 = ORIENTED_EDGE('',*,*,#1071,.F.);
#2324 = PLANE('',#2325);
#2325 = AXIS2_PLACEMENT_3D('',#2326,#2327,#2328);
#2326 = CARTESIAN_POINT('',(0.3,-5.38,8.2));
#2327 = DIRECTION('',(1.,-1.110223024625E-16,0.));
#2328 = DIRECTION('',(1.110223024625E-16,1.,0.));
#2329 = ADVANCED_FACE('',(#2330),#2380,.F.);
#2330 = FACE_BOUND('',#2331,.F.);
#2331 = EDGE_LOOP('',(#2332,#2333,#2334,#2342,#2350,#2358,#2366,#2374));
#2332 = ORIENTED_EDGE('',*,*,#1095,.F.);
#2333 = ORIENTED_EDGE('',*,*,#2318,.T.);
#2334 = ORIENTED_EDGE('',*,*,#2335,.T.);
#2335 = EDGE_CURVE('',#2311,#2336,#2338,.T.);
#2336 = VERTEX_POINT('',#2337);
#2337 = CARTESIAN_POINT('',(0.1,-4.78,0.9));
#2338 = LINE('',#2339,#2340);
#2339 = CARTESIAN_POINT('',(0.3,-4.78,0.9));
#2340 = VECTOR('',#2341,1.);
#2341 = DIRECTION('',(-1.,1.110223024625E-16,0.));
#2342 = ORIENTED_EDGE('',*,*,#2343,.T.);
#2343 = EDGE_CURVE('',#2336,#2344,#2346,.T.);
#2344 = VERTEX_POINT('',#2345);
#2345 = CARTESIAN_POINT('',(0.1,-4.78,7.4));
#2346 = LINE('',#2347,#2348);
#2347 = CARTESIAN_POINT('',(0.1,-4.78,6.055738799212));
#2348 = VECTOR('',#2349,1.);
#2349 = DIRECTION('',(0.,-0.,1.));
#2350 = ORIENTED_EDGE('',*,*,#2351,.F.);
#2351 = EDGE_CURVE('',#2352,#2344,#2354,.T.);
#2352 = VERTEX_POINT('',#2353);
#2353 = CARTESIAN_POINT('',(-0.1,-4.78,7.4));
#2354 = LINE('',#2355,#2356);
#2355 = CARTESIAN_POINT('',(-0.1,-4.78,7.4));
#2356 = VECTOR('',#2357,1.);
#2357 = DIRECTION('',(1.,-1.110223024625E-16,0.));
#2358 = ORIENTED_EDGE('',*,*,#2359,.F.);
#2359 = EDGE_CURVE('',#2360,#2352,#2362,.T.);
#2360 = VERTEX_POINT('',#2361);
#2361 = CARTESIAN_POINT('',(-0.1,-4.78,0.9));
#2362 = LINE('',#2363,#2364);
#2363 = CARTESIAN_POINT('',(-0.1,-4.78,6.055738799212));
#2364 = VECTOR('',#2365,1.);
#2365 = DIRECTION('',(0.,-0.,1.));
#2366 = ORIENTED_EDGE('',*,*,#2367,.T.);
#2367 = EDGE_CURVE('',#2360,#2368,#2370,.T.);
#2368 = VERTEX_POINT('',#2369);
#2369 = CARTESIAN_POINT('',(-0.3,-4.78,0.9));
#2370 = LINE('',#2371,#2372);
#2371 = CARTESIAN_POINT('',(0.3,-4.78,0.9));
#2372 = VECTOR('',#2373,1.);
#2373 = DIRECTION('',(-1.,1.110223024625E-16,0.));
#2374 = ORIENTED_EDGE('',*,*,#2375,.F.);
#2375 = EDGE_CURVE('',#1088,#2368,#2376,.T.);
#2376 = LINE('',#2377,#2378);
#2377 = CARTESIAN_POINT('',(-0.3,-4.78,8.2));
#2378 = VECTOR('',#2379,1.);
#2379 = DIRECTION('',(0.,-0.,-1.));
#2380 = PLANE('',#2381);
#2381 = AXIS2_PLACEMENT_3D('',#2382,#2383,#2384);
#2382 = CARTESIAN_POINT('',(0.3,-4.78,8.2));
#2383 = DIRECTION('',(1.110223024625E-16,1.,0.));
#2384 = DIRECTION('',(-1.,1.110223024625E-16,0.));
#2385 = ADVANCED_FACE('',(#2386),#2404,.F.);
#2386 = FACE_BOUND('',#2387,.F.);
#2387 = EDGE_LOOP('',(#2388,#2389,#2397,#2403));
#2388 = ORIENTED_EDGE('',*,*,#2375,.T.);
#2389 = ORIENTED_EDGE('',*,*,#2390,.T.);
#2390 = EDGE_CURVE('',#2368,#2391,#2393,.T.);
#2391 = VERTEX_POINT('',#2392);
#2392 = CARTESIAN_POINT('',(-0.3,-5.38,0.9));
#2393 = LINE('',#2394,#2395);
#2394 = CARTESIAN_POINT('',(-0.3,-4.78,0.9));
#2395 = VECTOR('',#2396,1.);
#2396 = DIRECTION('',(-1.110223024625E-16,-1.,0.));
#2397 = ORIENTED_EDGE('',*,*,#2398,.F.);
#2398 = EDGE_CURVE('',#1112,#2391,#2399,.T.);
#2399 = LINE('',#2400,#2401);
#2400 = CARTESIAN_POINT('',(-0.3,-5.38,8.2));
#2401 = VECTOR('',#2402,1.);
#2402 = DIRECTION('',(0.,-0.,-1.));
#2403 = ORIENTED_EDGE('',*,*,#1119,.F.);
#2404 = PLANE('',#2405);
#2405 = AXIS2_PLACEMENT_3D('',#2406,#2407,#2408);
#2406 = CARTESIAN_POINT('',(-0.3,-4.78,8.2));
#2407 = DIRECTION('',(-1.,1.110223024625E-16,0.));
#2408 = DIRECTION('',(-1.110223024625E-16,-1.,0.));
#2409 = ADVANCED_FACE('',(#2410),#2453,.F.);
#2410 = FACE_BOUND('',#2411,.F.);
#2411 = EDGE_LOOP('',(#2412,#2413,#2414,#2422,#2430,#2438,#2446,#2452));
#2412 = ORIENTED_EDGE('',*,*,#1136,.F.);
#2413 = ORIENTED_EDGE('',*,*,#2398,.T.);
#2414 = ORIENTED_EDGE('',*,*,#2415,.T.);
#2415 = EDGE_CURVE('',#2391,#2416,#2418,.T.);
#2416 = VERTEX_POINT('',#2417);
#2417 = CARTESIAN_POINT('',(-0.1,-5.38,0.9));
#2418 = LINE('',#2419,#2420);
#2419 = CARTESIAN_POINT('',(-0.3,-5.38,0.9));
#2420 = VECTOR('',#2421,1.);
#2421 = DIRECTION('',(1.,-1.110223024625E-16,0.));
#2422 = ORIENTED_EDGE('',*,*,#2423,.F.);
#2423 = EDGE_CURVE('',#2424,#2416,#2426,.T.);
#2424 = VERTEX_POINT('',#2425);
#2425 = CARTESIAN_POINT('',(-0.1,-5.38,7.4));
#2426 = LINE('',#2427,#2428);
#2427 = CARTESIAN_POINT('',(-0.1,-5.38,6.055738799212));
#2428 = VECTOR('',#2429,1.);
#2429 = DIRECTION('',(-0.,0.,-1.));
#2430 = ORIENTED_EDGE('',*,*,#2431,.T.);
#2431 = EDGE_CURVE('',#2424,#2432,#2434,.T.);
#2432 = VERTEX_POINT('',#2433);
#2433 = CARTESIAN_POINT('',(0.1,-5.38,7.4));
#2434 = LINE('',#2435,#2436);
#2435 = CARTESIAN_POINT('',(-0.1,-5.38,7.4));
#2436 = VECTOR('',#2437,1.);
#2437 = DIRECTION('',(1.,-1.110223024625E-16,0.));
#2438 = ORIENTED_EDGE('',*,*,#2439,.T.);
#2439 = EDGE_CURVE('',#2432,#2440,#2442,.T.);
#2440 = VERTEX_POINT('',#2441);
#2441 = CARTESIAN_POINT('',(0.1,-5.38,0.9));
#2442 = LINE('',#2443,#2444);
#2443 = CARTESIAN_POINT('',(0.1,-5.38,6.055738799212));
#2444 = VECTOR('',#2445,1.);
#2445 = DIRECTION('',(-0.,0.,-1.));
#2446 = ORIENTED_EDGE('',*,*,#2447,.T.);
#2447 = EDGE_CURVE('',#2440,#2303,#2448,.T.);
#2448 = LINE('',#2449,#2450);
#2449 = CARTESIAN_POINT('',(-0.3,-5.38,0.9));
#2450 = VECTOR('',#2451,1.);
#2451 = DIRECTION('',(1.,-1.110223024625E-16,0.));
#2452 = ORIENTED_EDGE('',*,*,#2302,.F.);
#2453 = PLANE('',#2454);
#2454 = AXIS2_PLACEMENT_3D('',#2455,#2456,#2457);
#2455 = CARTESIAN_POINT('',(-0.3,-5.38,8.2));
#2456 = DIRECTION('',(-1.110223024625E-16,-1.,0.));
#2457 = DIRECTION('',(1.,-1.110223024625E-16,0.));
#2458 = ADVANCED_FACE('',(#2459),#2484,.F.);
#2459 = FACE_BOUND('',#2460,.F.);
#2460 = EDGE_LOOP('',(#2461,#2469,#2477,#2483));
#2461 = ORIENTED_EDGE('',*,*,#2462,.T.);
#2462 = EDGE_CURVE('',#1151,#2463,#2465,.T.);
#2463 = VERTEX_POINT('',#2464);
#2464 = CARTESIAN_POINT('',(0.3,-2.84,0.9));
#2465 = LINE('',#2466,#2467);
#2466 = CARTESIAN_POINT('',(0.3,-2.84,8.2));
#2467 = VECTOR('',#2468,1.);
#2468 = DIRECTION('',(0.,-0.,-1.));
#2469 = ORIENTED_EDGE('',*,*,#2470,.T.);
#2470 = EDGE_CURVE('',#2463,#2471,#2473,.T.);
#2471 = VERTEX_POINT('',#2472);
#2472 = CARTESIAN_POINT('',(0.3,-2.24,0.9));
#2473 = LINE('',#2474,#2475);
#2474 = CARTESIAN_POINT('',(0.3,-2.84,0.9));
#2475 = VECTOR('',#2476,1.);
#2476 = DIRECTION('',(1.110223024625E-16,1.,0.));
#2477 = ORIENTED_EDGE('',*,*,#2478,.F.);
#2478 = EDGE_CURVE('',#1160,#2471,#2479,.T.);
#2479 = LINE('',#2480,#2481);
#2480 = CARTESIAN_POINT('',(0.3,-2.24,8.2));
#2481 = VECTOR('',#2482,1.);
#2482 = DIRECTION('',(0.,-0.,-1.));
#2483 = ORIENTED_EDGE('',*,*,#1167,.F.);
#2484 = PLANE('',#2485);
#2485 = AXIS2_PLACEMENT_3D('',#2486,#2487,#2488);
#2486 = CARTESIAN_POINT('',(0.3,-2.84,8.2));
#2487 = DIRECTION('',(1.,-1.110223024625E-16,0.));
#2488 = DIRECTION('',(1.110223024625E-16,1.,0.));
#2489 = ADVANCED_FACE('',(#2490),#2540,.F.);
#2490 = FACE_BOUND('',#2491,.F.);
#2491 = EDGE_LOOP('',(#2492,#2493,#2494,#2502,#2510,#2518,#2526,#2534));
#2492 = ORIENTED_EDGE('',*,*,#1191,.F.);
#2493 = ORIENTED_EDGE('',*,*,#2478,.T.);
#2494 = ORIENTED_EDGE('',*,*,#2495,.T.);
#2495 = EDGE_CURVE('',#2471,#2496,#2498,.T.);
#2496 = VERTEX_POINT('',#2497);
#2497 = CARTESIAN_POINT('',(0.1,-2.24,0.9));
#2498 = LINE('',#2499,#2500);
#2499 = CARTESIAN_POINT('',(0.3,-2.24,0.9));
#2500 = VECTOR('',#2501,1.);
#2501 = DIRECTION('',(-1.,1.110223024625E-16,0.));
#2502 = ORIENTED_EDGE('',*,*,#2503,.T.);
#2503 = EDGE_CURVE('',#2496,#2504,#2506,.T.);
#2504 = VERTEX_POINT('',#2505);
#2505 = CARTESIAN_POINT('',(0.1,-2.24,7.4));
#2506 = LINE('',#2507,#2508);
#2507 = CARTESIAN_POINT('',(0.1,-2.24,6.055738799212));
#2508 = VECTOR('',#2509,1.);
#2509 = DIRECTION('',(0.,-0.,1.));
#2510 = ORIENTED_EDGE('',*,*,#2511,.F.);
#2511 = EDGE_CURVE('',#2512,#2504,#2514,.T.);
#2512 = VERTEX_POINT('',#2513);
#2513 = CARTESIAN_POINT('',(-0.1,-2.24,7.4));
#2514 = LINE('',#2515,#2516);
#2515 = CARTESIAN_POINT('',(-0.1,-2.24,7.4));
#2516 = VECTOR('',#2517,1.);
#2517 = DIRECTION('',(1.,-1.110223024625E-16,0.));
#2518 = ORIENTED_EDGE('',*,*,#2519,.F.);
#2519 = EDGE_CURVE('',#2520,#2512,#2522,.T.);
#2520 = VERTEX_POINT('',#2521);
#2521 = CARTESIAN_POINT('',(-0.1,-2.24,0.9));
#2522 = LINE('',#2523,#2524);
#2523 = CARTESIAN_POINT('',(-0.1,-2.24,6.055738799212));
#2524 = VECTOR('',#2525,1.);
#2525 = DIRECTION('',(0.,-0.,1.));
#2526 = ORIENTED_EDGE('',*,*,#2527,.T.);
#2527 = EDGE_CURVE('',#2520,#2528,#2530,.T.);
#2528 = VERTEX_POINT('',#2529);
#2529 = CARTESIAN_POINT('',(-0.3,-2.24,0.9));
#2530 = LINE('',#2531,#2532);
#2531 = CARTESIAN_POINT('',(0.3,-2.24,0.9));
#2532 = VECTOR('',#2533,1.);
#2533 = DIRECTION('',(-1.,1.110223024625E-16,0.));
#2534 = ORIENTED_EDGE('',*,*,#2535,.F.);
#2535 = EDGE_CURVE('',#1184,#2528,#2536,.T.);
#2536 = LINE('',#2537,#2538);
#2537 = CARTESIAN_POINT('',(-0.3,-2.24,8.2));
#2538 = VECTOR('',#2539,1.);
#2539 = DIRECTION('',(0.,-0.,-1.));
#2540 = PLANE('',#2541);
#2541 = AXIS2_PLACEMENT_3D('',#2542,#2543,#2544);
#2542 = CARTESIAN_POINT('',(0.3,-2.24,8.2));
#2543 = DIRECTION('',(1.110223024625E-16,1.,0.));
#2544 = DIRECTION('',(-1.,1.110223024625E-16,0.));
#2545 = ADVANCED_FACE('',(#2546),#2564,.F.);
#2546 = FACE_BOUND('',#2547,.F.);
#2547 = EDGE_LOOP('',(#2548,#2549,#2557,#2563));
#2548 = ORIENTED_EDGE('',*,*,#2535,.T.);
#2549 = ORIENTED_EDGE('',*,*,#2550,.T.);
#2550 = EDGE_CURVE('',#2528,#2551,#2553,.T.);
#2551 = VERTEX_POINT('',#2552);
#2552 = CARTESIAN_POINT('',(-0.3,-2.84,0.9));
#2553 = LINE('',#2554,#2555);
#2554 = CARTESIAN_POINT('',(-0.3,-2.24,0.9));
#2555 = VECTOR('',#2556,1.);
#2556 = DIRECTION('',(-1.110223024625E-16,-1.,0.));
#2557 = ORIENTED_EDGE('',*,*,#2558,.F.);
#2558 = EDGE_CURVE('',#1208,#2551,#2559,.T.);
#2559 = LINE('',#2560,#2561);
#2560 = CARTESIAN_POINT('',(-0.3,-2.84,8.2));
#2561 = VECTOR('',#2562,1.);
#2562 = DIRECTION('',(0.,-0.,-1.));
#2563 = ORIENTED_EDGE('',*,*,#1215,.F.);
#2564 = PLANE('',#2565);
#2565 = AXIS2_PLACEMENT_3D('',#2566,#2567,#2568);
#2566 = CARTESIAN_POINT('',(-0.3,-2.24,8.2));
#2567 = DIRECTION('',(-1.,1.110223024625E-16,0.));
#2568 = DIRECTION('',(-1.110223024625E-16,-1.,0.));
#2569 = ADVANCED_FACE('',(#2570),#2613,.F.);
#2570 = FACE_BOUND('',#2571,.F.);
#2571 = EDGE_LOOP('',(#2572,#2573,#2574,#2582,#2590,#2598,#2606,#2612));
#2572 = ORIENTED_EDGE('',*,*,#1232,.F.);
#2573 = ORIENTED_EDGE('',*,*,#2558,.T.);
#2574 = ORIENTED_EDGE('',*,*,#2575,.T.);
#2575 = EDGE_CURVE('',#2551,#2576,#2578,.T.);
#2576 = VERTEX_POINT('',#2577);
#2577 = CARTESIAN_POINT('',(-0.1,-2.84,0.9));
#2578 = LINE('',#2579,#2580);
#2579 = CARTESIAN_POINT('',(-0.3,-2.84,0.9));
#2580 = VECTOR('',#2581,1.);
#2581 = DIRECTION('',(1.,-1.110223024625E-16,0.));
#2582 = ORIENTED_EDGE('',*,*,#2583,.F.);
#2583 = EDGE_CURVE('',#2584,#2576,#2586,.T.);
#2584 = VERTEX_POINT('',#2585);
#2585 = CARTESIAN_POINT('',(-0.1,-2.84,7.4));
#2586 = LINE('',#2587,#2588);
#2587 = CARTESIAN_POINT('',(-0.1,-2.84,6.055738799212));
#2588 = VECTOR('',#2589,1.);
#2589 = DIRECTION('',(-0.,0.,-1.));
#2590 = ORIENTED_EDGE('',*,*,#2591,.T.);
#2591 = EDGE_CURVE('',#2584,#2592,#2594,.T.);
#2592 = VERTEX_POINT('',#2593);
#2593 = CARTESIAN_POINT('',(0.1,-2.84,7.4));
#2594 = LINE('',#2595,#2596);
#2595 = CARTESIAN_POINT('',(-0.1,-2.84,7.4));
#2596 = VECTOR('',#2597,1.);
#2597 = DIRECTION('',(1.,-1.110223024625E-16,0.));
#2598 = ORIENTED_EDGE('',*,*,#2599,.T.);
#2599 = EDGE_CURVE('',#2592,#2600,#2602,.T.);
#2600 = VERTEX_POINT('',#2601);
#2601 = CARTESIAN_POINT('',(0.1,-2.84,0.9));
#2602 = LINE('',#2603,#2604);
#2603 = CARTESIAN_POINT('',(0.1,-2.84,6.055738799212));
#2604 = VECTOR('',#2605,1.);
#2605 = DIRECTION('',(-0.,0.,-1.));
#2606 = ORIENTED_EDGE('',*,*,#2607,.T.);
#2607 = EDGE_CURVE('',#2600,#2463,#2608,.T.);
#2608 = LINE('',#2609,#2610);
#2609 = CARTESIAN_POINT('',(-0.3,-2.84,0.9));
#2610 = VECTOR('',#2611,1.);
#2611 = DIRECTION('',(1.,-1.110223024625E-16,0.));
#2612 = ORIENTED_EDGE('',*,*,#2462,.F.);
#2613 = PLANE('',#2614);
#2614 = AXIS2_PLACEMENT_3D('',#2615,#2616,#2617);
#2615 = CARTESIAN_POINT('',(-0.3,-2.84,8.2));
#2616 = DIRECTION('',(-1.110223024625E-16,-1.,0.));
#2617 = DIRECTION('',(1.,-1.110223024625E-16,0.));
#2618 = ADVANCED_FACE('',(#2619),#2644,.F.);
#2619 = FACE_BOUND('',#2620,.F.);
#2620 = EDGE_LOOP('',(#2621,#2629,#2637,#2643));
#2621 = ORIENTED_EDGE('',*,*,#2622,.T.);
#2622 = EDGE_CURVE('',#1247,#2623,#2625,.T.);
#2623 = VERTEX_POINT('',#2624);
#2624 = CARTESIAN_POINT('',(0.3,-0.3,0.9));
#2625 = LINE('',#2626,#2627);
#2626 = CARTESIAN_POINT('',(0.3,-0.3,8.2));
#2627 = VECTOR('',#2628,1.);
#2628 = DIRECTION('',(0.,-0.,-1.));
#2629 = ORIENTED_EDGE('',*,*,#2630,.T.);
#2630 = EDGE_CURVE('',#2623,#2631,#2633,.T.);
#2631 = VERTEX_POINT('',#2632);
#2632 = CARTESIAN_POINT('',(0.3,0.3,0.9));
#2633 = LINE('',#2634,#2635);
#2634 = CARTESIAN_POINT('',(0.3,-0.3,0.9));
#2635 = VECTOR('',#2636,1.);
#2636 = DIRECTION('',(1.110223024625E-16,1.,0.));
#2637 = ORIENTED_EDGE('',*,*,#2638,.F.);
#2638 = EDGE_CURVE('',#1256,#2631,#2639,.T.);
#2639 = LINE('',#2640,#2641);
#2640 = CARTESIAN_POINT('',(0.3,0.3,8.2));
#2641 = VECTOR('',#2642,1.);
#2642 = DIRECTION('',(0.,-0.,-1.));
#2643 = ORIENTED_EDGE('',*,*,#1263,.F.);
#2644 = PLANE('',#2645);
#2645 = AXIS2_PLACEMENT_3D('',#2646,#2647,#2648);
#2646 = CARTESIAN_POINT('',(0.3,-0.3,8.2));
#2647 = DIRECTION('',(1.,-1.110223024625E-16,0.));
#2648 = DIRECTION('',(1.110223024625E-16,1.,0.));
#2649 = ADVANCED_FACE('',(#2650),#2700,.F.);
#2650 = FACE_BOUND('',#2651,.F.);
#2651 = EDGE_LOOP('',(#2652,#2653,#2654,#2662,#2670,#2678,#2686,#2694));
#2652 = ORIENTED_EDGE('',*,*,#1287,.F.);
#2653 = ORIENTED_EDGE('',*,*,#2638,.T.);
#2654 = ORIENTED_EDGE('',*,*,#2655,.T.);
#2655 = EDGE_CURVE('',#2631,#2656,#2658,.T.);
#2656 = VERTEX_POINT('',#2657);
#2657 = CARTESIAN_POINT('',(0.1,0.3,0.9));
#2658 = LINE('',#2659,#2660);
#2659 = CARTESIAN_POINT('',(0.3,0.3,0.9));
#2660 = VECTOR('',#2661,1.);
#2661 = DIRECTION('',(-1.,1.110223024625E-16,0.));
#2662 = ORIENTED_EDGE('',*,*,#2663,.T.);
#2663 = EDGE_CURVE('',#2656,#2664,#2666,.T.);
#2664 = VERTEX_POINT('',#2665);
#2665 = CARTESIAN_POINT('',(0.1,0.3,7.4));
#2666 = LINE('',#2667,#2668);
#2667 = CARTESIAN_POINT('',(0.1,0.3,6.055738799212));
#2668 = VECTOR('',#2669,1.);
#2669 = DIRECTION('',(0.,-0.,1.));
#2670 = ORIENTED_EDGE('',*,*,#2671,.F.);
#2671 = EDGE_CURVE('',#2672,#2664,#2674,.T.);
#2672 = VERTEX_POINT('',#2673);
#2673 = CARTESIAN_POINT('',(-0.1,0.3,7.4));
#2674 = LINE('',#2675,#2676);
#2675 = CARTESIAN_POINT('',(-0.1,0.3,7.4));
#2676 = VECTOR('',#2677,1.);
#2677 = DIRECTION('',(1.,-1.110223024625E-16,0.));
#2678 = ORIENTED_EDGE('',*,*,#2679,.F.);
#2679 = EDGE_CURVE('',#2680,#2672,#2682,.T.);
#2680 = VERTEX_POINT('',#2681);
#2681 = CARTESIAN_POINT('',(-0.1,0.3,0.9));
#2682 = LINE('',#2683,#2684);
#2683 = CARTESIAN_POINT('',(-0.1,0.3,6.055738799212));
#2684 = VECTOR('',#2685,1.);
#2685 = DIRECTION('',(0.,-0.,1.));
#2686 = ORIENTED_EDGE('',*,*,#2687,.T.);
#2687 = EDGE_CURVE('',#2680,#2688,#2690,.T.);
#2688 = VERTEX_POINT('',#2689);
#2689 = CARTESIAN_POINT('',(-0.3,0.3,0.9));
#2690 = LINE('',#2691,#2692);
#2691 = CARTESIAN_POINT('',(0.3,0.3,0.9));
#2692 = VECTOR('',#2693,1.);
#2693 = DIRECTION('',(-1.,1.110223024625E-16,0.));
#2694 = ORIENTED_EDGE('',*,*,#2695,.F.);
#2695 = EDGE_CURVE('',#1280,#2688,#2696,.T.);
#2696 = LINE('',#2697,#2698);
#2697 = CARTESIAN_POINT('',(-0.3,0.3,8.2));
#2698 = VECTOR('',#2699,1.);
#2699 = DIRECTION('',(0.,-0.,-1.));
#2700 = PLANE('',#2701);
#2701 = AXIS2_PLACEMENT_3D('',#2702,#2703,#2704);
#2702 = CARTESIAN_POINT('',(0.3,0.3,8.2));
#2703 = DIRECTION('',(1.110223024625E-16,1.,0.));
#2704 = DIRECTION('',(-1.,1.110223024625E-16,0.));
#2705 = ADVANCED_FACE('',(#2706),#2724,.F.);
#2706 = FACE_BOUND('',#2707,.F.);
#2707 = EDGE_LOOP('',(#2708,#2709,#2717,#2723));
#2708 = ORIENTED_EDGE('',*,*,#2695,.T.);
#2709 = ORIENTED_EDGE('',*,*,#2710,.T.);
#2710 = EDGE_CURVE('',#2688,#2711,#2713,.T.);
#2711 = VERTEX_POINT('',#2712);
#2712 = CARTESIAN_POINT('',(-0.3,-0.3,0.9));
#2713 = LINE('',#2714,#2715);
#2714 = CARTESIAN_POINT('',(-0.3,0.3,0.9));
#2715 = VECTOR('',#2716,1.);
#2716 = DIRECTION('',(-1.110223024625E-16,-1.,0.));
#2717 = ORIENTED_EDGE('',*,*,#2718,.F.);
#2718 = EDGE_CURVE('',#1304,#2711,#2719,.T.);
#2719 = LINE('',#2720,#2721);
#2720 = CARTESIAN_POINT('',(-0.3,-0.3,8.2));
#2721 = VECTOR('',#2722,1.);
#2722 = DIRECTION('',(0.,-0.,-1.));
#2723 = ORIENTED_EDGE('',*,*,#1311,.F.);
#2724 = PLANE('',#2725);
#2725 = AXIS2_PLACEMENT_3D('',#2726,#2727,#2728);
#2726 = CARTESIAN_POINT('',(-0.3,0.3,8.2));
#2727 = DIRECTION('',(-1.,1.110223024625E-16,0.));
#2728 = DIRECTION('',(-1.110223024625E-16,-1.,0.));
#2729 = ADVANCED_FACE('',(#2730),#2773,.F.);
#2730 = FACE_BOUND('',#2731,.F.);
#2731 = EDGE_LOOP('',(#2732,#2733,#2734,#2742,#2750,#2758,#2766,#2772));
#2732 = ORIENTED_EDGE('',*,*,#1328,.F.);
#2733 = ORIENTED_EDGE('',*,*,#2718,.T.);
#2734 = ORIENTED_EDGE('',*,*,#2735,.T.);
#2735 = EDGE_CURVE('',#2711,#2736,#2738,.T.);
#2736 = VERTEX_POINT('',#2737);
#2737 = CARTESIAN_POINT('',(-0.1,-0.3,0.9));
#2738 = LINE('',#2739,#2740);
#2739 = CARTESIAN_POINT('',(-0.3,-0.3,0.9));
#2740 = VECTOR('',#2741,1.);
#2741 = DIRECTION('',(1.,-1.110223024625E-16,0.));
#2742 = ORIENTED_EDGE('',*,*,#2743,.F.);
#2743 = EDGE_CURVE('',#2744,#2736,#2746,.T.);
#2744 = VERTEX_POINT('',#2745);
#2745 = CARTESIAN_POINT('',(-0.1,-0.3,7.4));
#2746 = LINE('',#2747,#2748);
#2747 = CARTESIAN_POINT('',(-0.1,-0.3,6.055738799212));
#2748 = VECTOR('',#2749,1.);
#2749 = DIRECTION('',(-0.,0.,-1.));
#2750 = ORIENTED_EDGE('',*,*,#2751,.T.);
#2751 = EDGE_CURVE('',#2744,#2752,#2754,.T.);
#2752 = VERTEX_POINT('',#2753);
#2753 = CARTESIAN_POINT('',(0.1,-0.3,7.4));
#2754 = LINE('',#2755,#2756);
#2755 = CARTESIAN_POINT('',(-0.1,-0.3,7.4));
#2756 = VECTOR('',#2757,1.);
#2757 = DIRECTION('',(1.,-1.110223024625E-16,0.));
#2758 = ORIENTED_EDGE('',*,*,#2759,.T.);
#2759 = EDGE_CURVE('',#2752,#2760,#2762,.T.);
#2760 = VERTEX_POINT('',#2761);
#2761 = CARTESIAN_POINT('',(0.1,-0.3,0.9));
#2762 = LINE('',#2763,#2764);
#2763 = CARTESIAN_POINT('',(0.1,-0.3,6.055738799212));
#2764 = VECTOR('',#2765,1.);
#2765 = DIRECTION('',(-0.,0.,-1.));
#2766 = ORIENTED_EDGE('',*,*,#2767,.T.);
#2767 = EDGE_CURVE('',#2760,#2623,#2768,.T.);
#2768 = LINE('',#2769,#2770);
#2769 = CARTESIAN_POINT('',(-0.3,-0.3,0.9));
#2770 = VECTOR('',#2771,1.);
#2771 = DIRECTION('',(1.,-1.110223024625E-16,0.));
#2772 = ORIENTED_EDGE('',*,*,#2622,.F.);
#2773 = PLANE('',#2774);
#2774 = AXIS2_PLACEMENT_3D('',#2775,#2776,#2777);
#2775 = CARTESIAN_POINT('',(-0.3,-0.3,8.2));
#2776 = DIRECTION('',(-1.110223024625E-16,-1.,0.));
#2777 = DIRECTION('',(1.,-1.110223024625E-16,0.));
#2778 = ADVANCED_FACE('',(#2779),#2790,.T.);
#2779 = FACE_BOUND('',#2780,.T.);
#2780 = EDGE_LOOP('',(#2781,#2787,#2788,#2789));
#2781 = ORIENTED_EDGE('',*,*,#2782,.T.);
#2782 = EDGE_CURVE('',#1424,#1360,#2783,.T.);
#2783 = LINE('',#2784,#2785);
#2784 = CARTESIAN_POINT('',(-0.1,-10.46,-2.5));
#2785 = VECTOR('',#2786,1.);
#2786 = DIRECTION('',(1.,-1.110223024625E-16,0.));
#2787 = ORIENTED_EDGE('',*,*,#1359,.T.);
#2788 = ORIENTED_EDGE('',*,*,#1344,.F.);
#2789 = ORIENTED_EDGE('',*,*,#1423,.F.);
#2790 = PLANE('',#2791);
#2791 = AXIS2_PLACEMENT_3D('',#2792,#2793,#2794);
#2792 = CARTESIAN_POINT('',(-0.1,-10.46,-2.5));
#2793 = DIRECTION('',(-1.110223024625E-16,-1.,0.));
#2794 = DIRECTION('',(0.,0.,1.));
#2795 = ADVANCED_FACE('',(#2796),#2807,.T.);
#2796 = FACE_BOUND('',#2797,.T.);
#2797 = EDGE_LOOP('',(#2798,#2804,#2805,#2806));
#2798 = ORIENTED_EDGE('',*,*,#2799,.T.);
#2799 = EDGE_CURVE('',#1449,#1385,#2800,.T.);
#2800 = LINE('',#2801,#2802);
#2801 = CARTESIAN_POINT('',(-0.1,-10.31,-3.1));
#2802 = VECTOR('',#2803,1.);
#2803 = DIRECTION('',(1.,-1.110223024625E-16,0.));
#2804 = ORIENTED_EDGE('',*,*,#1392,.T.);
#2805 = ORIENTED_EDGE('',*,*,#2782,.F.);
#2806 = ORIENTED_EDGE('',*,*,#1456,.F.);
#2807 = PLANE('',#2808);
#2808 = AXIS2_PLACEMENT_3D('',#2809,#2810,#2811);
#2809 = CARTESIAN_POINT('',(-0.1,-10.31,-3.1));
#2810 = DIRECTION('',(-1.077074540829E-16,-0.970142500145,
    -0.242535625036));
#2811 = DIRECTION('',(-2.692686352073E-17,-0.242535625036,0.970142500145
    ));
#2812 = ADVANCED_FACE('',(#2813),#2824,.T.);
#2813 = FACE_BOUND('',#2814,.T.);
#2814 = EDGE_LOOP('',(#2815,#2821,#2822,#2823));
#2815 = ORIENTED_EDGE('',*,*,#2816,.T.);
#2816 = EDGE_CURVE('',#1441,#1377,#2817,.T.);
#2817 = LINE('',#2818,#2819);
#2818 = CARTESIAN_POINT('',(-0.1,-10.01,-3.1));
#2819 = VECTOR('',#2820,1.);
#2820 = DIRECTION('',(1.,-1.110223024625E-16,0.));
#2821 = ORIENTED_EDGE('',*,*,#1384,.T.);
#2822 = ORIENTED_EDGE('',*,*,#2799,.F.);
#2823 = ORIENTED_EDGE('',*,*,#1448,.T.);
#2824 = PLANE('',#2825);
#2825 = AXIS2_PLACEMENT_3D('',#2826,#2827,#2828);
#2826 = CARTESIAN_POINT('',(-0.1,-10.01,-3.1));
#2827 = DIRECTION('',(0.,-0.,-1.));
#2828 = DIRECTION('',(-1.110223024625E-16,-1.,0.));
#2829 = ADVANCED_FACE('',(#2830),#2841,.T.);
#2830 = FACE_BOUND('',#2831,.T.);
#2831 = EDGE_LOOP('',(#2832,#2838,#2839,#2840));
#2832 = ORIENTED_EDGE('',*,*,#2833,.T.);
#2833 = EDGE_CURVE('',#1433,#1369,#2834,.T.);
#2834 = LINE('',#2835,#2836);
#2835 = CARTESIAN_POINT('',(-0.1,-9.86,-2.5));
#2836 = VECTOR('',#2837,1.);
#2837 = DIRECTION('',(1.,-1.110223024625E-16,0.));
#2838 = ORIENTED_EDGE('',*,*,#1376,.T.);
#2839 = ORIENTED_EDGE('',*,*,#2816,.F.);
#2840 = ORIENTED_EDGE('',*,*,#1440,.F.);
#2841 = PLANE('',#2842);
#2842 = AXIS2_PLACEMENT_3D('',#2843,#2844,#2845);
#2843 = CARTESIAN_POINT('',(-0.1,-9.86,-2.5));
#2844 = DIRECTION('',(1.077074540829E-16,0.970142500145,-0.242535625036)
  );
#2845 = DIRECTION('',(-2.692686352073E-17,-0.242535625036,
    -0.970142500145));
#2846 = ADVANCED_FACE('',(#2847),#2853,.T.);
#2847 = FACE_BOUND('',#2848,.T.);
#2848 = EDGE_LOOP('',(#2849,#2850,#2851,#2852));
#2849 = ORIENTED_EDGE('',*,*,#1406,.T.);
#2850 = ORIENTED_EDGE('',*,*,#1368,.T.);
#2851 = ORIENTED_EDGE('',*,*,#2833,.F.);
#2852 = ORIENTED_EDGE('',*,*,#1432,.F.);
#2853 = PLANE('',#2854);
#2854 = AXIS2_PLACEMENT_3D('',#2855,#2856,#2857);
#2855 = CARTESIAN_POINT('',(-0.1,-9.86,0.2));
#2856 = DIRECTION('',(1.110223024625E-16,1.,0.));
#2857 = DIRECTION('',(0.,0.,-1.));
#2858 = ADVANCED_FACE('',(#2859),#2870,.T.);
#2859 = FACE_BOUND('',#2860,.T.);
#2860 = EDGE_LOOP('',(#2861,#2867,#2868,#2869));
#2861 = ORIENTED_EDGE('',*,*,#2862,.T.);
#2862 = EDGE_CURVE('',#1552,#1488,#2863,.T.);
#2863 = LINE('',#2864,#2865);
#2864 = CARTESIAN_POINT('',(-0.1,-7.92,-2.5));
#2865 = VECTOR('',#2866,1.);
#2866 = DIRECTION('',(1.,-1.110223024625E-16,0.));
#2867 = ORIENTED_EDGE('',*,*,#1487,.T.);
#2868 = ORIENTED_EDGE('',*,*,#1472,.F.);
#2869 = ORIENTED_EDGE('',*,*,#1551,.F.);
#2870 = PLANE('',#2871);
#2871 = AXIS2_PLACEMENT_3D('',#2872,#2873,#2874);
#2872 = CARTESIAN_POINT('',(-0.1,-7.92,-2.5));
#2873 = DIRECTION('',(-1.110223024625E-16,-1.,0.));
#2874 = DIRECTION('',(0.,0.,1.));
#2875 = ADVANCED_FACE('',(#2876),#2887,.T.);
#2876 = FACE_BOUND('',#2877,.T.);
#2877 = EDGE_LOOP('',(#2878,#2884,#2885,#2886));
#2878 = ORIENTED_EDGE('',*,*,#2879,.T.);
#2879 = EDGE_CURVE('',#1577,#1513,#2880,.T.);
#2880 = LINE('',#2881,#2882);
#2881 = CARTESIAN_POINT('',(-0.1,-7.77,-3.1));
#2882 = VECTOR('',#2883,1.);
#2883 = DIRECTION('',(1.,-1.110223024625E-16,0.));
#2884 = ORIENTED_EDGE('',*,*,#1520,.T.);
#2885 = ORIENTED_EDGE('',*,*,#2862,.F.);
#2886 = ORIENTED_EDGE('',*,*,#1584,.F.);
#2887 = PLANE('',#2888);
#2888 = AXIS2_PLACEMENT_3D('',#2889,#2890,#2891);
#2889 = CARTESIAN_POINT('',(-0.1,-7.77,-3.1));
#2890 = DIRECTION('',(-1.077074540829E-16,-0.970142500145,
    -0.242535625036));
#2891 = DIRECTION('',(-2.692686352073E-17,-0.242535625036,0.970142500145
    ));
#2892 = ADVANCED_FACE('',(#2893),#2904,.T.);
#2893 = FACE_BOUND('',#2894,.T.);
#2894 = EDGE_LOOP('',(#2895,#2901,#2902,#2903));
#2895 = ORIENTED_EDGE('',*,*,#2896,.T.);
#2896 = EDGE_CURVE('',#1569,#1505,#2897,.T.);
#2897 = LINE('',#2898,#2899);
#2898 = CARTESIAN_POINT('',(-0.1,-7.47,-3.1));
#2899 = VECTOR('',#2900,1.);
#2900 = DIRECTION('',(1.,-1.110223024625E-16,0.));
#2901 = ORIENTED_EDGE('',*,*,#1512,.T.);
#2902 = ORIENTED_EDGE('',*,*,#2879,.F.);
#2903 = ORIENTED_EDGE('',*,*,#1576,.T.);
#2904 = PLANE('',#2905);
#2905 = AXIS2_PLACEMENT_3D('',#2906,#2907,#2908);
#2906 = CARTESIAN_POINT('',(-0.1,-7.47,-3.1));
#2907 = DIRECTION('',(0.,-0.,-1.));
#2908 = DIRECTION('',(-1.110223024625E-16,-1.,0.));
#2909 = ADVANCED_FACE('',(#2910),#2921,.T.);
#2910 = FACE_BOUND('',#2911,.T.);
#2911 = EDGE_LOOP('',(#2912,#2918,#2919,#2920));
#2912 = ORIENTED_EDGE('',*,*,#2913,.T.);
#2913 = EDGE_CURVE('',#1561,#1497,#2914,.T.);
#2914 = LINE('',#2915,#2916);
#2915 = CARTESIAN_POINT('',(-0.1,-7.32,-2.5));
#2916 = VECTOR('',#2917,1.);
#2917 = DIRECTION('',(1.,-1.110223024625E-16,0.));
#2918 = ORIENTED_EDGE('',*,*,#1504,.T.);
#2919 = ORIENTED_EDGE('',*,*,#2896,.F.);
#2920 = ORIENTED_EDGE('',*,*,#1568,.F.);
#2921 = PLANE('',#2922);
#2922 = AXIS2_PLACEMENT_3D('',#2923,#2924,#2925);
#2923 = CARTESIAN_POINT('',(-0.1,-7.32,-2.5));
#2924 = DIRECTION('',(1.077074540829E-16,0.970142500145,-0.242535625036)
  );
#2925 = DIRECTION('',(-2.692686352073E-17,-0.242535625036,
    -0.970142500145));
#2926 = ADVANCED_FACE('',(#2927),#2933,.T.);
#2927 = FACE_BOUND('',#2928,.T.);
#2928 = EDGE_LOOP('',(#2929,#2930,#2931,#2932));
#2929 = ORIENTED_EDGE('',*,*,#1534,.T.);
#2930 = ORIENTED_EDGE('',*,*,#1496,.T.);
#2931 = ORIENTED_EDGE('',*,*,#2913,.F.);
#2932 = ORIENTED_EDGE('',*,*,#1560,.F.);
#2933 = PLANE('',#2934);
#2934 = AXIS2_PLACEMENT_3D('',#2935,#2936,#2937);
#2935 = CARTESIAN_POINT('',(-0.1,-7.32,0.2));
#2936 = DIRECTION('',(1.110223024625E-16,1.,0.));
#2937 = DIRECTION('',(0.,0.,-1.));
#2938 = ADVANCED_FACE('',(#2939),#2950,.T.);
#2939 = FACE_BOUND('',#2940,.T.);
#2940 = EDGE_LOOP('',(#2941,#2947,#2948,#2949));
#2941 = ORIENTED_EDGE('',*,*,#2942,.T.);
#2942 = EDGE_CURVE('',#1680,#1616,#2943,.T.);
#2943 = LINE('',#2944,#2945);
#2944 = CARTESIAN_POINT('',(-0.1,-5.38,-2.5));
#2945 = VECTOR('',#2946,1.);
#2946 = DIRECTION('',(1.,-1.110223024625E-16,0.));
#2947 = ORIENTED_EDGE('',*,*,#1615,.T.);
#2948 = ORIENTED_EDGE('',*,*,#1600,.F.);
#2949 = ORIENTED_EDGE('',*,*,#1679,.F.);
#2950 = PLANE('',#2951);
#2951 = AXIS2_PLACEMENT_3D('',#2952,#2953,#2954);
#2952 = CARTESIAN_POINT('',(-0.1,-5.38,-2.5));
#2953 = DIRECTION('',(-1.110223024625E-16,-1.,0.));
#2954 = DIRECTION('',(0.,0.,1.));
#2955 = ADVANCED_FACE('',(#2956),#2967,.T.);
#2956 = FACE_BOUND('',#2957,.T.);
#2957 = EDGE_LOOP('',(#2958,#2964,#2965,#2966));
#2958 = ORIENTED_EDGE('',*,*,#2959,.T.);
#2959 = EDGE_CURVE('',#1705,#1641,#2960,.T.);
#2960 = LINE('',#2961,#2962);
#2961 = CARTESIAN_POINT('',(-0.1,-5.23,-3.1));
#2962 = VECTOR('',#2963,1.);
#2963 = DIRECTION('',(1.,-1.110223024625E-16,0.));
#2964 = ORIENTED_EDGE('',*,*,#1648,.T.);
#2965 = ORIENTED_EDGE('',*,*,#2942,.F.);
#2966 = ORIENTED_EDGE('',*,*,#1712,.F.);
#2967 = PLANE('',#2968);
#2968 = AXIS2_PLACEMENT_3D('',#2969,#2970,#2971);
#2969 = CARTESIAN_POINT('',(-0.1,-5.23,-3.1));
#2970 = DIRECTION('',(-1.077074540829E-16,-0.970142500145,
    -0.242535625036));
#2971 = DIRECTION('',(-2.692686352073E-17,-0.242535625036,0.970142500145
    ));
#2972 = ADVANCED_FACE('',(#2973),#2984,.T.);
#2973 = FACE_BOUND('',#2974,.T.);
#2974 = EDGE_LOOP('',(#2975,#2981,#2982,#2983));
#2975 = ORIENTED_EDGE('',*,*,#2976,.T.);
#2976 = EDGE_CURVE('',#1697,#1633,#2977,.T.);
#2977 = LINE('',#2978,#2979);
#2978 = CARTESIAN_POINT('',(-0.1,-4.93,-3.1));
#2979 = VECTOR('',#2980,1.);
#2980 = DIRECTION('',(1.,-1.110223024625E-16,0.));
#2981 = ORIENTED_EDGE('',*,*,#1640,.T.);
#2982 = ORIENTED_EDGE('',*,*,#2959,.F.);
#2983 = ORIENTED_EDGE('',*,*,#1704,.T.);
#2984 = PLANE('',#2985);
#2985 = AXIS2_PLACEMENT_3D('',#2986,#2987,#2988);
#2986 = CARTESIAN_POINT('',(-0.1,-4.93,-3.1));
#2987 = DIRECTION('',(0.,-0.,-1.));
#2988 = DIRECTION('',(-1.110223024625E-16,-1.,0.));
#2989 = ADVANCED_FACE('',(#2990),#3001,.T.);
#2990 = FACE_BOUND('',#2991,.T.);
#2991 = EDGE_LOOP('',(#2992,#2998,#2999,#3000));
#2992 = ORIENTED_EDGE('',*,*,#2993,.T.);
#2993 = EDGE_CURVE('',#1689,#1625,#2994,.T.);
#2994 = LINE('',#2995,#2996);
#2995 = CARTESIAN_POINT('',(-0.1,-4.78,-2.5));
#2996 = VECTOR('',#2997,1.);
#2997 = DIRECTION('',(1.,-1.110223024625E-16,0.));
#2998 = ORIENTED_EDGE('',*,*,#1632,.T.);
#2999 = ORIENTED_EDGE('',*,*,#2976,.F.);
#3000 = ORIENTED_EDGE('',*,*,#1696,.F.);
#3001 = PLANE('',#3002);
#3002 = AXIS2_PLACEMENT_3D('',#3003,#3004,#3005);
#3003 = CARTESIAN_POINT('',(-0.1,-4.78,-2.5));
#3004 = DIRECTION('',(1.077074540829E-16,0.970142500145,-0.242535625036)
  );
#3005 = DIRECTION('',(-2.692686352073E-17,-0.242535625036,
    -0.970142500145));
#3006 = ADVANCED_FACE('',(#3007),#3013,.T.);
#3007 = FACE_BOUND('',#3008,.T.);
#3008 = EDGE_LOOP('',(#3009,#3010,#3011,#3012));
#3009 = ORIENTED_EDGE('',*,*,#1662,.T.);
#3010 = ORIENTED_EDGE('',*,*,#1624,.T.);
#3011 = ORIENTED_EDGE('',*,*,#2993,.F.);
#3012 = ORIENTED_EDGE('',*,*,#1688,.F.);
#3013 = PLANE('',#3014);
#3014 = AXIS2_PLACEMENT_3D('',#3015,#3016,#3017);
#3015 = CARTESIAN_POINT('',(-0.1,-4.78,0.2));
#3016 = DIRECTION('',(1.110223024625E-16,1.,0.));
#3017 = DIRECTION('',(0.,0.,-1.));
#3018 = ADVANCED_FACE('',(#3019),#3030,.T.);
#3019 = FACE_BOUND('',#3020,.T.);
#3020 = EDGE_LOOP('',(#3021,#3027,#3028,#3029));
#3021 = ORIENTED_EDGE('',*,*,#3022,.T.);
#3022 = EDGE_CURVE('',#1808,#1744,#3023,.T.);
#3023 = LINE('',#3024,#3025);
#3024 = CARTESIAN_POINT('',(-0.1,-2.84,-2.5));
#3025 = VECTOR('',#3026,1.);
#3026 = DIRECTION('',(1.,-1.110223024625E-16,0.));
#3027 = ORIENTED_EDGE('',*,*,#1743,.T.);
#3028 = ORIENTED_EDGE('',*,*,#1728,.F.);
#3029 = ORIENTED_EDGE('',*,*,#1807,.F.);
#3030 = PLANE('',#3031);
#3031 = AXIS2_PLACEMENT_3D('',#3032,#3033,#3034);
#3032 = CARTESIAN_POINT('',(-0.1,-2.84,-2.5));
#3033 = DIRECTION('',(-1.110223024625E-16,-1.,0.));
#3034 = DIRECTION('',(0.,0.,1.));
#3035 = ADVANCED_FACE('',(#3036),#3047,.T.);
#3036 = FACE_BOUND('',#3037,.T.);
#3037 = EDGE_LOOP('',(#3038,#3044,#3045,#3046));
#3038 = ORIENTED_EDGE('',*,*,#3039,.T.);
#3039 = EDGE_CURVE('',#1833,#1769,#3040,.T.);
#3040 = LINE('',#3041,#3042);
#3041 = CARTESIAN_POINT('',(-0.1,-2.69,-3.1));
#3042 = VECTOR('',#3043,1.);
#3043 = DIRECTION('',(1.,-1.110223024625E-16,0.));
#3044 = ORIENTED_EDGE('',*,*,#1776,.T.);
#3045 = ORIENTED_EDGE('',*,*,#3022,.F.);
#3046 = ORIENTED_EDGE('',*,*,#1840,.F.);
#3047 = PLANE('',#3048);
#3048 = AXIS2_PLACEMENT_3D('',#3049,#3050,#3051);
#3049 = CARTESIAN_POINT('',(-0.1,-2.69,-3.1));
#3050 = DIRECTION('',(-1.077074540829E-16,-0.970142500145,
    -0.242535625036));
#3051 = DIRECTION('',(-2.692686352073E-17,-0.242535625036,0.970142500145
    ));
#3052 = ADVANCED_FACE('',(#3053),#3064,.T.);
#3053 = FACE_BOUND('',#3054,.T.);
#3054 = EDGE_LOOP('',(#3055,#3061,#3062,#3063));
#3055 = ORIENTED_EDGE('',*,*,#3056,.T.);
#3056 = EDGE_CURVE('',#1825,#1761,#3057,.T.);
#3057 = LINE('',#3058,#3059);
#3058 = CARTESIAN_POINT('',(-0.1,-2.39,-3.1));
#3059 = VECTOR('',#3060,1.);
#3060 = DIRECTION('',(1.,-1.110223024625E-16,0.));
#3061 = ORIENTED_EDGE('',*,*,#1768,.T.);
#3062 = ORIENTED_EDGE('',*,*,#3039,.F.);
#3063 = ORIENTED_EDGE('',*,*,#1832,.T.);
#3064 = PLANE('',#3065);
#3065 = AXIS2_PLACEMENT_3D('',#3066,#3067,#3068);
#3066 = CARTESIAN_POINT('',(-0.1,-2.39,-3.1));
#3067 = DIRECTION('',(0.,-0.,-1.));
#3068 = DIRECTION('',(-1.110223024625E-16,-1.,0.));
#3069 = ADVANCED_FACE('',(#3070),#3081,.T.);
#3070 = FACE_BOUND('',#3071,.T.);
#3071 = EDGE_LOOP('',(#3072,#3078,#3079,#3080));
#3072 = ORIENTED_EDGE('',*,*,#3073,.T.);
#3073 = EDGE_CURVE('',#1817,#1753,#3074,.T.);
#3074 = LINE('',#3075,#3076);
#3075 = CARTESIAN_POINT('',(-0.1,-2.24,-2.5));
#3076 = VECTOR('',#3077,1.);
#3077 = DIRECTION('',(1.,-1.110223024625E-16,0.));
#3078 = ORIENTED_EDGE('',*,*,#1760,.T.);
#3079 = ORIENTED_EDGE('',*,*,#3056,.F.);
#3080 = ORIENTED_EDGE('',*,*,#1824,.F.);
#3081 = PLANE('',#3082);
#3082 = AXIS2_PLACEMENT_3D('',#3083,#3084,#3085);
#3083 = CARTESIAN_POINT('',(-0.1,-2.24,-2.5));
#3084 = DIRECTION('',(1.077074540829E-16,0.970142500145,-0.242535625036)
  );
#3085 = DIRECTION('',(-2.692686352073E-17,-0.242535625036,
    -0.970142500145));
#3086 = ADVANCED_FACE('',(#3087),#3093,.T.);
#3087 = FACE_BOUND('',#3088,.T.);
#3088 = EDGE_LOOP('',(#3089,#3090,#3091,#3092));
#3089 = ORIENTED_EDGE('',*,*,#1790,.T.);
#3090 = ORIENTED_EDGE('',*,*,#1752,.T.);
#3091 = ORIENTED_EDGE('',*,*,#3073,.F.);
#3092 = ORIENTED_EDGE('',*,*,#1816,.F.);
#3093 = PLANE('',#3094);
#3094 = AXIS2_PLACEMENT_3D('',#3095,#3096,#3097);
#3095 = CARTESIAN_POINT('',(-0.1,-2.24,0.2));
#3096 = DIRECTION('',(1.110223024625E-16,1.,0.));
#3097 = DIRECTION('',(0.,0.,-1.));
#3098 = ADVANCED_FACE('',(#3099),#3110,.T.);
#3099 = FACE_BOUND('',#3100,.T.);
#3100 = EDGE_LOOP('',(#3101,#3107,#3108,#3109));
#3101 = ORIENTED_EDGE('',*,*,#3102,.T.);
#3102 = EDGE_CURVE('',#1936,#1872,#3103,.T.);
#3103 = LINE('',#3104,#3105);
#3104 = CARTESIAN_POINT('',(-0.1,-0.3,-2.5));
#3105 = VECTOR('',#3106,1.);
#3106 = DIRECTION('',(1.,-1.110223024625E-16,0.));
#3107 = ORIENTED_EDGE('',*,*,#1871,.T.);
#3108 = ORIENTED_EDGE('',*,*,#1856,.F.);
#3109 = ORIENTED_EDGE('',*,*,#1935,.F.);
#3110 = PLANE('',#3111);
#3111 = AXIS2_PLACEMENT_3D('',#3112,#3113,#3114);
#3112 = CARTESIAN_POINT('',(-0.1,-0.3,-2.5));
#3113 = DIRECTION('',(-1.110223024625E-16,-1.,0.));
#3114 = DIRECTION('',(0.,0.,1.));
#3115 = ADVANCED_FACE('',(#3116),#3127,.T.);
#3116 = FACE_BOUND('',#3117,.T.);
#3117 = EDGE_LOOP('',(#3118,#3124,#3125,#3126));
#3118 = ORIENTED_EDGE('',*,*,#3119,.T.);
#3119 = EDGE_CURVE('',#1961,#1897,#3120,.T.);
#3120 = LINE('',#3121,#3122);
#3121 = CARTESIAN_POINT('',(-0.1,-0.15,-3.1));
#3122 = VECTOR('',#3123,1.);
#3123 = DIRECTION('',(1.,-1.110223024625E-16,0.));
#3124 = ORIENTED_EDGE('',*,*,#1904,.T.);
#3125 = ORIENTED_EDGE('',*,*,#3102,.F.);
#3126 = ORIENTED_EDGE('',*,*,#1968,.F.);
#3127 = PLANE('',#3128);
#3128 = AXIS2_PLACEMENT_3D('',#3129,#3130,#3131);
#3129 = CARTESIAN_POINT('',(-0.1,-0.15,-3.1));
#3130 = DIRECTION('',(-1.077074540829E-16,-0.970142500145,
    -0.242535625036));
#3131 = DIRECTION('',(-2.692686352073E-17,-0.242535625036,0.970142500145
    ));
#3132 = ADVANCED_FACE('',(#3133),#3144,.T.);
#3133 = FACE_BOUND('',#3134,.T.);
#3134 = EDGE_LOOP('',(#3135,#3141,#3142,#3143));
#3135 = ORIENTED_EDGE('',*,*,#3136,.T.);
#3136 = EDGE_CURVE('',#1953,#1889,#3137,.T.);
#3137 = LINE('',#3138,#3139);
#3138 = CARTESIAN_POINT('',(-0.1,0.15,-3.1));
#3139 = VECTOR('',#3140,1.);
#3140 = DIRECTION('',(1.,-1.110223024625E-16,0.));
#3141 = ORIENTED_EDGE('',*,*,#1896,.T.);
#3142 = ORIENTED_EDGE('',*,*,#3119,.F.);
#3143 = ORIENTED_EDGE('',*,*,#1960,.T.);
#3144 = PLANE('',#3145);
#3145 = AXIS2_PLACEMENT_3D('',#3146,#3147,#3148);
#3146 = CARTESIAN_POINT('',(-0.1,0.15,-3.1));
#3147 = DIRECTION('',(0.,-0.,-1.));
#3148 = DIRECTION('',(-1.110223024625E-16,-1.,0.));
#3149 = ADVANCED_FACE('',(#3150),#3161,.T.);
#3150 = FACE_BOUND('',#3151,.T.);
#3151 = EDGE_LOOP('',(#3152,#3158,#3159,#3160));
#3152 = ORIENTED_EDGE('',*,*,#3153,.T.);
#3153 = EDGE_CURVE('',#1945,#1881,#3154,.T.);
#3154 = LINE('',#3155,#3156);
#3155 = CARTESIAN_POINT('',(-0.1,0.3,-2.5));
#3156 = VECTOR('',#3157,1.);
#3157 = DIRECTION('',(1.,-1.110223024625E-16,0.));
#3158 = ORIENTED_EDGE('',*,*,#1888,.T.);
#3159 = ORIENTED_EDGE('',*,*,#3136,.F.);
#3160 = ORIENTED_EDGE('',*,*,#1952,.F.);
#3161 = PLANE('',#3162);
#3162 = AXIS2_PLACEMENT_3D('',#3163,#3164,#3165);
#3163 = CARTESIAN_POINT('',(-0.1,0.3,-2.5));
#3164 = DIRECTION('',(1.077074540829E-16,0.970142500145,-0.242535625036)
  );
#3165 = DIRECTION('',(-2.692686352073E-17,-0.242535625036,
    -0.970142500145));
#3166 = ADVANCED_FACE('',(#3167),#3173,.T.);
#3167 = FACE_BOUND('',#3168,.T.);
#3168 = EDGE_LOOP('',(#3169,#3170,#3171,#3172));
#3169 = ORIENTED_EDGE('',*,*,#1918,.T.);
#3170 = ORIENTED_EDGE('',*,*,#1880,.T.);
#3171 = ORIENTED_EDGE('',*,*,#3153,.F.);
#3172 = ORIENTED_EDGE('',*,*,#1944,.F.);
#3173 = PLANE('',#3174);
#3174 = AXIS2_PLACEMENT_3D('',#3175,#3176,#3177);
#3175 = CARTESIAN_POINT('',(-0.1,0.3,0.2));
#3176 = DIRECTION('',(1.110223024625E-16,1.,0.));
#3177 = DIRECTION('',(0.,0.,-1.));
#3178 = ADVANCED_FACE('',(#3179),#3190,.T.);
#3179 = FACE_BOUND('',#3180,.T.);
#3180 = EDGE_LOOP('',(#3181,#3182,#3183,#3184));
#3181 = ORIENTED_EDGE('',*,*,#2127,.T.);
#3182 = ORIENTED_EDGE('',*,*,#1990,.T.);
#3183 = ORIENTED_EDGE('',*,*,#2015,.T.);
#3184 = ORIENTED_EDGE('',*,*,#3185,.T.);
#3185 = EDGE_CURVE('',#2016,#2120,#3186,.T.);
#3186 = LINE('',#3187,#3188);
#3187 = CARTESIAN_POINT('',(0.1,-10.16,0.9));
#3188 = VECTOR('',#3189,1.);
#3189 = DIRECTION('',(-1.110223024625E-16,-1.,0.));
#3190 = PLANE('',#3191);
#3191 = AXIS2_PLACEMENT_3D('',#3192,#3193,#3194);
#3192 = CARTESIAN_POINT('',(-1.08866619423E-15,-10.16,0.9));
#3193 = DIRECTION('',(0.,0.,1.));
#3194 = DIRECTION('',(1.110223024625E-16,1.,-0.));
#3195 = ADVANCED_FACE('',(#3196),#3207,.T.);
#3196 = FACE_BOUND('',#3197,.T.);
#3197 = EDGE_LOOP('',(#3198,#3199,#3205,#3206));
#3198 = ORIENTED_EDGE('',*,*,#2095,.T.);
#3199 = ORIENTED_EDGE('',*,*,#3200,.F.);
#3200 = EDGE_CURVE('',#2040,#2096,#3201,.T.);
#3201 = LINE('',#3202,#3203);
#3202 = CARTESIAN_POINT('',(-0.1,-10.16,0.9));
#3203 = VECTOR('',#3204,1.);
#3204 = DIRECTION('',(-1.110223024625E-16,-1.,0.));
#3205 = ORIENTED_EDGE('',*,*,#2047,.T.);
#3206 = ORIENTED_EDGE('',*,*,#2070,.T.);
#3207 = PLANE('',#3208);
#3208 = AXIS2_PLACEMENT_3D('',#3209,#3210,#3211);
#3209 = CARTESIAN_POINT('',(-1.08866619423E-15,-10.16,0.9));
#3210 = DIRECTION('',(0.,0.,1.));
#3211 = DIRECTION('',(1.110223024625E-16,1.,-0.));
#3212 = ADVANCED_FACE('',(#3213),#3256,.T.);
#3213 = FACE_BOUND('',#3214,.T.);
#3214 = EDGE_LOOP('',(#3215,#3216,#3224,#3232,#3240,#3248,#3254,#3255));
#3215 = ORIENTED_EDGE('',*,*,#2103,.F.);
#3216 = ORIENTED_EDGE('',*,*,#3217,.T.);
#3217 = EDGE_CURVE('',#2104,#3218,#3220,.T.);
#3218 = VERTEX_POINT('',#3219);
#3219 = CARTESIAN_POINT('',(-0.1,-10.41,7.35));
#3220 = LINE('',#3221,#3222);
#3221 = CARTESIAN_POINT('',(-0.1,-10.46,7.4));
#3222 = VECTOR('',#3223,1.);
#3223 = DIRECTION('',(7.850462293414E-17,0.707106781187,-0.707106781187)
  );
#3224 = ORIENTED_EDGE('',*,*,#3225,.T.);
#3225 = EDGE_CURVE('',#3218,#3226,#3228,.T.);
#3226 = VERTEX_POINT('',#3227);
#3227 = CARTESIAN_POINT('',(-0.1,-10.41,1.25));
#3228 = LINE('',#3229,#3230);
#3229 = CARTESIAN_POINT('',(-0.1,-10.41,7.35));
#3230 = VECTOR('',#3231,1.);
#3231 = DIRECTION('',(0.,0.,-1.));
#3232 = ORIENTED_EDGE('',*,*,#3233,.T.);
#3233 = EDGE_CURVE('',#3226,#3234,#3236,.T.);
#3234 = VERTEX_POINT('',#3235);
#3235 = CARTESIAN_POINT('',(-0.1,-9.91,1.25));
#3236 = LINE('',#3237,#3238);
#3237 = CARTESIAN_POINT('',(-0.1,-10.41,1.25));
#3238 = VECTOR('',#3239,1.);
#3239 = DIRECTION('',(1.110223024625E-16,1.,0.));
#3240 = ORIENTED_EDGE('',*,*,#3241,.T.);
#3241 = EDGE_CURVE('',#3234,#3242,#3244,.T.);
#3242 = VERTEX_POINT('',#3243);
#3243 = CARTESIAN_POINT('',(-0.1,-9.91,7.35));
#3244 = LINE('',#3245,#3246);
#3245 = CARTESIAN_POINT('',(-0.1,-9.91,1.25));
#3246 = VECTOR('',#3247,1.);
#3247 = DIRECTION('',(0.,0.,1.));
#3248 = ORIENTED_EDGE('',*,*,#3249,.T.);
#3249 = EDGE_CURVE('',#3242,#2032,#3250,.T.);
#3250 = LINE('',#3251,#3252);
#3251 = CARTESIAN_POINT('',(-0.1,-9.91,7.35));
#3252 = VECTOR('',#3253,1.);
#3253 = DIRECTION('',(7.850462293414E-17,0.707106781187,0.707106781187)
  );
#3254 = ORIENTED_EDGE('',*,*,#2039,.F.);
#3255 = ORIENTED_EDGE('',*,*,#3200,.T.);
#3256 = PLANE('',#3257);
#3257 = AXIS2_PLACEMENT_3D('',#3258,#3259,#3260);
#3258 = CARTESIAN_POINT('',(-0.1,-10.16,3.911477598424));
#3259 = DIRECTION('',(-1.,1.110223024625E-16,0.));
#3260 = DIRECTION('',(0.,0.,1.));
#3261 = ADVANCED_FACE('',(#3262),#3280,.T.);
#3262 = FACE_BOUND('',#3263,.T.);
#3263 = EDGE_LOOP('',(#3264,#3272,#3278,#3279));
#3264 = ORIENTED_EDGE('',*,*,#3265,.T.);
#3265 = EDGE_CURVE('',#3242,#3266,#3268,.T.);
#3266 = VERTEX_POINT('',#3267);
#3267 = CARTESIAN_POINT('',(0.1,-9.91,7.35));
#3268 = LINE('',#3269,#3270);
#3269 = CARTESIAN_POINT('',(-0.1,-9.91,7.35));
#3270 = VECTOR('',#3271,1.);
#3271 = DIRECTION('',(1.,-1.110223024625E-16,0.));
#3272 = ORIENTED_EDGE('',*,*,#3273,.T.);
#3273 = EDGE_CURVE('',#3266,#2024,#3274,.T.);
#3274 = LINE('',#3275,#3276);
#3275 = CARTESIAN_POINT('',(0.1,-9.91,7.35));
#3276 = VECTOR('',#3277,1.);
#3277 = DIRECTION('',(7.850462293414E-17,0.707106781187,0.707106781187)
  );
#3278 = ORIENTED_EDGE('',*,*,#2031,.F.);
#3279 = ORIENTED_EDGE('',*,*,#3249,.F.);
#3280 = PLANE('',#3281);
#3281 = AXIS2_PLACEMENT_3D('',#3282,#3283,#3284);
#3282 = CARTESIAN_POINT('',(-0.1,-9.91,7.35));
#3283 = DIRECTION('',(-7.850462293414E-17,-0.707106781187,0.707106781187
    ));
#3284 = DIRECTION('',(7.850462293414E-17,0.707106781187,0.707106781187)
  );
#3285 = ADVANCED_FACE('',(#3286),#3322,.F.);
#3286 = FACE_BOUND('',#3287,.F.);
#3287 = EDGE_LOOP('',(#3288,#3289,#3297,#3305,#3313,#3319,#3320,#3321));
#3288 = ORIENTED_EDGE('',*,*,#2119,.F.);
#3289 = ORIENTED_EDGE('',*,*,#3290,.T.);
#3290 = EDGE_CURVE('',#2112,#3291,#3293,.T.);
#3291 = VERTEX_POINT('',#3292);
#3292 = CARTESIAN_POINT('',(0.1,-10.41,7.35));
#3293 = LINE('',#3294,#3295);
#3294 = CARTESIAN_POINT('',(0.1,-10.46,7.4));
#3295 = VECTOR('',#3296,1.);
#3296 = DIRECTION('',(7.850462293414E-17,0.707106781187,-0.707106781187)
  );
#3297 = ORIENTED_EDGE('',*,*,#3298,.T.);
#3298 = EDGE_CURVE('',#3291,#3299,#3301,.T.);
#3299 = VERTEX_POINT('',#3300);
#3300 = CARTESIAN_POINT('',(0.1,-10.41,1.25));
#3301 = LINE('',#3302,#3303);
#3302 = CARTESIAN_POINT('',(0.1,-10.41,7.35));
#3303 = VECTOR('',#3304,1.);
#3304 = DIRECTION('',(0.,0.,-1.));
#3305 = ORIENTED_EDGE('',*,*,#3306,.T.);
#3306 = EDGE_CURVE('',#3299,#3307,#3309,.T.);
#3307 = VERTEX_POINT('',#3308);
#3308 = CARTESIAN_POINT('',(0.1,-9.91,1.25));
#3309 = LINE('',#3310,#3311);
#3310 = CARTESIAN_POINT('',(0.1,-10.41,1.25));
#3311 = VECTOR('',#3312,1.);
#3312 = DIRECTION('',(1.110223024625E-16,1.,0.));
#3313 = ORIENTED_EDGE('',*,*,#3314,.T.);
#3314 = EDGE_CURVE('',#3307,#3266,#3315,.T.);
#3315 = LINE('',#3316,#3317);
#3316 = CARTESIAN_POINT('',(0.1,-9.91,1.25));
#3317 = VECTOR('',#3318,1.);
#3318 = DIRECTION('',(0.,0.,1.));
#3319 = ORIENTED_EDGE('',*,*,#3273,.T.);
#3320 = ORIENTED_EDGE('',*,*,#2023,.F.);
#3321 = ORIENTED_EDGE('',*,*,#3185,.T.);
#3322 = PLANE('',#3323);
#3323 = AXIS2_PLACEMENT_3D('',#3324,#3325,#3326);
#3324 = CARTESIAN_POINT('',(0.1,-10.16,3.911477598424));
#3325 = DIRECTION('',(-1.,1.110223024625E-16,0.));
#3326 = DIRECTION('',(0.,0.,1.));
#3327 = ADVANCED_FACE('',(#3328),#3339,.T.);
#3328 = FACE_BOUND('',#3329,.T.);
#3329 = EDGE_LOOP('',(#3330,#3331,#3332,#3338));
#3330 = ORIENTED_EDGE('',*,*,#2111,.T.);
#3331 = ORIENTED_EDGE('',*,*,#3290,.T.);
#3332 = ORIENTED_EDGE('',*,*,#3333,.F.);
#3333 = EDGE_CURVE('',#3218,#3291,#3334,.T.);
#3334 = LINE('',#3335,#3336);
#3335 = CARTESIAN_POINT('',(-0.1,-10.41,7.35));
#3336 = VECTOR('',#3337,1.);
#3337 = DIRECTION('',(1.,-1.110223024625E-16,0.));
#3338 = ORIENTED_EDGE('',*,*,#3217,.F.);
#3339 = PLANE('',#3340);
#3340 = AXIS2_PLACEMENT_3D('',#3341,#3342,#3343);
#3341 = CARTESIAN_POINT('',(-0.1,-10.46,7.4));
#3342 = DIRECTION('',(7.850462293414E-17,0.707106781187,0.707106781187)
  );
#3343 = DIRECTION('',(7.850462293414E-17,0.707106781187,-0.707106781187)
  );
#3344 = ADVANCED_FACE('',(#3345),#3356,.T.);
#3345 = FACE_BOUND('',#3346,.T.);
#3346 = EDGE_LOOP('',(#3347,#3348,#3349,#3350));
#3347 = ORIENTED_EDGE('',*,*,#2287,.T.);
#3348 = ORIENTED_EDGE('',*,*,#2150,.T.);
#3349 = ORIENTED_EDGE('',*,*,#2175,.T.);
#3350 = ORIENTED_EDGE('',*,*,#3351,.T.);
#3351 = EDGE_CURVE('',#2176,#2280,#3352,.T.);
#3352 = LINE('',#3353,#3354);
#3353 = CARTESIAN_POINT('',(0.1,-7.62,0.9));
#3354 = VECTOR('',#3355,1.);
#3355 = DIRECTION('',(-1.110223024625E-16,-1.,0.));
#3356 = PLANE('',#3357);
#3357 = AXIS2_PLACEMENT_3D('',#3358,#3359,#3360);
#3358 = CARTESIAN_POINT('',(-8.066695459756E-16,-7.62,0.9));
#3359 = DIRECTION('',(0.,0.,1.));
#3360 = DIRECTION('',(1.110223024625E-16,1.,-0.));
#3361 = ADVANCED_FACE('',(#3362),#3373,.T.);
#3362 = FACE_BOUND('',#3363,.T.);
#3363 = EDGE_LOOP('',(#3364,#3365,#3371,#3372));
#3364 = ORIENTED_EDGE('',*,*,#2255,.T.);
#3365 = ORIENTED_EDGE('',*,*,#3366,.F.);
#3366 = EDGE_CURVE('',#2200,#2256,#3367,.T.);
#3367 = LINE('',#3368,#3369);
#3368 = CARTESIAN_POINT('',(-0.1,-7.62,0.9));
#3369 = VECTOR('',#3370,1.);
#3370 = DIRECTION('',(-1.110223024625E-16,-1.,0.));
#3371 = ORIENTED_EDGE('',*,*,#2207,.T.);
#3372 = ORIENTED_EDGE('',*,*,#2230,.T.);
#3373 = PLANE('',#3374);
#3374 = AXIS2_PLACEMENT_3D('',#3375,#3376,#3377);
#3375 = CARTESIAN_POINT('',(-8.066695459756E-16,-7.62,0.9));
#3376 = DIRECTION('',(0.,0.,1.));
#3377 = DIRECTION('',(1.110223024625E-16,1.,-0.));
#3378 = ADVANCED_FACE('',(#3379),#3422,.T.);
#3379 = FACE_BOUND('',#3380,.T.);
#3380 = EDGE_LOOP('',(#3381,#3382,#3390,#3398,#3406,#3414,#3420,#3421));
#3381 = ORIENTED_EDGE('',*,*,#2263,.F.);
#3382 = ORIENTED_EDGE('',*,*,#3383,.T.);
#3383 = EDGE_CURVE('',#2264,#3384,#3386,.T.);
#3384 = VERTEX_POINT('',#3385);
#3385 = CARTESIAN_POINT('',(-0.1,-7.87,7.35));
#3386 = LINE('',#3387,#3388);
#3387 = CARTESIAN_POINT('',(-0.1,-7.92,7.4));
#3388 = VECTOR('',#3389,1.);
#3389 = DIRECTION('',(7.850462293414E-17,0.707106781187,-0.707106781187)
  );
#3390 = ORIENTED_EDGE('',*,*,#3391,.T.);
#3391 = EDGE_CURVE('',#3384,#3392,#3394,.T.);
#3392 = VERTEX_POINT('',#3393);
#3393 = CARTESIAN_POINT('',(-0.1,-7.87,1.25));
#3394 = LINE('',#3395,#3396);
#3395 = CARTESIAN_POINT('',(-0.1,-7.87,7.35));
#3396 = VECTOR('',#3397,1.);
#3397 = DIRECTION('',(0.,0.,-1.));
#3398 = ORIENTED_EDGE('',*,*,#3399,.T.);
#3399 = EDGE_CURVE('',#3392,#3400,#3402,.T.);
#3400 = VERTEX_POINT('',#3401);
#3401 = CARTESIAN_POINT('',(-0.1,-7.37,1.25));
#3402 = LINE('',#3403,#3404);
#3403 = CARTESIAN_POINT('',(-0.1,-7.87,1.25));
#3404 = VECTOR('',#3405,1.);
#3405 = DIRECTION('',(1.110223024625E-16,1.,0.));
#3406 = ORIENTED_EDGE('',*,*,#3407,.T.);
#3407 = EDGE_CURVE('',#3400,#3408,#3410,.T.);
#3408 = VERTEX_POINT('',#3409);
#3409 = CARTESIAN_POINT('',(-0.1,-7.37,7.35));
#3410 = LINE('',#3411,#3412);
#3411 = CARTESIAN_POINT('',(-0.1,-7.37,1.25));
#3412 = VECTOR('',#3413,1.);
#3413 = DIRECTION('',(0.,0.,1.));
#3414 = ORIENTED_EDGE('',*,*,#3415,.T.);
#3415 = EDGE_CURVE('',#3408,#2192,#3416,.T.);
#3416 = LINE('',#3417,#3418);
#3417 = CARTESIAN_POINT('',(-0.1,-7.37,7.35));
#3418 = VECTOR('',#3419,1.);
#3419 = DIRECTION('',(7.850462293414E-17,0.707106781187,0.707106781187)
  );
#3420 = ORIENTED_EDGE('',*,*,#2199,.F.);
#3421 = ORIENTED_EDGE('',*,*,#3366,.T.);
#3422 = PLANE('',#3423);
#3423 = AXIS2_PLACEMENT_3D('',#3424,#3425,#3426);
#3424 = CARTESIAN_POINT('',(-0.1,-7.62,3.911477598424));
#3425 = DIRECTION('',(-1.,1.110223024625E-16,0.));
#3426 = DIRECTION('',(0.,0.,1.));
#3427 = ADVANCED_FACE('',(#3428),#3446,.T.);
#3428 = FACE_BOUND('',#3429,.T.);
#3429 = EDGE_LOOP('',(#3430,#3438,#3444,#3445));
#3430 = ORIENTED_EDGE('',*,*,#3431,.T.);
#3431 = EDGE_CURVE('',#3408,#3432,#3434,.T.);
#3432 = VERTEX_POINT('',#3433);
#3433 = CARTESIAN_POINT('',(0.1,-7.37,7.35));
#3434 = LINE('',#3435,#3436);
#3435 = CARTESIAN_POINT('',(-0.1,-7.37,7.35));
#3436 = VECTOR('',#3437,1.);
#3437 = DIRECTION('',(1.,-1.110223024625E-16,0.));
#3438 = ORIENTED_EDGE('',*,*,#3439,.T.);
#3439 = EDGE_CURVE('',#3432,#2184,#3440,.T.);
#3440 = LINE('',#3441,#3442);
#3441 = CARTESIAN_POINT('',(0.1,-7.37,7.35));
#3442 = VECTOR('',#3443,1.);
#3443 = DIRECTION('',(7.850462293414E-17,0.707106781187,0.707106781187)
  );
#3444 = ORIENTED_EDGE('',*,*,#2191,.F.);
#3445 = ORIENTED_EDGE('',*,*,#3415,.F.);
#3446 = PLANE('',#3447);
#3447 = AXIS2_PLACEMENT_3D('',#3448,#3449,#3450);
#3448 = CARTESIAN_POINT('',(-0.1,-7.37,7.35));
#3449 = DIRECTION('',(-7.850462293414E-17,-0.707106781187,0.707106781187
    ));
#3450 = DIRECTION('',(7.850462293414E-17,0.707106781187,0.707106781187)
  );
#3451 = ADVANCED_FACE('',(#3452),#3488,.F.);
#3452 = FACE_BOUND('',#3453,.F.);
#3453 = EDGE_LOOP('',(#3454,#3455,#3463,#3471,#3479,#3485,#3486,#3487));
#3454 = ORIENTED_EDGE('',*,*,#2279,.F.);
#3455 = ORIENTED_EDGE('',*,*,#3456,.T.);
#3456 = EDGE_CURVE('',#2272,#3457,#3459,.T.);
#3457 = VERTEX_POINT('',#3458);
#3458 = CARTESIAN_POINT('',(0.1,-7.87,7.35));
#3459 = LINE('',#3460,#3461);
#3460 = CARTESIAN_POINT('',(0.1,-7.92,7.4));
#3461 = VECTOR('',#3462,1.);
#3462 = DIRECTION('',(7.850462293414E-17,0.707106781187,-0.707106781187)
  );
#3463 = ORIENTED_EDGE('',*,*,#3464,.T.);
#3464 = EDGE_CURVE('',#3457,#3465,#3467,.T.);
#3465 = VERTEX_POINT('',#3466);
#3466 = CARTESIAN_POINT('',(0.1,-7.87,1.25));
#3467 = LINE('',#3468,#3469);
#3468 = CARTESIAN_POINT('',(0.1,-7.87,7.35));
#3469 = VECTOR('',#3470,1.);
#3470 = DIRECTION('',(0.,0.,-1.));
#3471 = ORIENTED_EDGE('',*,*,#3472,.T.);
#3472 = EDGE_CURVE('',#3465,#3473,#3475,.T.);
#3473 = VERTEX_POINT('',#3474);
#3474 = CARTESIAN_POINT('',(0.1,-7.37,1.25));
#3475 = LINE('',#3476,#3477);
#3476 = CARTESIAN_POINT('',(0.1,-7.87,1.25));
#3477 = VECTOR('',#3478,1.);
#3478 = DIRECTION('',(1.110223024625E-16,1.,0.));
#3479 = ORIENTED_EDGE('',*,*,#3480,.T.);
#3480 = EDGE_CURVE('',#3473,#3432,#3481,.T.);
#3481 = LINE('',#3482,#3483);
#3482 = CARTESIAN_POINT('',(0.1,-7.37,1.25));
#3483 = VECTOR('',#3484,1.);
#3484 = DIRECTION('',(0.,0.,1.));
#3485 = ORIENTED_EDGE('',*,*,#3439,.T.);
#3486 = ORIENTED_EDGE('',*,*,#2183,.F.);
#3487 = ORIENTED_EDGE('',*,*,#3351,.T.);
#3488 = PLANE('',#3489);
#3489 = AXIS2_PLACEMENT_3D('',#3490,#3491,#3492);
#3490 = CARTESIAN_POINT('',(0.1,-7.62,3.911477598424));
#3491 = DIRECTION('',(-1.,1.110223024625E-16,0.));
#3492 = DIRECTION('',(0.,0.,1.));
#3493 = ADVANCED_FACE('',(#3494),#3505,.T.);
#3494 = FACE_BOUND('',#3495,.T.);
#3495 = EDGE_LOOP('',(#3496,#3497,#3498,#3504));
#3496 = ORIENTED_EDGE('',*,*,#2271,.T.);
#3497 = ORIENTED_EDGE('',*,*,#3456,.T.);
#3498 = ORIENTED_EDGE('',*,*,#3499,.F.);
#3499 = EDGE_CURVE('',#3384,#3457,#3500,.T.);
#3500 = LINE('',#3501,#3502);
#3501 = CARTESIAN_POINT('',(-0.1,-7.87,7.35));
#3502 = VECTOR('',#3503,1.);
#3503 = DIRECTION('',(1.,-1.110223024625E-16,0.));
#3504 = ORIENTED_EDGE('',*,*,#3383,.F.);
#3505 = PLANE('',#3506);
#3506 = AXIS2_PLACEMENT_3D('',#3507,#3508,#3509);
#3507 = CARTESIAN_POINT('',(-0.1,-7.92,7.4));
#3508 = DIRECTION('',(7.850462293414E-17,0.707106781187,0.707106781187)
  );
#3509 = DIRECTION('',(7.850462293414E-17,0.707106781187,-0.707106781187)
  );
#3510 = ADVANCED_FACE('',(#3511),#3522,.T.);
#3511 = FACE_BOUND('',#3512,.T.);
#3512 = EDGE_LOOP('',(#3513,#3514,#3515,#3516));
#3513 = ORIENTED_EDGE('',*,*,#2447,.T.);
#3514 = ORIENTED_EDGE('',*,*,#2310,.T.);
#3515 = ORIENTED_EDGE('',*,*,#2335,.T.);
#3516 = ORIENTED_EDGE('',*,*,#3517,.T.);
#3517 = EDGE_CURVE('',#2336,#2440,#3518,.T.);
#3518 = LINE('',#3519,#3520);
#3519 = CARTESIAN_POINT('',(0.1,-5.08,0.9));
#3520 = VECTOR('',#3521,1.);
#3521 = DIRECTION('',(-1.110223024625E-16,-1.,0.));
#3522 = PLANE('',#3523);
#3523 = AXIS2_PLACEMENT_3D('',#3524,#3525,#3526);
#3524 = CARTESIAN_POINT('',(-5.246728977208E-16,-5.08,0.9));
#3525 = DIRECTION('',(0.,0.,1.));
#3526 = DIRECTION('',(1.110223024625E-16,1.,-0.));
#3527 = ADVANCED_FACE('',(#3528),#3539,.T.);
#3528 = FACE_BOUND('',#3529,.T.);
#3529 = EDGE_LOOP('',(#3530,#3531,#3537,#3538));
#3530 = ORIENTED_EDGE('',*,*,#2415,.T.);
#3531 = ORIENTED_EDGE('',*,*,#3532,.F.);
#3532 = EDGE_CURVE('',#2360,#2416,#3533,.T.);
#3533 = LINE('',#3534,#3535);
#3534 = CARTESIAN_POINT('',(-0.1,-5.08,0.9));
#3535 = VECTOR('',#3536,1.);
#3536 = DIRECTION('',(-1.110223024625E-16,-1.,0.));
#3537 = ORIENTED_EDGE('',*,*,#2367,.T.);
#3538 = ORIENTED_EDGE('',*,*,#2390,.T.);
#3539 = PLANE('',#3540);
#3540 = AXIS2_PLACEMENT_3D('',#3541,#3542,#3543);
#3541 = CARTESIAN_POINT('',(-5.246728977208E-16,-5.08,0.9));
#3542 = DIRECTION('',(0.,0.,1.));
#3543 = DIRECTION('',(1.110223024625E-16,1.,-0.));
#3544 = ADVANCED_FACE('',(#3545),#3588,.T.);
#3545 = FACE_BOUND('',#3546,.T.);
#3546 = EDGE_LOOP('',(#3547,#3548,#3556,#3564,#3572,#3580,#3586,#3587));
#3547 = ORIENTED_EDGE('',*,*,#2423,.F.);
#3548 = ORIENTED_EDGE('',*,*,#3549,.T.);
#3549 = EDGE_CURVE('',#2424,#3550,#3552,.T.);
#3550 = VERTEX_POINT('',#3551);
#3551 = CARTESIAN_POINT('',(-0.1,-5.33,7.35));
#3552 = LINE('',#3553,#3554);
#3553 = CARTESIAN_POINT('',(-0.1,-5.38,7.4));
#3554 = VECTOR('',#3555,1.);
#3555 = DIRECTION('',(7.850462293414E-17,0.707106781187,-0.707106781187)
  );
#3556 = ORIENTED_EDGE('',*,*,#3557,.T.);
#3557 = EDGE_CURVE('',#3550,#3558,#3560,.T.);
#3558 = VERTEX_POINT('',#3559);
#3559 = CARTESIAN_POINT('',(-0.1,-5.33,1.25));
#3560 = LINE('',#3561,#3562);
#3561 = CARTESIAN_POINT('',(-0.1,-5.33,7.35));
#3562 = VECTOR('',#3563,1.);
#3563 = DIRECTION('',(0.,0.,-1.));
#3564 = ORIENTED_EDGE('',*,*,#3565,.T.);
#3565 = EDGE_CURVE('',#3558,#3566,#3568,.T.);
#3566 = VERTEX_POINT('',#3567);
#3567 = CARTESIAN_POINT('',(-0.1,-4.83,1.25));
#3568 = LINE('',#3569,#3570);
#3569 = CARTESIAN_POINT('',(-0.1,-5.33,1.25));
#3570 = VECTOR('',#3571,1.);
#3571 = DIRECTION('',(1.110223024625E-16,1.,0.));
#3572 = ORIENTED_EDGE('',*,*,#3573,.T.);
#3573 = EDGE_CURVE('',#3566,#3574,#3576,.T.);
#3574 = VERTEX_POINT('',#3575);
#3575 = CARTESIAN_POINT('',(-0.1,-4.83,7.35));
#3576 = LINE('',#3577,#3578);
#3577 = CARTESIAN_POINT('',(-0.1,-4.83,1.25));
#3578 = VECTOR('',#3579,1.);
#3579 = DIRECTION('',(0.,0.,1.));
#3580 = ORIENTED_EDGE('',*,*,#3581,.T.);
#3581 = EDGE_CURVE('',#3574,#2352,#3582,.T.);
#3582 = LINE('',#3583,#3584);
#3583 = CARTESIAN_POINT('',(-0.1,-4.83,7.35));
#3584 = VECTOR('',#3585,1.);
#3585 = DIRECTION('',(7.850462293414E-17,0.707106781187,0.707106781187)
  );
#3586 = ORIENTED_EDGE('',*,*,#2359,.F.);
#3587 = ORIENTED_EDGE('',*,*,#3532,.T.);
#3588 = PLANE('',#3589);
#3589 = AXIS2_PLACEMENT_3D('',#3590,#3591,#3592);
#3590 = CARTESIAN_POINT('',(-0.1,-5.08,3.911477598424));
#3591 = DIRECTION('',(-1.,1.110223024625E-16,0.));
#3592 = DIRECTION('',(0.,0.,1.));
#3593 = ADVANCED_FACE('',(#3594),#3612,.T.);
#3594 = FACE_BOUND('',#3595,.T.);
#3595 = EDGE_LOOP('',(#3596,#3604,#3610,#3611));
#3596 = ORIENTED_EDGE('',*,*,#3597,.T.);
#3597 = EDGE_CURVE('',#3574,#3598,#3600,.T.);
#3598 = VERTEX_POINT('',#3599);
#3599 = CARTESIAN_POINT('',(0.1,-4.83,7.35));
#3600 = LINE('',#3601,#3602);
#3601 = CARTESIAN_POINT('',(-0.1,-4.83,7.35));
#3602 = VECTOR('',#3603,1.);
#3603 = DIRECTION('',(1.,-1.110223024625E-16,0.));
#3604 = ORIENTED_EDGE('',*,*,#3605,.T.);
#3605 = EDGE_CURVE('',#3598,#2344,#3606,.T.);
#3606 = LINE('',#3607,#3608);
#3607 = CARTESIAN_POINT('',(0.1,-4.83,7.35));
#3608 = VECTOR('',#3609,1.);
#3609 = DIRECTION('',(7.850462293414E-17,0.707106781187,0.707106781187)
  );
#3610 = ORIENTED_EDGE('',*,*,#2351,.F.);
#3611 = ORIENTED_EDGE('',*,*,#3581,.F.);
#3612 = PLANE('',#3613);
#3613 = AXIS2_PLACEMENT_3D('',#3614,#3615,#3616);
#3614 = CARTESIAN_POINT('',(-0.1,-4.83,7.35));
#3615 = DIRECTION('',(-7.850462293414E-17,-0.707106781187,0.707106781187
    ));
#3616 = DIRECTION('',(7.850462293414E-17,0.707106781187,0.707106781187)
  );
#3617 = ADVANCED_FACE('',(#3618),#3654,.F.);
#3618 = FACE_BOUND('',#3619,.F.);
#3619 = EDGE_LOOP('',(#3620,#3621,#3629,#3637,#3645,#3651,#3652,#3653));
#3620 = ORIENTED_EDGE('',*,*,#2439,.F.);
#3621 = ORIENTED_EDGE('',*,*,#3622,.T.);
#3622 = EDGE_CURVE('',#2432,#3623,#3625,.T.);
#3623 = VERTEX_POINT('',#3624);
#3624 = CARTESIAN_POINT('',(0.1,-5.33,7.35));
#3625 = LINE('',#3626,#3627);
#3626 = CARTESIAN_POINT('',(0.1,-5.38,7.4));
#3627 = VECTOR('',#3628,1.);
#3628 = DIRECTION('',(7.850462293414E-17,0.707106781187,-0.707106781187)
  );
#3629 = ORIENTED_EDGE('',*,*,#3630,.T.);
#3630 = EDGE_CURVE('',#3623,#3631,#3633,.T.);
#3631 = VERTEX_POINT('',#3632);
#3632 = CARTESIAN_POINT('',(0.1,-5.33,1.25));
#3633 = LINE('',#3634,#3635);
#3634 = CARTESIAN_POINT('',(0.1,-5.33,7.35));
#3635 = VECTOR('',#3636,1.);
#3636 = DIRECTION('',(0.,0.,-1.));
#3637 = ORIENTED_EDGE('',*,*,#3638,.T.);
#3638 = EDGE_CURVE('',#3631,#3639,#3641,.T.);
#3639 = VERTEX_POINT('',#3640);
#3640 = CARTESIAN_POINT('',(0.1,-4.83,1.25));
#3641 = LINE('',#3642,#3643);
#3642 = CARTESIAN_POINT('',(0.1,-5.33,1.25));
#3643 = VECTOR('',#3644,1.);
#3644 = DIRECTION('',(1.110223024625E-16,1.,0.));
#3645 = ORIENTED_EDGE('',*,*,#3646,.T.);
#3646 = EDGE_CURVE('',#3639,#3598,#3647,.T.);
#3647 = LINE('',#3648,#3649);
#3648 = CARTESIAN_POINT('',(0.1,-4.83,1.25));
#3649 = VECTOR('',#3650,1.);
#3650 = DIRECTION('',(0.,0.,1.));
#3651 = ORIENTED_EDGE('',*,*,#3605,.T.);
#3652 = ORIENTED_EDGE('',*,*,#2343,.F.);
#3653 = ORIENTED_EDGE('',*,*,#3517,.T.);
#3654 = PLANE('',#3655);
#3655 = AXIS2_PLACEMENT_3D('',#3656,#3657,#3658);
#3656 = CARTESIAN_POINT('',(0.1,-5.08,3.911477598424));
#3657 = DIRECTION('',(-1.,1.110223024625E-16,0.));
#3658 = DIRECTION('',(0.,0.,1.));
#3659 = ADVANCED_FACE('',(#3660),#3671,.T.);
#3660 = FACE_BOUND('',#3661,.T.);
#3661 = EDGE_LOOP('',(#3662,#3663,#3664,#3670));
#3662 = ORIENTED_EDGE('',*,*,#2431,.T.);
#3663 = ORIENTED_EDGE('',*,*,#3622,.T.);
#3664 = ORIENTED_EDGE('',*,*,#3665,.F.);
#3665 = EDGE_CURVE('',#3550,#3623,#3666,.T.);
#3666 = LINE('',#3667,#3668);
#3667 = CARTESIAN_POINT('',(-0.1,-5.33,7.35));
#3668 = VECTOR('',#3669,1.);
#3669 = DIRECTION('',(1.,-1.110223024625E-16,0.));
#3670 = ORIENTED_EDGE('',*,*,#3549,.F.);
#3671 = PLANE('',#3672);
#3672 = AXIS2_PLACEMENT_3D('',#3673,#3674,#3675);
#3673 = CARTESIAN_POINT('',(-0.1,-5.38,7.4));
#3674 = DIRECTION('',(7.850462293414E-17,0.707106781187,0.707106781187)
  );
#3675 = DIRECTION('',(7.850462293414E-17,0.707106781187,-0.707106781187)
  );
#3676 = ADVANCED_FACE('',(#3677),#3688,.T.);
#3677 = FACE_BOUND('',#3678,.T.);
#3678 = EDGE_LOOP('',(#3679,#3680,#3681,#3682));
#3679 = ORIENTED_EDGE('',*,*,#2607,.T.);
#3680 = ORIENTED_EDGE('',*,*,#2470,.T.);
#3681 = ORIENTED_EDGE('',*,*,#2495,.T.);
#3682 = ORIENTED_EDGE('',*,*,#3683,.T.);
#3683 = EDGE_CURVE('',#2496,#2600,#3684,.T.);
#3684 = LINE('',#3685,#3686);
#3685 = CARTESIAN_POINT('',(0.1,-2.54,0.9));
#3686 = VECTOR('',#3687,1.);
#3687 = DIRECTION('',(-1.110223024625E-16,-1.,0.));
#3688 = PLANE('',#3689);
#3689 = AXIS2_PLACEMENT_3D('',#3690,#3691,#3692);
#3690 = CARTESIAN_POINT('',(-2.42676249466E-16,-2.54,0.9));
#3691 = DIRECTION('',(0.,0.,1.));
#3692 = DIRECTION('',(1.110223024625E-16,1.,-0.));
#3693 = ADVANCED_FACE('',(#3694),#3705,.T.);
#3694 = FACE_BOUND('',#3695,.T.);
#3695 = EDGE_LOOP('',(#3696,#3697,#3703,#3704));
#3696 = ORIENTED_EDGE('',*,*,#2575,.T.);
#3697 = ORIENTED_EDGE('',*,*,#3698,.F.);
#3698 = EDGE_CURVE('',#2520,#2576,#3699,.T.);
#3699 = LINE('',#3700,#3701);
#3700 = CARTESIAN_POINT('',(-0.1,-2.54,0.9));
#3701 = VECTOR('',#3702,1.);
#3702 = DIRECTION('',(-1.110223024625E-16,-1.,0.));
#3703 = ORIENTED_EDGE('',*,*,#2527,.T.);
#3704 = ORIENTED_EDGE('',*,*,#2550,.T.);
#3705 = PLANE('',#3706);
#3706 = AXIS2_PLACEMENT_3D('',#3707,#3708,#3709);
#3707 = CARTESIAN_POINT('',(-2.42676249466E-16,-2.54,0.9));
#3708 = DIRECTION('',(0.,0.,1.));
#3709 = DIRECTION('',(1.110223024625E-16,1.,-0.));
#3710 = ADVANCED_FACE('',(#3711),#3754,.T.);
#3711 = FACE_BOUND('',#3712,.T.);
#3712 = EDGE_LOOP('',(#3713,#3714,#3722,#3730,#3738,#3746,#3752,#3753));
#3713 = ORIENTED_EDGE('',*,*,#2583,.F.);
#3714 = ORIENTED_EDGE('',*,*,#3715,.T.);
#3715 = EDGE_CURVE('',#2584,#3716,#3718,.T.);
#3716 = VERTEX_POINT('',#3717);
#3717 = CARTESIAN_POINT('',(-0.1,-2.79,7.35));
#3718 = LINE('',#3719,#3720);
#3719 = CARTESIAN_POINT('',(-0.1,-2.84,7.4));
#3720 = VECTOR('',#3721,1.);
#3721 = DIRECTION('',(7.850462293414E-17,0.707106781187,-0.707106781187)
  );
#3722 = ORIENTED_EDGE('',*,*,#3723,.T.);
#3723 = EDGE_CURVE('',#3716,#3724,#3726,.T.);
#3724 = VERTEX_POINT('',#3725);
#3725 = CARTESIAN_POINT('',(-0.1,-2.79,1.25));
#3726 = LINE('',#3727,#3728);
#3727 = CARTESIAN_POINT('',(-0.1,-2.79,7.35));
#3728 = VECTOR('',#3729,1.);
#3729 = DIRECTION('',(0.,0.,-1.));
#3730 = ORIENTED_EDGE('',*,*,#3731,.T.);
#3731 = EDGE_CURVE('',#3724,#3732,#3734,.T.);
#3732 = VERTEX_POINT('',#3733);
#3733 = CARTESIAN_POINT('',(-0.1,-2.29,1.25));
#3734 = LINE('',#3735,#3736);
#3735 = CARTESIAN_POINT('',(-0.1,-2.79,1.25));
#3736 = VECTOR('',#3737,1.);
#3737 = DIRECTION('',(1.110223024625E-16,1.,0.));
#3738 = ORIENTED_EDGE('',*,*,#3739,.T.);
#3739 = EDGE_CURVE('',#3732,#3740,#3742,.T.);
#3740 = VERTEX_POINT('',#3741);
#3741 = CARTESIAN_POINT('',(-0.1,-2.29,7.35));
#3742 = LINE('',#3743,#3744);
#3743 = CARTESIAN_POINT('',(-0.1,-2.29,1.25));
#3744 = VECTOR('',#3745,1.);
#3745 = DIRECTION('',(0.,0.,1.));
#3746 = ORIENTED_EDGE('',*,*,#3747,.T.);
#3747 = EDGE_CURVE('',#3740,#2512,#3748,.T.);
#3748 = LINE('',#3749,#3750);
#3749 = CARTESIAN_POINT('',(-0.1,-2.29,7.35));
#3750 = VECTOR('',#3751,1.);
#3751 = DIRECTION('',(7.850462293414E-17,0.707106781187,0.707106781187)
  );
#3752 = ORIENTED_EDGE('',*,*,#2519,.F.);
#3753 = ORIENTED_EDGE('',*,*,#3698,.T.);
#3754 = PLANE('',#3755);
#3755 = AXIS2_PLACEMENT_3D('',#3756,#3757,#3758);
#3756 = CARTESIAN_POINT('',(-0.1,-2.54,3.911477598424));
#3757 = DIRECTION('',(-1.,1.110223024625E-16,0.));
#3758 = DIRECTION('',(0.,0.,1.));
#3759 = ADVANCED_FACE('',(#3760),#3778,.T.);
#3760 = FACE_BOUND('',#3761,.T.);
#3761 = EDGE_LOOP('',(#3762,#3770,#3776,#3777));
#3762 = ORIENTED_EDGE('',*,*,#3763,.T.);
#3763 = EDGE_CURVE('',#3740,#3764,#3766,.T.);
#3764 = VERTEX_POINT('',#3765);
#3765 = CARTESIAN_POINT('',(0.1,-2.29,7.35));
#3766 = LINE('',#3767,#3768);
#3767 = CARTESIAN_POINT('',(-0.1,-2.29,7.35));
#3768 = VECTOR('',#3769,1.);
#3769 = DIRECTION('',(1.,-1.110223024625E-16,0.));
#3770 = ORIENTED_EDGE('',*,*,#3771,.T.);
#3771 = EDGE_CURVE('',#3764,#2504,#3772,.T.);
#3772 = LINE('',#3773,#3774);
#3773 = CARTESIAN_POINT('',(0.1,-2.29,7.35));
#3774 = VECTOR('',#3775,1.);
#3775 = DIRECTION('',(7.850462293414E-17,0.707106781187,0.707106781187)
  );
#3776 = ORIENTED_EDGE('',*,*,#2511,.F.);
#3777 = ORIENTED_EDGE('',*,*,#3747,.F.);
#3778 = PLANE('',#3779);
#3779 = AXIS2_PLACEMENT_3D('',#3780,#3781,#3782);
#3780 = CARTESIAN_POINT('',(-0.1,-2.29,7.35));
#3781 = DIRECTION('',(-7.850462293414E-17,-0.707106781187,0.707106781187
    ));
#3782 = DIRECTION('',(7.850462293414E-17,0.707106781187,0.707106781187)
  );
#3783 = ADVANCED_FACE('',(#3784),#3820,.F.);
#3784 = FACE_BOUND('',#3785,.F.);
#3785 = EDGE_LOOP('',(#3786,#3787,#3795,#3803,#3811,#3817,#3818,#3819));
#3786 = ORIENTED_EDGE('',*,*,#2599,.F.);
#3787 = ORIENTED_EDGE('',*,*,#3788,.T.);
#3788 = EDGE_CURVE('',#2592,#3789,#3791,.T.);
#3789 = VERTEX_POINT('',#3790);
#3790 = CARTESIAN_POINT('',(0.1,-2.79,7.35));
#3791 = LINE('',#3792,#3793);
#3792 = CARTESIAN_POINT('',(0.1,-2.84,7.4));
#3793 = VECTOR('',#3794,1.);
#3794 = DIRECTION('',(7.850462293414E-17,0.707106781187,-0.707106781187)
  );
#3795 = ORIENTED_EDGE('',*,*,#3796,.T.);
#3796 = EDGE_CURVE('',#3789,#3797,#3799,.T.);
#3797 = VERTEX_POINT('',#3798);
#3798 = CARTESIAN_POINT('',(0.1,-2.79,1.25));
#3799 = LINE('',#3800,#3801);
#3800 = CARTESIAN_POINT('',(0.1,-2.79,7.35));
#3801 = VECTOR('',#3802,1.);
#3802 = DIRECTION('',(0.,0.,-1.));
#3803 = ORIENTED_EDGE('',*,*,#3804,.T.);
#3804 = EDGE_CURVE('',#3797,#3805,#3807,.T.);
#3805 = VERTEX_POINT('',#3806);
#3806 = CARTESIAN_POINT('',(0.1,-2.29,1.25));
#3807 = LINE('',#3808,#3809);
#3808 = CARTESIAN_POINT('',(0.1,-2.79,1.25));
#3809 = VECTOR('',#3810,1.);
#3810 = DIRECTION('',(1.110223024625E-16,1.,0.));
#3811 = ORIENTED_EDGE('',*,*,#3812,.T.);
#3812 = EDGE_CURVE('',#3805,#3764,#3813,.T.);
#3813 = LINE('',#3814,#3815);
#3814 = CARTESIAN_POINT('',(0.1,-2.29,1.25));
#3815 = VECTOR('',#3816,1.);
#3816 = DIRECTION('',(0.,0.,1.));
#3817 = ORIENTED_EDGE('',*,*,#3771,.T.);
#3818 = ORIENTED_EDGE('',*,*,#2503,.F.);
#3819 = ORIENTED_EDGE('',*,*,#3683,.T.);
#3820 = PLANE('',#3821);
#3821 = AXIS2_PLACEMENT_3D('',#3822,#3823,#3824);
#3822 = CARTESIAN_POINT('',(0.1,-2.54,3.911477598424));
#3823 = DIRECTION('',(-1.,1.110223024625E-16,0.));
#3824 = DIRECTION('',(0.,0.,1.));
#3825 = ADVANCED_FACE('',(#3826),#3837,.T.);
#3826 = FACE_BOUND('',#3827,.T.);
#3827 = EDGE_LOOP('',(#3828,#3829,#3830,#3836));
#3828 = ORIENTED_EDGE('',*,*,#2591,.T.);
#3829 = ORIENTED_EDGE('',*,*,#3788,.T.);
#3830 = ORIENTED_EDGE('',*,*,#3831,.F.);
#3831 = EDGE_CURVE('',#3716,#3789,#3832,.T.);
#3832 = LINE('',#3833,#3834);
#3833 = CARTESIAN_POINT('',(-0.1,-2.79,7.35));
#3834 = VECTOR('',#3835,1.);
#3835 = DIRECTION('',(1.,-1.110223024625E-16,0.));
#3836 = ORIENTED_EDGE('',*,*,#3715,.F.);
#3837 = PLANE('',#3838);
#3838 = AXIS2_PLACEMENT_3D('',#3839,#3840,#3841);
#3839 = CARTESIAN_POINT('',(-0.1,-2.84,7.4));
#3840 = DIRECTION('',(7.850462293414E-17,0.707106781187,0.707106781187)
  );
#3841 = DIRECTION('',(7.850462293414E-17,0.707106781187,-0.707106781187)
  );
#3842 = ADVANCED_FACE('',(#3843),#3854,.T.);
#3843 = FACE_BOUND('',#3844,.T.);
#3844 = EDGE_LOOP('',(#3845,#3846,#3847,#3848));
#3845 = ORIENTED_EDGE('',*,*,#2767,.T.);
#3846 = ORIENTED_EDGE('',*,*,#2630,.T.);
#3847 = ORIENTED_EDGE('',*,*,#2655,.T.);
#3848 = ORIENTED_EDGE('',*,*,#3849,.T.);
#3849 = EDGE_CURVE('',#2656,#2760,#3850,.T.);
#3850 = LINE('',#3851,#3852);
#3851 = CARTESIAN_POINT('',(0.1,-1.110223024625E-17,0.9));
#3852 = VECTOR('',#3853,1.);
#3853 = DIRECTION('',(-1.110223024625E-16,-1.,0.));
#3854 = PLANE('',#3855);
#3855 = AXIS2_PLACEMENT_3D('',#3856,#3857,#3858);
#3856 = CARTESIAN_POINT('',(3.932039878881E-17,-4.365441207278E-33,0.9)
  );
#3857 = DIRECTION('',(0.,0.,1.));
#3858 = DIRECTION('',(1.110223024625E-16,1.,-0.));
#3859 = ADVANCED_FACE('',(#3860),#3871,.T.);
#3860 = FACE_BOUND('',#3861,.T.);
#3861 = EDGE_LOOP('',(#3862,#3863,#3869,#3870));
#3862 = ORIENTED_EDGE('',*,*,#2735,.T.);
#3863 = ORIENTED_EDGE('',*,*,#3864,.F.);
#3864 = EDGE_CURVE('',#2680,#2736,#3865,.T.);
#3865 = LINE('',#3866,#3867);
#3866 = CARTESIAN_POINT('',(-0.1,1.110223024625E-17,0.9));
#3867 = VECTOR('',#3868,1.);
#3868 = DIRECTION('',(-1.110223024625E-16,-1.,0.));
#3869 = ORIENTED_EDGE('',*,*,#2687,.T.);
#3870 = ORIENTED_EDGE('',*,*,#2710,.T.);
#3871 = PLANE('',#3872);
#3872 = AXIS2_PLACEMENT_3D('',#3873,#3874,#3875);
#3873 = CARTESIAN_POINT('',(3.932039878881E-17,-4.365441207278E-33,0.9)
  );
#3874 = DIRECTION('',(0.,0.,1.));
#3875 = DIRECTION('',(1.110223024625E-16,1.,-0.));
#3876 = ADVANCED_FACE('',(#3877),#3920,.T.);
#3877 = FACE_BOUND('',#3878,.T.);
#3878 = EDGE_LOOP('',(#3879,#3880,#3888,#3896,#3904,#3912,#3918,#3919));
#3879 = ORIENTED_EDGE('',*,*,#2743,.F.);
#3880 = ORIENTED_EDGE('',*,*,#3881,.T.);
#3881 = EDGE_CURVE('',#2744,#3882,#3884,.T.);
#3882 = VERTEX_POINT('',#3883);
#3883 = CARTESIAN_POINT('',(-0.1,-0.25,7.35));
#3884 = LINE('',#3885,#3886);
#3885 = CARTESIAN_POINT('',(-0.1,-0.3,7.4));
#3886 = VECTOR('',#3887,1.);
#3887 = DIRECTION('',(7.850462293414E-17,0.707106781187,-0.707106781187)
  );
#3888 = ORIENTED_EDGE('',*,*,#3889,.T.);
#3889 = EDGE_CURVE('',#3882,#3890,#3892,.T.);
#3890 = VERTEX_POINT('',#3891);
#3891 = CARTESIAN_POINT('',(-0.1,-0.25,1.25));
#3892 = LINE('',#3893,#3894);
#3893 = CARTESIAN_POINT('',(-0.1,-0.25,7.35));
#3894 = VECTOR('',#3895,1.);
#3895 = DIRECTION('',(0.,0.,-1.));
#3896 = ORIENTED_EDGE('',*,*,#3897,.T.);
#3897 = EDGE_CURVE('',#3890,#3898,#3900,.T.);
#3898 = VERTEX_POINT('',#3899);
#3899 = CARTESIAN_POINT('',(-0.1,0.25,1.25));
#3900 = LINE('',#3901,#3902);
#3901 = CARTESIAN_POINT('',(-0.1,-0.25,1.25));
#3902 = VECTOR('',#3903,1.);
#3903 = DIRECTION('',(1.110223024625E-16,1.,0.));
#3904 = ORIENTED_EDGE('',*,*,#3905,.T.);
#3905 = EDGE_CURVE('',#3898,#3906,#3908,.T.);
#3906 = VERTEX_POINT('',#3907);
#3907 = CARTESIAN_POINT('',(-0.1,0.25,7.35));
#3908 = LINE('',#3909,#3910);
#3909 = CARTESIAN_POINT('',(-0.1,0.25,1.25));
#3910 = VECTOR('',#3911,1.);
#3911 = DIRECTION('',(0.,0.,1.));
#3912 = ORIENTED_EDGE('',*,*,#3913,.T.);
#3913 = EDGE_CURVE('',#3906,#2672,#3914,.T.);
#3914 = LINE('',#3915,#3916);
#3915 = CARTESIAN_POINT('',(-0.1,0.25,7.35));
#3916 = VECTOR('',#3917,1.);
#3917 = DIRECTION('',(7.850462293414E-17,0.707106781187,0.707106781187)
  );
#3918 = ORIENTED_EDGE('',*,*,#2679,.F.);
#3919 = ORIENTED_EDGE('',*,*,#3864,.T.);
#3920 = PLANE('',#3921);
#3921 = AXIS2_PLACEMENT_3D('',#3922,#3923,#3924);
#3922 = CARTESIAN_POINT('',(-0.1,1.110223024625E-17,3.911477598424));
#3923 = DIRECTION('',(-1.,1.110223024625E-16,0.));
#3924 = DIRECTION('',(0.,0.,1.));
#3925 = ADVANCED_FACE('',(#3926),#3944,.T.);
#3926 = FACE_BOUND('',#3927,.T.);
#3927 = EDGE_LOOP('',(#3928,#3936,#3942,#3943));
#3928 = ORIENTED_EDGE('',*,*,#3929,.T.);
#3929 = EDGE_CURVE('',#3906,#3930,#3932,.T.);
#3930 = VERTEX_POINT('',#3931);
#3931 = CARTESIAN_POINT('',(0.1,0.25,7.35));
#3932 = LINE('',#3933,#3934);
#3933 = CARTESIAN_POINT('',(-0.1,0.25,7.35));
#3934 = VECTOR('',#3935,1.);
#3935 = DIRECTION('',(1.,-1.110223024625E-16,0.));
#3936 = ORIENTED_EDGE('',*,*,#3937,.T.);
#3937 = EDGE_CURVE('',#3930,#2664,#3938,.T.);
#3938 = LINE('',#3939,#3940);
#3939 = CARTESIAN_POINT('',(0.1,0.25,7.35));
#3940 = VECTOR('',#3941,1.);
#3941 = DIRECTION('',(7.850462293414E-17,0.707106781187,0.707106781187)
  );
#3942 = ORIENTED_EDGE('',*,*,#2671,.F.);
#3943 = ORIENTED_EDGE('',*,*,#3913,.F.);
#3944 = PLANE('',#3945);
#3945 = AXIS2_PLACEMENT_3D('',#3946,#3947,#3948);
#3946 = CARTESIAN_POINT('',(-0.1,0.25,7.35));
#3947 = DIRECTION('',(-7.850462293414E-17,-0.707106781187,0.707106781187
    ));
#3948 = DIRECTION('',(7.850462293414E-17,0.707106781187,0.707106781187)
  );
#3949 = ADVANCED_FACE('',(#3950),#3986,.F.);
#3950 = FACE_BOUND('',#3951,.F.);
#3951 = EDGE_LOOP('',(#3952,#3953,#3961,#3969,#3977,#3983,#3984,#3985));
#3952 = ORIENTED_EDGE('',*,*,#2759,.F.);
#3953 = ORIENTED_EDGE('',*,*,#3954,.T.);
#3954 = EDGE_CURVE('',#2752,#3955,#3957,.T.);
#3955 = VERTEX_POINT('',#3956);
#3956 = CARTESIAN_POINT('',(0.1,-0.25,7.35));
#3957 = LINE('',#3958,#3959);
#3958 = CARTESIAN_POINT('',(0.1,-0.3,7.4));
#3959 = VECTOR('',#3960,1.);
#3960 = DIRECTION('',(7.850462293414E-17,0.707106781187,-0.707106781187)
  );
#3961 = ORIENTED_EDGE('',*,*,#3962,.T.);
#3962 = EDGE_CURVE('',#3955,#3963,#3965,.T.);
#3963 = VERTEX_POINT('',#3964);
#3964 = CARTESIAN_POINT('',(0.1,-0.25,1.25));
#3965 = LINE('',#3966,#3967);
#3966 = CARTESIAN_POINT('',(0.1,-0.25,7.35));
#3967 = VECTOR('',#3968,1.);
#3968 = DIRECTION('',(0.,0.,-1.));
#3969 = ORIENTED_EDGE('',*,*,#3970,.T.);
#3970 = EDGE_CURVE('',#3963,#3971,#3973,.T.);
#3971 = VERTEX_POINT('',#3972);
#3972 = CARTESIAN_POINT('',(0.1,0.25,1.25));
#3973 = LINE('',#3974,#3975);
#3974 = CARTESIAN_POINT('',(0.1,-0.25,1.25));
#3975 = VECTOR('',#3976,1.);
#3976 = DIRECTION('',(1.110223024625E-16,1.,0.));
#3977 = ORIENTED_EDGE('',*,*,#3978,.T.);
#3978 = EDGE_CURVE('',#3971,#3930,#3979,.T.);
#3979 = LINE('',#3980,#3981);
#3980 = CARTESIAN_POINT('',(0.1,0.25,1.25));
#3981 = VECTOR('',#3982,1.);
#3982 = DIRECTION('',(0.,0.,1.));
#3983 = ORIENTED_EDGE('',*,*,#3937,.T.);
#3984 = ORIENTED_EDGE('',*,*,#2663,.F.);
#3985 = ORIENTED_EDGE('',*,*,#3849,.T.);
#3986 = PLANE('',#3987);
#3987 = AXIS2_PLACEMENT_3D('',#3988,#3989,#3990);
#3988 = CARTESIAN_POINT('',(0.1,-1.110223024625E-17,3.911477598424));
#3989 = DIRECTION('',(-1.,1.110223024625E-16,0.));
#3990 = DIRECTION('',(0.,0.,1.));
#3991 = ADVANCED_FACE('',(#3992),#4003,.T.);
#3992 = FACE_BOUND('',#3993,.T.);
#3993 = EDGE_LOOP('',(#3994,#3995,#3996,#4002));
#3994 = ORIENTED_EDGE('',*,*,#2751,.T.);
#3995 = ORIENTED_EDGE('',*,*,#3954,.T.);
#3996 = ORIENTED_EDGE('',*,*,#3997,.F.);
#3997 = EDGE_CURVE('',#3882,#3955,#3998,.T.);
#3998 = LINE('',#3999,#4000);
#3999 = CARTESIAN_POINT('',(-0.1,-0.25,7.35));
#4000 = VECTOR('',#4001,1.);
#4001 = DIRECTION('',(1.,-1.110223024625E-16,0.));
#4002 = ORIENTED_EDGE('',*,*,#3881,.F.);
#4003 = PLANE('',#4004);
#4004 = AXIS2_PLACEMENT_3D('',#4005,#4006,#4007);
#4005 = CARTESIAN_POINT('',(-0.1,-0.3,7.4));
#4006 = DIRECTION('',(7.850462293414E-17,0.707106781187,0.707106781187)
  );
#4007 = DIRECTION('',(7.850462293414E-17,0.707106781187,-0.707106781187)
  );
#4008 = ADVANCED_FACE('',(#4009),#4020,.T.);
#4009 = FACE_BOUND('',#4010,.T.);
#4010 = EDGE_LOOP('',(#4011,#4017,#4018,#4019));
#4011 = ORIENTED_EDGE('',*,*,#4012,.T.);
#4012 = EDGE_CURVE('',#3234,#3307,#4013,.T.);
#4013 = LINE('',#4014,#4015);
#4014 = CARTESIAN_POINT('',(-0.1,-9.91,1.25));
#4015 = VECTOR('',#4016,1.);
#4016 = DIRECTION('',(1.,-1.110223024625E-16,0.));
#4017 = ORIENTED_EDGE('',*,*,#3314,.T.);
#4018 = ORIENTED_EDGE('',*,*,#3265,.F.);
#4019 = ORIENTED_EDGE('',*,*,#3241,.F.);
#4020 = PLANE('',#4021);
#4021 = AXIS2_PLACEMENT_3D('',#4022,#4023,#4024);
#4022 = CARTESIAN_POINT('',(-0.1,-9.91,1.25));
#4023 = DIRECTION('',(-1.110223024625E-16,-1.,0.));
#4024 = DIRECTION('',(0.,0.,1.));
#4025 = ADVANCED_FACE('',(#4026),#4037,.T.);
#4026 = FACE_BOUND('',#4027,.T.);
#4027 = EDGE_LOOP('',(#4028,#4034,#4035,#4036));
#4028 = ORIENTED_EDGE('',*,*,#4029,.T.);
#4029 = EDGE_CURVE('',#3226,#3299,#4030,.T.);
#4030 = LINE('',#4031,#4032);
#4031 = CARTESIAN_POINT('',(-0.1,-10.41,1.25));
#4032 = VECTOR('',#4033,1.);
#4033 = DIRECTION('',(1.,-1.110223024625E-16,0.));
#4034 = ORIENTED_EDGE('',*,*,#3306,.T.);
#4035 = ORIENTED_EDGE('',*,*,#4012,.F.);
#4036 = ORIENTED_EDGE('',*,*,#3233,.F.);
#4037 = PLANE('',#4038);
#4038 = AXIS2_PLACEMENT_3D('',#4039,#4040,#4041);
#4039 = CARTESIAN_POINT('',(-0.1,-10.41,1.25));
#4040 = DIRECTION('',(0.,0.,1.));
#4041 = DIRECTION('',(1.110223024625E-16,1.,-0.));
#4042 = ADVANCED_FACE('',(#4043),#4049,.T.);
#4043 = FACE_BOUND('',#4044,.T.);
#4044 = EDGE_LOOP('',(#4045,#4046,#4047,#4048));
#4045 = ORIENTED_EDGE('',*,*,#3333,.T.);
#4046 = ORIENTED_EDGE('',*,*,#3298,.T.);
#4047 = ORIENTED_EDGE('',*,*,#4029,.F.);
#4048 = ORIENTED_EDGE('',*,*,#3225,.F.);
#4049 = PLANE('',#4050);
#4050 = AXIS2_PLACEMENT_3D('',#4051,#4052,#4053);
#4051 = CARTESIAN_POINT('',(-0.1,-10.41,7.35));
#4052 = DIRECTION('',(1.110223024625E-16,1.,0.));
#4053 = DIRECTION('',(0.,0.,-1.));
#4054 = ADVANCED_FACE('',(#4055),#4066,.T.);
#4055 = FACE_BOUND('',#4056,.T.);
#4056 = EDGE_LOOP('',(#4057,#4063,#4064,#4065));
#4057 = ORIENTED_EDGE('',*,*,#4058,.T.);
#4058 = EDGE_CURVE('',#3400,#3473,#4059,.T.);
#4059 = LINE('',#4060,#4061);
#4060 = CARTESIAN_POINT('',(-0.1,-7.37,1.25));
#4061 = VECTOR('',#4062,1.);
#4062 = DIRECTION('',(1.,-1.110223024625E-16,0.));
#4063 = ORIENTED_EDGE('',*,*,#3480,.T.);
#4064 = ORIENTED_EDGE('',*,*,#3431,.F.);
#4065 = ORIENTED_EDGE('',*,*,#3407,.F.);
#4066 = PLANE('',#4067);
#4067 = AXIS2_PLACEMENT_3D('',#4068,#4069,#4070);
#4068 = CARTESIAN_POINT('',(-0.1,-7.37,1.25));
#4069 = DIRECTION('',(-1.110223024625E-16,-1.,0.));
#4070 = DIRECTION('',(0.,0.,1.));
#4071 = ADVANCED_FACE('',(#4072),#4083,.T.);
#4072 = FACE_BOUND('',#4073,.T.);
#4073 = EDGE_LOOP('',(#4074,#4080,#4081,#4082));
#4074 = ORIENTED_EDGE('',*,*,#4075,.T.);
#4075 = EDGE_CURVE('',#3392,#3465,#4076,.T.);
#4076 = LINE('',#4077,#4078);
#4077 = CARTESIAN_POINT('',(-0.1,-7.87,1.25));
#4078 = VECTOR('',#4079,1.);
#4079 = DIRECTION('',(1.,-1.110223024625E-16,0.));
#4080 = ORIENTED_EDGE('',*,*,#3472,.T.);
#4081 = ORIENTED_EDGE('',*,*,#4058,.F.);
#4082 = ORIENTED_EDGE('',*,*,#3399,.F.);
#4083 = PLANE('',#4084);
#4084 = AXIS2_PLACEMENT_3D('',#4085,#4086,#4087);
#4085 = CARTESIAN_POINT('',(-0.1,-7.87,1.25));
#4086 = DIRECTION('',(0.,0.,1.));
#4087 = DIRECTION('',(1.110223024625E-16,1.,-0.));
#4088 = ADVANCED_FACE('',(#4089),#4095,.T.);
#4089 = FACE_BOUND('',#4090,.T.);
#4090 = EDGE_LOOP('',(#4091,#4092,#4093,#4094));
#4091 = ORIENTED_EDGE('',*,*,#3499,.T.);
#4092 = ORIENTED_EDGE('',*,*,#3464,.T.);
#4093 = ORIENTED_EDGE('',*,*,#4075,.F.);
#4094 = ORIENTED_EDGE('',*,*,#3391,.F.);
#4095 = PLANE('',#4096);
#4096 = AXIS2_PLACEMENT_3D('',#4097,#4098,#4099);
#4097 = CARTESIAN_POINT('',(-0.1,-7.87,7.35));
#4098 = DIRECTION('',(1.110223024625E-16,1.,0.));
#4099 = DIRECTION('',(0.,0.,-1.));
#4100 = ADVANCED_FACE('',(#4101),#4112,.T.);
#4101 = FACE_BOUND('',#4102,.T.);
#4102 = EDGE_LOOP('',(#4103,#4109,#4110,#4111));
#4103 = ORIENTED_EDGE('',*,*,#4104,.T.);
#4104 = EDGE_CURVE('',#3566,#3639,#4105,.T.);
#4105 = LINE('',#4106,#4107);
#4106 = CARTESIAN_POINT('',(-0.1,-4.83,1.25));
#4107 = VECTOR('',#4108,1.);
#4108 = DIRECTION('',(1.,-1.110223024625E-16,0.));
#4109 = ORIENTED_EDGE('',*,*,#3646,.T.);
#4110 = ORIENTED_EDGE('',*,*,#3597,.F.);
#4111 = ORIENTED_EDGE('',*,*,#3573,.F.);
#4112 = PLANE('',#4113);
#4113 = AXIS2_PLACEMENT_3D('',#4114,#4115,#4116);
#4114 = CARTESIAN_POINT('',(-0.1,-4.83,1.25));
#4115 = DIRECTION('',(-1.110223024625E-16,-1.,0.));
#4116 = DIRECTION('',(0.,0.,1.));
#4117 = ADVANCED_FACE('',(#4118),#4129,.T.);
#4118 = FACE_BOUND('',#4119,.T.);
#4119 = EDGE_LOOP('',(#4120,#4126,#4127,#4128));
#4120 = ORIENTED_EDGE('',*,*,#4121,.T.);
#4121 = EDGE_CURVE('',#3558,#3631,#4122,.T.);
#4122 = LINE('',#4123,#4124);
#4123 = CARTESIAN_POINT('',(-0.1,-5.33,1.25));
#4124 = VECTOR('',#4125,1.);
#4125 = DIRECTION('',(1.,-1.110223024625E-16,0.));
#4126 = ORIENTED_EDGE('',*,*,#3638,.T.);
#4127 = ORIENTED_EDGE('',*,*,#4104,.F.);
#4128 = ORIENTED_EDGE('',*,*,#3565,.F.);
#4129 = PLANE('',#4130);
#4130 = AXIS2_PLACEMENT_3D('',#4131,#4132,#4133);
#4131 = CARTESIAN_POINT('',(-0.1,-5.33,1.25));
#4132 = DIRECTION('',(0.,0.,1.));
#4133 = DIRECTION('',(1.110223024625E-16,1.,-0.));
#4134 = ADVANCED_FACE('',(#4135),#4141,.T.);
#4135 = FACE_BOUND('',#4136,.T.);
#4136 = EDGE_LOOP('',(#4137,#4138,#4139,#4140));
#4137 = ORIENTED_EDGE('',*,*,#3665,.T.);
#4138 = ORIENTED_EDGE('',*,*,#3630,.T.);
#4139 = ORIENTED_EDGE('',*,*,#4121,.F.);
#4140 = ORIENTED_EDGE('',*,*,#3557,.F.);
#4141 = PLANE('',#4142);
#4142 = AXIS2_PLACEMENT_3D('',#4143,#4144,#4145);
#4143 = CARTESIAN_POINT('',(-0.1,-5.33,7.35));
#4144 = DIRECTION('',(1.110223024625E-16,1.,0.));
#4145 = DIRECTION('',(0.,0.,-1.));
#4146 = ADVANCED_FACE('',(#4147),#4158,.T.);
#4147 = FACE_BOUND('',#4148,.T.);
#4148 = EDGE_LOOP('',(#4149,#4155,#4156,#4157));
#4149 = ORIENTED_EDGE('',*,*,#4150,.T.);
#4150 = EDGE_CURVE('',#3732,#3805,#4151,.T.);
#4151 = LINE('',#4152,#4153);
#4152 = CARTESIAN_POINT('',(-0.1,-2.29,1.25));
#4153 = VECTOR('',#4154,1.);
#4154 = DIRECTION('',(1.,-1.110223024625E-16,0.));
#4155 = ORIENTED_EDGE('',*,*,#3812,.T.);
#4156 = ORIENTED_EDGE('',*,*,#3763,.F.);
#4157 = ORIENTED_EDGE('',*,*,#3739,.F.);
#4158 = PLANE('',#4159);
#4159 = AXIS2_PLACEMENT_3D('',#4160,#4161,#4162);
#4160 = CARTESIAN_POINT('',(-0.1,-2.29,1.25));
#4161 = DIRECTION('',(-1.110223024625E-16,-1.,0.));
#4162 = DIRECTION('',(0.,0.,1.));
#4163 = ADVANCED_FACE('',(#4164),#4175,.T.);
#4164 = FACE_BOUND('',#4165,.T.);
#4165 = EDGE_LOOP('',(#4166,#4172,#4173,#4174));
#4166 = ORIENTED_EDGE('',*,*,#4167,.T.);
#4167 = EDGE_CURVE('',#3724,#3797,#4168,.T.);
#4168 = LINE('',#4169,#4170);
#4169 = CARTESIAN_POINT('',(-0.1,-2.79,1.25));
#4170 = VECTOR('',#4171,1.);
#4171 = DIRECTION('',(1.,-1.110223024625E-16,0.));
#4172 = ORIENTED_EDGE('',*,*,#3804,.T.);
#4173 = ORIENTED_EDGE('',*,*,#4150,.F.);
#4174 = ORIENTED_EDGE('',*,*,#3731,.F.);
#4175 = PLANE('',#4176);
#4176 = AXIS2_PLACEMENT_3D('',#4177,#4178,#4179);
#4177 = CARTESIAN_POINT('',(-0.1,-2.79,1.25));
#4178 = DIRECTION('',(0.,0.,1.));
#4179 = DIRECTION('',(1.110223024625E-16,1.,-0.));
#4180 = ADVANCED_FACE('',(#4181),#4187,.T.);
#4181 = FACE_BOUND('',#4182,.T.);
#4182 = EDGE_LOOP('',(#4183,#4184,#4185,#4186));
#4183 = ORIENTED_EDGE('',*,*,#3831,.T.);
#4184 = ORIENTED_EDGE('',*,*,#3796,.T.);
#4185 = ORIENTED_EDGE('',*,*,#4167,.F.);
#4186 = ORIENTED_EDGE('',*,*,#3723,.F.);
#4187 = PLANE('',#4188);
#4188 = AXIS2_PLACEMENT_3D('',#4189,#4190,#4191);
#4189 = CARTESIAN_POINT('',(-0.1,-2.79,7.35));
#4190 = DIRECTION('',(1.110223024625E-16,1.,0.));
#4191 = DIRECTION('',(0.,0.,-1.));
#4192 = ADVANCED_FACE('',(#4193),#4204,.T.);
#4193 = FACE_BOUND('',#4194,.T.);
#4194 = EDGE_LOOP('',(#4195,#4201,#4202,#4203));
#4195 = ORIENTED_EDGE('',*,*,#4196,.T.);
#4196 = EDGE_CURVE('',#3898,#3971,#4197,.T.);
#4197 = LINE('',#4198,#4199);
#4198 = CARTESIAN_POINT('',(-0.1,0.25,1.25));
#4199 = VECTOR('',#4200,1.);
#4200 = DIRECTION('',(1.,-1.110223024625E-16,0.));
#4201 = ORIENTED_EDGE('',*,*,#3978,.T.);
#4202 = ORIENTED_EDGE('',*,*,#3929,.F.);
#4203 = ORIENTED_EDGE('',*,*,#3905,.F.);
#4204 = PLANE('',#4205);
#4205 = AXIS2_PLACEMENT_3D('',#4206,#4207,#4208);
#4206 = CARTESIAN_POINT('',(-0.1,0.25,1.25));
#4207 = DIRECTION('',(-1.110223024625E-16,-1.,0.));
#4208 = DIRECTION('',(0.,0.,1.));
#4209 = ADVANCED_FACE('',(#4210),#4221,.T.);
#4210 = FACE_BOUND('',#4211,.T.);
#4211 = EDGE_LOOP('',(#4212,#4218,#4219,#4220));
#4212 = ORIENTED_EDGE('',*,*,#4213,.T.);
#4213 = EDGE_CURVE('',#3890,#3963,#4214,.T.);
#4214 = LINE('',#4215,#4216);
#4215 = CARTESIAN_POINT('',(-0.1,-0.25,1.25));
#4216 = VECTOR('',#4217,1.);
#4217 = DIRECTION('',(1.,-1.110223024625E-16,0.));
#4218 = ORIENTED_EDGE('',*,*,#3970,.T.);
#4219 = ORIENTED_EDGE('',*,*,#4196,.F.);
#4220 = ORIENTED_EDGE('',*,*,#3897,.F.);
#4221 = PLANE('',#4222);
#4222 = AXIS2_PLACEMENT_3D('',#4223,#4224,#4225);
#4223 = CARTESIAN_POINT('',(-0.1,-0.25,1.25));
#4224 = DIRECTION('',(0.,0.,1.));
#4225 = DIRECTION('',(1.110223024625E-16,1.,-0.));
#4226 = ADVANCED_FACE('',(#4227),#4233,.T.);
#4227 = FACE_BOUND('',#4228,.T.);
#4228 = EDGE_LOOP('',(#4229,#4230,#4231,#4232));
#4229 = ORIENTED_EDGE('',*,*,#3997,.T.);
#4230 = ORIENTED_EDGE('',*,*,#3962,.T.);
#4231 = ORIENTED_EDGE('',*,*,#4213,.F.);
#4232 = ORIENTED_EDGE('',*,*,#3889,.F.);
#4233 = PLANE('',#4234);
#4234 = AXIS2_PLACEMENT_3D('',#4235,#4236,#4237);
#4235 = CARTESIAN_POINT('',(-0.1,-0.25,7.35));
#4236 = DIRECTION('',(1.110223024625E-16,1.,0.));
#4237 = DIRECTION('',(0.,0.,-1.));
#4238 = ( GEOMETRIC_REPRESENTATION_CONTEXT(3) 
GLOBAL_UNCERTAINTY_ASSIGNED_CONTEXT((#4242)) 
GLOBAL_UNIT_ASSIGNED_CONTEXT((#4239,#4240,#4241)) REPRESENTATION_CONTEXT
('Context #1','3D Context with UNIT and UNCERTAINTY') );
#4239 = ( LENGTH_UNIT() NAMED_UNIT(*) SI_UNIT(.MILLI.,.METRE.) );
#4240 = ( NAMED_UNIT(*) PLANE_ANGLE_UNIT() SI_UNIT($,.RADIAN.) );
#4241 = ( NAMED_UNIT(*) SI_UNIT($,.STERADIAN.) SOLID_ANGLE_UNIT() );
#4242 = UNCERTAINTY_MEASURE_WITH_UNIT(LENGTH_MEASURE(1.E-07),#4239,
  'distance_accuracy_value','confusion accuracy');
#4243 = CONTEXT_DEPENDENT_SHAPE_REPRESENTATION(#4244,#4246);
#4244 = ( REPRESENTATION_RELATIONSHIP('','',#75,#52) 
REPRESENTATION_RELATIONSHIP_WITH_TRANSFORMATION(#4245) 
SHAPE_REPRESENTATION_RELATIONSHIP() );
#4245 = ITEM_DEFINED_TRANSFORMATION('','',#11,#53);
#4246 = PRODUCT_DEFINITION_SHAPE('Placement','Placement of an item',
  #4247);
#4247 = NEXT_ASSEMBLY_USAGE_OCCURRENCE('1','=>[0:1:1:3]','',#47,#70,$);
#4248 = PRODUCT_RELATED_PRODUCT_CATEGORY('part',$,(#72));
#4249 = SHAPE_DEFINITION_REPRESENTATION(#4250,#4256);
#4250 = PRODUCT_DEFINITION_SHAPE('','',#4251);
#4251 = PRODUCT_DEFINITION('design','',#4252,#4255);
#4252 = PRODUCT_DEFINITION_FORMATION('','',#4253);
#4253 = PRODUCT('JST_EH_S2B-EH_1x02_P2.50mm_Horizontal',
  'JST_EH_S2B-EH_1x02_P2.50mm_Horizontal','',(#4254));
#4254 = PRODUCT_CONTEXT('',#2,'mechanical');
#4255 = PRODUCT_DEFINITION_CONTEXT('part definition',#2,'design');
#4256 = SHAPE_REPRESENTATION('',(#11,#4257),#4261);
#4257 = AXIS2_PLACEMENT_3D('',#4258,#4259,#4260);
#4258 = CARTESIAN_POINT('',(0.,0.,0.));
#4259 = DIRECTION('',(0.,0.,1.));
#4260 = DIRECTION('',(1.,0.,-0.));
#4261 = ( GEOMETRIC_REPRESENTATION_CONTEXT(3) 
GLOBAL_UNCERTAINTY_ASSIGNED_CONTEXT((#4265)) 
GLOBAL_UNIT_ASSIGNED_CONTEXT((#4262,#4263,#4264)) REPRESENTATION_CONTEXT
('Context #1','3D Context with UNIT and UNCERTAINTY') );
#4262 = ( LENGTH_UNIT() NAMED_UNIT(*) SI_UNIT(.MILLI.,.METRE.) );
#4263 = ( NAMED_UNIT(*) PLANE_ANGLE_UNIT() SI_UNIT($,.RADIAN.) );
#4264 = ( NAMED_UNIT(*) SI_UNIT($,.STERADIAN.) SOLID_ANGLE_UNIT() );
#4265 = UNCERTAINTY_MEASURE_WITH_UNIT(LENGTH_MEASURE(1.E-07),#4262,
  'distance_accuracy_value','confusion accuracy');
#4266 = CONTEXT_DEPENDENT_SHAPE_REPRESENTATION(#4267,#4269);
#4267 = ( REPRESENTATION_RELATIONSHIP('','',#4256,#10) 
REPRESENTATION_RELATIONSHIP_WITH_TRANSFORMATION(#4268) 
SHAPE_REPRESENTATION_RELATIONSHIP() );
#4268 = ITEM_DEFINED_TRANSFORMATION('','',#11,#19);
#4269 = PRODUCT_DEFINITION_SHAPE('Placement','Placement of an item',
  #4270);
#4270 = NEXT_ASSEMBLY_USAGE_OCCURRENCE('4','J4','',#5,#4251,$);
#4271 = PRODUCT_RELATED_PRODUCT_CATEGORY('part',$,(#4253));
#4272 = SHAPE_DEFINITION_REPRESENTATION(#4273,#4279);
#4273 = PRODUCT_DEFINITION_SHAPE('','',#4274);
#4274 = PRODUCT_DEFINITION('design','',#4275,#4278);
#4275 = PRODUCT_DEFINITION_FORMATION('','',#4276);
#4276 = PRODUCT('JST_S2B_EH','JST_S2B_EH','',(#4277));
#4277 = PRODUCT_CONTEXT('',#2,'mechanical');
#4278 = PRODUCT_DEFINITION_CONTEXT('part definition',#2,'design');
#4279 = ADVANCED_BREP_SHAPE_REPRESENTATION('',(#11,#4280),#7310);
#4280 = MANIFOLD_SOLID_BREP('',#4281);
#4281 = CLOSED_SHELL('',(#4282,#4322,#4353,#4541,#4637,#4750,#4767,#4791
    ,#4855,#4879,#4943,#4967,#5054,#5071,#5088,#5105,#5122,#5139,#5151,
    #5182,#5206,#5230,#5247,#5278,#5302,#5326,#5343,#5390,#5414,#5438,
    #5455,#5472,#5489,#5506,#5523,#5611,#5630,#5711,#5751,#5768,#5780,
    #5797,#5814,#5831,#5843,#5860,#5877,#5896,#5927,#5951,#5975,#5992,
    #6023,#6047,#6071,#6088,#6105,#6122,#6173,#6190,#6207,#6224,#6270,
    #6282,#6294,#6391,#6415,#6505,#6522,#6619,#6643,#6733,#6750,#6767,
    #6784,#6801,#6834,#6874,#6905,#6922,#6939,#6951,#6984,#7001,#7018,
    #7035,#7068,#7108,#7139,#7156,#7173,#7185,#7218,#7235,#7252,#7264,
    #7281,#7298));
#4282 = ADVANCED_FACE('',(#4283),#4317,.F.);
#4283 = FACE_BOUND('',#4284,.F.);
#4284 = EDGE_LOOP('',(#4285,#4295,#4303,#4311));
#4285 = ORIENTED_EDGE('',*,*,#4286,.F.);
#4286 = EDGE_CURVE('',#4287,#4289,#4291,.T.);
#4287 = VERTEX_POINT('',#4288);
#4288 = CARTESIAN_POINT('',(4.,6.7,2.2));
#4289 = VERTEX_POINT('',#4290);
#4290 = CARTESIAN_POINT('',(4.,2.2,2.2));
#4291 = LINE('',#4292,#4293);
#4292 = CARTESIAN_POINT('',(4.,5.513884850592,2.2));
#4293 = VECTOR('',#4294,1.);
#4294 = DIRECTION('',(0.,-1.,-1.110223024625E-16));
#4295 = ORIENTED_EDGE('',*,*,#4296,.T.);
#4296 = EDGE_CURVE('',#4287,#4297,#4299,.T.);
#4297 = VERTEX_POINT('',#4298);
#4298 = CARTESIAN_POINT('',(5.,6.7,2.2));
#4299 = LINE('',#4300,#4301);
#4300 = CARTESIAN_POINT('',(-2.5,6.7,2.2));
#4301 = VECTOR('',#4302,1.);
#4302 = DIRECTION('',(1.,0.,0.));
#4303 = ORIENTED_EDGE('',*,*,#4304,.T.);
#4304 = EDGE_CURVE('',#4297,#4305,#4307,.T.);
#4305 = VERTEX_POINT('',#4306);
#4306 = CARTESIAN_POINT('',(5.,2.2,2.2));
#4307 = LINE('',#4308,#4309);
#4308 = CARTESIAN_POINT('',(5.,6.7,2.2));
#4309 = VECTOR('',#4310,1.);
#4310 = DIRECTION('',(0.,-1.,-1.110223024625E-16));
#4311 = ORIENTED_EDGE('',*,*,#4312,.F.);
#4312 = EDGE_CURVE('',#4289,#4305,#4313,.T.);
#4313 = LINE('',#4314,#4315);
#4314 = CARTESIAN_POINT('',(-2.5,2.2,2.2));
#4315 = VECTOR('',#4316,1.);
#4316 = DIRECTION('',(1.,0.,0.));
#4317 = PLANE('',#4318);
#4318 = AXIS2_PLACEMENT_3D('',#4319,#4320,#4321);
#4319 = CARTESIAN_POINT('',(-2.5,6.7,2.2));
#4320 = DIRECTION('',(0.,1.110223024625E-16,-1.));
#4321 = DIRECTION('',(0.,-1.,-1.110223024625E-16));
#4322 = ADVANCED_FACE('',(#4323),#4348,.T.);
#4323 = FACE_BOUND('',#4324,.T.);
#4324 = EDGE_LOOP('',(#4325,#4326,#4334,#4342));
#4325 = ORIENTED_EDGE('',*,*,#4286,.F.);
#4326 = ORIENTED_EDGE('',*,*,#4327,.T.);
#4327 = EDGE_CURVE('',#4287,#4328,#4330,.T.);
#4328 = VERTEX_POINT('',#4329);
#4329 = CARTESIAN_POINT('',(4.,6.7,1.35));
#4330 = LINE('',#4331,#4332);
#4331 = CARTESIAN_POINT('',(4.,6.7,4.2));
#4332 = VECTOR('',#4333,1.);
#4333 = DIRECTION('',(0.,1.110223024625E-16,-1.));
#4334 = ORIENTED_EDGE('',*,*,#4335,.T.);
#4335 = EDGE_CURVE('',#4328,#4336,#4338,.T.);
#4336 = VERTEX_POINT('',#4337);
#4337 = CARTESIAN_POINT('',(4.,2.2,1.35));
#4338 = LINE('',#4339,#4340);
#4339 = CARTESIAN_POINT('',(4.,6.7,1.35));
#4340 = VECTOR('',#4341,1.);
#4341 = DIRECTION('',(-0.,-1.,-1.110223024625E-16));
#4342 = ORIENTED_EDGE('',*,*,#4343,.F.);
#4343 = EDGE_CURVE('',#4289,#4336,#4344,.T.);
#4344 = LINE('',#4345,#4346);
#4345 = CARTESIAN_POINT('',(4.,2.2,4.2));
#4346 = VECTOR('',#4347,1.);
#4347 = DIRECTION('',(0.,1.110223024625E-16,-1.));
#4348 = PLANE('',#4349);
#4349 = AXIS2_PLACEMENT_3D('',#4350,#4351,#4352);
#4350 = CARTESIAN_POINT('',(4.,4.327769701184,2.814780671729));
#4351 = DIRECTION('',(-1.,-0.,0.));
#4352 = DIRECTION('',(0.,-1.,-1.110223024625E-16));
#4353 = ADVANCED_FACE('',(#4354,#4468,#4502),#4536,.T.);
#4354 = FACE_BOUND('',#4355,.T.);
#4355 = EDGE_LOOP('',(#4356,#4366,#4372,#4373,#4374,#4382,#4390,#4398,
    #4406,#4414,#4422,#4430,#4438,#4446,#4454,#4462));
#4356 = ORIENTED_EDGE('',*,*,#4357,.T.);
#4357 = EDGE_CURVE('',#4358,#4360,#4362,.T.);
#4358 = VERTEX_POINT('',#4359);
#4359 = CARTESIAN_POINT('',(4.,2.2,2.6));
#4360 = VERTEX_POINT('',#4361);
#4361 = CARTESIAN_POINT('',(5.,2.2,2.6));
#4362 = LINE('',#4363,#4364);
#4363 = CARTESIAN_POINT('',(-2.5,2.2,2.6));
#4364 = VECTOR('',#4365,1.);
#4365 = DIRECTION('',(1.,0.,0.));
#4366 = ORIENTED_EDGE('',*,*,#4367,.F.);
#4367 = EDGE_CURVE('',#4305,#4360,#4368,.T.);
#4368 = LINE('',#4369,#4370);
#4369 = CARTESIAN_POINT('',(5.,2.2,2.2));
#4370 = VECTOR('',#4371,1.);
#4371 = DIRECTION('',(0.,-1.110223024625E-16,1.));
#4372 = ORIENTED_EDGE('',*,*,#4312,.F.);
#4373 = ORIENTED_EDGE('',*,*,#4343,.T.);
#4374 = ORIENTED_EDGE('',*,*,#4375,.T.);
#4375 = EDGE_CURVE('',#4336,#4376,#4378,.T.);
#4376 = VERTEX_POINT('',#4377);
#4377 = CARTESIAN_POINT('',(4.55,2.2,1.35));
#4378 = LINE('',#4379,#4380);
#4379 = CARTESIAN_POINT('',(4.,2.2,1.35));
#4380 = VECTOR('',#4381,1.);
#4381 = DIRECTION('',(1.,0.,0.));
#4382 = ORIENTED_EDGE('',*,*,#4383,.T.);
#4383 = EDGE_CURVE('',#4376,#4384,#4386,.T.);
#4384 = VERTEX_POINT('',#4385);
#4385 = CARTESIAN_POINT('',(4.55,2.2,0.85));
#4386 = LINE('',#4387,#4388);
#4387 = CARTESIAN_POINT('',(4.55,2.2,1.35));
#4388 = VECTOR('',#4389,1.);
#4389 = DIRECTION('',(0.,1.110223024625E-16,-1.));
#4390 = ORIENTED_EDGE('',*,*,#4391,.T.);
#4391 = EDGE_CURVE('',#4384,#4392,#4394,.T.);
#4392 = VERTEX_POINT('',#4393);
#4393 = CARTESIAN_POINT('',(-2.05,2.2,0.85));
#4394 = LINE('',#4395,#4396);
#4395 = CARTESIAN_POINT('',(4.55,2.2,0.85));
#4396 = VECTOR('',#4397,1.);
#4397 = DIRECTION('',(-1.,0.,0.));
#4398 = ORIENTED_EDGE('',*,*,#4399,.T.);
#4399 = EDGE_CURVE('',#4392,#4400,#4402,.T.);
#4400 = VERTEX_POINT('',#4401);
#4401 = CARTESIAN_POINT('',(-2.05,2.2,1.35));
#4402 = LINE('',#4403,#4404);
#4403 = CARTESIAN_POINT('',(-2.05,2.2,0.85));
#4404 = VECTOR('',#4405,1.);
#4405 = DIRECTION('',(0.,-1.110223024625E-16,1.));
#4406 = ORIENTED_EDGE('',*,*,#4407,.T.);
#4407 = EDGE_CURVE('',#4400,#4408,#4410,.T.);
#4408 = VERTEX_POINT('',#4409);
#4409 = CARTESIAN_POINT('',(-1.5,2.2,1.35));
#4410 = LINE('',#4411,#4412);
#4411 = CARTESIAN_POINT('',(-2.05,2.2,1.35));
#4412 = VECTOR('',#4413,1.);
#4413 = DIRECTION('',(1.,0.,0.));
#4414 = ORIENTED_EDGE('',*,*,#4415,.T.);
#4415 = EDGE_CURVE('',#4408,#4416,#4418,.T.);
#4416 = VERTEX_POINT('',#4417);
#4417 = CARTESIAN_POINT('',(-1.5,2.2,2.2));
#4418 = LINE('',#4419,#4420);
#4419 = CARTESIAN_POINT('',(-1.5,2.2,1.35));
#4420 = VECTOR('',#4421,1.);
#4421 = DIRECTION('',(0.,-1.110223024625E-16,1.));
#4422 = ORIENTED_EDGE('',*,*,#4423,.F.);
#4423 = EDGE_CURVE('',#4424,#4416,#4426,.T.);
#4424 = VERTEX_POINT('',#4425);
#4425 = CARTESIAN_POINT('',(-2.5,2.2,2.2));
#4426 = LINE('',#4427,#4428);
#4427 = CARTESIAN_POINT('',(-2.5,2.2,2.2));
#4428 = VECTOR('',#4429,1.);
#4429 = DIRECTION('',(1.,0.,0.));
#4430 = ORIENTED_EDGE('',*,*,#4431,.T.);
#4431 = EDGE_CURVE('',#4424,#4432,#4434,.T.);
#4432 = VERTEX_POINT('',#4433);
#4433 = CARTESIAN_POINT('',(-2.5,2.2,2.6));
#4434 = LINE('',#4435,#4436);
#4435 = CARTESIAN_POINT('',(-2.5,2.2,2.2));
#4436 = VECTOR('',#4437,1.);
#4437 = DIRECTION('',(0.,-1.110223024625E-16,1.));
#4438 = ORIENTED_EDGE('',*,*,#4439,.T.);
#4439 = EDGE_CURVE('',#4432,#4440,#4442,.T.);
#4440 = VERTEX_POINT('',#4441);
#4441 = CARTESIAN_POINT('',(-1.5,2.2,2.6));
#4442 = LINE('',#4443,#4444);
#4443 = CARTESIAN_POINT('',(-2.5,2.2,2.6));
#4444 = VECTOR('',#4445,1.);
#4445 = DIRECTION('',(1.,0.,0.));
#4446 = ORIENTED_EDGE('',*,*,#4447,.T.);
#4447 = EDGE_CURVE('',#4440,#4448,#4450,.T.);
#4448 = VERTEX_POINT('',#4449);
#4449 = CARTESIAN_POINT('',(-1.5,2.2,2.8));
#4450 = LINE('',#4451,#4452);
#4451 = CARTESIAN_POINT('',(-1.5,2.2,1.35));
#4452 = VECTOR('',#4453,1.);
#4453 = DIRECTION('',(0.,-1.110223024625E-16,1.));
#4454 = ORIENTED_EDGE('',*,*,#4455,.T.);
#4455 = EDGE_CURVE('',#4448,#4456,#4458,.T.);
#4456 = VERTEX_POINT('',#4457);
#4457 = CARTESIAN_POINT('',(4.,2.2,2.8));
#4458 = LINE('',#4459,#4460);
#4459 = CARTESIAN_POINT('',(-1.5,2.2,2.8));
#4460 = VECTOR('',#4461,1.);
#4461 = DIRECTION('',(1.,0.,0.));
#4462 = ORIENTED_EDGE('',*,*,#4463,.T.);
#4463 = EDGE_CURVE('',#4456,#4358,#4464,.T.);
#4464 = LINE('',#4465,#4466);
#4465 = CARTESIAN_POINT('',(4.,2.2,4.2));
#4466 = VECTOR('',#4467,1.);
#4467 = DIRECTION('',(0.,1.110223024625E-16,-1.));
#4468 = FACE_BOUND('',#4469,.T.);
#4469 = EDGE_LOOP('',(#4470,#4480,#4488,#4496));
#4470 = ORIENTED_EDGE('',*,*,#4471,.T.);
#4471 = EDGE_CURVE('',#4472,#4474,#4476,.T.);
#4472 = VERTEX_POINT('',#4473);
#4473 = CARTESIAN_POINT('',(-0.32,2.2,2.32));
#4474 = VERTEX_POINT('',#4475);
#4475 = CARTESIAN_POINT('',(-0.32,2.2,1.68));
#4476 = LINE('',#4477,#4478);
#4477 = CARTESIAN_POINT('',(-0.32,2.2,1.269827347467));
#4478 = VECTOR('',#4479,1.);
#4479 = DIRECTION('',(0.,1.110223024625E-16,-1.));
#4480 = ORIENTED_EDGE('',*,*,#4481,.T.);
#4481 = EDGE_CURVE('',#4474,#4482,#4484,.T.);
#4482 = VERTEX_POINT('',#4483);
#4483 = CARTESIAN_POINT('',(0.32,2.2,1.68));
#4484 = LINE('',#4485,#4486);
#4485 = CARTESIAN_POINT('',(0.465,2.2,1.68));
#4486 = VECTOR('',#4487,1.);
#4487 = DIRECTION('',(1.,-3.970526847961E-34,0.));
#4488 = ORIENTED_EDGE('',*,*,#4489,.F.);
#4489 = EDGE_CURVE('',#4490,#4482,#4492,.T.);
#4490 = VERTEX_POINT('',#4491);
#4491 = CARTESIAN_POINT('',(0.32,2.2,2.32));
#4492 = LINE('',#4493,#4494);
#4493 = CARTESIAN_POINT('',(0.32,2.2,1.269827347467));
#4494 = VECTOR('',#4495,1.);
#4495 = DIRECTION('',(0.,1.110223024625E-16,-1.));
#4496 = ORIENTED_EDGE('',*,*,#4497,.T.);
#4497 = EDGE_CURVE('',#4490,#4472,#4498,.T.);
#4498 = LINE('',#4499,#4500);
#4499 = CARTESIAN_POINT('',(0.465,2.2,2.32));
#4500 = VECTOR('',#4501,1.);
#4501 = DIRECTION('',(-1.,3.970526847961E-34,0.));
#4502 = FACE_BOUND('',#4503,.T.);
#4503 = EDGE_LOOP('',(#4504,#4514,#4522,#4530));
#4504 = ORIENTED_EDGE('',*,*,#4505,.F.);
#4505 = EDGE_CURVE('',#4506,#4508,#4510,.T.);
#4506 = VERTEX_POINT('',#4507);
#4507 = CARTESIAN_POINT('',(2.82,2.2,2.32));
#4508 = VERTEX_POINT('',#4509);
#4509 = CARTESIAN_POINT('',(2.82,2.2,1.68));
#4510 = LINE('',#4511,#4512);
#4511 = CARTESIAN_POINT('',(2.82,2.2,1.269827347467));
#4512 = VECTOR('',#4513,1.);
#4513 = DIRECTION('',(0.,1.110223024625E-16,-1.));
#4514 = ORIENTED_EDGE('',*,*,#4515,.T.);
#4515 = EDGE_CURVE('',#4506,#4516,#4518,.T.);
#4516 = VERTEX_POINT('',#4517);
#4517 = CARTESIAN_POINT('',(2.18,2.2,2.32));
#4518 = LINE('',#4519,#4520);
#4519 = CARTESIAN_POINT('',(1.715,2.2,2.32));
#4520 = VECTOR('',#4521,1.);
#4521 = DIRECTION('',(-1.,3.970526847961E-34,0.));
#4522 = ORIENTED_EDGE('',*,*,#4523,.T.);
#4523 = EDGE_CURVE('',#4516,#4524,#4526,.T.);
#4524 = VERTEX_POINT('',#4525);
#4525 = CARTESIAN_POINT('',(2.18,2.2,1.68));
#4526 = LINE('',#4527,#4528);
#4527 = CARTESIAN_POINT('',(2.18,2.2,1.269827347467));
#4528 = VECTOR('',#4529,1.);
#4529 = DIRECTION('',(0.,1.110223024625E-16,-1.));
#4530 = ORIENTED_EDGE('',*,*,#4531,.T.);
#4531 = EDGE_CURVE('',#4524,#4508,#4532,.T.);
#4532 = LINE('',#4533,#4534);
#4533 = CARTESIAN_POINT('',(1.715,2.2,1.68));
#4534 = VECTOR('',#4535,1.);
#4535 = DIRECTION('',(1.,-3.970526847961E-34,0.));
#4536 = PLANE('',#4537);
#4537 = AXIS2_PLACEMENT_3D('',#4538,#4539,#4540);
#4538 = CARTESIAN_POINT('',(1.25,2.2,1.858412322275));
#4539 = DIRECTION('',(3.970526847961E-34,1.,1.110223024625E-16));
#4540 = DIRECTION('',(0.,1.110223024625E-16,-1.));
#4541 = ADVANCED_FACE('',(#4542),#4632,.T.);
#4542 = FACE_BOUND('',#4543,.T.);
#4543 = EDGE_LOOP('',(#4544,#4554,#4562,#4570,#4578,#4584,#4585,#4586,
    #4594,#4602,#4610,#4618,#4626));
#4544 = ORIENTED_EDGE('',*,*,#4545,.T.);
#4545 = EDGE_CURVE('',#4546,#4548,#4550,.T.);
#4546 = VERTEX_POINT('',#4547);
#4547 = CARTESIAN_POINT('',(5.,0.7,4.2));
#4548 = VERTEX_POINT('',#4549);
#4549 = CARTESIAN_POINT('',(5.,0.7,2.6));
#4550 = LINE('',#4551,#4552);
#4551 = CARTESIAN_POINT('',(5.,0.7,4.2));
#4552 = VECTOR('',#4553,1.);
#4553 = DIRECTION('',(0.,1.110223024625E-16,-1.));
#4554 = ORIENTED_EDGE('',*,*,#4555,.T.);
#4555 = EDGE_CURVE('',#4548,#4556,#4558,.T.);
#4556 = VERTEX_POINT('',#4557);
#4557 = CARTESIAN_POINT('',(5.,-1.5,2.2));
#4558 = LINE('',#4559,#4560);
#4559 = CARTESIAN_POINT('',(5.,0.7,2.6));
#4560 = VECTOR('',#4561,1.);
#4561 = DIRECTION('',(0.,-0.9838699101,-0.1788854382));
#4562 = ORIENTED_EDGE('',*,*,#4563,.T.);
#4563 = EDGE_CURVE('',#4556,#4564,#4566,.T.);
#4564 = VERTEX_POINT('',#4565);
#4565 = CARTESIAN_POINT('',(5.,-1.5,0.));
#4566 = LINE('',#4567,#4568);
#4567 = CARTESIAN_POINT('',(5.,-1.5,2.2));
#4568 = VECTOR('',#4569,1.);
#4569 = DIRECTION('',(0.,0.,-1.));
#4570 = ORIENTED_EDGE('',*,*,#4571,.T.);
#4571 = EDGE_CURVE('',#4564,#4572,#4574,.T.);
#4572 = VERTEX_POINT('',#4573);
#4573 = CARTESIAN_POINT('',(5.,6.7,0.));
#4574 = LINE('',#4575,#4576);
#4575 = CARTESIAN_POINT('',(5.,-1.5,0.));
#4576 = VECTOR('',#4577,1.);
#4577 = DIRECTION('',(0.,1.,0.));
#4578 = ORIENTED_EDGE('',*,*,#4579,.T.);
#4579 = EDGE_CURVE('',#4572,#4297,#4580,.T.);
#4580 = LINE('',#4581,#4582);
#4581 = CARTESIAN_POINT('',(5.,6.7,0.));
#4582 = VECTOR('',#4583,1.);
#4583 = DIRECTION('',(0.,0.,1.));
#4584 = ORIENTED_EDGE('',*,*,#4304,.T.);
#4585 = ORIENTED_EDGE('',*,*,#4367,.T.);
#4586 = ORIENTED_EDGE('',*,*,#4587,.T.);
#4587 = EDGE_CURVE('',#4360,#4588,#4590,.T.);
#4588 = VERTEX_POINT('',#4589);
#4589 = CARTESIAN_POINT('',(5.,4.8,2.9));
#4590 = LINE('',#4591,#4592);
#4591 = CARTESIAN_POINT('',(5.,2.2,2.6));
#4592 = VECTOR('',#4593,1.);
#4593 = DIRECTION('',(0.,0.993408935871,0.114624107985));
#4594 = ORIENTED_EDGE('',*,*,#4595,.T.);
#4595 = EDGE_CURVE('',#4588,#4596,#4598,.T.);
#4596 = VERTEX_POINT('',#4597);
#4597 = CARTESIAN_POINT('',(5.,5.,2.6));
#4598 = LINE('',#4599,#4600);
#4599 = CARTESIAN_POINT('',(5.,4.8,2.9));
#4600 = VECTOR('',#4601,1.);
#4601 = DIRECTION('',(0.,0.554700196225,-0.832050294338));
#4602 = ORIENTED_EDGE('',*,*,#4603,.T.);
#4603 = EDGE_CURVE('',#4596,#4604,#4606,.T.);
#4604 = VERTEX_POINT('',#4605);
#4605 = CARTESIAN_POINT('',(5.,5.2,2.6));
#4606 = LINE('',#4607,#4608);
#4607 = CARTESIAN_POINT('',(5.,5.,2.6));
#4608 = VECTOR('',#4609,1.);
#4609 = DIRECTION('',(0.,1.,1.110223024625E-16));
#4610 = ORIENTED_EDGE('',*,*,#4611,.T.);
#4611 = EDGE_CURVE('',#4604,#4612,#4614,.T.);
#4612 = VERTEX_POINT('',#4613);
#4613 = CARTESIAN_POINT('',(5.,5.9,3.2));
#4614 = LINE('',#4615,#4616);
#4615 = CARTESIAN_POINT('',(5.,5.2,2.6));
#4616 = VECTOR('',#4617,1.);
#4617 = DIRECTION('',(0.,0.759256602365,0.650791373456));
#4618 = ORIENTED_EDGE('',*,*,#4619,.T.);
#4619 = EDGE_CURVE('',#4612,#4620,#4622,.T.);
#4620 = VERTEX_POINT('',#4621);
#4621 = CARTESIAN_POINT('',(5.,5.9,4.2));
#4622 = LINE('',#4623,#4624);
#4623 = CARTESIAN_POINT('',(5.,5.9,3.2));
#4624 = VECTOR('',#4625,1.);
#4625 = DIRECTION('',(0.,-1.110223024625E-16,1.));
#4626 = ORIENTED_EDGE('',*,*,#4627,.F.);
#4627 = EDGE_CURVE('',#4546,#4620,#4628,.T.);
#4628 = LINE('',#4629,#4630);
#4629 = CARTESIAN_POINT('',(5.,0.7,4.2));
#4630 = VECTOR('',#4631,1.);
#4631 = DIRECTION('',(0.,1.,1.110223024625E-16));
#4632 = PLANE('',#4633);
#4633 = AXIS2_PLACEMENT_3D('',#4634,#4635,#4636);
#4634 = CARTESIAN_POINT('',(5.,2.971773543868,2.004979809189));
#4635 = DIRECTION('',(1.,-1.100449937671E-31,2.073000862841E-32));
#4636 = DIRECTION('',(1.100449937671E-31,1.,0.));
#4637 = ADVANCED_FACE('',(#4638),#4745,.T.);
#4638 = FACE_BOUND('',#4639,.T.);
#4639 = EDGE_LOOP('',(#4640,#4650,#4658,#4666,#4674,#4682,#4690,#4698,
    #4706,#4714,#4722,#4730,#4736,#4737,#4738,#4739));
#4640 = ORIENTED_EDGE('',*,*,#4641,.T.);
#4641 = EDGE_CURVE('',#4642,#4644,#4646,.T.);
#4642 = VERTEX_POINT('',#4643);
#4643 = CARTESIAN_POINT('',(4.,6.7,0.));
#4644 = VERTEX_POINT('',#4645);
#4645 = CARTESIAN_POINT('',(4.,6.7,0.4));
#4646 = LINE('',#4647,#4648);
#4647 = CARTESIAN_POINT('',(4.,6.7,0.));
#4648 = VECTOR('',#4649,1.);
#4649 = DIRECTION('',(0.,0.,1.));
#4650 = ORIENTED_EDGE('',*,*,#4651,.T.);
#4651 = EDGE_CURVE('',#4644,#4652,#4654,.T.);
#4652 = VERTEX_POINT('',#4653);
#4653 = CARTESIAN_POINT('',(-1.5,6.7,0.4));
#4654 = LINE('',#4655,#4656);
#4655 = CARTESIAN_POINT('',(5.,6.7,0.4));
#4656 = VECTOR('',#4657,1.);
#4657 = DIRECTION('',(-1.,0.,0.));
#4658 = ORIENTED_EDGE('',*,*,#4659,.F.);
#4659 = EDGE_CURVE('',#4660,#4652,#4662,.T.);
#4660 = VERTEX_POINT('',#4661);
#4661 = CARTESIAN_POINT('',(-1.5,6.7,0.));
#4662 = LINE('',#4663,#4664);
#4663 = CARTESIAN_POINT('',(-1.5,6.7,0.));
#4664 = VECTOR('',#4665,1.);
#4665 = DIRECTION('',(0.,0.,1.));
#4666 = ORIENTED_EDGE('',*,*,#4667,.F.);
#4667 = EDGE_CURVE('',#4668,#4660,#4670,.T.);
#4668 = VERTEX_POINT('',#4669);
#4669 = CARTESIAN_POINT('',(-2.5,6.7,0.));
#4670 = LINE('',#4671,#4672);
#4671 = CARTESIAN_POINT('',(-2.5,6.7,0.));
#4672 = VECTOR('',#4673,1.);
#4673 = DIRECTION('',(1.,0.,0.));
#4674 = ORIENTED_EDGE('',*,*,#4675,.T.);
#4675 = EDGE_CURVE('',#4668,#4676,#4678,.T.);
#4676 = VERTEX_POINT('',#4677);
#4677 = CARTESIAN_POINT('',(-2.5,6.7,2.2));
#4678 = LINE('',#4679,#4680);
#4679 = CARTESIAN_POINT('',(-2.5,6.7,0.));
#4680 = VECTOR('',#4681,1.);
#4681 = DIRECTION('',(0.,0.,1.));
#4682 = ORIENTED_EDGE('',*,*,#4683,.T.);
#4683 = EDGE_CURVE('',#4676,#4684,#4686,.T.);
#4684 = VERTEX_POINT('',#4685);
#4685 = CARTESIAN_POINT('',(-1.5,6.7,2.2));
#4686 = LINE('',#4687,#4688);
#4687 = CARTESIAN_POINT('',(-2.5,6.7,2.2));
#4688 = VECTOR('',#4689,1.);
#4689 = DIRECTION('',(1.,0.,0.));
#4690 = ORIENTED_EDGE('',*,*,#4691,.F.);
#4691 = EDGE_CURVE('',#4692,#4684,#4694,.T.);
#4692 = VERTEX_POINT('',#4693);
#4693 = CARTESIAN_POINT('',(-1.5,6.7,1.35));
#4694 = LINE('',#4695,#4696);
#4695 = CARTESIAN_POINT('',(-1.5,6.7,1.35));
#4696 = VECTOR('',#4697,1.);
#4697 = DIRECTION('',(0.,-1.110223024625E-16,1.));
#4698 = ORIENTED_EDGE('',*,*,#4699,.F.);
#4699 = EDGE_CURVE('',#4700,#4692,#4702,.T.);
#4700 = VERTEX_POINT('',#4701);
#4701 = CARTESIAN_POINT('',(-2.05,6.7,1.35));
#4702 = LINE('',#4703,#4704);
#4703 = CARTESIAN_POINT('',(-2.05,6.7,1.35));
#4704 = VECTOR('',#4705,1.);
#4705 = DIRECTION('',(1.,0.,0.));
#4706 = ORIENTED_EDGE('',*,*,#4707,.F.);
#4707 = EDGE_CURVE('',#4708,#4700,#4710,.T.);
#4708 = VERTEX_POINT('',#4709);
#4709 = CARTESIAN_POINT('',(-2.05,6.7,0.85));
#4710 = LINE('',#4711,#4712);
#4711 = CARTESIAN_POINT('',(-2.05,6.7,0.85));
#4712 = VECTOR('',#4713,1.);
#4713 = DIRECTION('',(0.,-1.110223024625E-16,1.));
#4714 = ORIENTED_EDGE('',*,*,#4715,.F.);
#4715 = EDGE_CURVE('',#4716,#4708,#4718,.T.);
#4716 = VERTEX_POINT('',#4717);
#4717 = CARTESIAN_POINT('',(4.55,6.7,0.85));
#4718 = LINE('',#4719,#4720);
#4719 = CARTESIAN_POINT('',(4.55,6.7,0.85));
#4720 = VECTOR('',#4721,1.);
#4721 = DIRECTION('',(-1.,0.,0.));
#4722 = ORIENTED_EDGE('',*,*,#4723,.F.);
#4723 = EDGE_CURVE('',#4724,#4716,#4726,.T.);
#4724 = VERTEX_POINT('',#4725);
#4725 = CARTESIAN_POINT('',(4.55,6.7,1.35));
#4726 = LINE('',#4727,#4728);
#4727 = CARTESIAN_POINT('',(4.55,6.7,1.35));
#4728 = VECTOR('',#4729,1.);
#4729 = DIRECTION('',(0.,1.110223024625E-16,-1.));
#4730 = ORIENTED_EDGE('',*,*,#4731,.F.);
#4731 = EDGE_CURVE('',#4328,#4724,#4732,.T.);
#4732 = LINE('',#4733,#4734);
#4733 = CARTESIAN_POINT('',(4.,6.7,1.35));
#4734 = VECTOR('',#4735,1.);
#4735 = DIRECTION('',(1.,0.,0.));
#4736 = ORIENTED_EDGE('',*,*,#4327,.F.);
#4737 = ORIENTED_EDGE('',*,*,#4296,.T.);
#4738 = ORIENTED_EDGE('',*,*,#4579,.F.);
#4739 = ORIENTED_EDGE('',*,*,#4740,.F.);
#4740 = EDGE_CURVE('',#4642,#4572,#4741,.T.);
#4741 = LINE('',#4742,#4743);
#4742 = CARTESIAN_POINT('',(4.,6.7,0.));
#4743 = VECTOR('',#4744,1.);
#4744 = DIRECTION('',(1.,0.,0.));
#4745 = PLANE('',#4746);
#4746 = AXIS2_PLACEMENT_3D('',#4747,#4748,#4749);
#4747 = CARTESIAN_POINT('',(1.25,6.7,0.908864541833));
#4748 = DIRECTION('',(5.153084937943E-18,1.,-1.761363546477E-16));
#4749 = DIRECTION('',(0.,1.761363546477E-16,1.));
#4750 = ADVANCED_FACE('',(#4751),#4762,.F.);
#4751 = FACE_BOUND('',#4752,.F.);
#4752 = EDGE_LOOP('',(#4753,#4754,#4755,#4761));
#4753 = ORIENTED_EDGE('',*,*,#4335,.T.);
#4754 = ORIENTED_EDGE('',*,*,#4375,.T.);
#4755 = ORIENTED_EDGE('',*,*,#4756,.F.);
#4756 = EDGE_CURVE('',#4724,#4376,#4757,.T.);
#4757 = LINE('',#4758,#4759);
#4758 = CARTESIAN_POINT('',(4.55,6.7,1.35));
#4759 = VECTOR('',#4760,1.);
#4760 = DIRECTION('',(-0.,-1.,-1.110223024625E-16));
#4761 = ORIENTED_EDGE('',*,*,#4731,.F.);
#4762 = PLANE('',#4763);
#4763 = AXIS2_PLACEMENT_3D('',#4764,#4765,#4766);
#4764 = CARTESIAN_POINT('',(4.,6.7,1.35));
#4765 = DIRECTION('',(0.,-1.110223024625E-16,1.));
#4766 = DIRECTION('',(1.,0.,0.));
#4767 = ADVANCED_FACE('',(#4768),#4786,.F.);
#4768 = FACE_BOUND('',#4769,.F.);
#4769 = EDGE_LOOP('',(#4770,#4778,#4779,#4780));
#4770 = ORIENTED_EDGE('',*,*,#4771,.F.);
#4771 = EDGE_CURVE('',#4358,#4772,#4774,.T.);
#4772 = VERTEX_POINT('',#4773);
#4773 = CARTESIAN_POINT('',(4.,4.8,2.9));
#4774 = LINE('',#4775,#4776);
#4775 = CARTESIAN_POINT('',(4.,3.262135190069,2.722554060393));
#4776 = VECTOR('',#4777,1.);
#4777 = DIRECTION('',(0.,0.993408935871,0.114624107985));
#4778 = ORIENTED_EDGE('',*,*,#4357,.T.);
#4779 = ORIENTED_EDGE('',*,*,#4587,.T.);
#4780 = ORIENTED_EDGE('',*,*,#4781,.F.);
#4781 = EDGE_CURVE('',#4772,#4588,#4782,.T.);
#4782 = LINE('',#4783,#4784);
#4783 = CARTESIAN_POINT('',(-2.5,4.8,2.9));
#4784 = VECTOR('',#4785,1.);
#4785 = DIRECTION('',(1.,0.,0.));
#4786 = PLANE('',#4787);
#4787 = AXIS2_PLACEMENT_3D('',#4788,#4789,#4790);
#4788 = CARTESIAN_POINT('',(-2.5,2.2,2.6));
#4789 = DIRECTION('',(0.,-0.114624107985,0.993408935871));
#4790 = DIRECTION('',(0.,0.993408935871,0.114624107985));
#4791 = ADVANCED_FACE('',(#4792),#4850,.T.);
#4792 = FACE_BOUND('',#4793,.T.);
#4793 = EDGE_LOOP('',(#4794,#4804,#4812,#4820,#4828,#4834,#4835,#4836,
    #4844));
#4794 = ORIENTED_EDGE('',*,*,#4795,.F.);
#4795 = EDGE_CURVE('',#4796,#4798,#4800,.T.);
#4796 = VERTEX_POINT('',#4797);
#4797 = CARTESIAN_POINT('',(4.,5.9,4.2));
#4798 = VERTEX_POINT('',#4799);
#4799 = CARTESIAN_POINT('',(4.,1.8,4.2));
#4800 = LINE('',#4801,#4802);
#4801 = CARTESIAN_POINT('',(4.,6.7,4.2));
#4802 = VECTOR('',#4803,1.);
#4803 = DIRECTION('',(-0.,-1.,-1.110223024625E-16));
#4804 = ORIENTED_EDGE('',*,*,#4805,.F.);
#4805 = EDGE_CURVE('',#4806,#4796,#4808,.T.);
#4806 = VERTEX_POINT('',#4807);
#4807 = CARTESIAN_POINT('',(4.,5.9,3.2));
#4808 = LINE('',#4809,#4810);
#4809 = CARTESIAN_POINT('',(4.,5.9,3.007390335865));
#4810 = VECTOR('',#4811,1.);
#4811 = DIRECTION('',(0.,-1.110223024625E-16,1.));
#4812 = ORIENTED_EDGE('',*,*,#4813,.F.);
#4813 = EDGE_CURVE('',#4814,#4806,#4816,.T.);
#4814 = VERTEX_POINT('',#4815);
#4815 = CARTESIAN_POINT('',(4.,5.2,2.6));
#4816 = LINE('',#4817,#4818);
#4817 = CARTESIAN_POINT('',(4.,5.001655903357,2.429990774306));
#4818 = VECTOR('',#4819,1.);
#4819 = DIRECTION('',(0.,0.759256602365,0.650791373456));
#4820 = ORIENTED_EDGE('',*,*,#4821,.F.);
#4821 = EDGE_CURVE('',#4822,#4814,#4824,.T.);
#4822 = VERTEX_POINT('',#4823);
#4823 = CARTESIAN_POINT('',(4.,5.,2.6));
#4824 = LINE('',#4825,#4826);
#4825 = CARTESIAN_POINT('',(4.,4.663884850592,2.6));
#4826 = VECTOR('',#4827,1.);
#4827 = DIRECTION('',(0.,1.,1.110223024625E-16));
#4828 = ORIENTED_EDGE('',*,*,#4829,.F.);
#4829 = EDGE_CURVE('',#4772,#4822,#4830,.T.);
#4830 = LINE('',#4831,#4832);
#4831 = CARTESIAN_POINT('',(4.,4.747015183629,2.979477224556));
#4832 = VECTOR('',#4833,1.);
#4833 = DIRECTION('',(0.,0.554700196225,-0.832050294338));
#4834 = ORIENTED_EDGE('',*,*,#4771,.F.);
#4835 = ORIENTED_EDGE('',*,*,#4463,.F.);
#4836 = ORIENTED_EDGE('',*,*,#4837,.F.);
#4837 = EDGE_CURVE('',#4838,#4456,#4840,.T.);
#4838 = VERTEX_POINT('',#4839);
#4839 = CARTESIAN_POINT('',(4.,1.8,3.2));
#4840 = LINE('',#4841,#4842);
#4841 = CARTESIAN_POINT('',(4.,1.8,3.2));
#4842 = VECTOR('',#4843,1.);
#4843 = DIRECTION('',(0.,0.707106781187,-0.707106781187));
#4844 = ORIENTED_EDGE('',*,*,#4845,.F.);
#4845 = EDGE_CURVE('',#4798,#4838,#4846,.T.);
#4846 = LINE('',#4847,#4848);
#4847 = CARTESIAN_POINT('',(4.,1.8,4.2));
#4848 = VECTOR('',#4849,1.);
#4849 = DIRECTION('',(0.,1.110223024625E-16,-1.));
#4850 = PLANE('',#4851);
#4851 = AXIS2_PLACEMENT_3D('',#4852,#4853,#4854);
#4852 = CARTESIAN_POINT('',(4.,4.327769701184,2.814780671729));
#4853 = DIRECTION('',(-1.,-0.,0.));
#4854 = DIRECTION('',(0.,-1.,-1.110223024625E-16));
#4855 = ADVANCED_FACE('',(#4856),#4874,.T.);
#4856 = FACE_BOUND('',#4857,.T.);
#4857 = EDGE_LOOP('',(#4858,#4866,#4867,#4868));
#4858 = ORIENTED_EDGE('',*,*,#4859,.T.);
#4859 = EDGE_CURVE('',#4860,#4838,#4862,.T.);
#4860 = VERTEX_POINT('',#4861);
#4861 = CARTESIAN_POINT('',(-1.5,1.8,3.2));
#4862 = LINE('',#4863,#4864);
#4863 = CARTESIAN_POINT('',(-1.5,1.8,3.2));
#4864 = VECTOR('',#4865,1.);
#4865 = DIRECTION('',(1.,0.,0.));
#4866 = ORIENTED_EDGE('',*,*,#4837,.T.);
#4867 = ORIENTED_EDGE('',*,*,#4455,.F.);
#4868 = ORIENTED_EDGE('',*,*,#4869,.F.);
#4869 = EDGE_CURVE('',#4860,#4448,#4870,.T.);
#4870 = LINE('',#4871,#4872);
#4871 = CARTESIAN_POINT('',(-1.5,1.8,3.2));
#4872 = VECTOR('',#4873,1.);
#4873 = DIRECTION('',(0.,0.707106781187,-0.707106781187));
#4874 = PLANE('',#4875);
#4875 = AXIS2_PLACEMENT_3D('',#4876,#4877,#4878);
#4876 = CARTESIAN_POINT('',(-1.5,1.8,3.2));
#4877 = DIRECTION('',(0.,0.707106781187,0.707106781187));
#4878 = DIRECTION('',(0.,0.707106781187,-0.707106781187));
#4879 = ADVANCED_FACE('',(#4880),#4938,.T.);
#4880 = FACE_BOUND('',#4881,.T.);
#4881 = EDGE_LOOP('',(#4882,#4892,#4898,#4899,#4900,#4908,#4916,#4924,
    #4932));
#4882 = ORIENTED_EDGE('',*,*,#4883,.T.);
#4883 = EDGE_CURVE('',#4884,#4886,#4888,.T.);
#4884 = VERTEX_POINT('',#4885);
#4885 = CARTESIAN_POINT('',(-1.5,5.9,4.2));
#4886 = VERTEX_POINT('',#4887);
#4887 = CARTESIAN_POINT('',(-1.5,1.8,4.2));
#4888 = LINE('',#4889,#4890);
#4889 = CARTESIAN_POINT('',(-1.5,2.2,4.2));
#4890 = VECTOR('',#4891,1.);
#4891 = DIRECTION('',(0.,-1.,-1.110223024625E-16));
#4892 = ORIENTED_EDGE('',*,*,#4893,.T.);
#4893 = EDGE_CURVE('',#4886,#4860,#4894,.T.);
#4894 = LINE('',#4895,#4896);
#4895 = CARTESIAN_POINT('',(-1.5,1.8,4.2));
#4896 = VECTOR('',#4897,1.);
#4897 = DIRECTION('',(0.,1.110223024625E-16,-1.));
#4898 = ORIENTED_EDGE('',*,*,#4869,.T.);
#4899 = ORIENTED_EDGE('',*,*,#4447,.F.);
#4900 = ORIENTED_EDGE('',*,*,#4901,.F.);
#4901 = EDGE_CURVE('',#4902,#4440,#4904,.T.);
#4902 = VERTEX_POINT('',#4903);
#4903 = CARTESIAN_POINT('',(-1.5,4.8,2.9));
#4904 = LINE('',#4905,#4906);
#4905 = CARTESIAN_POINT('',(-1.5,3.262135190069,2.722554060393));
#4906 = VECTOR('',#4907,1.);
#4907 = DIRECTION('',(-1.157981503625E-17,-0.993408935871,
    -0.114624107985));
#4908 = ORIENTED_EDGE('',*,*,#4909,.F.);
#4909 = EDGE_CURVE('',#4910,#4902,#4912,.T.);
#4910 = VERTEX_POINT('',#4911);
#4911 = CARTESIAN_POINT('',(-1.5,5.,2.6));
#4912 = LINE('',#4913,#4914);
#4913 = CARTESIAN_POINT('',(-1.5,4.747015183629,2.979477224556));
#4914 = VECTOR('',#4915,1.);
#4915 = DIRECTION('',(-1.687230139086E-17,-0.554700196225,0.832050294338
    ));
#4916 = ORIENTED_EDGE('',*,*,#4917,.F.);
#4917 = EDGE_CURVE('',#4918,#4910,#4920,.T.);
#4918 = VERTEX_POINT('',#4919);
#4919 = CARTESIAN_POINT('',(-1.5,5.2,2.6));
#4920 = LINE('',#4921,#4922);
#4921 = CARTESIAN_POINT('',(-1.5,4.663884850592,2.6));
#4922 = VECTOR('',#4923,1.);
#4923 = DIRECTION('',(-1.299666824138E-17,-1.,-1.110223024625E-16));
#4924 = ORIENTED_EDGE('',*,*,#4925,.F.);
#4925 = EDGE_CURVE('',#4926,#4918,#4928,.T.);
#4926 = VERTEX_POINT('',#4927);
#4927 = CARTESIAN_POINT('',(-1.5,5.9,3.2));
#4928 = LINE('',#4929,#4930);
#4929 = CARTESIAN_POINT('',(-1.5,5.001655903357,2.429990774306));
#4930 = VECTOR('',#4931,1.);
#4931 = DIRECTION('',(-2.309816407335E-18,-0.759256602365,
    -0.650791373456));
#4932 = ORIENTED_EDGE('',*,*,#4933,.F.);
#4933 = EDGE_CURVE('',#4884,#4926,#4934,.T.);
#4934 = LINE('',#4935,#4936);
#4935 = CARTESIAN_POINT('',(-1.5,5.9,3.007390335865));
#4936 = VECTOR('',#4937,1.);
#4937 = DIRECTION('',(1.161353710568E-17,1.110223024625E-16,-1.));
#4938 = PLANE('',#4939);
#4939 = AXIS2_PLACEMENT_3D('',#4940,#4941,#4942);
#4940 = CARTESIAN_POINT('',(-1.5,4.327769701184,2.814780671729));
#4941 = DIRECTION('',(1.,-1.299666824138E-17,1.161353710568E-17));
#4942 = DIRECTION('',(1.299666824138E-17,1.,1.110223024625E-16));
#4943 = ADVANCED_FACE('',(#4944),#4962,.F.);
#4944 = FACE_BOUND('',#4945,.F.);
#4945 = EDGE_LOOP('',(#4946,#4954,#4955,#4956));
#4946 = ORIENTED_EDGE('',*,*,#4947,.F.);
#4947 = EDGE_CURVE('',#4432,#4948,#4950,.T.);
#4948 = VERTEX_POINT('',#4949);
#4949 = CARTESIAN_POINT('',(-2.5,4.8,2.9));
#4950 = LINE('',#4951,#4952);
#4951 = CARTESIAN_POINT('',(-2.5,2.2,2.6));
#4952 = VECTOR('',#4953,1.);
#4953 = DIRECTION('',(0.,0.993408935871,0.114624107985));
#4954 = ORIENTED_EDGE('',*,*,#4439,.T.);
#4955 = ORIENTED_EDGE('',*,*,#4901,.F.);
#4956 = ORIENTED_EDGE('',*,*,#4957,.F.);
#4957 = EDGE_CURVE('',#4948,#4902,#4958,.T.);
#4958 = LINE('',#4959,#4960);
#4959 = CARTESIAN_POINT('',(-2.5,4.8,2.9));
#4960 = VECTOR('',#4961,1.);
#4961 = DIRECTION('',(1.,0.,0.));
#4962 = PLANE('',#4963);
#4963 = AXIS2_PLACEMENT_3D('',#4964,#4965,#4966);
#4964 = CARTESIAN_POINT('',(-2.5,2.2,2.6));
#4965 = DIRECTION('',(0.,-0.114624107985,0.993408935871));
#4966 = DIRECTION('',(0.,0.993408935871,0.114624107985));
#4967 = ADVANCED_FACE('',(#4968),#5049,.T.);
#4968 = FACE_BOUND('',#4969,.T.);
#4969 = EDGE_LOOP('',(#4970,#4971,#4979,#4987,#4995,#5003,#5011,#5019,
    #5027,#5035,#5041,#5042,#5043));
#4970 = ORIENTED_EDGE('',*,*,#4675,.F.);
#4971 = ORIENTED_EDGE('',*,*,#4972,.F.);
#4972 = EDGE_CURVE('',#4973,#4668,#4975,.T.);
#4973 = VERTEX_POINT('',#4974);
#4974 = CARTESIAN_POINT('',(-2.5,-1.5,0.));
#4975 = LINE('',#4976,#4977);
#4976 = CARTESIAN_POINT('',(-2.5,-1.5,0.));
#4977 = VECTOR('',#4978,1.);
#4978 = DIRECTION('',(0.,1.,0.));
#4979 = ORIENTED_EDGE('',*,*,#4980,.F.);
#4980 = EDGE_CURVE('',#4981,#4973,#4983,.T.);
#4981 = VERTEX_POINT('',#4982);
#4982 = CARTESIAN_POINT('',(-2.5,-1.5,2.2));
#4983 = LINE('',#4984,#4985);
#4984 = CARTESIAN_POINT('',(-2.5,-1.5,2.2));
#4985 = VECTOR('',#4986,1.);
#4986 = DIRECTION('',(0.,0.,-1.));
#4987 = ORIENTED_EDGE('',*,*,#4988,.F.);
#4988 = EDGE_CURVE('',#4989,#4981,#4991,.T.);
#4989 = VERTEX_POINT('',#4990);
#4990 = CARTESIAN_POINT('',(-2.5,0.7,2.6));
#4991 = LINE('',#4992,#4993);
#4992 = CARTESIAN_POINT('',(-2.5,0.7,2.6));
#4993 = VECTOR('',#4994,1.);
#4994 = DIRECTION('',(0.,-0.9838699101,-0.1788854382));
#4995 = ORIENTED_EDGE('',*,*,#4996,.T.);
#4996 = EDGE_CURVE('',#4989,#4997,#4999,.T.);
#4997 = VERTEX_POINT('',#4998);
#4998 = CARTESIAN_POINT('',(-2.5,0.7,4.2));
#4999 = LINE('',#5000,#5001);
#5000 = CARTESIAN_POINT('',(-2.5,0.7,0.4));
#5001 = VECTOR('',#5002,1.);
#5002 = DIRECTION('',(0.,-1.110223024625E-16,1.));
#5003 = ORIENTED_EDGE('',*,*,#5004,.T.);
#5004 = EDGE_CURVE('',#4997,#5005,#5007,.T.);
#5005 = VERTEX_POINT('',#5006);
#5006 = CARTESIAN_POINT('',(-2.5,5.9,4.2));
#5007 = LINE('',#5008,#5009);
#5008 = CARTESIAN_POINT('',(-2.5,0.7,4.2));
#5009 = VECTOR('',#5010,1.);
#5010 = DIRECTION('',(0.,1.,1.110223024625E-16));
#5011 = ORIENTED_EDGE('',*,*,#5012,.F.);
#5012 = EDGE_CURVE('',#5013,#5005,#5015,.T.);
#5013 = VERTEX_POINT('',#5014);
#5014 = CARTESIAN_POINT('',(-2.5,5.9,3.2));
#5015 = LINE('',#5016,#5017);
#5016 = CARTESIAN_POINT('',(-2.5,5.9,3.2));
#5017 = VECTOR('',#5018,1.);
#5018 = DIRECTION('',(0.,-1.110223024625E-16,1.));
#5019 = ORIENTED_EDGE('',*,*,#5020,.F.);
#5020 = EDGE_CURVE('',#5021,#5013,#5023,.T.);
#5021 = VERTEX_POINT('',#5022);
#5022 = CARTESIAN_POINT('',(-2.5,5.2,2.6));
#5023 = LINE('',#5024,#5025);
#5024 = CARTESIAN_POINT('',(-2.5,5.2,2.6));
#5025 = VECTOR('',#5026,1.);
#5026 = DIRECTION('',(0.,0.759256602365,0.650791373456));
#5027 = ORIENTED_EDGE('',*,*,#5028,.F.);
#5028 = EDGE_CURVE('',#5029,#5021,#5031,.T.);
#5029 = VERTEX_POINT('',#5030);
#5030 = CARTESIAN_POINT('',(-2.5,5.,2.6));
#5031 = LINE('',#5032,#5033);
#5032 = CARTESIAN_POINT('',(-2.5,5.,2.6));
#5033 = VECTOR('',#5034,1.);
#5034 = DIRECTION('',(0.,1.,1.110223024625E-16));
#5035 = ORIENTED_EDGE('',*,*,#5036,.F.);
#5036 = EDGE_CURVE('',#4948,#5029,#5037,.T.);
#5037 = LINE('',#5038,#5039);
#5038 = CARTESIAN_POINT('',(-2.5,4.8,2.9));
#5039 = VECTOR('',#5040,1.);
#5040 = DIRECTION('',(0.,0.554700196225,-0.832050294338));
#5041 = ORIENTED_EDGE('',*,*,#4947,.F.);
#5042 = ORIENTED_EDGE('',*,*,#4431,.F.);
#5043 = ORIENTED_EDGE('',*,*,#5044,.F.);
#5044 = EDGE_CURVE('',#4676,#4424,#5045,.T.);
#5045 = LINE('',#5046,#5047);
#5046 = CARTESIAN_POINT('',(-2.5,6.7,2.2));
#5047 = VECTOR('',#5048,1.);
#5048 = DIRECTION('',(0.,-1.,-1.110223024625E-16));
#5049 = PLANE('',#5050);
#5050 = AXIS2_PLACEMENT_3D('',#5051,#5052,#5053);
#5051 = CARTESIAN_POINT('',(-2.5,2.971773543868,2.004979809189));
#5052 = DIRECTION('',(-1.,7.430339372929E-33,-7.328567172187E-33));
#5053 = DIRECTION('',(-7.430339372929E-33,-1.,0.));
#5054 = ADVANCED_FACE('',(#5055),#5066,.F.);
#5055 = FACE_BOUND('',#5056,.F.);
#5056 = EDGE_LOOP('',(#5057,#5058,#5059,#5065));
#5057 = ORIENTED_EDGE('',*,*,#4756,.T.);
#5058 = ORIENTED_EDGE('',*,*,#4383,.T.);
#5059 = ORIENTED_EDGE('',*,*,#5060,.F.);
#5060 = EDGE_CURVE('',#4716,#4384,#5061,.T.);
#5061 = LINE('',#5062,#5063);
#5062 = CARTESIAN_POINT('',(4.55,6.7,0.85));
#5063 = VECTOR('',#5064,1.);
#5064 = DIRECTION('',(-0.,-1.,-1.110223024625E-16));
#5065 = ORIENTED_EDGE('',*,*,#4723,.F.);
#5066 = PLANE('',#5067);
#5067 = AXIS2_PLACEMENT_3D('',#5068,#5069,#5070);
#5068 = CARTESIAN_POINT('',(4.55,6.7,1.35));
#5069 = DIRECTION('',(1.,0.,0.));
#5070 = DIRECTION('',(0.,1.110223024625E-16,-1.));
#5071 = ADVANCED_FACE('',(#5072),#5083,.F.);
#5072 = FACE_BOUND('',#5073,.F.);
#5073 = EDGE_LOOP('',(#5074,#5075,#5076,#5082));
#5074 = ORIENTED_EDGE('',*,*,#5044,.F.);
#5075 = ORIENTED_EDGE('',*,*,#4683,.T.);
#5076 = ORIENTED_EDGE('',*,*,#5077,.F.);
#5077 = EDGE_CURVE('',#4416,#4684,#5078,.T.);
#5078 = LINE('',#5079,#5080);
#5079 = CARTESIAN_POINT('',(-1.5,5.513884850592,2.2));
#5080 = VECTOR('',#5081,1.);
#5081 = DIRECTION('',(1.299666824138E-17,1.,1.110223024625E-16));
#5082 = ORIENTED_EDGE('',*,*,#4423,.F.);
#5083 = PLANE('',#5084);
#5084 = AXIS2_PLACEMENT_3D('',#5085,#5086,#5087);
#5085 = CARTESIAN_POINT('',(-2.5,6.7,2.2));
#5086 = DIRECTION('',(0.,1.110223024625E-16,-1.));
#5087 = DIRECTION('',(0.,-1.,-1.110223024625E-16));
#5088 = ADVANCED_FACE('',(#5089),#5100,.F.);
#5089 = FACE_BOUND('',#5090,.F.);
#5090 = EDGE_LOOP('',(#5091,#5092,#5093,#5099));
#5091 = ORIENTED_EDGE('',*,*,#5060,.T.);
#5092 = ORIENTED_EDGE('',*,*,#4391,.T.);
#5093 = ORIENTED_EDGE('',*,*,#5094,.F.);
#5094 = EDGE_CURVE('',#4708,#4392,#5095,.T.);
#5095 = LINE('',#5096,#5097);
#5096 = CARTESIAN_POINT('',(-2.05,6.7,0.85));
#5097 = VECTOR('',#5098,1.);
#5098 = DIRECTION('',(-0.,-1.,-1.110223024625E-16));
#5099 = ORIENTED_EDGE('',*,*,#4715,.F.);
#5100 = PLANE('',#5101);
#5101 = AXIS2_PLACEMENT_3D('',#5102,#5103,#5104);
#5102 = CARTESIAN_POINT('',(4.55,6.7,0.85));
#5103 = DIRECTION('',(0.,1.110223024625E-16,-1.));
#5104 = DIRECTION('',(-1.,0.,0.));
#5105 = ADVANCED_FACE('',(#5106),#5117,.T.);
#5106 = FACE_BOUND('',#5107,.T.);
#5107 = EDGE_LOOP('',(#5108,#5109,#5110,#5111));
#5108 = ORIENTED_EDGE('',*,*,#4691,.T.);
#5109 = ORIENTED_EDGE('',*,*,#5077,.F.);
#5110 = ORIENTED_EDGE('',*,*,#4415,.F.);
#5111 = ORIENTED_EDGE('',*,*,#5112,.F.);
#5112 = EDGE_CURVE('',#4692,#4408,#5113,.T.);
#5113 = LINE('',#5114,#5115);
#5114 = CARTESIAN_POINT('',(-1.5,6.7,1.35));
#5115 = VECTOR('',#5116,1.);
#5116 = DIRECTION('',(-0.,-1.,-1.110223024625E-16));
#5117 = PLANE('',#5118);
#5118 = AXIS2_PLACEMENT_3D('',#5119,#5120,#5121);
#5119 = CARTESIAN_POINT('',(-1.5,4.327769701184,2.814780671729));
#5120 = DIRECTION('',(1.,-1.299666824138E-17,1.161353710568E-17));
#5121 = DIRECTION('',(1.299666824138E-17,1.,1.110223024625E-16));
#5122 = ADVANCED_FACE('',(#5123),#5134,.F.);
#5123 = FACE_BOUND('',#5124,.F.);
#5124 = EDGE_LOOP('',(#5125,#5126,#5127,#5133));
#5125 = ORIENTED_EDGE('',*,*,#5094,.T.);
#5126 = ORIENTED_EDGE('',*,*,#4399,.T.);
#5127 = ORIENTED_EDGE('',*,*,#5128,.F.);
#5128 = EDGE_CURVE('',#4700,#4400,#5129,.T.);
#5129 = LINE('',#5130,#5131);
#5130 = CARTESIAN_POINT('',(-2.05,6.7,1.35));
#5131 = VECTOR('',#5132,1.);
#5132 = DIRECTION('',(-0.,-1.,-1.110223024625E-16));
#5133 = ORIENTED_EDGE('',*,*,#4707,.F.);
#5134 = PLANE('',#5135);
#5135 = AXIS2_PLACEMENT_3D('',#5136,#5137,#5138);
#5136 = CARTESIAN_POINT('',(-2.05,6.7,0.85));
#5137 = DIRECTION('',(-1.,0.,0.));
#5138 = DIRECTION('',(0.,-1.110223024625E-16,1.));
#5139 = ADVANCED_FACE('',(#5140),#5146,.F.);
#5140 = FACE_BOUND('',#5141,.F.);
#5141 = EDGE_LOOP('',(#5142,#5143,#5144,#5145));
#5142 = ORIENTED_EDGE('',*,*,#5128,.T.);
#5143 = ORIENTED_EDGE('',*,*,#4407,.T.);
#5144 = ORIENTED_EDGE('',*,*,#5112,.F.);
#5145 = ORIENTED_EDGE('',*,*,#4699,.F.);
#5146 = PLANE('',#5147);
#5147 = AXIS2_PLACEMENT_3D('',#5148,#5149,#5150);
#5148 = CARTESIAN_POINT('',(-2.05,6.7,1.35));
#5149 = DIRECTION('',(0.,-1.110223024625E-16,1.));
#5150 = DIRECTION('',(1.,0.,0.));
#5151 = ADVANCED_FACE('',(#5152),#5177,.F.);
#5152 = FACE_BOUND('',#5153,.F.);
#5153 = EDGE_LOOP('',(#5154,#5164,#5170,#5171));
#5154 = ORIENTED_EDGE('',*,*,#5155,.T.);
#5155 = EDGE_CURVE('',#5156,#5158,#5160,.T.);
#5156 = VERTEX_POINT('',#5157);
#5157 = CARTESIAN_POINT('',(-0.32,5.5,1.68));
#5158 = VERTEX_POINT('',#5159);
#5159 = CARTESIAN_POINT('',(-0.32,5.5,2.32));
#5160 = LINE('',#5161,#5162);
#5161 = CARTESIAN_POINT('',(-0.32,5.5,1.68));
#5162 = VECTOR('',#5163,1.);
#5163 = DIRECTION('',(0.,0.,1.));
#5164 = ORIENTED_EDGE('',*,*,#5165,.T.);
#5165 = EDGE_CURVE('',#5158,#4472,#5166,.T.);
#5166 = LINE('',#5167,#5168);
#5167 = CARTESIAN_POINT('',(-0.32,5.7,2.32));
#5168 = VECTOR('',#5169,1.);
#5169 = DIRECTION('',(0.,-1.,0.));
#5170 = ORIENTED_EDGE('',*,*,#4471,.T.);
#5171 = ORIENTED_EDGE('',*,*,#5172,.T.);
#5172 = EDGE_CURVE('',#4474,#5156,#5173,.T.);
#5173 = LINE('',#5174,#5175);
#5174 = CARTESIAN_POINT('',(-0.32,0.32,1.68));
#5175 = VECTOR('',#5176,1.);
#5176 = DIRECTION('',(0.,1.,0.));
#5177 = PLANE('',#5178);
#5178 = AXIS2_PLACEMENT_3D('',#5179,#5180,#5181);
#5179 = CARTESIAN_POINT('',(-0.32,1.573318662033,0.681242372658));
#5180 = DIRECTION('',(1.,0.,0.));
#5181 = DIRECTION('',(0.,0.,1.));
#5182 = ADVANCED_FACE('',(#5183),#5201,.F.);
#5183 = FACE_BOUND('',#5184,.F.);
#5184 = EDGE_LOOP('',(#5185,#5186,#5194,#5200));
#5185 = ORIENTED_EDGE('',*,*,#5165,.F.);
#5186 = ORIENTED_EDGE('',*,*,#5187,.T.);
#5187 = EDGE_CURVE('',#5158,#5188,#5190,.T.);
#5188 = VERTEX_POINT('',#5189);
#5189 = CARTESIAN_POINT('',(0.32,5.5,2.32));
#5190 = LINE('',#5191,#5192);
#5191 = CARTESIAN_POINT('',(-0.32,5.5,2.32));
#5192 = VECTOR('',#5193,1.);
#5193 = DIRECTION('',(1.,0.,0.));
#5194 = ORIENTED_EDGE('',*,*,#5195,.T.);
#5195 = EDGE_CURVE('',#5188,#4490,#5196,.T.);
#5196 = LINE('',#5197,#5198);
#5197 = CARTESIAN_POINT('',(0.32,5.7,2.32));
#5198 = VECTOR('',#5199,1.);
#5199 = DIRECTION('',(0.,-1.,0.));
#5200 = ORIENTED_EDGE('',*,*,#4497,.T.);
#5201 = PLANE('',#5202);
#5202 = AXIS2_PLACEMENT_3D('',#5203,#5204,#5205);
#5203 = CARTESIAN_POINT('',(-0.32,5.7,2.32));
#5204 = DIRECTION('',(0.,0.,-1.));
#5205 = DIRECTION('',(0.,-1.,0.));
#5206 = ADVANCED_FACE('',(#5207),#5225,.T.);
#5207 = FACE_BOUND('',#5208,.T.);
#5208 = EDGE_LOOP('',(#5209,#5217,#5218,#5219));
#5209 = ORIENTED_EDGE('',*,*,#5210,.T.);
#5210 = EDGE_CURVE('',#5211,#5188,#5213,.T.);
#5211 = VERTEX_POINT('',#5212);
#5212 = CARTESIAN_POINT('',(0.32,5.5,1.68));
#5213 = LINE('',#5214,#5215);
#5214 = CARTESIAN_POINT('',(0.32,5.5,1.68));
#5215 = VECTOR('',#5216,1.);
#5216 = DIRECTION('',(0.,0.,1.));
#5217 = ORIENTED_EDGE('',*,*,#5195,.T.);
#5218 = ORIENTED_EDGE('',*,*,#4489,.T.);
#5219 = ORIENTED_EDGE('',*,*,#5220,.T.);
#5220 = EDGE_CURVE('',#4482,#5211,#5221,.T.);
#5221 = LINE('',#5222,#5223);
#5222 = CARTESIAN_POINT('',(0.32,0.32,1.68));
#5223 = VECTOR('',#5224,1.);
#5224 = DIRECTION('',(0.,1.,0.));
#5225 = PLANE('',#5226);
#5226 = AXIS2_PLACEMENT_3D('',#5227,#5228,#5229);
#5227 = CARTESIAN_POINT('',(0.32,1.573318662033,0.681242372658));
#5228 = DIRECTION('',(1.,0.,0.));
#5229 = DIRECTION('',(0.,0.,1.));
#5230 = ADVANCED_FACE('',(#5231),#5242,.F.);
#5231 = FACE_BOUND('',#5232,.F.);
#5232 = EDGE_LOOP('',(#5233,#5234,#5235,#5236));
#5233 = ORIENTED_EDGE('',*,*,#5172,.F.);
#5234 = ORIENTED_EDGE('',*,*,#4481,.T.);
#5235 = ORIENTED_EDGE('',*,*,#5220,.T.);
#5236 = ORIENTED_EDGE('',*,*,#5237,.F.);
#5237 = EDGE_CURVE('',#5156,#5211,#5238,.T.);
#5238 = LINE('',#5239,#5240);
#5239 = CARTESIAN_POINT('',(-0.32,5.5,1.68));
#5240 = VECTOR('',#5241,1.);
#5241 = DIRECTION('',(1.,0.,0.));
#5242 = PLANE('',#5243);
#5243 = AXIS2_PLACEMENT_3D('',#5244,#5245,#5246);
#5244 = CARTESIAN_POINT('',(-0.32,0.32,1.68));
#5245 = DIRECTION('',(0.,0.,1.));
#5246 = DIRECTION('',(0.,1.,0.));
#5247 = ADVANCED_FACE('',(#5248),#5273,.T.);
#5248 = FACE_BOUND('',#5249,.T.);
#5249 = EDGE_LOOP('',(#5250,#5260,#5266,#5267));
#5250 = ORIENTED_EDGE('',*,*,#5251,.T.);
#5251 = EDGE_CURVE('',#5252,#5254,#5256,.T.);
#5252 = VERTEX_POINT('',#5253);
#5253 = CARTESIAN_POINT('',(2.82,5.5,1.68));
#5254 = VERTEX_POINT('',#5255);
#5255 = CARTESIAN_POINT('',(2.82,5.5,2.32));
#5256 = LINE('',#5257,#5258);
#5257 = CARTESIAN_POINT('',(2.82,5.5,1.68));
#5258 = VECTOR('',#5259,1.);
#5259 = DIRECTION('',(0.,0.,1.));
#5260 = ORIENTED_EDGE('',*,*,#5261,.T.);
#5261 = EDGE_CURVE('',#5254,#4506,#5262,.T.);
#5262 = LINE('',#5263,#5264);
#5263 = CARTESIAN_POINT('',(2.82,5.7,2.32));
#5264 = VECTOR('',#5265,1.);
#5265 = DIRECTION('',(0.,-1.,0.));
#5266 = ORIENTED_EDGE('',*,*,#4505,.T.);
#5267 = ORIENTED_EDGE('',*,*,#5268,.T.);
#5268 = EDGE_CURVE('',#4508,#5252,#5269,.T.);
#5269 = LINE('',#5270,#5271);
#5270 = CARTESIAN_POINT('',(2.82,0.32,1.68));
#5271 = VECTOR('',#5272,1.);
#5272 = DIRECTION('',(0.,1.,0.));
#5273 = PLANE('',#5274);
#5274 = AXIS2_PLACEMENT_3D('',#5275,#5276,#5277);
#5275 = CARTESIAN_POINT('',(2.82,1.573318662033,0.681242372658));
#5276 = DIRECTION('',(1.,0.,0.));
#5277 = DIRECTION('',(0.,0.,1.));
#5278 = ADVANCED_FACE('',(#5279),#5297,.F.);
#5279 = FACE_BOUND('',#5280,.F.);
#5280 = EDGE_LOOP('',(#5281,#5289,#5290,#5291));
#5281 = ORIENTED_EDGE('',*,*,#5282,.F.);
#5282 = EDGE_CURVE('',#4524,#5283,#5285,.T.);
#5283 = VERTEX_POINT('',#5284);
#5284 = CARTESIAN_POINT('',(2.18,5.5,1.68));
#5285 = LINE('',#5286,#5287);
#5286 = CARTESIAN_POINT('',(2.18,0.32,1.68));
#5287 = VECTOR('',#5288,1.);
#5288 = DIRECTION('',(0.,1.,0.));
#5289 = ORIENTED_EDGE('',*,*,#4531,.T.);
#5290 = ORIENTED_EDGE('',*,*,#5268,.T.);
#5291 = ORIENTED_EDGE('',*,*,#5292,.F.);
#5292 = EDGE_CURVE('',#5283,#5252,#5293,.T.);
#5293 = LINE('',#5294,#5295);
#5294 = CARTESIAN_POINT('',(2.18,5.5,1.68));
#5295 = VECTOR('',#5296,1.);
#5296 = DIRECTION('',(1.,0.,0.));
#5297 = PLANE('',#5298);
#5298 = AXIS2_PLACEMENT_3D('',#5299,#5300,#5301);
#5299 = CARTESIAN_POINT('',(2.18,0.32,1.68));
#5300 = DIRECTION('',(0.,0.,1.));
#5301 = DIRECTION('',(0.,1.,0.));
#5302 = ADVANCED_FACE('',(#5303),#5321,.F.);
#5303 = FACE_BOUND('',#5304,.F.);
#5304 = EDGE_LOOP('',(#5305,#5313,#5319,#5320));
#5305 = ORIENTED_EDGE('',*,*,#5306,.T.);
#5306 = EDGE_CURVE('',#5283,#5307,#5309,.T.);
#5307 = VERTEX_POINT('',#5308);
#5308 = CARTESIAN_POINT('',(2.18,5.5,2.32));
#5309 = LINE('',#5310,#5311);
#5310 = CARTESIAN_POINT('',(2.18,5.5,1.68));
#5311 = VECTOR('',#5312,1.);
#5312 = DIRECTION('',(0.,0.,1.));
#5313 = ORIENTED_EDGE('',*,*,#5314,.T.);
#5314 = EDGE_CURVE('',#5307,#4516,#5315,.T.);
#5315 = LINE('',#5316,#5317);
#5316 = CARTESIAN_POINT('',(2.18,5.7,2.32));
#5317 = VECTOR('',#5318,1.);
#5318 = DIRECTION('',(0.,-1.,0.));
#5319 = ORIENTED_EDGE('',*,*,#4523,.T.);
#5320 = ORIENTED_EDGE('',*,*,#5282,.T.);
#5321 = PLANE('',#5322);
#5322 = AXIS2_PLACEMENT_3D('',#5323,#5324,#5325);
#5323 = CARTESIAN_POINT('',(2.18,1.573318662033,0.681242372658));
#5324 = DIRECTION('',(1.,0.,0.));
#5325 = DIRECTION('',(0.,0.,1.));
#5326 = ADVANCED_FACE('',(#5327),#5338,.F.);
#5327 = FACE_BOUND('',#5328,.F.);
#5328 = EDGE_LOOP('',(#5329,#5330,#5336,#5337));
#5329 = ORIENTED_EDGE('',*,*,#5314,.F.);
#5330 = ORIENTED_EDGE('',*,*,#5331,.T.);
#5331 = EDGE_CURVE('',#5307,#5254,#5332,.T.);
#5332 = LINE('',#5333,#5334);
#5333 = CARTESIAN_POINT('',(2.18,5.5,2.32));
#5334 = VECTOR('',#5335,1.);
#5335 = DIRECTION('',(1.,0.,0.));
#5336 = ORIENTED_EDGE('',*,*,#5261,.T.);
#5337 = ORIENTED_EDGE('',*,*,#4515,.T.);
#5338 = PLANE('',#5339);
#5339 = AXIS2_PLACEMENT_3D('',#5340,#5341,#5342);
#5340 = CARTESIAN_POINT('',(2.18,5.7,2.32));
#5341 = DIRECTION('',(0.,0.,-1.));
#5342 = DIRECTION('',(0.,-1.,0.));
#5343 = ADVANCED_FACE('',(#5344),#5385,.F.);
#5344 = FACE_BOUND('',#5345,.F.);
#5345 = EDGE_LOOP('',(#5346,#5356,#5364,#5372,#5378,#5379));
#5346 = ORIENTED_EDGE('',*,*,#5347,.F.);
#5347 = EDGE_CURVE('',#5348,#5350,#5352,.T.);
#5348 = VERTEX_POINT('',#5349);
#5349 = CARTESIAN_POINT('',(4.,0.7,0.4));
#5350 = VERTEX_POINT('',#5351);
#5351 = CARTESIAN_POINT('',(4.,0.7,2.6));
#5352 = LINE('',#5353,#5354);
#5353 = CARTESIAN_POINT('',(4.,0.7,0.4));
#5354 = VECTOR('',#5355,1.);
#5355 = DIRECTION('',(0.,0.,1.));
#5356 = ORIENTED_EDGE('',*,*,#5357,.T.);
#5357 = EDGE_CURVE('',#5348,#5358,#5360,.T.);
#5358 = VERTEX_POINT('',#5359);
#5359 = CARTESIAN_POINT('',(3.25,0.7,0.4));
#5360 = LINE('',#5361,#5362);
#5361 = CARTESIAN_POINT('',(5.,0.7,0.4));
#5362 = VECTOR('',#5363,1.);
#5363 = DIRECTION('',(-1.,0.,0.));
#5364 = ORIENTED_EDGE('',*,*,#5365,.T.);
#5365 = EDGE_CURVE('',#5358,#5366,#5368,.T.);
#5366 = VERTEX_POINT('',#5367);
#5367 = CARTESIAN_POINT('',(3.25,0.7,4.2));
#5368 = LINE('',#5369,#5370);
#5369 = CARTESIAN_POINT('',(3.25,0.7,0.4));
#5370 = VECTOR('',#5371,1.);
#5371 = DIRECTION('',(0.,-1.110223024625E-16,1.));
#5372 = ORIENTED_EDGE('',*,*,#5373,.T.);
#5373 = EDGE_CURVE('',#5366,#4546,#5374,.T.);
#5374 = LINE('',#5375,#5376);
#5375 = CARTESIAN_POINT('',(-2.5,0.7,4.2));
#5376 = VECTOR('',#5377,1.);
#5377 = DIRECTION('',(1.,0.,0.));
#5378 = ORIENTED_EDGE('',*,*,#4545,.T.);
#5379 = ORIENTED_EDGE('',*,*,#5380,.F.);
#5380 = EDGE_CURVE('',#5350,#4548,#5381,.T.);
#5381 = LINE('',#5382,#5383);
#5382 = CARTESIAN_POINT('',(4.,0.7,2.6));
#5383 = VECTOR('',#5384,1.);
#5384 = DIRECTION('',(1.,0.,0.));
#5385 = PLANE('',#5386);
#5386 = AXIS2_PLACEMENT_3D('',#5387,#5388,#5389);
#5387 = CARTESIAN_POINT('',(1.25,0.7,2.3));
#5388 = DIRECTION('',(0.,1.,1.110223024625E-16));
#5389 = DIRECTION('',(1.,0.,-0.));
#5390 = ADVANCED_FACE('',(#5391),#5409,.F.);
#5391 = FACE_BOUND('',#5392,.F.);
#5392 = EDGE_LOOP('',(#5393,#5394,#5395,#5403));
#5393 = ORIENTED_EDGE('',*,*,#5380,.T.);
#5394 = ORIENTED_EDGE('',*,*,#4555,.T.);
#5395 = ORIENTED_EDGE('',*,*,#5396,.F.);
#5396 = EDGE_CURVE('',#5397,#4556,#5399,.T.);
#5397 = VERTEX_POINT('',#5398);
#5398 = CARTESIAN_POINT('',(4.,-1.5,2.2));
#5399 = LINE('',#5400,#5401);
#5400 = CARTESIAN_POINT('',(4.,-1.5,2.2));
#5401 = VECTOR('',#5402,1.);
#5402 = DIRECTION('',(1.,0.,0.));
#5403 = ORIENTED_EDGE('',*,*,#5404,.F.);
#5404 = EDGE_CURVE('',#5350,#5397,#5405,.T.);
#5405 = LINE('',#5406,#5407);
#5406 = CARTESIAN_POINT('',(4.,0.7,2.6));
#5407 = VECTOR('',#5408,1.);
#5408 = DIRECTION('',(0.,-0.9838699101,-0.1788854382));
#5409 = PLANE('',#5410);
#5410 = AXIS2_PLACEMENT_3D('',#5411,#5412,#5413);
#5411 = CARTESIAN_POINT('',(4.,0.7,2.6));
#5412 = DIRECTION('',(0.,0.1788854382,-0.9838699101));
#5413 = DIRECTION('',(0.,-0.9838699101,-0.1788854382));
#5414 = ADVANCED_FACE('',(#5415),#5433,.F.);
#5415 = FACE_BOUND('',#5416,.F.);
#5416 = EDGE_LOOP('',(#5417,#5418,#5419,#5427));
#5417 = ORIENTED_EDGE('',*,*,#5396,.T.);
#5418 = ORIENTED_EDGE('',*,*,#4563,.T.);
#5419 = ORIENTED_EDGE('',*,*,#5420,.F.);
#5420 = EDGE_CURVE('',#5421,#4564,#5423,.T.);
#5421 = VERTEX_POINT('',#5422);
#5422 = CARTESIAN_POINT('',(4.,-1.5,0.));
#5423 = LINE('',#5424,#5425);
#5424 = CARTESIAN_POINT('',(4.,-1.5,0.));
#5425 = VECTOR('',#5426,1.);
#5426 = DIRECTION('',(1.,0.,0.));
#5427 = ORIENTED_EDGE('',*,*,#5428,.F.);
#5428 = EDGE_CURVE('',#5397,#5421,#5429,.T.);
#5429 = LINE('',#5430,#5431);
#5430 = CARTESIAN_POINT('',(4.,-1.5,2.2));
#5431 = VECTOR('',#5432,1.);
#5432 = DIRECTION('',(0.,0.,-1.));
#5433 = PLANE('',#5434);
#5434 = AXIS2_PLACEMENT_3D('',#5435,#5436,#5437);
#5435 = CARTESIAN_POINT('',(4.,-1.5,2.2));
#5436 = DIRECTION('',(0.,1.,0.));
#5437 = DIRECTION('',(0.,0.,-1.));
#5438 = ADVANCED_FACE('',(#5439),#5450,.F.);
#5439 = FACE_BOUND('',#5440,.F.);
#5440 = EDGE_LOOP('',(#5441,#5442,#5443,#5444));
#5441 = ORIENTED_EDGE('',*,*,#5420,.T.);
#5442 = ORIENTED_EDGE('',*,*,#4571,.T.);
#5443 = ORIENTED_EDGE('',*,*,#4740,.F.);
#5444 = ORIENTED_EDGE('',*,*,#5445,.F.);
#5445 = EDGE_CURVE('',#5421,#4642,#5446,.T.);
#5446 = LINE('',#5447,#5448);
#5447 = CARTESIAN_POINT('',(4.,-1.5,0.));
#5448 = VECTOR('',#5449,1.);
#5449 = DIRECTION('',(0.,1.,0.));
#5450 = PLANE('',#5451);
#5451 = AXIS2_PLACEMENT_3D('',#5452,#5453,#5454);
#5452 = CARTESIAN_POINT('',(4.,-1.5,0.));
#5453 = DIRECTION('',(0.,0.,1.));
#5454 = DIRECTION('',(0.,1.,0.));
#5455 = ADVANCED_FACE('',(#5456),#5467,.F.);
#5456 = FACE_BOUND('',#5457,.F.);
#5457 = EDGE_LOOP('',(#5458,#5459,#5460,#5461));
#5458 = ORIENTED_EDGE('',*,*,#4829,.F.);
#5459 = ORIENTED_EDGE('',*,*,#4781,.T.);
#5460 = ORIENTED_EDGE('',*,*,#4595,.T.);
#5461 = ORIENTED_EDGE('',*,*,#5462,.F.);
#5462 = EDGE_CURVE('',#4822,#4596,#5463,.T.);
#5463 = LINE('',#5464,#5465);
#5464 = CARTESIAN_POINT('',(-2.5,5.,2.6));
#5465 = VECTOR('',#5466,1.);
#5466 = DIRECTION('',(1.,0.,0.));
#5467 = PLANE('',#5468);
#5468 = AXIS2_PLACEMENT_3D('',#5469,#5470,#5471);
#5469 = CARTESIAN_POINT('',(-2.5,4.8,2.9));
#5470 = DIRECTION('',(0.,0.832050294338,0.554700196225));
#5471 = DIRECTION('',(0.,0.554700196225,-0.832050294338));
#5472 = ADVANCED_FACE('',(#5473),#5484,.F.);
#5473 = FACE_BOUND('',#5474,.F.);
#5474 = EDGE_LOOP('',(#5475,#5476,#5477,#5478));
#5475 = ORIENTED_EDGE('',*,*,#4821,.F.);
#5476 = ORIENTED_EDGE('',*,*,#5462,.T.);
#5477 = ORIENTED_EDGE('',*,*,#4603,.T.);
#5478 = ORIENTED_EDGE('',*,*,#5479,.F.);
#5479 = EDGE_CURVE('',#4814,#4604,#5480,.T.);
#5480 = LINE('',#5481,#5482);
#5481 = CARTESIAN_POINT('',(-2.5,5.2,2.6));
#5482 = VECTOR('',#5483,1.);
#5483 = DIRECTION('',(1.,0.,0.));
#5484 = PLANE('',#5485);
#5485 = AXIS2_PLACEMENT_3D('',#5486,#5487,#5488);
#5486 = CARTESIAN_POINT('',(-2.5,5.,2.6));
#5487 = DIRECTION('',(0.,-1.110223024625E-16,1.));
#5488 = DIRECTION('',(0.,1.,1.110223024625E-16));
#5489 = ADVANCED_FACE('',(#5490),#5501,.F.);
#5490 = FACE_BOUND('',#5491,.F.);
#5491 = EDGE_LOOP('',(#5492,#5493,#5494,#5495));
#5492 = ORIENTED_EDGE('',*,*,#4813,.F.);
#5493 = ORIENTED_EDGE('',*,*,#5479,.T.);
#5494 = ORIENTED_EDGE('',*,*,#4611,.T.);
#5495 = ORIENTED_EDGE('',*,*,#5496,.F.);
#5496 = EDGE_CURVE('',#4806,#4612,#5497,.T.);
#5497 = LINE('',#5498,#5499);
#5498 = CARTESIAN_POINT('',(-2.5,5.9,3.2));
#5499 = VECTOR('',#5500,1.);
#5500 = DIRECTION('',(1.,0.,0.));
#5501 = PLANE('',#5502);
#5502 = AXIS2_PLACEMENT_3D('',#5503,#5504,#5505);
#5503 = CARTESIAN_POINT('',(-2.5,5.2,2.6));
#5504 = DIRECTION('',(0.,-0.650791373456,0.759256602365));
#5505 = DIRECTION('',(0.,0.759256602365,0.650791373456));
#5506 = ADVANCED_FACE('',(#5507),#5518,.F.);
#5507 = FACE_BOUND('',#5508,.F.);
#5508 = EDGE_LOOP('',(#5509,#5510,#5511,#5512));
#5509 = ORIENTED_EDGE('',*,*,#4805,.F.);
#5510 = ORIENTED_EDGE('',*,*,#5496,.T.);
#5511 = ORIENTED_EDGE('',*,*,#4619,.T.);
#5512 = ORIENTED_EDGE('',*,*,#5513,.F.);
#5513 = EDGE_CURVE('',#4796,#4620,#5514,.T.);
#5514 = LINE('',#5515,#5516);
#5515 = CARTESIAN_POINT('',(-2.5,5.9,4.2));
#5516 = VECTOR('',#5517,1.);
#5517 = DIRECTION('',(1.,0.,0.));
#5518 = PLANE('',#5519);
#5519 = AXIS2_PLACEMENT_3D('',#5520,#5521,#5522);
#5520 = CARTESIAN_POINT('',(-2.5,5.9,3.2));
#5521 = DIRECTION('',(0.,-1.,-1.110223024625E-16));
#5522 = DIRECTION('',(0.,-1.110223024625E-16,1.));
#5523 = ADVANCED_FACE('',(#5524),#5606,.F.);
#5524 = FACE_BOUND('',#5525,.F.);
#5525 = EDGE_LOOP('',(#5526,#5534,#5535,#5541,#5542,#5548,#5549,#5550,
    #5551,#5552,#5560,#5568,#5576,#5584,#5592,#5600));
#5526 = ORIENTED_EDGE('',*,*,#5527,.F.);
#5527 = EDGE_CURVE('',#4997,#5528,#5530,.T.);
#5528 = VERTEX_POINT('',#5529);
#5529 = CARTESIAN_POINT('',(-0.75,0.7,4.2));
#5530 = LINE('',#5531,#5532);
#5531 = CARTESIAN_POINT('',(-2.5,0.7,4.2));
#5532 = VECTOR('',#5533,1.);
#5533 = DIRECTION('',(1.,0.,0.));
#5534 = ORIENTED_EDGE('',*,*,#5004,.T.);
#5535 = ORIENTED_EDGE('',*,*,#5536,.T.);
#5536 = EDGE_CURVE('',#5005,#4884,#5537,.T.);
#5537 = LINE('',#5538,#5539);
#5538 = CARTESIAN_POINT('',(-2.5,5.9,4.2));
#5539 = VECTOR('',#5540,1.);
#5540 = DIRECTION('',(1.,0.,0.));
#5541 = ORIENTED_EDGE('',*,*,#4883,.T.);
#5542 = ORIENTED_EDGE('',*,*,#5543,.T.);
#5543 = EDGE_CURVE('',#4886,#4798,#5544,.T.);
#5544 = LINE('',#5545,#5546);
#5545 = CARTESIAN_POINT('',(-1.5,1.8,4.2));
#5546 = VECTOR('',#5547,1.);
#5547 = DIRECTION('',(1.,0.,0.));
#5548 = ORIENTED_EDGE('',*,*,#4795,.F.);
#5549 = ORIENTED_EDGE('',*,*,#5513,.T.);
#5550 = ORIENTED_EDGE('',*,*,#4627,.F.);
#5551 = ORIENTED_EDGE('',*,*,#5373,.F.);
#5552 = ORIENTED_EDGE('',*,*,#5553,.T.);
#5553 = EDGE_CURVE('',#5366,#5554,#5556,.T.);
#5554 = VERTEX_POINT('',#5555);
#5555 = CARTESIAN_POINT('',(3.25,1.,4.2));
#5556 = LINE('',#5557,#5558);
#5557 = CARTESIAN_POINT('',(3.25,0.7,4.2));
#5558 = VECTOR('',#5559,1.);
#5559 = DIRECTION('',(0.,1.,1.110223024625E-16));
#5560 = ORIENTED_EDGE('',*,*,#5561,.F.);
#5561 = EDGE_CURVE('',#5562,#5554,#5564,.T.);
#5562 = VERTEX_POINT('',#5563);
#5563 = CARTESIAN_POINT('',(1.75,1.,4.2));
#5564 = LINE('',#5565,#5566);
#5565 = CARTESIAN_POINT('',(1.75,1.,4.2));
#5566 = VECTOR('',#5567,1.);
#5567 = DIRECTION('',(1.,0.,0.));
#5568 = ORIENTED_EDGE('',*,*,#5569,.F.);
#5569 = EDGE_CURVE('',#5570,#5562,#5572,.T.);
#5570 = VERTEX_POINT('',#5571);
#5571 = CARTESIAN_POINT('',(1.75,0.7,4.2));
#5572 = LINE('',#5573,#5574);
#5573 = CARTESIAN_POINT('',(1.75,0.7,4.2));
#5574 = VECTOR('',#5575,1.);
#5575 = DIRECTION('',(0.,1.,1.110223024625E-16));
#5576 = ORIENTED_EDGE('',*,*,#5577,.F.);
#5577 = EDGE_CURVE('',#5578,#5570,#5580,.T.);
#5578 = VERTEX_POINT('',#5579);
#5579 = CARTESIAN_POINT('',(0.75,0.7,4.2));
#5580 = LINE('',#5581,#5582);
#5581 = CARTESIAN_POINT('',(-2.5,0.7,4.2));
#5582 = VECTOR('',#5583,1.);
#5583 = DIRECTION('',(1.,0.,0.));
#5584 = ORIENTED_EDGE('',*,*,#5585,.T.);
#5585 = EDGE_CURVE('',#5578,#5586,#5588,.T.);
#5586 = VERTEX_POINT('',#5587);
#5587 = CARTESIAN_POINT('',(0.75,1.,4.2));
#5588 = LINE('',#5589,#5590);
#5589 = CARTESIAN_POINT('',(0.75,0.7,4.2));
#5590 = VECTOR('',#5591,1.);
#5591 = DIRECTION('',(0.,1.,1.110223024625E-16));
#5592 = ORIENTED_EDGE('',*,*,#5593,.F.);
#5593 = EDGE_CURVE('',#5594,#5586,#5596,.T.);
#5594 = VERTEX_POINT('',#5595);
#5595 = CARTESIAN_POINT('',(-0.75,1.,4.2));
#5596 = LINE('',#5597,#5598);
#5597 = CARTESIAN_POINT('',(-0.75,1.,4.2));
#5598 = VECTOR('',#5599,1.);
#5599 = DIRECTION('',(1.,0.,0.));
#5600 = ORIENTED_EDGE('',*,*,#5601,.F.);
#5601 = EDGE_CURVE('',#5528,#5594,#5602,.T.);
#5602 = LINE('',#5603,#5604);
#5603 = CARTESIAN_POINT('',(-0.75,0.7,4.2));
#5604 = VECTOR('',#5605,1.);
#5605 = DIRECTION('',(0.,1.,1.110223024625E-16));
#5606 = PLANE('',#5607);
#5607 = AXIS2_PLACEMENT_3D('',#5608,#5609,#5610);
#5608 = CARTESIAN_POINT('',(-2.5,0.7,4.2));
#5609 = DIRECTION('',(0.,1.110223024625E-16,-1.));
#5610 = DIRECTION('',(1.,0.,0.));
#5611 = ADVANCED_FACE('',(#5612),#5625,.F.);
#5612 = FACE_BOUND('',#5613,.F.);
#5613 = EDGE_LOOP('',(#5614,#5615,#5616,#5617,#5618,#5619));
#5614 = ORIENTED_EDGE('',*,*,#5347,.T.);
#5615 = ORIENTED_EDGE('',*,*,#5404,.T.);
#5616 = ORIENTED_EDGE('',*,*,#5428,.T.);
#5617 = ORIENTED_EDGE('',*,*,#5445,.T.);
#5618 = ORIENTED_EDGE('',*,*,#4641,.T.);
#5619 = ORIENTED_EDGE('',*,*,#5620,.T.);
#5620 = EDGE_CURVE('',#4644,#5348,#5621,.T.);
#5621 = LINE('',#5622,#5623);
#5622 = CARTESIAN_POINT('',(4.,6.7,0.4));
#5623 = VECTOR('',#5624,1.);
#5624 = DIRECTION('',(0.,-1.,0.));
#5625 = PLANE('',#5626);
#5626 = AXIS2_PLACEMENT_3D('',#5627,#5628,#5629);
#5627 = CARTESIAN_POINT('',(4.,2.050547815873,0.638845343704));
#5628 = DIRECTION('',(1.,0.,0.));
#5629 = DIRECTION('',(0.,0.,1.));
#5630 = ADVANCED_FACE('',(#5631),#5706,.F.);
#5631 = FACE_BOUND('',#5632,.F.);
#5632 = EDGE_LOOP('',(#5633,#5634,#5635,#5636,#5644,#5652,#5660,#5668,
    #5676,#5684,#5692,#5700));
#5633 = ORIENTED_EDGE('',*,*,#5357,.F.);
#5634 = ORIENTED_EDGE('',*,*,#5620,.F.);
#5635 = ORIENTED_EDGE('',*,*,#4651,.T.);
#5636 = ORIENTED_EDGE('',*,*,#5637,.T.);
#5637 = EDGE_CURVE('',#4652,#5638,#5640,.T.);
#5638 = VERTEX_POINT('',#5639);
#5639 = CARTESIAN_POINT('',(-1.5,0.7,0.4));
#5640 = LINE('',#5641,#5642);
#5641 = CARTESIAN_POINT('',(-1.5,6.7,0.4));
#5642 = VECTOR('',#5643,1.);
#5643 = DIRECTION('',(0.,-1.,0.));
#5644 = ORIENTED_EDGE('',*,*,#5645,.F.);
#5645 = EDGE_CURVE('',#5646,#5638,#5648,.T.);
#5646 = VERTEX_POINT('',#5647);
#5647 = CARTESIAN_POINT('',(-0.75,0.7,0.4));
#5648 = LINE('',#5649,#5650);
#5649 = CARTESIAN_POINT('',(5.,0.7,0.4));
#5650 = VECTOR('',#5651,1.);
#5651 = DIRECTION('',(-1.,0.,0.));
#5652 = ORIENTED_EDGE('',*,*,#5653,.F.);
#5653 = EDGE_CURVE('',#5654,#5646,#5656,.T.);
#5654 = VERTEX_POINT('',#5655);
#5655 = CARTESIAN_POINT('',(-0.75,1.,0.4));
#5656 = LINE('',#5657,#5658);
#5657 = CARTESIAN_POINT('',(-0.75,1.,0.4));
#5658 = VECTOR('',#5659,1.);
#5659 = DIRECTION('',(0.,-1.,-1.110223024625E-16));
#5660 = ORIENTED_EDGE('',*,*,#5661,.T.);
#5661 = EDGE_CURVE('',#5654,#5662,#5664,.T.);
#5662 = VERTEX_POINT('',#5663);
#5663 = CARTESIAN_POINT('',(0.75,1.,0.4));
#5664 = LINE('',#5665,#5666);
#5665 = CARTESIAN_POINT('',(-0.75,1.,0.4));
#5666 = VECTOR('',#5667,1.);
#5667 = DIRECTION('',(1.,0.,0.));
#5668 = ORIENTED_EDGE('',*,*,#5669,.T.);
#5669 = EDGE_CURVE('',#5662,#5670,#5672,.T.);
#5670 = VERTEX_POINT('',#5671);
#5671 = CARTESIAN_POINT('',(0.75,0.7,0.4));
#5672 = LINE('',#5673,#5674);
#5673 = CARTESIAN_POINT('',(0.75,1.,0.4));
#5674 = VECTOR('',#5675,1.);
#5675 = DIRECTION('',(0.,-1.,-1.110223024625E-16));
#5676 = ORIENTED_EDGE('',*,*,#5677,.F.);
#5677 = EDGE_CURVE('',#5678,#5670,#5680,.T.);
#5678 = VERTEX_POINT('',#5679);
#5679 = CARTESIAN_POINT('',(1.75,0.7,0.4));
#5680 = LINE('',#5681,#5682);
#5681 = CARTESIAN_POINT('',(5.,0.7,0.4));
#5682 = VECTOR('',#5683,1.);
#5683 = DIRECTION('',(-1.,0.,0.));
#5684 = ORIENTED_EDGE('',*,*,#5685,.F.);
#5685 = EDGE_CURVE('',#5686,#5678,#5688,.T.);
#5686 = VERTEX_POINT('',#5687);
#5687 = CARTESIAN_POINT('',(1.75,1.,0.4));
#5688 = LINE('',#5689,#5690);
#5689 = CARTESIAN_POINT('',(1.75,1.,0.4));
#5690 = VECTOR('',#5691,1.);
#5691 = DIRECTION('',(0.,-1.,-1.110223024625E-16));
#5692 = ORIENTED_EDGE('',*,*,#5693,.T.);
#5693 = EDGE_CURVE('',#5686,#5694,#5696,.T.);
#5694 = VERTEX_POINT('',#5695);
#5695 = CARTESIAN_POINT('',(3.25,1.,0.4));
#5696 = LINE('',#5697,#5698);
#5697 = CARTESIAN_POINT('',(1.75,1.,0.4));
#5698 = VECTOR('',#5699,1.);
#5699 = DIRECTION('',(1.,0.,0.));
#5700 = ORIENTED_EDGE('',*,*,#5701,.T.);
#5701 = EDGE_CURVE('',#5694,#5358,#5702,.T.);
#5702 = LINE('',#5703,#5704);
#5703 = CARTESIAN_POINT('',(3.25,1.,0.4));
#5704 = VECTOR('',#5705,1.);
#5705 = DIRECTION('',(0.,-1.,-1.110223024625E-16));
#5706 = PLANE('',#5707);
#5707 = AXIS2_PLACEMENT_3D('',#5708,#5709,#5710);
#5708 = CARTESIAN_POINT('',(5.,0.7,0.4));
#5709 = DIRECTION('',(0.,-1.110223024625E-16,1.));
#5710 = DIRECTION('',(-1.,0.,0.));
#5711 = ADVANCED_FACE('',(#5712),#5746,.T.);
#5712 = FACE_BOUND('',#5713,.T.);
#5713 = EDGE_LOOP('',(#5714,#5722,#5730,#5738,#5744,#5745));
#5714 = ORIENTED_EDGE('',*,*,#5715,.T.);
#5715 = EDGE_CURVE('',#5638,#5716,#5718,.T.);
#5716 = VERTEX_POINT('',#5717);
#5717 = CARTESIAN_POINT('',(-1.5,0.7,2.6));
#5718 = LINE('',#5719,#5720);
#5719 = CARTESIAN_POINT('',(-1.5,0.7,0.4));
#5720 = VECTOR('',#5721,1.);
#5721 = DIRECTION('',(0.,0.,1.));
#5722 = ORIENTED_EDGE('',*,*,#5723,.T.);
#5723 = EDGE_CURVE('',#5716,#5724,#5726,.T.);
#5724 = VERTEX_POINT('',#5725);
#5725 = CARTESIAN_POINT('',(-1.5,-1.5,2.2));
#5726 = LINE('',#5727,#5728);
#5727 = CARTESIAN_POINT('',(-1.5,0.7,2.6));
#5728 = VECTOR('',#5729,1.);
#5729 = DIRECTION('',(0.,-0.9838699101,-0.1788854382));
#5730 = ORIENTED_EDGE('',*,*,#5731,.T.);
#5731 = EDGE_CURVE('',#5724,#5732,#5734,.T.);
#5732 = VERTEX_POINT('',#5733);
#5733 = CARTESIAN_POINT('',(-1.5,-1.5,0.));
#5734 = LINE('',#5735,#5736);
#5735 = CARTESIAN_POINT('',(-1.5,-1.5,2.2));
#5736 = VECTOR('',#5737,1.);
#5737 = DIRECTION('',(0.,0.,-1.));
#5738 = ORIENTED_EDGE('',*,*,#5739,.T.);
#5739 = EDGE_CURVE('',#5732,#4660,#5740,.T.);
#5740 = LINE('',#5741,#5742);
#5741 = CARTESIAN_POINT('',(-1.5,-1.5,0.));
#5742 = VECTOR('',#5743,1.);
#5743 = DIRECTION('',(0.,1.,0.));
#5744 = ORIENTED_EDGE('',*,*,#4659,.T.);
#5745 = ORIENTED_EDGE('',*,*,#5637,.T.);
#5746 = PLANE('',#5747);
#5747 = AXIS2_PLACEMENT_3D('',#5748,#5749,#5750);
#5748 = CARTESIAN_POINT('',(-1.5,2.050547815873,0.638845343704));
#5749 = DIRECTION('',(1.,0.,0.));
#5750 = DIRECTION('',(0.,0.,1.));
#5751 = ADVANCED_FACE('',(#5752),#5763,.F.);
#5752 = FACE_BOUND('',#5753,.F.);
#5753 = EDGE_LOOP('',(#5754,#5760,#5761,#5762));
#5754 = ORIENTED_EDGE('',*,*,#5755,.T.);
#5755 = EDGE_CURVE('',#4973,#5732,#5756,.T.);
#5756 = LINE('',#5757,#5758);
#5757 = CARTESIAN_POINT('',(-2.5,-1.5,0.));
#5758 = VECTOR('',#5759,1.);
#5759 = DIRECTION('',(1.,0.,0.));
#5760 = ORIENTED_EDGE('',*,*,#5739,.T.);
#5761 = ORIENTED_EDGE('',*,*,#4667,.F.);
#5762 = ORIENTED_EDGE('',*,*,#4972,.F.);
#5763 = PLANE('',#5764);
#5764 = AXIS2_PLACEMENT_3D('',#5765,#5766,#5767);
#5765 = CARTESIAN_POINT('',(-2.5,-1.5,0.));
#5766 = DIRECTION('',(0.,0.,1.));
#5767 = DIRECTION('',(0.,1.,0.));
#5768 = ADVANCED_FACE('',(#5769),#5775,.T.);
#5769 = FACE_BOUND('',#5770,.T.);
#5770 = EDGE_LOOP('',(#5771,#5772,#5773,#5774));
#5771 = ORIENTED_EDGE('',*,*,#5543,.T.);
#5772 = ORIENTED_EDGE('',*,*,#4845,.T.);
#5773 = ORIENTED_EDGE('',*,*,#4859,.F.);
#5774 = ORIENTED_EDGE('',*,*,#4893,.F.);
#5775 = PLANE('',#5776);
#5776 = AXIS2_PLACEMENT_3D('',#5777,#5778,#5779);
#5777 = CARTESIAN_POINT('',(-1.5,1.8,4.2));
#5778 = DIRECTION('',(0.,1.,1.110223024625E-16));
#5779 = DIRECTION('',(0.,1.110223024625E-16,-1.));
#5780 = ADVANCED_FACE('',(#5781),#5792,.F.);
#5781 = FACE_BOUND('',#5782,.F.);
#5782 = EDGE_LOOP('',(#5783,#5784,#5790,#5791));
#5783 = ORIENTED_EDGE('',*,*,#5012,.F.);
#5784 = ORIENTED_EDGE('',*,*,#5785,.T.);
#5785 = EDGE_CURVE('',#5013,#4926,#5786,.T.);
#5786 = LINE('',#5787,#5788);
#5787 = CARTESIAN_POINT('',(-2.5,5.9,3.2));
#5788 = VECTOR('',#5789,1.);
#5789 = DIRECTION('',(1.,0.,0.));
#5790 = ORIENTED_EDGE('',*,*,#4933,.F.);
#5791 = ORIENTED_EDGE('',*,*,#5536,.F.);
#5792 = PLANE('',#5793);
#5793 = AXIS2_PLACEMENT_3D('',#5794,#5795,#5796);
#5794 = CARTESIAN_POINT('',(-2.5,5.9,3.2));
#5795 = DIRECTION('',(0.,-1.,-1.110223024625E-16));
#5796 = DIRECTION('',(0.,-1.110223024625E-16,1.));
#5797 = ADVANCED_FACE('',(#5798),#5809,.F.);
#5798 = FACE_BOUND('',#5799,.F.);
#5799 = EDGE_LOOP('',(#5800,#5801,#5807,#5808));
#5800 = ORIENTED_EDGE('',*,*,#5020,.F.);
#5801 = ORIENTED_EDGE('',*,*,#5802,.T.);
#5802 = EDGE_CURVE('',#5021,#4918,#5803,.T.);
#5803 = LINE('',#5804,#5805);
#5804 = CARTESIAN_POINT('',(-2.5,5.2,2.6));
#5805 = VECTOR('',#5806,1.);
#5806 = DIRECTION('',(1.,0.,0.));
#5807 = ORIENTED_EDGE('',*,*,#4925,.F.);
#5808 = ORIENTED_EDGE('',*,*,#5785,.F.);
#5809 = PLANE('',#5810);
#5810 = AXIS2_PLACEMENT_3D('',#5811,#5812,#5813);
#5811 = CARTESIAN_POINT('',(-2.5,5.2,2.6));
#5812 = DIRECTION('',(0.,-0.650791373456,0.759256602365));
#5813 = DIRECTION('',(0.,0.759256602365,0.650791373456));
#5814 = ADVANCED_FACE('',(#5815),#5826,.F.);
#5815 = FACE_BOUND('',#5816,.F.);
#5816 = EDGE_LOOP('',(#5817,#5818,#5824,#5825));
#5817 = ORIENTED_EDGE('',*,*,#5028,.F.);
#5818 = ORIENTED_EDGE('',*,*,#5819,.T.);
#5819 = EDGE_CURVE('',#5029,#4910,#5820,.T.);
#5820 = LINE('',#5821,#5822);
#5821 = CARTESIAN_POINT('',(-2.5,5.,2.6));
#5822 = VECTOR('',#5823,1.);
#5823 = DIRECTION('',(1.,0.,0.));
#5824 = ORIENTED_EDGE('',*,*,#4917,.F.);
#5825 = ORIENTED_EDGE('',*,*,#5802,.F.);
#5826 = PLANE('',#5827);
#5827 = AXIS2_PLACEMENT_3D('',#5828,#5829,#5830);
#5828 = CARTESIAN_POINT('',(-2.5,5.,2.6));
#5829 = DIRECTION('',(0.,-1.110223024625E-16,1.));
#5830 = DIRECTION('',(0.,1.,1.110223024625E-16));
#5831 = ADVANCED_FACE('',(#5832),#5838,.F.);
#5832 = FACE_BOUND('',#5833,.F.);
#5833 = EDGE_LOOP('',(#5834,#5835,#5836,#5837));
#5834 = ORIENTED_EDGE('',*,*,#5036,.F.);
#5835 = ORIENTED_EDGE('',*,*,#4957,.T.);
#5836 = ORIENTED_EDGE('',*,*,#4909,.F.);
#5837 = ORIENTED_EDGE('',*,*,#5819,.F.);
#5838 = PLANE('',#5839);
#5839 = AXIS2_PLACEMENT_3D('',#5840,#5841,#5842);
#5840 = CARTESIAN_POINT('',(-2.5,4.8,2.9));
#5841 = DIRECTION('',(0.,0.832050294338,0.554700196225));
#5842 = DIRECTION('',(0.,0.554700196225,-0.832050294338));
#5843 = ADVANCED_FACE('',(#5844),#5855,.F.);
#5844 = FACE_BOUND('',#5845,.F.);
#5845 = EDGE_LOOP('',(#5846,#5852,#5853,#5854));
#5846 = ORIENTED_EDGE('',*,*,#5847,.T.);
#5847 = EDGE_CURVE('',#4981,#5724,#5848,.T.);
#5848 = LINE('',#5849,#5850);
#5849 = CARTESIAN_POINT('',(-2.5,-1.5,2.2));
#5850 = VECTOR('',#5851,1.);
#5851 = DIRECTION('',(1.,0.,0.));
#5852 = ORIENTED_EDGE('',*,*,#5731,.T.);
#5853 = ORIENTED_EDGE('',*,*,#5755,.F.);
#5854 = ORIENTED_EDGE('',*,*,#4980,.F.);
#5855 = PLANE('',#5856);
#5856 = AXIS2_PLACEMENT_3D('',#5857,#5858,#5859);
#5857 = CARTESIAN_POINT('',(-2.5,-1.5,2.2));
#5858 = DIRECTION('',(0.,1.,0.));
#5859 = DIRECTION('',(0.,0.,-1.));
#5860 = ADVANCED_FACE('',(#5861),#5872,.F.);
#5861 = FACE_BOUND('',#5862,.F.);
#5862 = EDGE_LOOP('',(#5863,#5869,#5870,#5871));
#5863 = ORIENTED_EDGE('',*,*,#5864,.T.);
#5864 = EDGE_CURVE('',#4989,#5716,#5865,.T.);
#5865 = LINE('',#5866,#5867);
#5866 = CARTESIAN_POINT('',(-2.5,0.7,2.6));
#5867 = VECTOR('',#5868,1.);
#5868 = DIRECTION('',(1.,0.,0.));
#5869 = ORIENTED_EDGE('',*,*,#5723,.T.);
#5870 = ORIENTED_EDGE('',*,*,#5847,.F.);
#5871 = ORIENTED_EDGE('',*,*,#4988,.F.);
#5872 = PLANE('',#5873);
#5873 = AXIS2_PLACEMENT_3D('',#5874,#5875,#5876);
#5874 = CARTESIAN_POINT('',(-2.5,0.7,2.6));
#5875 = DIRECTION('',(0.,0.1788854382,-0.9838699101));
#5876 = DIRECTION('',(0.,-0.9838699101,-0.1788854382));
#5877 = ADVANCED_FACE('',(#5878),#5891,.F.);
#5878 = FACE_BOUND('',#5879,.F.);
#5879 = EDGE_LOOP('',(#5880,#5881,#5882,#5883,#5889,#5890));
#5880 = ORIENTED_EDGE('',*,*,#5864,.F.);
#5881 = ORIENTED_EDGE('',*,*,#4996,.T.);
#5882 = ORIENTED_EDGE('',*,*,#5527,.T.);
#5883 = ORIENTED_EDGE('',*,*,#5884,.F.);
#5884 = EDGE_CURVE('',#5646,#5528,#5885,.T.);
#5885 = LINE('',#5886,#5887);
#5886 = CARTESIAN_POINT('',(-0.75,0.7,0.4));
#5887 = VECTOR('',#5888,1.);
#5888 = DIRECTION('',(0.,-1.110223024625E-16,1.));
#5889 = ORIENTED_EDGE('',*,*,#5645,.T.);
#5890 = ORIENTED_EDGE('',*,*,#5715,.T.);
#5891 = PLANE('',#5892);
#5892 = AXIS2_PLACEMENT_3D('',#5893,#5894,#5895);
#5893 = CARTESIAN_POINT('',(1.25,0.7,2.3));
#5894 = DIRECTION('',(0.,1.,1.110223024625E-16));
#5895 = DIRECTION('',(1.,0.,-0.));
#5896 = ADVANCED_FACE('',(#5897),#5922,.T.);
#5897 = FACE_BOUND('',#5898,.T.);
#5898 = EDGE_LOOP('',(#5899,#5907,#5908,#5916));
#5899 = ORIENTED_EDGE('',*,*,#5900,.F.);
#5900 = EDGE_CURVE('',#5156,#5901,#5903,.T.);
#5901 = VERTEX_POINT('',#5902);
#5902 = CARTESIAN_POINT('',(-0.12,5.7,1.88));
#5903 = LINE('',#5904,#5905);
#5904 = CARTESIAN_POINT('',(-0.253333333333,5.566666666667,
    1.746666666667));
#5905 = VECTOR('',#5906,1.);
#5906 = DIRECTION('',(0.57735026919,0.57735026919,0.57735026919));
#5907 = ORIENTED_EDGE('',*,*,#5155,.T.);
#5908 = ORIENTED_EDGE('',*,*,#5909,.F.);
#5909 = EDGE_CURVE('',#5910,#5158,#5912,.T.);
#5910 = VERTEX_POINT('',#5911);
#5911 = CARTESIAN_POINT('',(-0.12,5.7,2.12));
#5912 = LINE('',#5913,#5914);
#5913 = CARTESIAN_POINT('',(-0.146666666667,5.673333333333,
    2.146666666667));
#5914 = VECTOR('',#5915,1.);
#5915 = DIRECTION('',(-0.57735026919,-0.57735026919,0.57735026919));
#5916 = ORIENTED_EDGE('',*,*,#5917,.F.);
#5917 = EDGE_CURVE('',#5901,#5910,#5918,.T.);
#5918 = LINE('',#5919,#5920);
#5919 = CARTESIAN_POINT('',(-0.12,5.7,1.68));
#5920 = VECTOR('',#5921,1.);
#5921 = DIRECTION('',(0.,0.,1.));
#5922 = PLANE('',#5923);
#5923 = AXIS2_PLACEMENT_3D('',#5924,#5925,#5926);
#5924 = CARTESIAN_POINT('',(-0.22,5.6,1.68));
#5925 = DIRECTION('',(-0.707106781187,0.707106781187,-1.735417226644E-18
    ));
#5926 = DIRECTION('',(-1.227125289148E-18,1.227125289148E-18,1.));
#5927 = ADVANCED_FACE('',(#5928),#5946,.T.);
#5928 = FACE_BOUND('',#5929,.F.);
#5929 = EDGE_LOOP('',(#5930,#5931,#5939,#5945));
#5930 = ORIENTED_EDGE('',*,*,#5909,.F.);
#5931 = ORIENTED_EDGE('',*,*,#5932,.T.);
#5932 = EDGE_CURVE('',#5910,#5933,#5935,.T.);
#5933 = VERTEX_POINT('',#5934);
#5934 = CARTESIAN_POINT('',(0.12,5.7,2.12));
#5935 = LINE('',#5936,#5937);
#5936 = CARTESIAN_POINT('',(-0.32,5.7,2.12));
#5937 = VECTOR('',#5938,1.);
#5938 = DIRECTION('',(1.,0.,0.));
#5939 = ORIENTED_EDGE('',*,*,#5940,.F.);
#5940 = EDGE_CURVE('',#5188,#5933,#5941,.T.);
#5941 = LINE('',#5942,#5943);
#5942 = CARTESIAN_POINT('',(4.E-02,5.78,2.04));
#5943 = VECTOR('',#5944,1.);
#5944 = DIRECTION('',(-0.57735026919,0.57735026919,-0.57735026919));
#5945 = ORIENTED_EDGE('',*,*,#5187,.F.);
#5946 = PLANE('',#5947);
#5947 = AXIS2_PLACEMENT_3D('',#5948,#5949,#5950);
#5948 = CARTESIAN_POINT('',(-0.32,5.6,2.22));
#5949 = DIRECTION('',(0.,0.707106781187,0.707106781187));
#5950 = DIRECTION('',(-1.,0.,0.));
#5951 = ADVANCED_FACE('',(#5952),#5970,.F.);
#5952 = FACE_BOUND('',#5953,.F.);
#5953 = EDGE_LOOP('',(#5954,#5962,#5963,#5964));
#5954 = ORIENTED_EDGE('',*,*,#5955,.F.);
#5955 = EDGE_CURVE('',#5211,#5956,#5958,.T.);
#5956 = VERTEX_POINT('',#5957);
#5957 = CARTESIAN_POINT('',(0.12,5.7,1.88));
#5958 = LINE('',#5959,#5960);
#5959 = CARTESIAN_POINT('',(0.146666666667,5.673333333333,1.853333333333
    ));
#5960 = VECTOR('',#5961,1.);
#5961 = DIRECTION('',(-0.57735026919,0.57735026919,0.57735026919));
#5962 = ORIENTED_EDGE('',*,*,#5210,.T.);
#5963 = ORIENTED_EDGE('',*,*,#5940,.T.);
#5964 = ORIENTED_EDGE('',*,*,#5965,.F.);
#5965 = EDGE_CURVE('',#5956,#5933,#5966,.T.);
#5966 = LINE('',#5967,#5968);
#5967 = CARTESIAN_POINT('',(0.12,5.7,1.68));
#5968 = VECTOR('',#5969,1.);
#5969 = DIRECTION('',(0.,0.,1.));
#5970 = PLANE('',#5971);
#5971 = AXIS2_PLACEMENT_3D('',#5972,#5973,#5974);
#5972 = CARTESIAN_POINT('',(0.22,5.6,1.68));
#5973 = DIRECTION('',(-0.707106781187,-0.707106781187,1.735417226644E-18
    ));
#5974 = DIRECTION('',(1.227125289148E-18,1.227125289148E-18,1.));
#5975 = ADVANCED_FACE('',(#5976),#5987,.T.);
#5976 = FACE_BOUND('',#5977,.F.);
#5977 = EDGE_LOOP('',(#5978,#5979,#5980,#5981));
#5978 = ORIENTED_EDGE('',*,*,#5900,.F.);
#5979 = ORIENTED_EDGE('',*,*,#5237,.T.);
#5980 = ORIENTED_EDGE('',*,*,#5955,.T.);
#5981 = ORIENTED_EDGE('',*,*,#5982,.F.);
#5982 = EDGE_CURVE('',#5901,#5956,#5983,.T.);
#5983 = LINE('',#5984,#5985);
#5984 = CARTESIAN_POINT('',(-0.32,5.7,1.88));
#5985 = VECTOR('',#5986,1.);
#5986 = DIRECTION('',(1.,0.,0.));
#5987 = PLANE('',#5988);
#5988 = AXIS2_PLACEMENT_3D('',#5989,#5990,#5991);
#5989 = CARTESIAN_POINT('',(-0.32,5.6,1.78));
#5990 = DIRECTION('',(0.,0.707106781187,-0.707106781187));
#5991 = DIRECTION('',(-1.,0.,-0.));
#5992 = ADVANCED_FACE('',(#5993),#6018,.F.);
#5993 = FACE_BOUND('',#5994,.F.);
#5994 = EDGE_LOOP('',(#5995,#6003,#6004,#6012));
#5995 = ORIENTED_EDGE('',*,*,#5996,.F.);
#5996 = EDGE_CURVE('',#5252,#5997,#5999,.T.);
#5997 = VERTEX_POINT('',#5998);
#5998 = CARTESIAN_POINT('',(2.62,5.7,1.88));
#5999 = LINE('',#6000,#6001);
#6000 = CARTESIAN_POINT('',(2.646666666667,5.673333333333,1.853333333333
    ));
#6001 = VECTOR('',#6002,1.);
#6002 = DIRECTION('',(-0.57735026919,0.57735026919,0.57735026919));
#6003 = ORIENTED_EDGE('',*,*,#5251,.T.);
#6004 = ORIENTED_EDGE('',*,*,#6005,.T.);
#6005 = EDGE_CURVE('',#5254,#6006,#6008,.T.);
#6006 = VERTEX_POINT('',#6007);
#6007 = CARTESIAN_POINT('',(2.62,5.7,2.12));
#6008 = LINE('',#6009,#6010);
#6009 = CARTESIAN_POINT('',(2.54,5.78,2.04));
#6010 = VECTOR('',#6011,1.);
#6011 = DIRECTION('',(-0.57735026919,0.57735026919,-0.57735026919));
#6012 = ORIENTED_EDGE('',*,*,#6013,.F.);
#6013 = EDGE_CURVE('',#5997,#6006,#6014,.T.);
#6014 = LINE('',#6015,#6016);
#6015 = CARTESIAN_POINT('',(2.62,5.7,1.68));
#6016 = VECTOR('',#6017,1.);
#6017 = DIRECTION('',(0.,0.,1.));
#6018 = PLANE('',#6019);
#6019 = AXIS2_PLACEMENT_3D('',#6020,#6021,#6022);
#6020 = CARTESIAN_POINT('',(2.72,5.6,1.68));
#6021 = DIRECTION('',(-0.707106781187,-0.707106781187,1.735417226644E-18
    ));
#6022 = DIRECTION('',(1.227125289148E-18,1.227125289148E-18,1.));
#6023 = ADVANCED_FACE('',(#6024),#6042,.T.);
#6024 = FACE_BOUND('',#6025,.F.);
#6025 = EDGE_LOOP('',(#6026,#6034,#6035,#6036));
#6026 = ORIENTED_EDGE('',*,*,#6027,.F.);
#6027 = EDGE_CURVE('',#5283,#6028,#6030,.T.);
#6028 = VERTEX_POINT('',#6029);
#6029 = CARTESIAN_POINT('',(2.38,5.7,1.88));
#6030 = LINE('',#6031,#6032);
#6031 = CARTESIAN_POINT('',(2.246666666667,5.566666666667,1.746666666667
    ));
#6032 = VECTOR('',#6033,1.);
#6033 = DIRECTION('',(0.57735026919,0.57735026919,0.57735026919));
#6034 = ORIENTED_EDGE('',*,*,#5292,.T.);
#6035 = ORIENTED_EDGE('',*,*,#5996,.T.);
#6036 = ORIENTED_EDGE('',*,*,#6037,.F.);
#6037 = EDGE_CURVE('',#6028,#5997,#6038,.T.);
#6038 = LINE('',#6039,#6040);
#6039 = CARTESIAN_POINT('',(2.18,5.7,1.88));
#6040 = VECTOR('',#6041,1.);
#6041 = DIRECTION('',(1.,0.,0.));
#6042 = PLANE('',#6043);
#6043 = AXIS2_PLACEMENT_3D('',#6044,#6045,#6046);
#6044 = CARTESIAN_POINT('',(2.18,5.6,1.78));
#6045 = DIRECTION('',(0.,0.707106781187,-0.707106781187));
#6046 = DIRECTION('',(-1.,0.,-0.));
#6047 = ADVANCED_FACE('',(#6048),#6066,.T.);
#6048 = FACE_BOUND('',#6049,.T.);
#6049 = EDGE_LOOP('',(#6050,#6051,#6052,#6060));
#6050 = ORIENTED_EDGE('',*,*,#6027,.F.);
#6051 = ORIENTED_EDGE('',*,*,#5306,.T.);
#6052 = ORIENTED_EDGE('',*,*,#6053,.F.);
#6053 = EDGE_CURVE('',#6054,#5307,#6056,.T.);
#6054 = VERTEX_POINT('',#6055);
#6055 = CARTESIAN_POINT('',(2.38,5.7,2.12));
#6056 = LINE('',#6057,#6058);
#6057 = CARTESIAN_POINT('',(2.353333333333,5.673333333333,2.146666666667
    ));
#6058 = VECTOR('',#6059,1.);
#6059 = DIRECTION('',(-0.57735026919,-0.57735026919,0.57735026919));
#6060 = ORIENTED_EDGE('',*,*,#6061,.F.);
#6061 = EDGE_CURVE('',#6028,#6054,#6062,.T.);
#6062 = LINE('',#6063,#6064);
#6063 = CARTESIAN_POINT('',(2.38,5.7,1.68));
#6064 = VECTOR('',#6065,1.);
#6065 = DIRECTION('',(0.,0.,1.));
#6066 = PLANE('',#6067);
#6067 = AXIS2_PLACEMENT_3D('',#6068,#6069,#6070);
#6068 = CARTESIAN_POINT('',(2.28,5.6,1.68));
#6069 = DIRECTION('',(-0.707106781187,0.707106781187,-1.735417226644E-18
    ));
#6070 = DIRECTION('',(-1.227125289148E-18,1.227125289148E-18,1.));
#6071 = ADVANCED_FACE('',(#6072),#6083,.T.);
#6072 = FACE_BOUND('',#6073,.F.);
#6073 = EDGE_LOOP('',(#6074,#6075,#6081,#6082));
#6074 = ORIENTED_EDGE('',*,*,#6053,.F.);
#6075 = ORIENTED_EDGE('',*,*,#6076,.T.);
#6076 = EDGE_CURVE('',#6054,#6006,#6077,.T.);
#6077 = LINE('',#6078,#6079);
#6078 = CARTESIAN_POINT('',(2.18,5.7,2.12));
#6079 = VECTOR('',#6080,1.);
#6080 = DIRECTION('',(1.,0.,0.));
#6081 = ORIENTED_EDGE('',*,*,#6005,.F.);
#6082 = ORIENTED_EDGE('',*,*,#5331,.F.);
#6083 = PLANE('',#6084);
#6084 = AXIS2_PLACEMENT_3D('',#6085,#6086,#6087);
#6085 = CARTESIAN_POINT('',(2.18,5.6,2.22));
#6086 = DIRECTION('',(0.,0.707106781187,0.707106781187));
#6087 = DIRECTION('',(-1.,0.,0.));
#6088 = ADVANCED_FACE('',(#6089),#6100,.T.);
#6089 = FACE_BOUND('',#6090,.T.);
#6090 = EDGE_LOOP('',(#6091,#6092,#6098,#6099));
#6091 = ORIENTED_EDGE('',*,*,#5553,.T.);
#6092 = ORIENTED_EDGE('',*,*,#6093,.T.);
#6093 = EDGE_CURVE('',#5554,#5694,#6094,.T.);
#6094 = LINE('',#6095,#6096);
#6095 = CARTESIAN_POINT('',(3.25,1.,1.5));
#6096 = VECTOR('',#6097,1.);
#6097 = DIRECTION('',(0.,1.110223024625E-16,-1.));
#6098 = ORIENTED_EDGE('',*,*,#5701,.T.);
#6099 = ORIENTED_EDGE('',*,*,#5365,.T.);
#6100 = PLANE('',#6101);
#6101 = AXIS2_PLACEMENT_3D('',#6102,#6103,#6104);
#6102 = CARTESIAN_POINT('',(3.25,0.85,2.3));
#6103 = DIRECTION('',(-1.,-1.269339193699E-31,-1.409249598904E-47));
#6104 = DIRECTION('',(1.269339193699E-31,-1.,-1.110223024625E-16));
#6105 = ADVANCED_FACE('',(#6106),#6117,.F.);
#6106 = FACE_BOUND('',#6107,.F.);
#6107 = EDGE_LOOP('',(#6108,#6109,#6115,#6116));
#6108 = ORIENTED_EDGE('',*,*,#5601,.T.);
#6109 = ORIENTED_EDGE('',*,*,#6110,.T.);
#6110 = EDGE_CURVE('',#5594,#5654,#6111,.T.);
#6111 = LINE('',#6112,#6113);
#6112 = CARTESIAN_POINT('',(-0.75,1.,4.2));
#6113 = VECTOR('',#6114,1.);
#6114 = DIRECTION('',(0.,1.110223024625E-16,-1.));
#6115 = ORIENTED_EDGE('',*,*,#5653,.T.);
#6116 = ORIENTED_EDGE('',*,*,#5884,.T.);
#6117 = PLANE('',#6118);
#6118 = AXIS2_PLACEMENT_3D('',#6119,#6120,#6121);
#6119 = CARTESIAN_POINT('',(-0.75,0.85,2.3));
#6120 = DIRECTION('',(-1.,-1.269339193699E-31,-1.409249598904E-47));
#6121 = DIRECTION('',(1.269339193699E-31,-1.,-1.110223024625E-16));
#6122 = ADVANCED_FACE('',(#6123,#6134),#6168,.F.);
#6123 = FACE_BOUND('',#6124,.F.);
#6124 = EDGE_LOOP('',(#6125,#6126,#6132,#6133));
#6125 = ORIENTED_EDGE('',*,*,#5593,.T.);
#6126 = ORIENTED_EDGE('',*,*,#6127,.T.);
#6127 = EDGE_CURVE('',#5586,#5662,#6128,.T.);
#6128 = LINE('',#6129,#6130);
#6129 = CARTESIAN_POINT('',(0.75,1.,1.5));
#6130 = VECTOR('',#6131,1.);
#6131 = DIRECTION('',(0.,1.110223024625E-16,-1.));
#6132 = ORIENTED_EDGE('',*,*,#5661,.F.);
#6133 = ORIENTED_EDGE('',*,*,#6110,.F.);
#6134 = FACE_BOUND('',#6135,.F.);
#6135 = EDGE_LOOP('',(#6136,#6146,#6154,#6162));
#6136 = ORIENTED_EDGE('',*,*,#6137,.T.);
#6137 = EDGE_CURVE('',#6138,#6140,#6142,.T.);
#6138 = VERTEX_POINT('',#6139);
#6139 = CARTESIAN_POINT('',(-0.32,1.,2.32));
#6140 = VERTEX_POINT('',#6141);
#6141 = CARTESIAN_POINT('',(-0.32,1.,1.68));
#6142 = LINE('',#6143,#6144);
#6143 = CARTESIAN_POINT('',(-0.32,1.,1.490621186329));
#6144 = VECTOR('',#6145,1.);
#6145 = DIRECTION('',(0.,1.110223024625E-16,-1.));
#6146 = ORIENTED_EDGE('',*,*,#6147,.T.);
#6147 = EDGE_CURVE('',#6140,#6148,#6150,.T.);
#6148 = VERTEX_POINT('',#6149);
#6149 = CARTESIAN_POINT('',(0.32,1.,1.68));
#6150 = LINE('',#6151,#6152);
#6151 = CARTESIAN_POINT('',(-0.16,1.,1.68));
#6152 = VECTOR('',#6153,1.);
#6153 = DIRECTION('',(1.,0.,0.));
#6154 = ORIENTED_EDGE('',*,*,#6155,.F.);
#6155 = EDGE_CURVE('',#6156,#6148,#6158,.T.);
#6156 = VERTEX_POINT('',#6157);
#6157 = CARTESIAN_POINT('',(0.32,1.,2.32));
#6158 = LINE('',#6159,#6160);
#6159 = CARTESIAN_POINT('',(0.32,1.,1.490621186329));
#6160 = VECTOR('',#6161,1.);
#6161 = DIRECTION('',(0.,1.110223024625E-16,-1.));
#6162 = ORIENTED_EDGE('',*,*,#6163,.T.);
#6163 = EDGE_CURVE('',#6156,#6138,#6164,.T.);
#6164 = LINE('',#6165,#6166);
#6165 = CARTESIAN_POINT('',(-0.16,1.,2.32));
#6166 = VECTOR('',#6167,1.);
#6167 = DIRECTION('',(-1.,0.,0.));
#6168 = PLANE('',#6169);
#6169 = AXIS2_PLACEMENT_3D('',#6170,#6171,#6172);
#6170 = CARTESIAN_POINT('',(0.,1.,2.3));
#6171 = DIRECTION('',(0.,1.,1.110223024625E-16));
#6172 = DIRECTION('',(1.,0.,-0.));
#6173 = ADVANCED_FACE('',(#6174),#6185,.T.);
#6174 = FACE_BOUND('',#6175,.T.);
#6175 = EDGE_LOOP('',(#6176,#6177,#6178,#6179));
#6176 = ORIENTED_EDGE('',*,*,#5585,.T.);
#6177 = ORIENTED_EDGE('',*,*,#6127,.T.);
#6178 = ORIENTED_EDGE('',*,*,#5669,.T.);
#6179 = ORIENTED_EDGE('',*,*,#6180,.T.);
#6180 = EDGE_CURVE('',#5670,#5578,#6181,.T.);
#6181 = LINE('',#6182,#6183);
#6182 = CARTESIAN_POINT('',(0.75,0.7,0.4));
#6183 = VECTOR('',#6184,1.);
#6184 = DIRECTION('',(0.,-1.110223024625E-16,1.));
#6185 = PLANE('',#6186);
#6186 = AXIS2_PLACEMENT_3D('',#6187,#6188,#6189);
#6187 = CARTESIAN_POINT('',(0.75,0.85,2.3));
#6188 = DIRECTION('',(-1.,-1.269339193699E-31,-1.409249598904E-47));
#6189 = DIRECTION('',(1.269339193699E-31,-1.,-1.110223024625E-16));
#6190 = ADVANCED_FACE('',(#6191),#6202,.F.);
#6191 = FACE_BOUND('',#6192,.F.);
#6192 = EDGE_LOOP('',(#6193,#6194,#6195,#6196));
#6193 = ORIENTED_EDGE('',*,*,#5677,.T.);
#6194 = ORIENTED_EDGE('',*,*,#6180,.T.);
#6195 = ORIENTED_EDGE('',*,*,#5577,.T.);
#6196 = ORIENTED_EDGE('',*,*,#6197,.F.);
#6197 = EDGE_CURVE('',#5678,#5570,#6198,.T.);
#6198 = LINE('',#6199,#6200);
#6199 = CARTESIAN_POINT('',(1.75,0.7,0.4));
#6200 = VECTOR('',#6201,1.);
#6201 = DIRECTION('',(0.,-1.110223024625E-16,1.));
#6202 = PLANE('',#6203);
#6203 = AXIS2_PLACEMENT_3D('',#6204,#6205,#6206);
#6204 = CARTESIAN_POINT('',(1.25,0.7,2.3));
#6205 = DIRECTION('',(0.,1.,1.110223024625E-16));
#6206 = DIRECTION('',(1.,0.,-0.));
#6207 = ADVANCED_FACE('',(#6208),#6219,.F.);
#6208 = FACE_BOUND('',#6209,.F.);
#6209 = EDGE_LOOP('',(#6210,#6211,#6217,#6218));
#6210 = ORIENTED_EDGE('',*,*,#5569,.T.);
#6211 = ORIENTED_EDGE('',*,*,#6212,.T.);
#6212 = EDGE_CURVE('',#5562,#5686,#6213,.T.);
#6213 = LINE('',#6214,#6215);
#6214 = CARTESIAN_POINT('',(1.75,1.,4.2));
#6215 = VECTOR('',#6216,1.);
#6216 = DIRECTION('',(0.,1.110223024625E-16,-1.));
#6217 = ORIENTED_EDGE('',*,*,#5685,.T.);
#6218 = ORIENTED_EDGE('',*,*,#6197,.T.);
#6219 = PLANE('',#6220);
#6220 = AXIS2_PLACEMENT_3D('',#6221,#6222,#6223);
#6221 = CARTESIAN_POINT('',(1.75,0.85,2.3));
#6222 = DIRECTION('',(-1.,-1.269339193699E-31,-1.409249598904E-47));
#6223 = DIRECTION('',(1.269339193699E-31,-1.,-1.110223024625E-16));
#6224 = ADVANCED_FACE('',(#6225,#6231),#6265,.F.);
#6225 = FACE_BOUND('',#6226,.F.);
#6226 = EDGE_LOOP('',(#6227,#6228,#6229,#6230));
#6227 = ORIENTED_EDGE('',*,*,#5561,.T.);
#6228 = ORIENTED_EDGE('',*,*,#6093,.T.);
#6229 = ORIENTED_EDGE('',*,*,#5693,.F.);
#6230 = ORIENTED_EDGE('',*,*,#6212,.F.);
#6231 = FACE_BOUND('',#6232,.F.);
#6232 = EDGE_LOOP('',(#6233,#6243,#6251,#6259));
#6233 = ORIENTED_EDGE('',*,*,#6234,.F.);
#6234 = EDGE_CURVE('',#6235,#6237,#6239,.T.);
#6235 = VERTEX_POINT('',#6236);
#6236 = CARTESIAN_POINT('',(2.82,1.,2.32));
#6237 = VERTEX_POINT('',#6238);
#6238 = CARTESIAN_POINT('',(2.82,1.,1.68));
#6239 = LINE('',#6240,#6241);
#6240 = CARTESIAN_POINT('',(2.82,1.,1.490621186329));
#6241 = VECTOR('',#6242,1.);
#6242 = DIRECTION('',(0.,1.110223024625E-16,-1.));
#6243 = ORIENTED_EDGE('',*,*,#6244,.T.);
#6244 = EDGE_CURVE('',#6235,#6245,#6247,.T.);
#6245 = VERTEX_POINT('',#6246);
#6246 = CARTESIAN_POINT('',(2.18,1.,2.32));
#6247 = LINE('',#6248,#6249);
#6248 = CARTESIAN_POINT('',(2.34,1.,2.32));
#6249 = VECTOR('',#6250,1.);
#6250 = DIRECTION('',(-1.,0.,0.));
#6251 = ORIENTED_EDGE('',*,*,#6252,.T.);
#6252 = EDGE_CURVE('',#6245,#6253,#6255,.T.);
#6253 = VERTEX_POINT('',#6254);
#6254 = CARTESIAN_POINT('',(2.18,1.,1.68));
#6255 = LINE('',#6256,#6257);
#6256 = CARTESIAN_POINT('',(2.18,1.,1.490621186329));
#6257 = VECTOR('',#6258,1.);
#6258 = DIRECTION('',(0.,1.110223024625E-16,-1.));
#6259 = ORIENTED_EDGE('',*,*,#6260,.T.);
#6260 = EDGE_CURVE('',#6253,#6237,#6261,.T.);
#6261 = LINE('',#6262,#6263);
#6262 = CARTESIAN_POINT('',(2.34,1.,1.68));
#6263 = VECTOR('',#6264,1.);
#6264 = DIRECTION('',(1.,0.,0.));
#6265 = PLANE('',#6266);
#6266 = AXIS2_PLACEMENT_3D('',#6267,#6268,#6269);
#6267 = CARTESIAN_POINT('',(2.5,1.,2.3));
#6268 = DIRECTION('',(0.,1.,1.110223024625E-16));
#6269 = DIRECTION('',(1.,0.,-0.));
#6270 = ADVANCED_FACE('',(#6271),#6277,.F.);
#6271 = FACE_BOUND('',#6272,.F.);
#6272 = EDGE_LOOP('',(#6273,#6274,#6275,#6276));
#6273 = ORIENTED_EDGE('',*,*,#5982,.T.);
#6274 = ORIENTED_EDGE('',*,*,#5965,.T.);
#6275 = ORIENTED_EDGE('',*,*,#5932,.F.);
#6276 = ORIENTED_EDGE('',*,*,#5917,.F.);
#6277 = PLANE('',#6278);
#6278 = AXIS2_PLACEMENT_3D('',#6279,#6280,#6281);
#6279 = CARTESIAN_POINT('',(-0.32,5.7,1.68));
#6280 = DIRECTION('',(0.,-1.,0.));
#6281 = DIRECTION('',(0.,0.,1.));
#6282 = ADVANCED_FACE('',(#6283),#6289,.F.);
#6283 = FACE_BOUND('',#6284,.F.);
#6284 = EDGE_LOOP('',(#6285,#6286,#6287,#6288));
#6285 = ORIENTED_EDGE('',*,*,#6037,.T.);
#6286 = ORIENTED_EDGE('',*,*,#6013,.T.);
#6287 = ORIENTED_EDGE('',*,*,#6076,.F.);
#6288 = ORIENTED_EDGE('',*,*,#6061,.F.);
#6289 = PLANE('',#6290);
#6290 = AXIS2_PLACEMENT_3D('',#6291,#6292,#6293);
#6291 = CARTESIAN_POINT('',(2.18,5.7,1.68));
#6292 = DIRECTION('',(0.,-1.,0.));
#6293 = DIRECTION('',(0.,0.,1.));
#6294 = ADVANCED_FACE('',(#6295),#6386,.F.);
#6295 = FACE_BOUND('',#6296,.F.);
#6296 = EDGE_LOOP('',(#6297,#6298,#6306,#6315,#6323,#6331,#6339,#6347,
    #6355,#6363,#6371,#6380));
#6297 = ORIENTED_EDGE('',*,*,#6137,.F.);
#6298 = ORIENTED_EDGE('',*,*,#6299,.T.);
#6299 = EDGE_CURVE('',#6138,#6300,#6302,.T.);
#6300 = VERTEX_POINT('',#6301);
#6301 = CARTESIAN_POINT('',(-0.32,0.37,2.32));
#6302 = LINE('',#6303,#6304);
#6303 = CARTESIAN_POINT('',(-0.32,5.7,2.32));
#6304 = VECTOR('',#6305,1.);
#6305 = DIRECTION('',(0.,-1.,0.));
#6306 = ORIENTED_EDGE('',*,*,#6307,.T.);
#6307 = EDGE_CURVE('',#6300,#6308,#6310,.T.);
#6308 = VERTEX_POINT('',#6309);
#6309 = CARTESIAN_POINT('',(-0.32,-0.32,1.63));
#6310 = CIRCLE('',#6311,0.69);
#6311 = AXIS2_PLACEMENT_3D('',#6312,#6313,#6314);
#6312 = CARTESIAN_POINT('',(-0.32,0.37,1.63));
#6313 = DIRECTION('',(1.,0.,-0.));
#6314 = DIRECTION('',(0.,0.,1.));
#6315 = ORIENTED_EDGE('',*,*,#6316,.T.);
#6316 = EDGE_CURVE('',#6308,#6317,#6319,.T.);
#6317 = VERTEX_POINT('',#6318);
#6318 = CARTESIAN_POINT('',(-0.32,-0.32,-0.7));
#6319 = LINE('',#6320,#6321);
#6320 = CARTESIAN_POINT('',(-0.32,-0.32,2.32));
#6321 = VECTOR('',#6322,1.);
#6322 = DIRECTION('',(0.,0.,-1.));
#6323 = ORIENTED_EDGE('',*,*,#6324,.T.);
#6324 = EDGE_CURVE('',#6317,#6325,#6327,.T.);
#6325 = VERTEX_POINT('',#6326);
#6326 = CARTESIAN_POINT('',(-0.32,-2.E-02,-1.3));
#6327 = LINE('',#6328,#6329);
#6328 = CARTESIAN_POINT('',(-0.32,-0.32,-0.7));
#6329 = VECTOR('',#6330,1.);
#6330 = DIRECTION('',(0.,0.4472135955,-0.894427191));
#6331 = ORIENTED_EDGE('',*,*,#6332,.T.);
#6332 = EDGE_CURVE('',#6325,#6333,#6335,.T.);
#6333 = VERTEX_POINT('',#6334);
#6334 = CARTESIAN_POINT('',(-0.32,-0.288421052632,-3.));
#6335 = LINE('',#6336,#6337);
#6336 = CARTESIAN_POINT('',(-0.32,-2.E-02,-1.3));
#6337 = VECTOR('',#6338,1.);
#6338 = DIRECTION('',(0.,-0.155962573473,-0.987762965329));
#6339 = ORIENTED_EDGE('',*,*,#6340,.T.);
#6340 = EDGE_CURVE('',#6333,#6341,#6343,.T.);
#6341 = VERTEX_POINT('',#6342);
#6342 = CARTESIAN_POINT('',(-0.32,0.351578947368,-3.));
#6343 = LINE('',#6344,#6345);
#6344 = CARTESIAN_POINT('',(-0.32,-0.32,-3.));
#6345 = VECTOR('',#6346,1.);
#6346 = DIRECTION('',(0.,1.,0.));
#6347 = ORIENTED_EDGE('',*,*,#6348,.T.);
#6348 = EDGE_CURVE('',#6341,#6349,#6351,.T.);
#6349 = VERTEX_POINT('',#6350);
#6350 = CARTESIAN_POINT('',(-0.32,0.62,-1.3));
#6351 = LINE('',#6352,#6353);
#6352 = CARTESIAN_POINT('',(-0.32,0.32,-3.2));
#6353 = VECTOR('',#6354,1.);
#6354 = DIRECTION('',(0.,0.155962573473,0.987762965329));
#6355 = ORIENTED_EDGE('',*,*,#6356,.T.);
#6356 = EDGE_CURVE('',#6349,#6357,#6359,.T.);
#6357 = VERTEX_POINT('',#6358);
#6358 = CARTESIAN_POINT('',(-0.32,0.32,-0.7));
#6359 = LINE('',#6360,#6361);
#6360 = CARTESIAN_POINT('',(-0.32,0.62,-1.3));
#6361 = VECTOR('',#6362,1.);
#6362 = DIRECTION('',(0.,-0.4472135955,0.894427191));
#6363 = ORIENTED_EDGE('',*,*,#6364,.T.);
#6364 = EDGE_CURVE('',#6357,#6365,#6367,.T.);
#6365 = VERTEX_POINT('',#6366);
#6366 = CARTESIAN_POINT('',(-0.32,0.32,1.63));
#6367 = LINE('',#6368,#6369);
#6368 = CARTESIAN_POINT('',(-0.32,0.32,-0.7));
#6369 = VECTOR('',#6370,1.);
#6370 = DIRECTION('',(0.,0.,1.));
#6371 = ORIENTED_EDGE('',*,*,#6372,.F.);
#6372 = EDGE_CURVE('',#6373,#6365,#6375,.T.);
#6373 = VERTEX_POINT('',#6374);
#6374 = CARTESIAN_POINT('',(-0.32,0.37,1.68));
#6375 = CIRCLE('',#6376,5.E-02);
#6376 = AXIS2_PLACEMENT_3D('',#6377,#6378,#6379);
#6377 = CARTESIAN_POINT('',(-0.32,0.37,1.63));
#6378 = DIRECTION('',(1.,0.,-0.));
#6379 = DIRECTION('',(0.,0.,1.));
#6380 = ORIENTED_EDGE('',*,*,#6381,.T.);
#6381 = EDGE_CURVE('',#6373,#6140,#6382,.T.);
#6382 = LINE('',#6383,#6384);
#6383 = CARTESIAN_POINT('',(-0.32,0.32,1.68));
#6384 = VECTOR('',#6385,1.);
#6385 = DIRECTION('',(0.,1.,0.));
#6386 = PLANE('',#6387);
#6387 = AXIS2_PLACEMENT_3D('',#6388,#6389,#6390);
#6388 = CARTESIAN_POINT('',(-0.32,1.573318662033,0.681242372658));
#6389 = DIRECTION('',(1.,0.,0.));
#6390 = DIRECTION('',(0.,0.,1.));
#6391 = ADVANCED_FACE('',(#6392),#6410,.F.);
#6392 = FACE_BOUND('',#6393,.F.);
#6393 = EDGE_LOOP('',(#6394,#6395,#6396,#6404));
#6394 = ORIENTED_EDGE('',*,*,#6299,.F.);
#6395 = ORIENTED_EDGE('',*,*,#6163,.F.);
#6396 = ORIENTED_EDGE('',*,*,#6397,.T.);
#6397 = EDGE_CURVE('',#6156,#6398,#6400,.T.);
#6398 = VERTEX_POINT('',#6399);
#6399 = CARTESIAN_POINT('',(0.32,0.37,2.32));
#6400 = LINE('',#6401,#6402);
#6401 = CARTESIAN_POINT('',(0.32,5.7,2.32));
#6402 = VECTOR('',#6403,1.);
#6403 = DIRECTION('',(0.,-1.,0.));
#6404 = ORIENTED_EDGE('',*,*,#6405,.F.);
#6405 = EDGE_CURVE('',#6300,#6398,#6406,.T.);
#6406 = LINE('',#6407,#6408);
#6407 = CARTESIAN_POINT('',(-0.32,0.37,2.32));
#6408 = VECTOR('',#6409,1.);
#6409 = DIRECTION('',(1.,0.,0.));
#6410 = PLANE('',#6411);
#6411 = AXIS2_PLACEMENT_3D('',#6412,#6413,#6414);
#6412 = CARTESIAN_POINT('',(-0.32,5.7,2.32));
#6413 = DIRECTION('',(0.,0.,-1.));
#6414 = DIRECTION('',(0.,-1.,0.));
#6415 = ADVANCED_FACE('',(#6416),#6500,.T.);
#6416 = FACE_BOUND('',#6417,.T.);
#6417 = EDGE_LOOP('',(#6418,#6419,#6420,#6429,#6437,#6445,#6453,#6461,
    #6469,#6477,#6485,#6494));
#6418 = ORIENTED_EDGE('',*,*,#6155,.F.);
#6419 = ORIENTED_EDGE('',*,*,#6397,.T.);
#6420 = ORIENTED_EDGE('',*,*,#6421,.T.);
#6421 = EDGE_CURVE('',#6398,#6422,#6424,.T.);
#6422 = VERTEX_POINT('',#6423);
#6423 = CARTESIAN_POINT('',(0.32,-0.32,1.63));
#6424 = CIRCLE('',#6425,0.69);
#6425 = AXIS2_PLACEMENT_3D('',#6426,#6427,#6428);
#6426 = CARTESIAN_POINT('',(0.32,0.37,1.63));
#6427 = DIRECTION('',(1.,0.,-0.));
#6428 = DIRECTION('',(0.,0.,1.));
#6429 = ORIENTED_EDGE('',*,*,#6430,.T.);
#6430 = EDGE_CURVE('',#6422,#6431,#6433,.T.);
#6431 = VERTEX_POINT('',#6432);
#6432 = CARTESIAN_POINT('',(0.32,-0.32,-0.7));
#6433 = LINE('',#6434,#6435);
#6434 = CARTESIAN_POINT('',(0.32,-0.32,2.32));
#6435 = VECTOR('',#6436,1.);
#6436 = DIRECTION('',(0.,0.,-1.));
#6437 = ORIENTED_EDGE('',*,*,#6438,.T.);
#6438 = EDGE_CURVE('',#6431,#6439,#6441,.T.);
#6439 = VERTEX_POINT('',#6440);
#6440 = CARTESIAN_POINT('',(0.32,-2.E-02,-1.3));
#6441 = LINE('',#6442,#6443);
#6442 = CARTESIAN_POINT('',(0.32,-0.32,-0.7));
#6443 = VECTOR('',#6444,1.);
#6444 = DIRECTION('',(0.,0.4472135955,-0.894427191));
#6445 = ORIENTED_EDGE('',*,*,#6446,.T.);
#6446 = EDGE_CURVE('',#6439,#6447,#6449,.T.);
#6447 = VERTEX_POINT('',#6448);
#6448 = CARTESIAN_POINT('',(0.32,-0.288421052632,-3.));
#6449 = LINE('',#6450,#6451);
#6450 = CARTESIAN_POINT('',(0.32,-2.E-02,-1.3));
#6451 = VECTOR('',#6452,1.);
#6452 = DIRECTION('',(0.,-0.155962573473,-0.987762965329));
#6453 = ORIENTED_EDGE('',*,*,#6454,.T.);
#6454 = EDGE_CURVE('',#6447,#6455,#6457,.T.);
#6455 = VERTEX_POINT('',#6456);
#6456 = CARTESIAN_POINT('',(0.32,0.351578947368,-3.));
#6457 = LINE('',#6458,#6459);
#6458 = CARTESIAN_POINT('',(0.32,-0.32,-3.));
#6459 = VECTOR('',#6460,1.);
#6460 = DIRECTION('',(0.,1.,0.));
#6461 = ORIENTED_EDGE('',*,*,#6462,.T.);
#6462 = EDGE_CURVE('',#6455,#6463,#6465,.T.);
#6463 = VERTEX_POINT('',#6464);
#6464 = CARTESIAN_POINT('',(0.32,0.62,-1.3));
#6465 = LINE('',#6466,#6467);
#6466 = CARTESIAN_POINT('',(0.32,0.32,-3.2));
#6467 = VECTOR('',#6468,1.);
#6468 = DIRECTION('',(0.,0.155962573473,0.987762965329));
#6469 = ORIENTED_EDGE('',*,*,#6470,.T.);
#6470 = EDGE_CURVE('',#6463,#6471,#6473,.T.);
#6471 = VERTEX_POINT('',#6472);
#6472 = CARTESIAN_POINT('',(0.32,0.32,-0.7));
#6473 = LINE('',#6474,#6475);
#6474 = CARTESIAN_POINT('',(0.32,0.62,-1.3));
#6475 = VECTOR('',#6476,1.);
#6476 = DIRECTION('',(0.,-0.4472135955,0.894427191));
#6477 = ORIENTED_EDGE('',*,*,#6478,.T.);
#6478 = EDGE_CURVE('',#6471,#6479,#6481,.T.);
#6479 = VERTEX_POINT('',#6480);
#6480 = CARTESIAN_POINT('',(0.32,0.32,1.63));
#6481 = LINE('',#6482,#6483);
#6482 = CARTESIAN_POINT('',(0.32,0.32,-0.7));
#6483 = VECTOR('',#6484,1.);
#6484 = DIRECTION('',(0.,0.,1.));
#6485 = ORIENTED_EDGE('',*,*,#6486,.F.);
#6486 = EDGE_CURVE('',#6487,#6479,#6489,.T.);
#6487 = VERTEX_POINT('',#6488);
#6488 = CARTESIAN_POINT('',(0.32,0.37,1.68));
#6489 = CIRCLE('',#6490,5.E-02);
#6490 = AXIS2_PLACEMENT_3D('',#6491,#6492,#6493);
#6491 = CARTESIAN_POINT('',(0.32,0.37,1.63));
#6492 = DIRECTION('',(1.,0.,-0.));
#6493 = DIRECTION('',(0.,0.,1.));
#6494 = ORIENTED_EDGE('',*,*,#6495,.T.);
#6495 = EDGE_CURVE('',#6487,#6148,#6496,.T.);
#6496 = LINE('',#6497,#6498);
#6497 = CARTESIAN_POINT('',(0.32,0.32,1.68));
#6498 = VECTOR('',#6499,1.);
#6499 = DIRECTION('',(0.,1.,0.));
#6500 = PLANE('',#6501);
#6501 = AXIS2_PLACEMENT_3D('',#6502,#6503,#6504);
#6502 = CARTESIAN_POINT('',(0.32,1.573318662033,0.681242372658));
#6503 = DIRECTION('',(1.,0.,0.));
#6504 = DIRECTION('',(0.,0.,1.));
#6505 = ADVANCED_FACE('',(#6506),#6517,.F.);
#6506 = FACE_BOUND('',#6507,.F.);
#6507 = EDGE_LOOP('',(#6508,#6509,#6515,#6516));
#6508 = ORIENTED_EDGE('',*,*,#6381,.F.);
#6509 = ORIENTED_EDGE('',*,*,#6510,.T.);
#6510 = EDGE_CURVE('',#6373,#6487,#6511,.T.);
#6511 = LINE('',#6512,#6513);
#6512 = CARTESIAN_POINT('',(-0.32,0.37,1.68));
#6513 = VECTOR('',#6514,1.);
#6514 = DIRECTION('',(1.,0.,0.));
#6515 = ORIENTED_EDGE('',*,*,#6495,.T.);
#6516 = ORIENTED_EDGE('',*,*,#6147,.F.);
#6517 = PLANE('',#6518);
#6518 = AXIS2_PLACEMENT_3D('',#6519,#6520,#6521);
#6519 = CARTESIAN_POINT('',(-0.32,0.32,1.68));
#6520 = DIRECTION('',(0.,0.,1.));
#6521 = DIRECTION('',(0.,1.,0.));
#6522 = ADVANCED_FACE('',(#6523),#6614,.T.);
#6523 = FACE_BOUND('',#6524,.T.);
#6524 = EDGE_LOOP('',(#6525,#6526,#6534,#6543,#6551,#6559,#6567,#6575,
    #6583,#6591,#6599,#6608));
#6525 = ORIENTED_EDGE('',*,*,#6234,.F.);
#6526 = ORIENTED_EDGE('',*,*,#6527,.T.);
#6527 = EDGE_CURVE('',#6235,#6528,#6530,.T.);
#6528 = VERTEX_POINT('',#6529);
#6529 = CARTESIAN_POINT('',(2.82,0.37,2.32));
#6530 = LINE('',#6531,#6532);
#6531 = CARTESIAN_POINT('',(2.82,5.7,2.32));
#6532 = VECTOR('',#6533,1.);
#6533 = DIRECTION('',(0.,-1.,0.));
#6534 = ORIENTED_EDGE('',*,*,#6535,.T.);
#6535 = EDGE_CURVE('',#6528,#6536,#6538,.T.);
#6536 = VERTEX_POINT('',#6537);
#6537 = CARTESIAN_POINT('',(2.82,-0.32,1.63));
#6538 = CIRCLE('',#6539,0.69);
#6539 = AXIS2_PLACEMENT_3D('',#6540,#6541,#6542);
#6540 = CARTESIAN_POINT('',(2.82,0.37,1.63));
#6541 = DIRECTION('',(1.,0.,-0.));
#6542 = DIRECTION('',(0.,0.,1.));
#6543 = ORIENTED_EDGE('',*,*,#6544,.T.);
#6544 = EDGE_CURVE('',#6536,#6545,#6547,.T.);
#6545 = VERTEX_POINT('',#6546);
#6546 = CARTESIAN_POINT('',(2.82,-0.32,-0.7));
#6547 = LINE('',#6548,#6549);
#6548 = CARTESIAN_POINT('',(2.82,-0.32,2.32));
#6549 = VECTOR('',#6550,1.);
#6550 = DIRECTION('',(0.,0.,-1.));
#6551 = ORIENTED_EDGE('',*,*,#6552,.T.);
#6552 = EDGE_CURVE('',#6545,#6553,#6555,.T.);
#6553 = VERTEX_POINT('',#6554);
#6554 = CARTESIAN_POINT('',(2.82,-2.E-02,-1.3));
#6555 = LINE('',#6556,#6557);
#6556 = CARTESIAN_POINT('',(2.82,-0.32,-0.7));
#6557 = VECTOR('',#6558,1.);
#6558 = DIRECTION('',(0.,0.4472135955,-0.894427191));
#6559 = ORIENTED_EDGE('',*,*,#6560,.T.);
#6560 = EDGE_CURVE('',#6553,#6561,#6563,.T.);
#6561 = VERTEX_POINT('',#6562);
#6562 = CARTESIAN_POINT('',(2.82,-0.288421052632,-3.));
#6563 = LINE('',#6564,#6565);
#6564 = CARTESIAN_POINT('',(2.82,-2.E-02,-1.3));
#6565 = VECTOR('',#6566,1.);
#6566 = DIRECTION('',(0.,-0.155962573473,-0.987762965329));
#6567 = ORIENTED_EDGE('',*,*,#6568,.T.);
#6568 = EDGE_CURVE('',#6561,#6569,#6571,.T.);
#6569 = VERTEX_POINT('',#6570);
#6570 = CARTESIAN_POINT('',(2.82,0.351578947368,-3.));
#6571 = LINE('',#6572,#6573);
#6572 = CARTESIAN_POINT('',(2.82,-0.32,-3.));
#6573 = VECTOR('',#6574,1.);
#6574 = DIRECTION('',(0.,1.,0.));
#6575 = ORIENTED_EDGE('',*,*,#6576,.T.);
#6576 = EDGE_CURVE('',#6569,#6577,#6579,.T.);
#6577 = VERTEX_POINT('',#6578);
#6578 = CARTESIAN_POINT('',(2.82,0.62,-1.3));
#6579 = LINE('',#6580,#6581);
#6580 = CARTESIAN_POINT('',(2.82,0.32,-3.2));
#6581 = VECTOR('',#6582,1.);
#6582 = DIRECTION('',(0.,0.155962573473,0.987762965329));
#6583 = ORIENTED_EDGE('',*,*,#6584,.T.);
#6584 = EDGE_CURVE('',#6577,#6585,#6587,.T.);
#6585 = VERTEX_POINT('',#6586);
#6586 = CARTESIAN_POINT('',(2.82,0.32,-0.7));
#6587 = LINE('',#6588,#6589);
#6588 = CARTESIAN_POINT('',(2.82,0.62,-1.3));
#6589 = VECTOR('',#6590,1.);
#6590 = DIRECTION('',(0.,-0.4472135955,0.894427191));
#6591 = ORIENTED_EDGE('',*,*,#6592,.T.);
#6592 = EDGE_CURVE('',#6585,#6593,#6595,.T.);
#6593 = VERTEX_POINT('',#6594);
#6594 = CARTESIAN_POINT('',(2.82,0.32,1.63));
#6595 = LINE('',#6596,#6597);
#6596 = CARTESIAN_POINT('',(2.82,0.32,-0.7));
#6597 = VECTOR('',#6598,1.);
#6598 = DIRECTION('',(0.,0.,1.));
#6599 = ORIENTED_EDGE('',*,*,#6600,.F.);
#6600 = EDGE_CURVE('',#6601,#6593,#6603,.T.);
#6601 = VERTEX_POINT('',#6602);
#6602 = CARTESIAN_POINT('',(2.82,0.37,1.68));
#6603 = CIRCLE('',#6604,5.E-02);
#6604 = AXIS2_PLACEMENT_3D('',#6605,#6606,#6607);
#6605 = CARTESIAN_POINT('',(2.82,0.37,1.63));
#6606 = DIRECTION('',(1.,0.,-0.));
#6607 = DIRECTION('',(0.,0.,1.));
#6608 = ORIENTED_EDGE('',*,*,#6609,.T.);
#6609 = EDGE_CURVE('',#6601,#6237,#6610,.T.);
#6610 = LINE('',#6611,#6612);
#6611 = CARTESIAN_POINT('',(2.82,0.32,1.68));
#6612 = VECTOR('',#6613,1.);
#6613 = DIRECTION('',(0.,1.,0.));
#6614 = PLANE('',#6615);
#6615 = AXIS2_PLACEMENT_3D('',#6616,#6617,#6618);
#6616 = CARTESIAN_POINT('',(2.82,1.573318662033,0.681242372658));
#6617 = DIRECTION('',(1.,0.,0.));
#6618 = DIRECTION('',(0.,0.,1.));
#6619 = ADVANCED_FACE('',(#6620),#6638,.F.);
#6620 = FACE_BOUND('',#6621,.F.);
#6621 = EDGE_LOOP('',(#6622,#6630,#6636,#6637));
#6622 = ORIENTED_EDGE('',*,*,#6623,.F.);
#6623 = EDGE_CURVE('',#6624,#6253,#6626,.T.);
#6624 = VERTEX_POINT('',#6625);
#6625 = CARTESIAN_POINT('',(2.18,0.37,1.68));
#6626 = LINE('',#6627,#6628);
#6627 = CARTESIAN_POINT('',(2.18,0.32,1.68));
#6628 = VECTOR('',#6629,1.);
#6629 = DIRECTION('',(0.,1.,0.));
#6630 = ORIENTED_EDGE('',*,*,#6631,.T.);
#6631 = EDGE_CURVE('',#6624,#6601,#6632,.T.);
#6632 = LINE('',#6633,#6634);
#6633 = CARTESIAN_POINT('',(2.18,0.37,1.68));
#6634 = VECTOR('',#6635,1.);
#6635 = DIRECTION('',(1.,0.,0.));
#6636 = ORIENTED_EDGE('',*,*,#6609,.T.);
#6637 = ORIENTED_EDGE('',*,*,#6260,.F.);
#6638 = PLANE('',#6639);
#6639 = AXIS2_PLACEMENT_3D('',#6640,#6641,#6642);
#6640 = CARTESIAN_POINT('',(2.18,0.32,1.68));
#6641 = DIRECTION('',(0.,0.,1.));
#6642 = DIRECTION('',(0.,1.,0.));
#6643 = ADVANCED_FACE('',(#6644),#6728,.F.);
#6644 = FACE_BOUND('',#6645,.F.);
#6645 = EDGE_LOOP('',(#6646,#6647,#6655,#6664,#6672,#6680,#6688,#6696,
    #6704,#6712,#6720,#6727));
#6646 = ORIENTED_EDGE('',*,*,#6252,.F.);
#6647 = ORIENTED_EDGE('',*,*,#6648,.T.);
#6648 = EDGE_CURVE('',#6245,#6649,#6651,.T.);
#6649 = VERTEX_POINT('',#6650);
#6650 = CARTESIAN_POINT('',(2.18,0.37,2.32));
#6651 = LINE('',#6652,#6653);
#6652 = CARTESIAN_POINT('',(2.18,5.7,2.32));
#6653 = VECTOR('',#6654,1.);
#6654 = DIRECTION('',(0.,-1.,0.));
#6655 = ORIENTED_EDGE('',*,*,#6656,.T.);
#6656 = EDGE_CURVE('',#6649,#6657,#6659,.T.);
#6657 = VERTEX_POINT('',#6658);
#6658 = CARTESIAN_POINT('',(2.18,-0.32,1.63));
#6659 = CIRCLE('',#6660,0.69);
#6660 = AXIS2_PLACEMENT_3D('',#6661,#6662,#6663);
#6661 = CARTESIAN_POINT('',(2.18,0.37,1.63));
#6662 = DIRECTION('',(1.,0.,-0.));
#6663 = DIRECTION('',(0.,0.,1.));
#6664 = ORIENTED_EDGE('',*,*,#6665,.T.);
#6665 = EDGE_CURVE('',#6657,#6666,#6668,.T.);
#6666 = VERTEX_POINT('',#6667);
#6667 = CARTESIAN_POINT('',(2.18,-0.32,-0.7));
#6668 = LINE('',#6669,#6670);
#6669 = CARTESIAN_POINT('',(2.18,-0.32,2.32));
#6670 = VECTOR('',#6671,1.);
#6671 = DIRECTION('',(0.,0.,-1.));
#6672 = ORIENTED_EDGE('',*,*,#6673,.T.);
#6673 = EDGE_CURVE('',#6666,#6674,#6676,.T.);
#6674 = VERTEX_POINT('',#6675);
#6675 = CARTESIAN_POINT('',(2.18,-2.E-02,-1.3));
#6676 = LINE('',#6677,#6678);
#6677 = CARTESIAN_POINT('',(2.18,-0.32,-0.7));
#6678 = VECTOR('',#6679,1.);
#6679 = DIRECTION('',(0.,0.4472135955,-0.894427191));
#6680 = ORIENTED_EDGE('',*,*,#6681,.T.);
#6681 = EDGE_CURVE('',#6674,#6682,#6684,.T.);
#6682 = VERTEX_POINT('',#6683);
#6683 = CARTESIAN_POINT('',(2.18,-0.288421052632,-3.));
#6684 = LINE('',#6685,#6686);
#6685 = CARTESIAN_POINT('',(2.18,-2.E-02,-1.3));
#6686 = VECTOR('',#6687,1.);
#6687 = DIRECTION('',(0.,-0.155962573473,-0.987762965329));
#6688 = ORIENTED_EDGE('',*,*,#6689,.T.);
#6689 = EDGE_CURVE('',#6682,#6690,#6692,.T.);
#6690 = VERTEX_POINT('',#6691);
#6691 = CARTESIAN_POINT('',(2.18,0.351578947368,-3.));
#6692 = LINE('',#6693,#6694);
#6693 = CARTESIAN_POINT('',(2.18,-0.32,-3.));
#6694 = VECTOR('',#6695,1.);
#6695 = DIRECTION('',(0.,1.,0.));
#6696 = ORIENTED_EDGE('',*,*,#6697,.T.);
#6697 = EDGE_CURVE('',#6690,#6698,#6700,.T.);
#6698 = VERTEX_POINT('',#6699);
#6699 = CARTESIAN_POINT('',(2.18,0.62,-1.3));
#6700 = LINE('',#6701,#6702);
#6701 = CARTESIAN_POINT('',(2.18,0.32,-3.2));
#6702 = VECTOR('',#6703,1.);
#6703 = DIRECTION('',(0.,0.155962573473,0.987762965329));
#6704 = ORIENTED_EDGE('',*,*,#6705,.T.);
#6705 = EDGE_CURVE('',#6698,#6706,#6708,.T.);
#6706 = VERTEX_POINT('',#6707);
#6707 = CARTESIAN_POINT('',(2.18,0.32,-0.7));
#6708 = LINE('',#6709,#6710);
#6709 = CARTESIAN_POINT('',(2.18,0.62,-1.3));
#6710 = VECTOR('',#6711,1.);
#6711 = DIRECTION('',(0.,-0.4472135955,0.894427191));
#6712 = ORIENTED_EDGE('',*,*,#6713,.T.);
#6713 = EDGE_CURVE('',#6706,#6714,#6716,.T.);
#6714 = VERTEX_POINT('',#6715);
#6715 = CARTESIAN_POINT('',(2.18,0.32,1.63));
#6716 = LINE('',#6717,#6718);
#6717 = CARTESIAN_POINT('',(2.18,0.32,-0.7));
#6718 = VECTOR('',#6719,1.);
#6719 = DIRECTION('',(0.,0.,1.));
#6720 = ORIENTED_EDGE('',*,*,#6721,.F.);
#6721 = EDGE_CURVE('',#6624,#6714,#6722,.T.);
#6722 = CIRCLE('',#6723,5.E-02);
#6723 = AXIS2_PLACEMENT_3D('',#6724,#6725,#6726);
#6724 = CARTESIAN_POINT('',(2.18,0.37,1.63));
#6725 = DIRECTION('',(1.,0.,-0.));
#6726 = DIRECTION('',(0.,0.,1.));
#6727 = ORIENTED_EDGE('',*,*,#6623,.T.);
#6728 = PLANE('',#6729);
#6729 = AXIS2_PLACEMENT_3D('',#6730,#6731,#6732);
#6730 = CARTESIAN_POINT('',(2.18,1.573318662033,0.681242372658));
#6731 = DIRECTION('',(1.,0.,0.));
#6732 = DIRECTION('',(0.,0.,1.));
#6733 = ADVANCED_FACE('',(#6734),#6745,.F.);
#6734 = FACE_BOUND('',#6735,.F.);
#6735 = EDGE_LOOP('',(#6736,#6737,#6738,#6739));
#6736 = ORIENTED_EDGE('',*,*,#6648,.F.);
#6737 = ORIENTED_EDGE('',*,*,#6244,.F.);
#6738 = ORIENTED_EDGE('',*,*,#6527,.T.);
#6739 = ORIENTED_EDGE('',*,*,#6740,.F.);
#6740 = EDGE_CURVE('',#6649,#6528,#6741,.T.);
#6741 = LINE('',#6742,#6743);
#6742 = CARTESIAN_POINT('',(2.18,0.37,2.32));
#6743 = VECTOR('',#6744,1.);
#6744 = DIRECTION('',(1.,0.,0.));
#6745 = PLANE('',#6746);
#6746 = AXIS2_PLACEMENT_3D('',#6747,#6748,#6749);
#6747 = CARTESIAN_POINT('',(2.18,5.7,2.32));
#6748 = DIRECTION('',(0.,0.,-1.));
#6749 = DIRECTION('',(0.,-1.,0.));
#6750 = ADVANCED_FACE('',(#6751),#6762,.F.);
#6751 = FACE_BOUND('',#6752,.F.);
#6752 = EDGE_LOOP('',(#6753,#6754,#6760,#6761));
#6753 = ORIENTED_EDGE('',*,*,#6372,.T.);
#6754 = ORIENTED_EDGE('',*,*,#6755,.T.);
#6755 = EDGE_CURVE('',#6365,#6479,#6756,.T.);
#6756 = LINE('',#6757,#6758);
#6757 = CARTESIAN_POINT('',(-0.32,0.32,1.63));
#6758 = VECTOR('',#6759,1.);
#6759 = DIRECTION('',(1.,0.,0.));
#6760 = ORIENTED_EDGE('',*,*,#6486,.F.);
#6761 = ORIENTED_EDGE('',*,*,#6510,.F.);
#6762 = CYLINDRICAL_SURFACE('',#6763,5.E-02);
#6763 = AXIS2_PLACEMENT_3D('',#6764,#6765,#6766);
#6764 = CARTESIAN_POINT('',(-0.32,0.37,1.63));
#6765 = DIRECTION('',(1.,0.,0.));
#6766 = DIRECTION('',(0.,0.,1.));
#6767 = ADVANCED_FACE('',(#6768),#6779,.F.);
#6768 = FACE_BOUND('',#6769,.F.);
#6769 = EDGE_LOOP('',(#6770,#6771,#6777,#6778));
#6770 = ORIENTED_EDGE('',*,*,#6364,.F.);
#6771 = ORIENTED_EDGE('',*,*,#6772,.T.);
#6772 = EDGE_CURVE('',#6357,#6471,#6773,.T.);
#6773 = LINE('',#6774,#6775);
#6774 = CARTESIAN_POINT('',(-0.32,0.32,-0.7));
#6775 = VECTOR('',#6776,1.);
#6776 = DIRECTION('',(1.,0.,0.));
#6777 = ORIENTED_EDGE('',*,*,#6478,.T.);
#6778 = ORIENTED_EDGE('',*,*,#6755,.F.);
#6779 = PLANE('',#6780);
#6780 = AXIS2_PLACEMENT_3D('',#6781,#6782,#6783);
#6781 = CARTESIAN_POINT('',(-0.32,0.32,-0.7));
#6782 = DIRECTION('',(0.,-1.,0.));
#6783 = DIRECTION('',(0.,0.,1.));
#6784 = ADVANCED_FACE('',(#6785),#6796,.F.);
#6785 = FACE_BOUND('',#6786,.F.);
#6786 = EDGE_LOOP('',(#6787,#6793,#6794,#6795));
#6787 = ORIENTED_EDGE('',*,*,#6788,.T.);
#6788 = EDGE_CURVE('',#6349,#6463,#6789,.T.);
#6789 = LINE('',#6790,#6791);
#6790 = CARTESIAN_POINT('',(-0.32,0.62,-1.3));
#6791 = VECTOR('',#6792,1.);
#6792 = DIRECTION('',(1.,0.,0.));
#6793 = ORIENTED_EDGE('',*,*,#6470,.T.);
#6794 = ORIENTED_EDGE('',*,*,#6772,.F.);
#6795 = ORIENTED_EDGE('',*,*,#6356,.F.);
#6796 = PLANE('',#6797);
#6797 = AXIS2_PLACEMENT_3D('',#6798,#6799,#6800);
#6798 = CARTESIAN_POINT('',(-0.32,0.62,-1.3));
#6799 = DIRECTION('',(0.,-0.894427191,-0.4472135955));
#6800 = DIRECTION('',(0.,-0.4472135955,0.894427191));
#6801 = ADVANCED_FACE('',(#6802),#6829,.F.);
#6802 = FACE_BOUND('',#6803,.F.);
#6803 = EDGE_LOOP('',(#6804,#6805,#6813,#6821,#6827,#6828));
#6804 = ORIENTED_EDGE('',*,*,#6348,.F.);
#6805 = ORIENTED_EDGE('',*,*,#6806,.F.);
#6806 = EDGE_CURVE('',#6807,#6341,#6809,.T.);
#6807 = VERTEX_POINT('',#6808);
#6808 = CARTESIAN_POINT('',(-0.317552593066,0.351192514695,
    -3.002447406934));
#6809 = LINE('',#6810,#6811);
#6810 = CARTESIAN_POINT('',(-0.193816689466,0.331655266758,
    -3.126183310534));
#6811 = VECTOR('',#6812,1.);
#6812 = DIRECTION('',(-0.702740385383,0.110959008218,0.702740385383));
#6813 = ORIENTED_EDGE('',*,*,#6814,.T.);
#6814 = EDGE_CURVE('',#6807,#6815,#6817,.T.);
#6815 = VERTEX_POINT('',#6816);
#6816 = CARTESIAN_POINT('',(0.317552593066,0.351192514695,
    -3.002447406934));
#6817 = LINE('',#6818,#6819);
#6818 = CARTESIAN_POINT('',(-0.32,0.351192514695,-3.002447406934));
#6819 = VECTOR('',#6820,1.);
#6820 = DIRECTION('',(1.,0.,0.));
#6821 = ORIENTED_EDGE('',*,*,#6822,.T.);
#6822 = EDGE_CURVE('',#6815,#6455,#6823,.T.);
#6823 = LINE('',#6824,#6825);
#6824 = CARTESIAN_POINT('',(3.578659370725E-02,0.306703146375,
    -3.284213406293));
#6825 = VECTOR('',#6826,1.);
#6826 = DIRECTION('',(0.702740385383,0.110959008218,0.702740385383));
#6827 = ORIENTED_EDGE('',*,*,#6462,.T.);
#6828 = ORIENTED_EDGE('',*,*,#6788,.F.);
#6829 = PLANE('',#6830);
#6830 = AXIS2_PLACEMENT_3D('',#6831,#6832,#6833);
#6831 = CARTESIAN_POINT('',(-0.32,0.32,-3.2));
#6832 = DIRECTION('',(0.,-0.987762965329,0.155962573473));
#6833 = DIRECTION('',(0.,0.155962573473,0.987762965329));
#6834 = ADVANCED_FACE('',(#6835),#6869,.T.);
#6835 = FACE_BOUND('',#6836,.F.);
#6836 = EDGE_LOOP('',(#6837,#6845,#6846,#6847,#6855,#6863));
#6837 = ORIENTED_EDGE('',*,*,#6838,.T.);
#6838 = EDGE_CURVE('',#6839,#6807,#6841,.T.);
#6839 = VERTEX_POINT('',#6840);
#6840 = CARTESIAN_POINT('',(-0.12,0.12,-3.2));
#6841 = LINE('',#6842,#6843);
#6842 = CARTESIAN_POINT('',(-0.137677660989,0.140687872705,
    -3.182322339011));
#6843 = VECTOR('',#6844,1.);
#6844 = DIRECTION('',(-0.544770019249,0.63753529491,0.544770019249));
#6845 = ORIENTED_EDGE('',*,*,#6806,.T.);
#6846 = ORIENTED_EDGE('',*,*,#6340,.F.);
#6847 = ORIENTED_EDGE('',*,*,#6848,.F.);
#6848 = EDGE_CURVE('',#6849,#6333,#6851,.T.);
#6849 = VERTEX_POINT('',#6850);
#6850 = CARTESIAN_POINT('',(-0.317552593066,-0.288807485305,
    -3.002447406934));
#6851 = LINE('',#6852,#6853);
#6852 = CARTESIAN_POINT('',(-0.699616963064,-0.228481532148,
    -2.620383036936));
#6853 = VECTOR('',#6854,1.);
#6854 = DIRECTION('',(-0.702740385383,0.110959008218,0.702740385383));
#6855 = ORIENTED_EDGE('',*,*,#6856,.F.);
#6856 = EDGE_CURVE('',#6857,#6849,#6859,.T.);
#6857 = VERTEX_POINT('',#6858);
#6858 = CARTESIAN_POINT('',(-0.12,-0.12,-3.2));
#6859 = LINE('',#6860,#6861);
#6860 = CARTESIAN_POINT('',(-0.255852405654,-0.236085051658,
    -3.064147594346));
#6861 = VECTOR('',#6862,1.);
#6862 = DIRECTION('',(-0.605209817607,-0.517148096144,0.605209817607));
#6863 = ORIENTED_EDGE('',*,*,#6864,.T.);
#6864 = EDGE_CURVE('',#6857,#6839,#6865,.T.);
#6865 = LINE('',#6866,#6867);
#6866 = CARTESIAN_POINT('',(-0.12,-0.32,-3.2));
#6867 = VECTOR('',#6868,1.);
#6868 = DIRECTION('',(0.,1.,0.));
#6869 = PLANE('',#6870);
#6870 = AXIS2_PLACEMENT_3D('',#6871,#6872,#6873);
#6871 = CARTESIAN_POINT('',(-0.22,-0.32,-3.1));
#6872 = DIRECTION('',(-0.707106781187,-1.735417226644E-18,
    -0.707106781187));
#6873 = DIRECTION('',(1.227125289148E-18,-1.,1.227125289148E-18));
#6874 = ADVANCED_FACE('',(#6875),#6900,.F.);
#6875 = FACE_BOUND('',#6876,.F.);
#6876 = EDGE_LOOP('',(#6877,#6878,#6884,#6885,#6893,#6899));
#6877 = ORIENTED_EDGE('',*,*,#6332,.F.);
#6878 = ORIENTED_EDGE('',*,*,#6879,.T.);
#6879 = EDGE_CURVE('',#6325,#6439,#6880,.T.);
#6880 = LINE('',#6881,#6882);
#6881 = CARTESIAN_POINT('',(-0.32,-2.E-02,-1.3));
#6882 = VECTOR('',#6883,1.);
#6883 = DIRECTION('',(1.,0.,0.));
#6884 = ORIENTED_EDGE('',*,*,#6446,.T.);
#6885 = ORIENTED_EDGE('',*,*,#6886,.F.);
#6886 = EDGE_CURVE('',#6887,#6447,#6889,.T.);
#6887 = VERTEX_POINT('',#6888);
#6888 = CARTESIAN_POINT('',(0.317552593066,-0.288807485305,
    -3.002447406934));
#6889 = LINE('',#6890,#6891);
#6890 = CARTESIAN_POINT('',(0.541586867305,-0.253433652531,
    -2.778413132695));
#6891 = VECTOR('',#6892,1.);
#6892 = DIRECTION('',(0.702740385383,0.110959008218,0.702740385383));
#6893 = ORIENTED_EDGE('',*,*,#6894,.F.);
#6894 = EDGE_CURVE('',#6849,#6887,#6895,.T.);
#6895 = LINE('',#6896,#6897);
#6896 = CARTESIAN_POINT('',(-0.32,-0.288807485305,-3.002447406934));
#6897 = VECTOR('',#6898,1.);
#6898 = DIRECTION('',(1.,0.,0.));
#6899 = ORIENTED_EDGE('',*,*,#6848,.T.);
#6900 = PLANE('',#6901);
#6901 = AXIS2_PLACEMENT_3D('',#6902,#6903,#6904);
#6902 = CARTESIAN_POINT('',(-0.32,-2.E-02,-1.3));
#6903 = DIRECTION('',(0.,0.987762965329,-0.155962573473));
#6904 = DIRECTION('',(0.,-0.155962573473,-0.987762965329));
#6905 = ADVANCED_FACE('',(#6906),#6917,.F.);
#6906 = FACE_BOUND('',#6907,.F.);
#6907 = EDGE_LOOP('',(#6908,#6914,#6915,#6916));
#6908 = ORIENTED_EDGE('',*,*,#6909,.T.);
#6909 = EDGE_CURVE('',#6317,#6431,#6910,.T.);
#6910 = LINE('',#6911,#6912);
#6911 = CARTESIAN_POINT('',(-0.32,-0.32,-0.7));
#6912 = VECTOR('',#6913,1.);
#6913 = DIRECTION('',(1.,0.,0.));
#6914 = ORIENTED_EDGE('',*,*,#6438,.T.);
#6915 = ORIENTED_EDGE('',*,*,#6879,.F.);
#6916 = ORIENTED_EDGE('',*,*,#6324,.F.);
#6917 = PLANE('',#6918);
#6918 = AXIS2_PLACEMENT_3D('',#6919,#6920,#6921);
#6919 = CARTESIAN_POINT('',(-0.32,-0.32,-0.7));
#6920 = DIRECTION('',(0.,0.894427191,0.4472135955));
#6921 = DIRECTION('',(0.,0.4472135955,-0.894427191));
#6922 = ADVANCED_FACE('',(#6923),#6934,.F.);
#6923 = FACE_BOUND('',#6924,.F.);
#6924 = EDGE_LOOP('',(#6925,#6926,#6932,#6933));
#6925 = ORIENTED_EDGE('',*,*,#6316,.F.);
#6926 = ORIENTED_EDGE('',*,*,#6927,.T.);
#6927 = EDGE_CURVE('',#6308,#6422,#6928,.T.);
#6928 = LINE('',#6929,#6930);
#6929 = CARTESIAN_POINT('',(-0.32,-0.32,1.63));
#6930 = VECTOR('',#6931,1.);
#6931 = DIRECTION('',(1.,0.,0.));
#6932 = ORIENTED_EDGE('',*,*,#6430,.T.);
#6933 = ORIENTED_EDGE('',*,*,#6909,.F.);
#6934 = PLANE('',#6935);
#6935 = AXIS2_PLACEMENT_3D('',#6936,#6937,#6938);
#6936 = CARTESIAN_POINT('',(-0.32,-0.32,2.32));
#6937 = DIRECTION('',(0.,1.,0.));
#6938 = DIRECTION('',(0.,0.,-1.));
#6939 = ADVANCED_FACE('',(#6940),#6946,.T.);
#6940 = FACE_BOUND('',#6941,.T.);
#6941 = EDGE_LOOP('',(#6942,#6943,#6944,#6945));
#6942 = ORIENTED_EDGE('',*,*,#6307,.T.);
#6943 = ORIENTED_EDGE('',*,*,#6927,.T.);
#6944 = ORIENTED_EDGE('',*,*,#6421,.F.);
#6945 = ORIENTED_EDGE('',*,*,#6405,.F.);
#6946 = CYLINDRICAL_SURFACE('',#6947,0.69);
#6947 = AXIS2_PLACEMENT_3D('',#6948,#6949,#6950);
#6948 = CARTESIAN_POINT('',(-0.32,0.37,1.63));
#6949 = DIRECTION('',(1.,0.,0.));
#6950 = DIRECTION('',(0.,0.,1.));
#6951 = ADVANCED_FACE('',(#6952),#6979,.F.);
#6952 = FACE_BOUND('',#6953,.T.);
#6953 = EDGE_LOOP('',(#6954,#6962,#6963,#6964,#6965,#6973));
#6954 = ORIENTED_EDGE('',*,*,#6955,.T.);
#6955 = EDGE_CURVE('',#6956,#6815,#6958,.T.);
#6956 = VERTEX_POINT('',#6957);
#6957 = CARTESIAN_POINT('',(0.12,0.12,-3.2));
#6958 = LINE('',#6959,#6960);
#6959 = CARTESIAN_POINT('',(4.270986134977E-02,2.95486359438E-02,
    -3.27729013865));
#6960 = VECTOR('',#6961,1.);
#6961 = DIRECTION('',(0.544770019249,0.63753529491,0.544770019249));
#6962 = ORIENTED_EDGE('',*,*,#6822,.T.);
#6963 = ORIENTED_EDGE('',*,*,#6454,.F.);
#6964 = ORIENTED_EDGE('',*,*,#6886,.F.);
#6965 = ORIENTED_EDGE('',*,*,#6966,.F.);
#6966 = EDGE_CURVE('',#6967,#6887,#6969,.T.);
#6967 = VERTEX_POINT('',#6968);
#6968 = CARTESIAN_POINT('',(0.12,-0.12,-3.2));
#6969 = LINE('',#6970,#6971);
#6970 = CARTESIAN_POINT('',(0.138643150189,-0.135930458076,
    -3.181356849811));
#6971 = VECTOR('',#6972,1.);
#6972 = DIRECTION('',(0.605209817607,-0.517148096144,0.605209817607));
#6973 = ORIENTED_EDGE('',*,*,#6974,.T.);
#6974 = EDGE_CURVE('',#6967,#6956,#6975,.T.);
#6975 = LINE('',#6976,#6977);
#6976 = CARTESIAN_POINT('',(0.12,-0.32,-3.2));
#6977 = VECTOR('',#6978,1.);
#6978 = DIRECTION('',(0.,1.,0.));
#6979 = PLANE('',#6980);
#6980 = AXIS2_PLACEMENT_3D('',#6981,#6982,#6983);
#6981 = CARTESIAN_POINT('',(0.22,-0.32,-3.1));
#6982 = DIRECTION('',(-0.707106781187,1.735417226644E-18,0.707106781187)
  );
#6983 = DIRECTION('',(-1.227125289148E-18,-1.,1.227125289148E-18));
#6984 = ADVANCED_FACE('',(#6985),#6996,.F.);
#6985 = FACE_BOUND('',#6986,.F.);
#6986 = EDGE_LOOP('',(#6987,#6988,#6994,#6995));
#6987 = ORIENTED_EDGE('',*,*,#6721,.T.);
#6988 = ORIENTED_EDGE('',*,*,#6989,.T.);
#6989 = EDGE_CURVE('',#6714,#6593,#6990,.T.);
#6990 = LINE('',#6991,#6992);
#6991 = CARTESIAN_POINT('',(2.18,0.32,1.63));
#6992 = VECTOR('',#6993,1.);
#6993 = DIRECTION('',(1.,0.,0.));
#6994 = ORIENTED_EDGE('',*,*,#6600,.F.);
#6995 = ORIENTED_EDGE('',*,*,#6631,.F.);
#6996 = CYLINDRICAL_SURFACE('',#6997,5.E-02);
#6997 = AXIS2_PLACEMENT_3D('',#6998,#6999,#7000);
#6998 = CARTESIAN_POINT('',(2.18,0.37,1.63));
#6999 = DIRECTION('',(1.,0.,0.));
#7000 = DIRECTION('',(0.,0.,1.));
#7001 = ADVANCED_FACE('',(#7002),#7013,.F.);
#7002 = FACE_BOUND('',#7003,.F.);
#7003 = EDGE_LOOP('',(#7004,#7005,#7011,#7012));
#7004 = ORIENTED_EDGE('',*,*,#6713,.F.);
#7005 = ORIENTED_EDGE('',*,*,#7006,.T.);
#7006 = EDGE_CURVE('',#6706,#6585,#7007,.T.);
#7007 = LINE('',#7008,#7009);
#7008 = CARTESIAN_POINT('',(2.18,0.32,-0.7));
#7009 = VECTOR('',#7010,1.);
#7010 = DIRECTION('',(1.,0.,0.));
#7011 = ORIENTED_EDGE('',*,*,#6592,.T.);
#7012 = ORIENTED_EDGE('',*,*,#6989,.F.);
#7013 = PLANE('',#7014);
#7014 = AXIS2_PLACEMENT_3D('',#7015,#7016,#7017);
#7015 = CARTESIAN_POINT('',(2.18,0.32,-0.7));
#7016 = DIRECTION('',(0.,-1.,0.));
#7017 = DIRECTION('',(0.,0.,1.));
#7018 = ADVANCED_FACE('',(#7019),#7030,.F.);
#7019 = FACE_BOUND('',#7020,.F.);
#7020 = EDGE_LOOP('',(#7021,#7027,#7028,#7029));
#7021 = ORIENTED_EDGE('',*,*,#7022,.T.);
#7022 = EDGE_CURVE('',#6698,#6577,#7023,.T.);
#7023 = LINE('',#7024,#7025);
#7024 = CARTESIAN_POINT('',(2.18,0.62,-1.3));
#7025 = VECTOR('',#7026,1.);
#7026 = DIRECTION('',(1.,0.,0.));
#7027 = ORIENTED_EDGE('',*,*,#6584,.T.);
#7028 = ORIENTED_EDGE('',*,*,#7006,.F.);
#7029 = ORIENTED_EDGE('',*,*,#6705,.F.);
#7030 = PLANE('',#7031);
#7031 = AXIS2_PLACEMENT_3D('',#7032,#7033,#7034);
#7032 = CARTESIAN_POINT('',(2.18,0.62,-1.3));
#7033 = DIRECTION('',(0.,-0.894427191,-0.4472135955));
#7034 = DIRECTION('',(0.,-0.4472135955,0.894427191));
#7035 = ADVANCED_FACE('',(#7036),#7063,.F.);
#7036 = FACE_BOUND('',#7037,.F.);
#7037 = EDGE_LOOP('',(#7038,#7039,#7047,#7055,#7061,#7062));
#7038 = ORIENTED_EDGE('',*,*,#6697,.F.);
#7039 = ORIENTED_EDGE('',*,*,#7040,.F.);
#7040 = EDGE_CURVE('',#7041,#6690,#7043,.T.);
#7041 = VERTEX_POINT('',#7042);
#7042 = CARTESIAN_POINT('',(2.182447406934,0.351192514695,
    -3.002447406934));
#7043 = LINE('',#7044,#7045);
#7044 = CARTESIAN_POINT('',(2.306183310534,0.331655266758,
    -3.126183310534));
#7045 = VECTOR('',#7046,1.);
#7046 = DIRECTION('',(-0.702740385383,0.110959008218,0.702740385383));
#7047 = ORIENTED_EDGE('',*,*,#7048,.T.);
#7048 = EDGE_CURVE('',#7041,#7049,#7051,.T.);
#7049 = VERTEX_POINT('',#7050);
#7050 = CARTESIAN_POINT('',(2.817552593066,0.351192514695,
    -3.002447406934));
#7051 = LINE('',#7052,#7053);
#7052 = CARTESIAN_POINT('',(2.18,0.351192514695,-3.002447406934));
#7053 = VECTOR('',#7054,1.);
#7054 = DIRECTION('',(1.,0.,0.));
#7055 = ORIENTED_EDGE('',*,*,#7056,.T.);
#7056 = EDGE_CURVE('',#7049,#6569,#7057,.T.);
#7057 = LINE('',#7058,#7059);
#7058 = CARTESIAN_POINT('',(2.535786593707,0.306703146375,
    -3.284213406293));
#7059 = VECTOR('',#7060,1.);
#7060 = DIRECTION('',(0.702740385383,0.110959008218,0.702740385383));
#7061 = ORIENTED_EDGE('',*,*,#6576,.T.);
#7062 = ORIENTED_EDGE('',*,*,#7022,.F.);
#7063 = PLANE('',#7064);
#7064 = AXIS2_PLACEMENT_3D('',#7065,#7066,#7067);
#7065 = CARTESIAN_POINT('',(2.18,0.32,-3.2));
#7066 = DIRECTION('',(0.,-0.987762965329,0.155962573473));
#7067 = DIRECTION('',(0.,0.155962573473,0.987762965329));
#7068 = ADVANCED_FACE('',(#7069),#7103,.F.);
#7069 = FACE_BOUND('',#7070,.T.);
#7070 = EDGE_LOOP('',(#7071,#7079,#7080,#7081,#7089,#7097));
#7071 = ORIENTED_EDGE('',*,*,#7072,.T.);
#7072 = EDGE_CURVE('',#7073,#7049,#7075,.T.);
#7073 = VERTEX_POINT('',#7074);
#7074 = CARTESIAN_POINT('',(2.62,0.12,-3.2));
#7075 = LINE('',#7076,#7077);
#7076 = CARTESIAN_POINT('',(2.54270986135,2.95486359438E-02,
    -3.27729013865));
#7077 = VECTOR('',#7078,1.);
#7078 = DIRECTION('',(0.544770019249,0.63753529491,0.544770019249));
#7079 = ORIENTED_EDGE('',*,*,#7056,.T.);
#7080 = ORIENTED_EDGE('',*,*,#6568,.F.);
#7081 = ORIENTED_EDGE('',*,*,#7082,.F.);
#7082 = EDGE_CURVE('',#7083,#6561,#7085,.T.);
#7083 = VERTEX_POINT('',#7084);
#7084 = CARTESIAN_POINT('',(2.817552593066,-0.288807485305,
    -3.002447406934));
#7085 = LINE('',#7086,#7087);
#7086 = CARTESIAN_POINT('',(3.041586867305,-0.253433652531,
    -2.778413132695));
#7087 = VECTOR('',#7088,1.);
#7088 = DIRECTION('',(0.702740385383,0.110959008218,0.702740385383));
#7089 = ORIENTED_EDGE('',*,*,#7090,.F.);
#7090 = EDGE_CURVE('',#7091,#7083,#7093,.T.);
#7091 = VERTEX_POINT('',#7092);
#7092 = CARTESIAN_POINT('',(2.62,-0.12,-3.2));
#7093 = LINE('',#7094,#7095);
#7094 = CARTESIAN_POINT('',(2.638643150189,-0.135930458076,
    -3.181356849811));
#7095 = VECTOR('',#7096,1.);
#7096 = DIRECTION('',(0.605209817607,-0.517148096144,0.605209817607));
#7097 = ORIENTED_EDGE('',*,*,#7098,.T.);
#7098 = EDGE_CURVE('',#7091,#7073,#7099,.T.);
#7099 = LINE('',#7100,#7101);
#7100 = CARTESIAN_POINT('',(2.62,-0.32,-3.2));
#7101 = VECTOR('',#7102,1.);
#7102 = DIRECTION('',(0.,1.,0.));
#7103 = PLANE('',#7104);
#7104 = AXIS2_PLACEMENT_3D('',#7105,#7106,#7107);
#7105 = CARTESIAN_POINT('',(2.72,-0.32,-3.1));
#7106 = DIRECTION('',(-0.707106781187,1.735417226644E-18,0.707106781187)
  );
#7107 = DIRECTION('',(-1.227125289148E-18,-1.,1.227125289148E-18));
#7108 = ADVANCED_FACE('',(#7109),#7134,.F.);
#7109 = FACE_BOUND('',#7110,.F.);
#7110 = EDGE_LOOP('',(#7111,#7112,#7118,#7119,#7120,#7128));
#7111 = ORIENTED_EDGE('',*,*,#6681,.F.);
#7112 = ORIENTED_EDGE('',*,*,#7113,.T.);
#7113 = EDGE_CURVE('',#6674,#6553,#7114,.T.);
#7114 = LINE('',#7115,#7116);
#7115 = CARTESIAN_POINT('',(2.18,-2.E-02,-1.3));
#7116 = VECTOR('',#7117,1.);
#7117 = DIRECTION('',(1.,0.,0.));
#7118 = ORIENTED_EDGE('',*,*,#6560,.T.);
#7119 = ORIENTED_EDGE('',*,*,#7082,.F.);
#7120 = ORIENTED_EDGE('',*,*,#7121,.F.);
#7121 = EDGE_CURVE('',#7122,#7083,#7124,.T.);
#7122 = VERTEX_POINT('',#7123);
#7123 = CARTESIAN_POINT('',(2.182447406934,-0.288807485305,
    -3.002447406934));
#7124 = LINE('',#7125,#7126);
#7125 = CARTESIAN_POINT('',(2.18,-0.288807485305,-3.002447406934));
#7126 = VECTOR('',#7127,1.);
#7127 = DIRECTION('',(1.,0.,0.));
#7128 = ORIENTED_EDGE('',*,*,#7129,.T.);
#7129 = EDGE_CURVE('',#7122,#6682,#7130,.T.);
#7130 = LINE('',#7131,#7132);
#7131 = CARTESIAN_POINT('',(1.800383036936,-0.228481532148,
    -2.620383036936));
#7132 = VECTOR('',#7133,1.);
#7133 = DIRECTION('',(-0.702740385383,0.110959008218,0.702740385383));
#7134 = PLANE('',#7135);
#7135 = AXIS2_PLACEMENT_3D('',#7136,#7137,#7138);
#7136 = CARTESIAN_POINT('',(2.18,-2.E-02,-1.3));
#7137 = DIRECTION('',(0.,0.987762965329,-0.155962573473));
#7138 = DIRECTION('',(0.,-0.155962573473,-0.987762965329));
#7139 = ADVANCED_FACE('',(#7140),#7151,.F.);
#7140 = FACE_BOUND('',#7141,.F.);
#7141 = EDGE_LOOP('',(#7142,#7148,#7149,#7150));
#7142 = ORIENTED_EDGE('',*,*,#7143,.T.);
#7143 = EDGE_CURVE('',#6666,#6545,#7144,.T.);
#7144 = LINE('',#7145,#7146);
#7145 = CARTESIAN_POINT('',(2.18,-0.32,-0.7));
#7146 = VECTOR('',#7147,1.);
#7147 = DIRECTION('',(1.,0.,0.));
#7148 = ORIENTED_EDGE('',*,*,#6552,.T.);
#7149 = ORIENTED_EDGE('',*,*,#7113,.F.);
#7150 = ORIENTED_EDGE('',*,*,#6673,.F.);
#7151 = PLANE('',#7152);
#7152 = AXIS2_PLACEMENT_3D('',#7153,#7154,#7155);
#7153 = CARTESIAN_POINT('',(2.18,-0.32,-0.7));
#7154 = DIRECTION('',(0.,0.894427191,0.4472135955));
#7155 = DIRECTION('',(0.,0.4472135955,-0.894427191));
#7156 = ADVANCED_FACE('',(#7157),#7168,.F.);
#7157 = FACE_BOUND('',#7158,.F.);
#7158 = EDGE_LOOP('',(#7159,#7160,#7166,#7167));
#7159 = ORIENTED_EDGE('',*,*,#6665,.F.);
#7160 = ORIENTED_EDGE('',*,*,#7161,.T.);
#7161 = EDGE_CURVE('',#6657,#6536,#7162,.T.);
#7162 = LINE('',#7163,#7164);
#7163 = CARTESIAN_POINT('',(2.18,-0.32,1.63));
#7164 = VECTOR('',#7165,1.);
#7165 = DIRECTION('',(1.,0.,0.));
#7166 = ORIENTED_EDGE('',*,*,#6544,.T.);
#7167 = ORIENTED_EDGE('',*,*,#7143,.F.);
#7168 = PLANE('',#7169);
#7169 = AXIS2_PLACEMENT_3D('',#7170,#7171,#7172);
#7170 = CARTESIAN_POINT('',(2.18,-0.32,2.32));
#7171 = DIRECTION('',(0.,1.,0.));
#7172 = DIRECTION('',(0.,0.,-1.));
#7173 = ADVANCED_FACE('',(#7174),#7180,.T.);
#7174 = FACE_BOUND('',#7175,.T.);
#7175 = EDGE_LOOP('',(#7176,#7177,#7178,#7179));
#7176 = ORIENTED_EDGE('',*,*,#6656,.T.);
#7177 = ORIENTED_EDGE('',*,*,#7161,.T.);
#7178 = ORIENTED_EDGE('',*,*,#6535,.F.);
#7179 = ORIENTED_EDGE('',*,*,#6740,.F.);
#7180 = CYLINDRICAL_SURFACE('',#7181,0.69);
#7181 = AXIS2_PLACEMENT_3D('',#7182,#7183,#7184);
#7182 = CARTESIAN_POINT('',(2.18,0.37,1.63));
#7183 = DIRECTION('',(1.,0.,0.));
#7184 = DIRECTION('',(0.,0.,1.));
#7185 = ADVANCED_FACE('',(#7186),#7213,.T.);
#7186 = FACE_BOUND('',#7187,.F.);
#7187 = EDGE_LOOP('',(#7188,#7196,#7197,#7198,#7199,#7207));
#7188 = ORIENTED_EDGE('',*,*,#7189,.T.);
#7189 = EDGE_CURVE('',#7190,#7041,#7192,.T.);
#7190 = VERTEX_POINT('',#7191);
#7191 = CARTESIAN_POINT('',(2.38,0.12,-3.2));
#7192 = LINE('',#7193,#7194);
#7193 = CARTESIAN_POINT('',(2.362322339011,0.140687872705,
    -3.182322339011));
#7194 = VECTOR('',#7195,1.);
#7195 = DIRECTION('',(-0.544770019249,0.63753529491,0.544770019249));
#7196 = ORIENTED_EDGE('',*,*,#7040,.T.);
#7197 = ORIENTED_EDGE('',*,*,#6689,.F.);
#7198 = ORIENTED_EDGE('',*,*,#7129,.F.);
#7199 = ORIENTED_EDGE('',*,*,#7200,.F.);
#7200 = EDGE_CURVE('',#7201,#7122,#7203,.T.);
#7201 = VERTEX_POINT('',#7202);
#7202 = CARTESIAN_POINT('',(2.38,-0.12,-3.2));
#7203 = LINE('',#7204,#7205);
#7204 = CARTESIAN_POINT('',(2.244147594346,-0.236085051658,
    -3.064147594346));
#7205 = VECTOR('',#7206,1.);
#7206 = DIRECTION('',(-0.605209817607,-0.517148096144,0.605209817607));
#7207 = ORIENTED_EDGE('',*,*,#7208,.T.);
#7208 = EDGE_CURVE('',#7201,#7190,#7209,.T.);
#7209 = LINE('',#7210,#7211);
#7210 = CARTESIAN_POINT('',(2.38,-0.32,-3.2));
#7211 = VECTOR('',#7212,1.);
#7212 = DIRECTION('',(0.,1.,0.));
#7213 = PLANE('',#7214);
#7214 = AXIS2_PLACEMENT_3D('',#7215,#7216,#7217);
#7215 = CARTESIAN_POINT('',(2.28,-0.32,-3.1));
#7216 = DIRECTION('',(-0.707106781187,-1.735417226644E-18,
    -0.707106781187));
#7217 = DIRECTION('',(1.227125289148E-18,-1.,1.227125289148E-18));
#7218 = ADVANCED_FACE('',(#7219),#7230,.T.);
#7219 = FACE_BOUND('',#7220,.F.);
#7220 = EDGE_LOOP('',(#7221,#7222,#7228,#7229));
#7221 = ORIENTED_EDGE('',*,*,#6838,.F.);
#7222 = ORIENTED_EDGE('',*,*,#7223,.T.);
#7223 = EDGE_CURVE('',#6839,#6956,#7224,.T.);
#7224 = LINE('',#7225,#7226);
#7225 = CARTESIAN_POINT('',(-0.32,0.12,-3.2));
#7226 = VECTOR('',#7227,1.);
#7227 = DIRECTION('',(1.,0.,0.));
#7228 = ORIENTED_EDGE('',*,*,#6955,.T.);
#7229 = ORIENTED_EDGE('',*,*,#6814,.F.);
#7230 = PLANE('',#7231);
#7231 = AXIS2_PLACEMENT_3D('',#7232,#7233,#7234);
#7232 = CARTESIAN_POINT('',(-0.32,0.235596257347,-3.101223703467));
#7233 = DIRECTION('',(3.471050801573E-18,0.64962967394,-0.760250805153)
  );
#7234 = DIRECTION('',(-1.,2.254897600456E-18,-2.638869166625E-18));
#7235 = ADVANCED_FACE('',(#7236),#7247,.F.);
#7236 = FACE_BOUND('',#7237,.F.);
#7237 = EDGE_LOOP('',(#7238,#7239,#7240,#7246));
#7238 = ORIENTED_EDGE('',*,*,#7223,.F.);
#7239 = ORIENTED_EDGE('',*,*,#6864,.F.);
#7240 = ORIENTED_EDGE('',*,*,#7241,.T.);
#7241 = EDGE_CURVE('',#6857,#6967,#7242,.T.);
#7242 = LINE('',#7243,#7244);
#7243 = CARTESIAN_POINT('',(-0.32,-0.12,-3.2));
#7244 = VECTOR('',#7245,1.);
#7245 = DIRECTION('',(1.,0.,0.));
#7246 = ORIENTED_EDGE('',*,*,#6974,.T.);
#7247 = PLANE('',#7248);
#7248 = AXIS2_PLACEMENT_3D('',#7249,#7250,#7251);
#7249 = CARTESIAN_POINT('',(-0.32,-0.32,-3.2));
#7250 = DIRECTION('',(0.,0.,1.));
#7251 = DIRECTION('',(0.,1.,0.));
#7252 = ADVANCED_FACE('',(#7253),#7259,.T.);
#7253 = FACE_BOUND('',#7254,.T.);
#7254 = EDGE_LOOP('',(#7255,#7256,#7257,#7258));
#7255 = ORIENTED_EDGE('',*,*,#6856,.F.);
#7256 = ORIENTED_EDGE('',*,*,#7241,.T.);
#7257 = ORIENTED_EDGE('',*,*,#6966,.T.);
#7258 = ORIENTED_EDGE('',*,*,#6894,.F.);
#7259 = PLANE('',#7260);
#7260 = AXIS2_PLACEMENT_3D('',#7261,#7262,#7263);
#7261 = CARTESIAN_POINT('',(-0.32,-0.204403742653,-3.101223703467));
#7262 = DIRECTION('',(0.,-0.760250805153,-0.64962967394));
#7263 = DIRECTION('',(1.,0.,0.));
#7264 = ADVANCED_FACE('',(#7265),#7276,.T.);
#7265 = FACE_BOUND('',#7266,.F.);
#7266 = EDGE_LOOP('',(#7267,#7268,#7274,#7275));
#7267 = ORIENTED_EDGE('',*,*,#7189,.F.);
#7268 = ORIENTED_EDGE('',*,*,#7269,.T.);
#7269 = EDGE_CURVE('',#7190,#7073,#7270,.T.);
#7270 = LINE('',#7271,#7272);
#7271 = CARTESIAN_POINT('',(2.18,0.12,-3.2));
#7272 = VECTOR('',#7273,1.);
#7273 = DIRECTION('',(1.,0.,0.));
#7274 = ORIENTED_EDGE('',*,*,#7072,.T.);
#7275 = ORIENTED_EDGE('',*,*,#7048,.F.);
#7276 = PLANE('',#7277);
#7277 = AXIS2_PLACEMENT_3D('',#7278,#7279,#7280);
#7278 = CARTESIAN_POINT('',(2.18,0.235596257347,-3.101223703467));
#7279 = DIRECTION('',(3.471050801573E-18,0.64962967394,-0.760250805153)
  );
#7280 = DIRECTION('',(-1.,2.254897600456E-18,-2.638869166625E-18));
#7281 = ADVANCED_FACE('',(#7282),#7293,.F.);
#7282 = FACE_BOUND('',#7283,.F.);
#7283 = EDGE_LOOP('',(#7284,#7285,#7286,#7292));
#7284 = ORIENTED_EDGE('',*,*,#7269,.F.);
#7285 = ORIENTED_EDGE('',*,*,#7208,.F.);
#7286 = ORIENTED_EDGE('',*,*,#7287,.T.);
#7287 = EDGE_CURVE('',#7201,#7091,#7288,.T.);
#7288 = LINE('',#7289,#7290);
#7289 = CARTESIAN_POINT('',(2.18,-0.12,-3.2));
#7290 = VECTOR('',#7291,1.);
#7291 = DIRECTION('',(1.,0.,0.));
#7292 = ORIENTED_EDGE('',*,*,#7098,.T.);
#7293 = PLANE('',#7294);
#7294 = AXIS2_PLACEMENT_3D('',#7295,#7296,#7297);
#7295 = CARTESIAN_POINT('',(2.18,-0.32,-3.2));
#7296 = DIRECTION('',(0.,0.,1.));
#7297 = DIRECTION('',(0.,1.,0.));
#7298 = ADVANCED_FACE('',(#7299),#7305,.T.);
#7299 = FACE_BOUND('',#7300,.T.);
#7300 = EDGE_LOOP('',(#7301,#7302,#7303,#7304));
#7301 = ORIENTED_EDGE('',*,*,#7200,.F.);
#7302 = ORIENTED_EDGE('',*,*,#7287,.T.);
#7303 = ORIENTED_EDGE('',*,*,#7090,.T.);
#7304 = ORIENTED_EDGE('',*,*,#7121,.F.);
#7305 = PLANE('',#7306);
#7306 = AXIS2_PLACEMENT_3D('',#7307,#7308,#7309);
#7307 = CARTESIAN_POINT('',(2.18,-0.204403742653,-3.101223703467));
#7308 = DIRECTION('',(0.,-0.760250805153,-0.64962967394));
#7309 = DIRECTION('',(1.,0.,0.));
#7310 = ( GEOMETRIC_REPRESENTATION_CONTEXT(3) 
GLOBAL_UNCERTAINTY_ASSIGNED_CONTEXT((#7314)) 
GLOBAL_UNIT_ASSIGNED_CONTEXT((#7311,#7312,#7313)) REPRESENTATION_CONTEXT
('Context #1','3D Context with UNIT and UNCERTAINTY') );
#7311 = ( LENGTH_UNIT() NAMED_UNIT(*) SI_UNIT(.MILLI.,.METRE.) );
#7312 = ( NAMED_UNIT(*) PLANE_ANGLE_UNIT() SI_UNIT($,.RADIAN.) );
#7313 = ( NAMED_UNIT(*) SI_UNIT($,.STERADIAN.) SOLID_ANGLE_UNIT() );
#7314 = UNCERTAINTY_MEASURE_WITH_UNIT(LENGTH_MEASURE(1.E-07),#7311,
  'distance_accuracy_value','confusion accuracy');
#7315 = CONTEXT_DEPENDENT_SHAPE_REPRESENTATION(#7316,#7318);
#7316 = ( REPRESENTATION_RELATIONSHIP('','',#4279,#4256) 
REPRESENTATION_RELATIONSHIP_WITH_TRANSFORMATION(#7317) 
SHAPE_REPRESENTATION_RELATIONSHIP() );
#7317 = ITEM_DEFINED_TRANSFORMATION('','',#11,#4257);
#7318 = PRODUCT_DEFINITION_SHAPE('Placement','Placement of an item',
  #7319);
#7319 = NEXT_ASSEMBLY_USAGE_OCCURRENCE('3','=>[0:1:1:5]','',#4251,#4274,
  $);
#7320 = PRODUCT_RELATED_PRODUCT_CATEGORY('part',$,(#4276));
#7321 = CONTEXT_DEPENDENT_SHAPE_REPRESENTATION(#7322,#7324);
#7322 = ( REPRESENTATION_RELATIONSHIP('','',#52,#10) 
REPRESENTATION_RELATIONSHIP_WITH_TRANSFORMATION(#7323) 
SHAPE_REPRESENTATION_RELATIONSHIP() );
#7323 = ITEM_DEFINED_TRANSFORMATION('','',#11,#23);
#7324 = PRODUCT_DEFINITION_SHAPE('Placement','Placement of an item',
  #7325);
#7325 = NEXT_ASSEMBLY_USAGE_OCCURRENCE('5','J3','',#5,#47,$);
#7326 = CONTEXT_DEPENDENT_SHAPE_REPRESENTATION(#7327,#7329);
#7327 = ( REPRESENTATION_RELATIONSHIP('','',#4256,#10) 
REPRESENTATION_RELATIONSHIP_WITH_TRANSFORMATION(#7328) 
SHAPE_REPRESENTATION_RELATIONSHIP() );
#7328 = ITEM_DEFINED_TRANSFORMATION('','',#11,#27);
#7329 = PRODUCT_DEFINITION_SHAPE('Placement','Placement of an item',
  #7330);
#7330 = NEXT_ASSEMBLY_USAGE_OCCURRENCE('6','J2','',#5,#4251,$);
#7331 = SHAPE_DEFINITION_REPRESENTATION(#7332,#7338);
#7332 = PRODUCT_DEFINITION_SHAPE('','',#7333);
#7333 = PRODUCT_DEFINITION('design','',#7334,#7337);
#7334 = PRODUCT_DEFINITION_FORMATION('','',#7335);
#7335 = PRODUCT('PinSocket_1x08_P2.54mm_Vertical',
  'PinSocket_1x08_P2.54mm_Vertical','',(#7336));
#7336 = PRODUCT_CONTEXT('',#2,'mechanical');
#7337 = PRODUCT_DEFINITION_CONTEXT('part definition',#2,'design');
#7338 = SHAPE_REPRESENTATION('',(#11,#7339),#7343);
#7339 = AXIS2_PLACEMENT_3D('',#7340,#7341,#7342);
#7340 = CARTESIAN_POINT('',(0.,0.,0.));
#7341 = DIRECTION('',(0.,0.,1.));
#7342 = DIRECTION('',(1.,0.,-0.));
#7343 = ( GEOMETRIC_REPRESENTATION_CONTEXT(3) 
GLOBAL_UNCERTAINTY_ASSIGNED_CONTEXT((#7347)) 
GLOBAL_UNIT_ASSIGNED_CONTEXT((#7344,#7345,#7346)) REPRESENTATION_CONTEXT
('Context #1','3D Context with UNIT and UNCERTAINTY') );
#7344 = ( LENGTH_UNIT() NAMED_UNIT(*) SI_UNIT(.MILLI.,.METRE.) );
#7345 = ( NAMED_UNIT(*) PLANE_ANGLE_UNIT() SI_UNIT($,.RADIAN.) );
#7346 = ( NAMED_UNIT(*) SI_UNIT($,.STERADIAN.) SOLID_ANGLE_UNIT() );
#7347 = UNCERTAINTY_MEASURE_WITH_UNIT(LENGTH_MEASURE(1.E-07),#7344,
  'distance_accuracy_value','confusion accuracy');
#7348 = CONTEXT_DEPENDENT_SHAPE_REPRESENTATION(#7349,#7351);
#7349 = ( REPRESENTATION_RELATIONSHIP('','',#7338,#10) 
REPRESENTATION_RELATIONSHIP_WITH_TRANSFORMATION(#7350) 
SHAPE_REPRESENTATION_RELATIONSHIP() );
#7350 = ITEM_DEFINED_TRANSFORMATION('','',#11,#31);
#7351 = PRODUCT_DEFINITION_SHAPE('Placement','Placement of an item',
  #7352);
#7352 = NEXT_ASSEMBLY_USAGE_OCCURRENCE('8','J5','',#5,#7333,$);
#7353 = PRODUCT_RELATED_PRODUCT_CATEGORY('part',$,(#7335));
#7354 = SHAPE_DEFINITION_REPRESENTATION(#7355,#7361);
#7355 = PRODUCT_DEFINITION_SHAPE('','',#7356);
#7356 = PRODUCT_DEFINITION('design','',#7357,#7360);
#7357 = PRODUCT_DEFINITION_FORMATION('','',#7358);
#7358 = PRODUCT('PinSocket_1x08_P2.54mm_Vertical',
  'PinSocket_1x08_P2.54mm_Vertical','',(#7359));
#7359 = PRODUCT_CONTEXT('',#2,'mechanical');
#7360 = PRODUCT_DEFINITION_CONTEXT('part definition',#2,'design');
#7361 = ADVANCED_BREP_SHAPE_REPRESENTATION('',(#11,#7362),#13852);
#7362 = MANIFOLD_SOLID_BREP('',#7363);
#7363 = CLOSED_SHELL('',(#7364,#7404,#7467,#7530,#7547,#7836,#7858,#7875
    ,#8420,#8432,#8444,#8475,#8499,#8523,#8540,#8571,#8595,#8619,#8636,
    #8667,#8691,#8715,#8732,#8763,#8787,#8811,#8828,#8859,#8883,#8907,
    #8924,#8955,#8979,#9003,#9020,#9051,#9075,#9099,#9116,#9147,#9171,
    #9195,#9212,#9229,#9276,#9293,#9340,#9357,#9404,#9421,#9468,#9485,
    #9532,#9549,#9596,#9613,#9660,#9677,#9724,#9741,#9788,#9805,#9852,
    #9869,#9916,#9933,#9980,#9997,#10044,#10061,#10108,#10125,#10172,
    #10189,#10236,#10267,#10323,#10347,#10396,#10427,#10483,#10507,
    #10556,#10587,#10643,#10667,#10716,#10747,#10803,#10827,#10876,
    #10907,#10963,#10987,#11036,#11067,#11123,#11147,#11196,#11227,
    #11283,#11307,#11356,#11387,#11443,#11467,#11516,#11533,#11550,
    #11567,#11584,#11596,#11613,#11630,#11647,#11664,#11676,#11693,
    #11710,#11727,#11744,#11756,#11773,#11790,#11807,#11824,#11836,
    #11853,#11870,#11887,#11904,#11916,#11933,#11950,#11967,#11984,
    #11996,#12013,#12030,#12047,#12064,#12076,#12093,#12110,#12127,
    #12144,#12156,#12173,#12190,#12239,#12263,#12305,#12322,#12339,
    #12356,#12405,#12429,#12471,#12488,#12505,#12522,#12571,#12595,
    #12637,#12654,#12671,#12688,#12737,#12761,#12803,#12820,#12837,
    #12854,#12903,#12927,#12969,#12986,#13003,#13020,#13069,#13093,
    #13135,#13152,#13169,#13186,#13235,#13259,#13301,#13318,#13335,
    #13352,#13401,#13425,#13467,#13484,#13501,#13518,#13530,#13547,
    #13564,#13576,#13593,#13610,#13622,#13639,#13656,#13668,#13685,
    #13702,#13714,#13731,#13748,#13760,#13777,#13794,#13806,#13823,
    #13840));
#7364 = ADVANCED_FACE('',(#7365),#7399,.F.);
#7365 = FACE_BOUND('',#7366,.F.);
#7366 = EDGE_LOOP('',(#7367,#7377,#7385,#7393));
#7367 = ORIENTED_EDGE('',*,*,#7368,.T.);
#7368 = EDGE_CURVE('',#7369,#7371,#7373,.T.);
#7369 = VERTEX_POINT('',#7370);
#7370 = CARTESIAN_POINT('',(1.27,-19.05,0.));
#7371 = VERTEX_POINT('',#7372);
#7372 = CARTESIAN_POINT('',(1.27,-19.05,8.5));
#7373 = LINE('',#7374,#7375);
#7374 = CARTESIAN_POINT('',(1.27,-19.05,0.));
#7375 = VECTOR('',#7376,1.);
#7376 = DIRECTION('',(0.,0.,1.));
#7377 = ORIENTED_EDGE('',*,*,#7378,.T.);
#7378 = EDGE_CURVE('',#7371,#7379,#7381,.T.);
#7379 = VERTEX_POINT('',#7380);
#7380 = CARTESIAN_POINT('',(1.27,1.27,8.5));
#7381 = LINE('',#7382,#7383);
#7382 = CARTESIAN_POINT('',(1.27,-19.05,8.5));
#7383 = VECTOR('',#7384,1.);
#7384 = DIRECTION('',(1.110223024625E-16,1.,0.));
#7385 = ORIENTED_EDGE('',*,*,#7386,.F.);
#7386 = EDGE_CURVE('',#7387,#7379,#7389,.T.);
#7387 = VERTEX_POINT('',#7388);
#7388 = CARTESIAN_POINT('',(1.27,1.27,0.));
#7389 = LINE('',#7390,#7391);
#7390 = CARTESIAN_POINT('',(1.27,1.27,0.));
#7391 = VECTOR('',#7392,1.);
#7392 = DIRECTION('',(0.,0.,1.));
#7393 = ORIENTED_EDGE('',*,*,#7394,.F.);
#7394 = EDGE_CURVE('',#7369,#7387,#7395,.T.);
#7395 = LINE('',#7396,#7397);
#7396 = CARTESIAN_POINT('',(1.27,-19.05,0.));
#7397 = VECTOR('',#7398,1.);
#7398 = DIRECTION('',(1.110223024625E-16,1.,0.));
#7399 = PLANE('',#7400);
#7400 = AXIS2_PLACEMENT_3D('',#7401,#7402,#7403);
#7401 = CARTESIAN_POINT('',(1.27,-19.05,0.));
#7402 = DIRECTION('',(-1.,1.110223024625E-16,0.));
#7403 = DIRECTION('',(1.110223024625E-16,1.,0.));
#7404 = ADVANCED_FACE('',(#7405),#7462,.F.);
#7405 = FACE_BOUND('',#7406,.F.);
#7406 = EDGE_LOOP('',(#7407,#7417,#7425,#7431,#7432,#7440,#7448,#7456));
#7407 = ORIENTED_EDGE('',*,*,#7408,.F.);
#7408 = EDGE_CURVE('',#7409,#7411,#7413,.T.);
#7409 = VERTEX_POINT('',#7410);
#7410 = CARTESIAN_POINT('',(-1.27,-19.05,0.));
#7411 = VERTEX_POINT('',#7412);
#7412 = CARTESIAN_POINT('',(-0.846666666667,-19.05,0.));
#7413 = LINE('',#7414,#7415);
#7414 = CARTESIAN_POINT('',(-1.27,-19.05,0.));
#7415 = VECTOR('',#7416,1.);
#7416 = DIRECTION('',(1.,-1.110223024625E-16,0.));
#7417 = ORIENTED_EDGE('',*,*,#7418,.T.);
#7418 = EDGE_CURVE('',#7409,#7419,#7421,.T.);
#7419 = VERTEX_POINT('',#7420);
#7420 = CARTESIAN_POINT('',(-1.27,-19.05,8.5));
#7421 = LINE('',#7422,#7423);
#7422 = CARTESIAN_POINT('',(-1.27,-19.05,0.));
#7423 = VECTOR('',#7424,1.);
#7424 = DIRECTION('',(0.,0.,1.));
#7425 = ORIENTED_EDGE('',*,*,#7426,.T.);
#7426 = EDGE_CURVE('',#7419,#7371,#7427,.T.);
#7427 = LINE('',#7428,#7429);
#7428 = CARTESIAN_POINT('',(-1.27,-19.05,8.5));
#7429 = VECTOR('',#7430,1.);
#7430 = DIRECTION('',(1.,-1.110223024625E-16,0.));
#7431 = ORIENTED_EDGE('',*,*,#7368,.F.);
#7432 = ORIENTED_EDGE('',*,*,#7433,.F.);
#7433 = EDGE_CURVE('',#7434,#7369,#7436,.T.);
#7434 = VERTEX_POINT('',#7435);
#7435 = CARTESIAN_POINT('',(0.846666666667,-19.05,0.));
#7436 = LINE('',#7437,#7438);
#7437 = CARTESIAN_POINT('',(-1.27,-19.05,0.));
#7438 = VECTOR('',#7439,1.);
#7439 = DIRECTION('',(1.,-1.110223024625E-16,0.));
#7440 = ORIENTED_EDGE('',*,*,#7441,.T.);
#7441 = EDGE_CURVE('',#7434,#7442,#7444,.T.);
#7442 = VERTEX_POINT('',#7443);
#7443 = CARTESIAN_POINT('',(0.846666666667,-19.05,0.2));
#7444 = LINE('',#7445,#7446);
#7445 = CARTESIAN_POINT('',(0.846666666667,-19.05,0.));
#7446 = VECTOR('',#7447,1.);
#7447 = DIRECTION('',(0.,0.,1.));
#7448 = ORIENTED_EDGE('',*,*,#7449,.F.);
#7449 = EDGE_CURVE('',#7450,#7442,#7452,.T.);
#7450 = VERTEX_POINT('',#7451);
#7451 = CARTESIAN_POINT('',(-0.846666666667,-19.05,0.2));
#7452 = LINE('',#7453,#7454);
#7453 = CARTESIAN_POINT('',(-0.846666666667,-19.05,0.2));
#7454 = VECTOR('',#7455,1.);
#7455 = DIRECTION('',(1.,-1.110223024625E-16,0.));
#7456 = ORIENTED_EDGE('',*,*,#7457,.F.);
#7457 = EDGE_CURVE('',#7411,#7450,#7458,.T.);
#7458 = LINE('',#7459,#7460);
#7459 = CARTESIAN_POINT('',(-0.846666666667,-19.05,0.));
#7460 = VECTOR('',#7461,1.);
#7461 = DIRECTION('',(0.,0.,1.));
#7462 = PLANE('',#7463);
#7463 = AXIS2_PLACEMENT_3D('',#7464,#7465,#7466);
#7464 = CARTESIAN_POINT('',(-1.27,-19.05,0.));
#7465 = DIRECTION('',(1.110223024625E-16,1.,0.));
#7466 = DIRECTION('',(1.,-1.110223024625E-16,0.));
#7467 = ADVANCED_FACE('',(#7468),#7525,.F.);
#7468 = FACE_BOUND('',#7469,.F.);
#7469 = EDGE_LOOP('',(#7470,#7478,#7479,#7487,#7495,#7503,#7511,#7519));
#7470 = ORIENTED_EDGE('',*,*,#7471,.F.);
#7471 = EDGE_CURVE('',#7387,#7472,#7474,.T.);
#7472 = VERTEX_POINT('',#7473);
#7473 = CARTESIAN_POINT('',(0.846666666667,1.27,0.));
#7474 = LINE('',#7475,#7476);
#7475 = CARTESIAN_POINT('',(1.27,1.27,0.));
#7476 = VECTOR('',#7477,1.);
#7477 = DIRECTION('',(-1.,1.110223024625E-16,0.));
#7478 = ORIENTED_EDGE('',*,*,#7386,.T.);
#7479 = ORIENTED_EDGE('',*,*,#7480,.T.);
#7480 = EDGE_CURVE('',#7379,#7481,#7483,.T.);
#7481 = VERTEX_POINT('',#7482);
#7482 = CARTESIAN_POINT('',(-1.27,1.27,8.5));
#7483 = LINE('',#7484,#7485);
#7484 = CARTESIAN_POINT('',(1.27,1.27,8.5));
#7485 = VECTOR('',#7486,1.);
#7486 = DIRECTION('',(-1.,1.110223024625E-16,0.));
#7487 = ORIENTED_EDGE('',*,*,#7488,.F.);
#7488 = EDGE_CURVE('',#7489,#7481,#7491,.T.);
#7489 = VERTEX_POINT('',#7490);
#7490 = CARTESIAN_POINT('',(-1.27,1.27,0.));
#7491 = LINE('',#7492,#7493);
#7492 = CARTESIAN_POINT('',(-1.27,1.27,0.));
#7493 = VECTOR('',#7494,1.);
#7494 = DIRECTION('',(0.,0.,1.));
#7495 = ORIENTED_EDGE('',*,*,#7496,.F.);
#7496 = EDGE_CURVE('',#7497,#7489,#7499,.T.);
#7497 = VERTEX_POINT('',#7498);
#7498 = CARTESIAN_POINT('',(-0.846666666667,1.27,0.));
#7499 = LINE('',#7500,#7501);
#7500 = CARTESIAN_POINT('',(1.27,1.27,0.));
#7501 = VECTOR('',#7502,1.);
#7502 = DIRECTION('',(-1.,1.110223024625E-16,0.));
#7503 = ORIENTED_EDGE('',*,*,#7504,.T.);
#7504 = EDGE_CURVE('',#7497,#7505,#7507,.T.);
#7505 = VERTEX_POINT('',#7506);
#7506 = CARTESIAN_POINT('',(-0.846666666667,1.27,0.2));
#7507 = LINE('',#7508,#7509);
#7508 = CARTESIAN_POINT('',(-0.846666666667,1.27,0.));
#7509 = VECTOR('',#7510,1.);
#7510 = DIRECTION('',(0.,0.,1.));
#7511 = ORIENTED_EDGE('',*,*,#7512,.F.);
#7512 = EDGE_CURVE('',#7513,#7505,#7515,.T.);
#7513 = VERTEX_POINT('',#7514);
#7514 = CARTESIAN_POINT('',(0.846666666667,1.27,0.2));
#7515 = LINE('',#7516,#7517);
#7516 = CARTESIAN_POINT('',(0.846666666667,1.27,0.2));
#7517 = VECTOR('',#7518,1.);
#7518 = DIRECTION('',(-1.,1.110223024625E-16,0.));
#7519 = ORIENTED_EDGE('',*,*,#7520,.F.);
#7520 = EDGE_CURVE('',#7472,#7513,#7521,.T.);
#7521 = LINE('',#7522,#7523);
#7522 = CARTESIAN_POINT('',(0.846666666667,1.27,0.));
#7523 = VECTOR('',#7524,1.);
#7524 = DIRECTION('',(0.,0.,1.));
#7525 = PLANE('',#7526);
#7526 = AXIS2_PLACEMENT_3D('',#7527,#7528,#7529);
#7527 = CARTESIAN_POINT('',(1.27,1.27,0.));
#7528 = DIRECTION('',(-1.110223024625E-16,-1.,0.));
#7529 = DIRECTION('',(-1.,1.110223024625E-16,0.));
#7530 = ADVANCED_FACE('',(#7531),#7542,.F.);
#7531 = FACE_BOUND('',#7532,.F.);
#7532 = EDGE_LOOP('',(#7533,#7534,#7535,#7536));
#7533 = ORIENTED_EDGE('',*,*,#7433,.T.);
#7534 = ORIENTED_EDGE('',*,*,#7394,.T.);
#7535 = ORIENTED_EDGE('',*,*,#7471,.T.);
#7536 = ORIENTED_EDGE('',*,*,#7537,.F.);
#7537 = EDGE_CURVE('',#7434,#7472,#7538,.T.);
#7538 = LINE('',#7539,#7540);
#7539 = CARTESIAN_POINT('',(0.846666666667,-19.05,0.));
#7540 = VECTOR('',#7541,1.);
#7541 = DIRECTION('',(1.110223024625E-16,1.,0.));
#7542 = PLANE('',#7543);
#7543 = AXIS2_PLACEMENT_3D('',#7544,#7545,#7546);
#7544 = CARTESIAN_POINT('',(-9.592326932761E-16,-8.89,0.));
#7545 = DIRECTION('',(0.,0.,1.));
#7546 = DIRECTION('',(1.110223024625E-16,1.,-0.));
#7547 = ADVANCED_FACE('',(#7548,#7559,#7593,#7627,#7661,#7695,#7729,
    #7763,#7797),#7831,.T.);
#7548 = FACE_BOUND('',#7549,.T.);
#7549 = EDGE_LOOP('',(#7550,#7551,#7552,#7558));
#7550 = ORIENTED_EDGE('',*,*,#7378,.T.);
#7551 = ORIENTED_EDGE('',*,*,#7480,.T.);
#7552 = ORIENTED_EDGE('',*,*,#7553,.T.);
#7553 = EDGE_CURVE('',#7481,#7419,#7554,.T.);
#7554 = LINE('',#7555,#7556);
#7555 = CARTESIAN_POINT('',(-1.27,1.27,8.5));
#7556 = VECTOR('',#7557,1.);
#7557 = DIRECTION('',(-1.110223024625E-16,-1.,0.));
#7558 = ORIENTED_EDGE('',*,*,#7426,.T.);
#7559 = FACE_BOUND('',#7560,.T.);
#7560 = EDGE_LOOP('',(#7561,#7571,#7579,#7587));
#7561 = ORIENTED_EDGE('',*,*,#7562,.F.);
#7562 = EDGE_CURVE('',#7563,#7565,#7567,.T.);
#7563 = VERTEX_POINT('',#7564);
#7564 = CARTESIAN_POINT('',(0.6,-18.38,8.5));
#7565 = VERTEX_POINT('',#7566);
#7566 = CARTESIAN_POINT('',(0.6,-17.18,8.5));
#7567 = LINE('',#7568,#7569);
#7568 = CARTESIAN_POINT('',(0.6,-18.38,8.5));
#7569 = VECTOR('',#7570,1.);
#7570 = DIRECTION('',(1.110223024625E-16,1.,0.));
#7571 = ORIENTED_EDGE('',*,*,#7572,.F.);
#7572 = EDGE_CURVE('',#7573,#7563,#7575,.T.);
#7573 = VERTEX_POINT('',#7574);
#7574 = CARTESIAN_POINT('',(-0.6,-18.38,8.5));
#7575 = LINE('',#7576,#7577);
#7576 = CARTESIAN_POINT('',(-0.6,-18.38,8.5));
#7577 = VECTOR('',#7578,1.);
#7578 = DIRECTION('',(1.,-1.110223024625E-16,0.));
#7579 = ORIENTED_EDGE('',*,*,#7580,.F.);
#7580 = EDGE_CURVE('',#7581,#7573,#7583,.T.);
#7581 = VERTEX_POINT('',#7582);
#7582 = CARTESIAN_POINT('',(-0.6,-17.18,8.5));
#7583 = LINE('',#7584,#7585);
#7584 = CARTESIAN_POINT('',(-0.6,-17.18,8.5));
#7585 = VECTOR('',#7586,1.);
#7586 = DIRECTION('',(-1.110223024625E-16,-1.,0.));
#7587 = ORIENTED_EDGE('',*,*,#7588,.F.);
#7588 = EDGE_CURVE('',#7565,#7581,#7589,.T.);
#7589 = LINE('',#7590,#7591);
#7590 = CARTESIAN_POINT('',(0.6,-17.18,8.5));
#7591 = VECTOR('',#7592,1.);
#7592 = DIRECTION('',(-1.,1.110223024625E-16,0.));
#7593 = FACE_BOUND('',#7594,.T.);
#7594 = EDGE_LOOP('',(#7595,#7605,#7613,#7621));
#7595 = ORIENTED_EDGE('',*,*,#7596,.F.);
#7596 = EDGE_CURVE('',#7597,#7599,#7601,.T.);
#7597 = VERTEX_POINT('',#7598);
#7598 = CARTESIAN_POINT('',(0.6,-15.84,8.5));
#7599 = VERTEX_POINT('',#7600);
#7600 = CARTESIAN_POINT('',(0.6,-14.64,8.5));
#7601 = LINE('',#7602,#7603);
#7602 = CARTESIAN_POINT('',(0.6,-15.84,8.5));
#7603 = VECTOR('',#7604,1.);
#7604 = DIRECTION('',(1.110223024625E-16,1.,0.));
#7605 = ORIENTED_EDGE('',*,*,#7606,.F.);
#7606 = EDGE_CURVE('',#7607,#7597,#7609,.T.);
#7607 = VERTEX_POINT('',#7608);
#7608 = CARTESIAN_POINT('',(-0.6,-15.84,8.5));
#7609 = LINE('',#7610,#7611);
#7610 = CARTESIAN_POINT('',(-0.6,-15.84,8.5));
#7611 = VECTOR('',#7612,1.);
#7612 = DIRECTION('',(1.,-1.110223024625E-16,0.));
#7613 = ORIENTED_EDGE('',*,*,#7614,.F.);
#7614 = EDGE_CURVE('',#7615,#7607,#7617,.T.);
#7615 = VERTEX_POINT('',#7616);
#7616 = CARTESIAN_POINT('',(-0.6,-14.64,8.5));
#7617 = LINE('',#7618,#7619);
#7618 = CARTESIAN_POINT('',(-0.6,-14.64,8.5));
#7619 = VECTOR('',#7620,1.);
#7620 = DIRECTION('',(-1.110223024625E-16,-1.,0.));
#7621 = ORIENTED_EDGE('',*,*,#7622,.F.);
#7622 = EDGE_CURVE('',#7599,#7615,#7623,.T.);
#7623 = LINE('',#7624,#7625);
#7624 = CARTESIAN_POINT('',(0.6,-14.64,8.5));
#7625 = VECTOR('',#7626,1.);
#7626 = DIRECTION('',(-1.,1.110223024625E-16,0.));
#7627 = FACE_BOUND('',#7628,.T.);
#7628 = EDGE_LOOP('',(#7629,#7639,#7647,#7655));
#7629 = ORIENTED_EDGE('',*,*,#7630,.F.);
#7630 = EDGE_CURVE('',#7631,#7633,#7635,.T.);
#7631 = VERTEX_POINT('',#7632);
#7632 = CARTESIAN_POINT('',(0.6,-13.3,8.5));
#7633 = VERTEX_POINT('',#7634);
#7634 = CARTESIAN_POINT('',(0.6,-12.1,8.5));
#7635 = LINE('',#7636,#7637);
#7636 = CARTESIAN_POINT('',(0.6,-13.3,8.5));
#7637 = VECTOR('',#7638,1.);
#7638 = DIRECTION('',(1.110223024625E-16,1.,0.));
#7639 = ORIENTED_EDGE('',*,*,#7640,.F.);
#7640 = EDGE_CURVE('',#7641,#7631,#7643,.T.);
#7641 = VERTEX_POINT('',#7642);
#7642 = CARTESIAN_POINT('',(-0.6,-13.3,8.5));
#7643 = LINE('',#7644,#7645);
#7644 = CARTESIAN_POINT('',(-0.6,-13.3,8.5));
#7645 = VECTOR('',#7646,1.);
#7646 = DIRECTION('',(1.,-1.110223024625E-16,0.));
#7647 = ORIENTED_EDGE('',*,*,#7648,.F.);
#7648 = EDGE_CURVE('',#7649,#7641,#7651,.T.);
#7649 = VERTEX_POINT('',#7650);
#7650 = CARTESIAN_POINT('',(-0.6,-12.1,8.5));
#7651 = LINE('',#7652,#7653);
#7652 = CARTESIAN_POINT('',(-0.6,-12.1,8.5));
#7653 = VECTOR('',#7654,1.);
#7654 = DIRECTION('',(-1.110223024625E-16,-1.,0.));
#7655 = ORIENTED_EDGE('',*,*,#7656,.F.);
#7656 = EDGE_CURVE('',#7633,#7649,#7657,.T.);
#7657 = LINE('',#7658,#7659);
#7658 = CARTESIAN_POINT('',(0.6,-12.1,8.5));
#7659 = VECTOR('',#7660,1.);
#7660 = DIRECTION('',(-1.,1.110223024625E-16,0.));
#7661 = FACE_BOUND('',#7662,.T.);
#7662 = EDGE_LOOP('',(#7663,#7673,#7681,#7689));
#7663 = ORIENTED_EDGE('',*,*,#7664,.F.);
#7664 = EDGE_CURVE('',#7665,#7667,#7669,.T.);
#7665 = VERTEX_POINT('',#7666);
#7666 = CARTESIAN_POINT('',(0.6,-10.76,8.5));
#7667 = VERTEX_POINT('',#7668);
#7668 = CARTESIAN_POINT('',(0.6,-9.56,8.5));
#7669 = LINE('',#7670,#7671);
#7670 = CARTESIAN_POINT('',(0.6,-10.76,8.5));
#7671 = VECTOR('',#7672,1.);
#7672 = DIRECTION('',(1.110223024625E-16,1.,0.));
#7673 = ORIENTED_EDGE('',*,*,#7674,.F.);
#7674 = EDGE_CURVE('',#7675,#7665,#7677,.T.);
#7675 = VERTEX_POINT('',#7676);
#7676 = CARTESIAN_POINT('',(-0.6,-10.76,8.5));
#7677 = LINE('',#7678,#7679);
#7678 = CARTESIAN_POINT('',(-0.6,-10.76,8.5));
#7679 = VECTOR('',#7680,1.);
#7680 = DIRECTION('',(1.,-1.110223024625E-16,0.));
#7681 = ORIENTED_EDGE('',*,*,#7682,.F.);
#7682 = EDGE_CURVE('',#7683,#7675,#7685,.T.);
#7683 = VERTEX_POINT('',#7684);
#7684 = CARTESIAN_POINT('',(-0.6,-9.56,8.5));
#7685 = LINE('',#7686,#7687);
#7686 = CARTESIAN_POINT('',(-0.6,-9.56,8.5));
#7687 = VECTOR('',#7688,1.);
#7688 = DIRECTION('',(-1.110223024625E-16,-1.,0.));
#7689 = ORIENTED_EDGE('',*,*,#7690,.F.);
#7690 = EDGE_CURVE('',#7667,#7683,#7691,.T.);
#7691 = LINE('',#7692,#7693);
#7692 = CARTESIAN_POINT('',(0.6,-9.56,8.5));
#7693 = VECTOR('',#7694,1.);
#7694 = DIRECTION('',(-1.,1.110223024625E-16,0.));
#7695 = FACE_BOUND('',#7696,.T.);
#7696 = EDGE_LOOP('',(#7697,#7707,#7715,#7723));
#7697 = ORIENTED_EDGE('',*,*,#7698,.F.);
#7698 = EDGE_CURVE('',#7699,#7701,#7703,.T.);
#7699 = VERTEX_POINT('',#7700);
#7700 = CARTESIAN_POINT('',(0.6,-8.22,8.5));
#7701 = VERTEX_POINT('',#7702);
#7702 = CARTESIAN_POINT('',(0.6,-7.02,8.5));
#7703 = LINE('',#7704,#7705);
#7704 = CARTESIAN_POINT('',(0.6,-8.22,8.5));
#7705 = VECTOR('',#7706,1.);
#7706 = DIRECTION('',(1.110223024625E-16,1.,0.));
#7707 = ORIENTED_EDGE('',*,*,#7708,.F.);
#7708 = EDGE_CURVE('',#7709,#7699,#7711,.T.);
#7709 = VERTEX_POINT('',#7710);
#7710 = CARTESIAN_POINT('',(-0.6,-8.22,8.5));
#7711 = LINE('',#7712,#7713);
#7712 = CARTESIAN_POINT('',(-0.6,-8.22,8.5));
#7713 = VECTOR('',#7714,1.);
#7714 = DIRECTION('',(1.,-1.110223024625E-16,0.));
#7715 = ORIENTED_EDGE('',*,*,#7716,.F.);
#7716 = EDGE_CURVE('',#7717,#7709,#7719,.T.);
#7717 = VERTEX_POINT('',#7718);
#7718 = CARTESIAN_POINT('',(-0.6,-7.02,8.5));
#7719 = LINE('',#7720,#7721);
#7720 = CARTESIAN_POINT('',(-0.6,-7.02,8.5));
#7721 = VECTOR('',#7722,1.);
#7722 = DIRECTION('',(-1.110223024625E-16,-1.,0.));
#7723 = ORIENTED_EDGE('',*,*,#7724,.F.);
#7724 = EDGE_CURVE('',#7701,#7717,#7725,.T.);
#7725 = LINE('',#7726,#7727);
#7726 = CARTESIAN_POINT('',(0.6,-7.02,8.5));
#7727 = VECTOR('',#7728,1.);
#7728 = DIRECTION('',(-1.,1.110223024625E-16,0.));
#7729 = FACE_BOUND('',#7730,.T.);
#7730 = EDGE_LOOP('',(#7731,#7741,#7749,#7757));
#7731 = ORIENTED_EDGE('',*,*,#7732,.F.);
#7732 = EDGE_CURVE('',#7733,#7735,#7737,.T.);
#7733 = VERTEX_POINT('',#7734);
#7734 = CARTESIAN_POINT('',(0.6,-5.68,8.5));
#7735 = VERTEX_POINT('',#7736);
#7736 = CARTESIAN_POINT('',(0.6,-4.48,8.5));
#7737 = LINE('',#7738,#7739);
#7738 = CARTESIAN_POINT('',(0.6,-5.68,8.5));
#7739 = VECTOR('',#7740,1.);
#7740 = DIRECTION('',(1.110223024625E-16,1.,0.));
#7741 = ORIENTED_EDGE('',*,*,#7742,.F.);
#7742 = EDGE_CURVE('',#7743,#7733,#7745,.T.);
#7743 = VERTEX_POINT('',#7744);
#7744 = CARTESIAN_POINT('',(-0.6,-5.68,8.5));
#7745 = LINE('',#7746,#7747);
#7746 = CARTESIAN_POINT('',(-0.6,-5.68,8.5));
#7747 = VECTOR('',#7748,1.);
#7748 = DIRECTION('',(1.,-1.110223024625E-16,0.));
#7749 = ORIENTED_EDGE('',*,*,#7750,.F.);
#7750 = EDGE_CURVE('',#7751,#7743,#7753,.T.);
#7751 = VERTEX_POINT('',#7752);
#7752 = CARTESIAN_POINT('',(-0.6,-4.48,8.5));
#7753 = LINE('',#7754,#7755);
#7754 = CARTESIAN_POINT('',(-0.6,-4.48,8.5));
#7755 = VECTOR('',#7756,1.);
#7756 = DIRECTION('',(-1.110223024625E-16,-1.,0.));
#7757 = ORIENTED_EDGE('',*,*,#7758,.F.);
#7758 = EDGE_CURVE('',#7735,#7751,#7759,.T.);
#7759 = LINE('',#7760,#7761);
#7760 = CARTESIAN_POINT('',(0.6,-4.48,8.5));
#7761 = VECTOR('',#7762,1.);
#7762 = DIRECTION('',(-1.,1.110223024625E-16,0.));
#7763 = FACE_BOUND('',#7764,.T.);
#7764 = EDGE_LOOP('',(#7765,#7775,#7783,#7791));
#7765 = ORIENTED_EDGE('',*,*,#7766,.F.);
#7766 = EDGE_CURVE('',#7767,#7769,#7771,.T.);
#7767 = VERTEX_POINT('',#7768);
#7768 = CARTESIAN_POINT('',(0.6,-3.14,8.5));
#7769 = VERTEX_POINT('',#7770);
#7770 = CARTESIAN_POINT('',(0.6,-1.94,8.5));
#7771 = LINE('',#7772,#7773);
#7772 = CARTESIAN_POINT('',(0.6,-3.14,8.5));
#7773 = VECTOR('',#7774,1.);
#7774 = DIRECTION('',(1.110223024625E-16,1.,0.));
#7775 = ORIENTED_EDGE('',*,*,#7776,.F.);
#7776 = EDGE_CURVE('',#7777,#7767,#7779,.T.);
#7777 = VERTEX_POINT('',#7778);
#7778 = CARTESIAN_POINT('',(-0.6,-3.14,8.5));
#7779 = LINE('',#7780,#7781);
#7780 = CARTESIAN_POINT('',(-0.6,-3.14,8.5));
#7781 = VECTOR('',#7782,1.);
#7782 = DIRECTION('',(1.,-1.110223024625E-16,0.));
#7783 = ORIENTED_EDGE('',*,*,#7784,.F.);
#7784 = EDGE_CURVE('',#7785,#7777,#7787,.T.);
#7785 = VERTEX_POINT('',#7786);
#7786 = CARTESIAN_POINT('',(-0.6,-1.94,8.5));
#7787 = LINE('',#7788,#7789);
#7788 = CARTESIAN_POINT('',(-0.6,-1.94,8.5));
#7789 = VECTOR('',#7790,1.);
#7790 = DIRECTION('',(-1.110223024625E-16,-1.,0.));
#7791 = ORIENTED_EDGE('',*,*,#7792,.F.);
#7792 = EDGE_CURVE('',#7769,#7785,#7793,.T.);
#7793 = LINE('',#7794,#7795);
#7794 = CARTESIAN_POINT('',(0.6,-1.94,8.5));
#7795 = VECTOR('',#7796,1.);
#7796 = DIRECTION('',(-1.,1.110223024625E-16,0.));
#7797 = FACE_BOUND('',#7798,.T.);
#7798 = EDGE_LOOP('',(#7799,#7809,#7817,#7825));
#7799 = ORIENTED_EDGE('',*,*,#7800,.F.);
#7800 = EDGE_CURVE('',#7801,#7803,#7805,.T.);
#7801 = VERTEX_POINT('',#7802);
#7802 = CARTESIAN_POINT('',(0.6,-0.6,8.5));
#7803 = VERTEX_POINT('',#7804);
#7804 = CARTESIAN_POINT('',(0.6,0.6,8.5));
#7805 = LINE('',#7806,#7807);
#7806 = CARTESIAN_POINT('',(0.6,-0.6,8.5));
#7807 = VECTOR('',#7808,1.);
#7808 = DIRECTION('',(1.110223024625E-16,1.,0.));
#7809 = ORIENTED_EDGE('',*,*,#7810,.F.);
#7810 = EDGE_CURVE('',#7811,#7801,#7813,.T.);
#7811 = VERTEX_POINT('',#7812);
#7812 = CARTESIAN_POINT('',(-0.6,-0.6,8.5));
#7813 = LINE('',#7814,#7815);
#7814 = CARTESIAN_POINT('',(-0.6,-0.6,8.5));
#7815 = VECTOR('',#7816,1.);
#7816 = DIRECTION('',(1.,-1.110223024625E-16,0.));
#7817 = ORIENTED_EDGE('',*,*,#7818,.F.);
#7818 = EDGE_CURVE('',#7819,#7811,#7821,.T.);
#7819 = VERTEX_POINT('',#7820);
#7820 = CARTESIAN_POINT('',(-0.6,0.6,8.5));
#7821 = LINE('',#7822,#7823);
#7822 = CARTESIAN_POINT('',(-0.6,0.6,8.5));
#7823 = VECTOR('',#7824,1.);
#7824 = DIRECTION('',(-1.110223024625E-16,-1.,0.));
#7825 = ORIENTED_EDGE('',*,*,#7826,.F.);
#7826 = EDGE_CURVE('',#7803,#7819,#7827,.T.);
#7827 = LINE('',#7828,#7829);
#7828 = CARTESIAN_POINT('',(0.6,0.6,8.5));
#7829 = VECTOR('',#7830,1.);
#7830 = DIRECTION('',(-1.,1.110223024625E-16,0.));
#7831 = PLANE('',#7832);
#7832 = AXIS2_PLACEMENT_3D('',#7833,#7834,#7835);
#7833 = CARTESIAN_POINT('',(-9.592326932761E-16,-8.89,8.5));
#7834 = DIRECTION('',(0.,0.,1.));
#7835 = DIRECTION('',(1.110223024625E-16,1.,-0.));
#7836 = ADVANCED_FACE('',(#7837),#7853,.F.);
#7837 = FACE_BOUND('',#7838,.F.);
#7838 = EDGE_LOOP('',(#7839,#7840,#7846,#7847));
#7839 = ORIENTED_EDGE('',*,*,#7408,.T.);
#7840 = ORIENTED_EDGE('',*,*,#7841,.F.);
#7841 = EDGE_CURVE('',#7497,#7411,#7842,.T.);
#7842 = LINE('',#7843,#7844);
#7843 = CARTESIAN_POINT('',(-0.846666666667,1.27,0.));
#7844 = VECTOR('',#7845,1.);
#7845 = DIRECTION('',(-1.110223024625E-16,-1.,0.));
#7846 = ORIENTED_EDGE('',*,*,#7496,.T.);
#7847 = ORIENTED_EDGE('',*,*,#7848,.T.);
#7848 = EDGE_CURVE('',#7489,#7409,#7849,.T.);
#7849 = LINE('',#7850,#7851);
#7850 = CARTESIAN_POINT('',(-1.27,1.27,0.));
#7851 = VECTOR('',#7852,1.);
#7852 = DIRECTION('',(-1.110223024625E-16,-1.,0.));
#7853 = PLANE('',#7854);
#7854 = AXIS2_PLACEMENT_3D('',#7855,#7856,#7857);
#7855 = CARTESIAN_POINT('',(-9.592326932761E-16,-8.89,0.));
#7856 = DIRECTION('',(0.,0.,1.));
#7857 = DIRECTION('',(1.110223024625E-16,1.,-0.));
#7858 = ADVANCED_FACE('',(#7859),#7870,.T.);
#7859 = FACE_BOUND('',#7860,.T.);
#7860 = EDGE_LOOP('',(#7861,#7862,#7868,#7869));
#7861 = ORIENTED_EDGE('',*,*,#7504,.T.);
#7862 = ORIENTED_EDGE('',*,*,#7863,.T.);
#7863 = EDGE_CURVE('',#7505,#7450,#7864,.T.);
#7864 = LINE('',#7865,#7866);
#7865 = CARTESIAN_POINT('',(-0.846666666667,1.27,0.2));
#7866 = VECTOR('',#7867,1.);
#7867 = DIRECTION('',(-1.110223024625E-16,-1.,0.));
#7868 = ORIENTED_EDGE('',*,*,#7457,.F.);
#7869 = ORIENTED_EDGE('',*,*,#7841,.F.);
#7870 = PLANE('',#7871);
#7871 = AXIS2_PLACEMENT_3D('',#7872,#7873,#7874);
#7872 = CARTESIAN_POINT('',(-0.846666666667,1.27,0.));
#7873 = DIRECTION('',(1.,-1.110223024625E-16,0.));
#7874 = DIRECTION('',(-1.110223024625E-16,-1.,0.));
#7875 = ADVANCED_FACE('',(#7876,#7887,#7953,#8019,#8085,#8151,#8217,
    #8283,#8349),#8415,.F.);
#7876 = FACE_BOUND('',#7877,.F.);
#7877 = EDGE_LOOP('',(#7878,#7884,#7885,#7886));
#7878 = ORIENTED_EDGE('',*,*,#7879,.T.);
#7879 = EDGE_CURVE('',#7442,#7513,#7880,.T.);
#7880 = LINE('',#7881,#7882);
#7881 = CARTESIAN_POINT('',(0.846666666667,-19.05,0.2));
#7882 = VECTOR('',#7883,1.);
#7883 = DIRECTION('',(1.110223024625E-16,1.,0.));
#7884 = ORIENTED_EDGE('',*,*,#7512,.T.);
#7885 = ORIENTED_EDGE('',*,*,#7863,.T.);
#7886 = ORIENTED_EDGE('',*,*,#7449,.T.);
#7887 = FACE_BOUND('',#7888,.F.);
#7888 = EDGE_LOOP('',(#7889,#7899,#7907,#7915,#7923,#7931,#7939,#7947));
#7889 = ORIENTED_EDGE('',*,*,#7890,.F.);
#7890 = EDGE_CURVE('',#7891,#7893,#7895,.T.);
#7891 = VERTEX_POINT('',#7892);
#7892 = CARTESIAN_POINT('',(-0.1,-18.23,0.2));
#7893 = VERTEX_POINT('',#7894);
#7894 = CARTESIAN_POINT('',(0.1,-18.23,0.2));
#7895 = LINE('',#7896,#7897);
#7896 = CARTESIAN_POINT('',(-0.1,-18.23,0.2));
#7897 = VECTOR('',#7898,1.);
#7898 = DIRECTION('',(1.,-1.110223024625E-16,0.));
#7899 = ORIENTED_EDGE('',*,*,#7900,.T.);
#7900 = EDGE_CURVE('',#7891,#7901,#7903,.T.);
#7901 = VERTEX_POINT('',#7902);
#7902 = CARTESIAN_POINT('',(-0.1,-18.08,0.2));
#7903 = LINE('',#7904,#7905);
#7904 = CARTESIAN_POINT('',(-0.1,-18.23,0.2));
#7905 = VECTOR('',#7906,1.);
#7906 = DIRECTION('',(1.110223024625E-16,1.,0.));
#7907 = ORIENTED_EDGE('',*,*,#7908,.F.);
#7908 = EDGE_CURVE('',#7909,#7901,#7911,.T.);
#7909 = VERTEX_POINT('',#7910);
#7910 = CARTESIAN_POINT('',(-0.1,-17.48,0.2));
#7911 = LINE('',#7912,#7913);
#7912 = CARTESIAN_POINT('',(-0.1,-13.335,0.2));
#7913 = VECTOR('',#7914,1.);
#7914 = DIRECTION('',(-1.110223024625E-16,-1.,0.));
#7915 = ORIENTED_EDGE('',*,*,#7916,.T.);
#7916 = EDGE_CURVE('',#7909,#7917,#7919,.T.);
#7917 = VERTEX_POINT('',#7918);
#7918 = CARTESIAN_POINT('',(-0.1,-17.33,0.2));
#7919 = LINE('',#7920,#7921);
#7920 = CARTESIAN_POINT('',(-0.1,-18.23,0.2));
#7921 = VECTOR('',#7922,1.);
#7922 = DIRECTION('',(1.110223024625E-16,1.,0.));
#7923 = ORIENTED_EDGE('',*,*,#7924,.T.);
#7924 = EDGE_CURVE('',#7917,#7925,#7927,.T.);
#7925 = VERTEX_POINT('',#7926);
#7926 = CARTESIAN_POINT('',(0.1,-17.33,0.2));
#7927 = LINE('',#7928,#7929);
#7928 = CARTESIAN_POINT('',(-0.1,-17.33,0.2));
#7929 = VECTOR('',#7930,1.);
#7930 = DIRECTION('',(1.,-1.110223024625E-16,0.));
#7931 = ORIENTED_EDGE('',*,*,#7932,.T.);
#7932 = EDGE_CURVE('',#7925,#7933,#7935,.T.);
#7933 = VERTEX_POINT('',#7934);
#7934 = CARTESIAN_POINT('',(0.1,-17.48,0.2));
#7935 = LINE('',#7936,#7937);
#7936 = CARTESIAN_POINT('',(0.1,-17.33,0.2));
#7937 = VECTOR('',#7938,1.);
#7938 = DIRECTION('',(-1.110223024625E-16,-1.,0.));
#7939 = ORIENTED_EDGE('',*,*,#7940,.T.);
#7940 = EDGE_CURVE('',#7933,#7941,#7943,.T.);
#7941 = VERTEX_POINT('',#7942);
#7942 = CARTESIAN_POINT('',(0.1,-18.08,0.2));
#7943 = LINE('',#7944,#7945);
#7944 = CARTESIAN_POINT('',(0.1,-13.335,0.2));
#7945 = VECTOR('',#7946,1.);
#7946 = DIRECTION('',(-1.110223024625E-16,-1.,0.));
#7947 = ORIENTED_EDGE('',*,*,#7948,.T.);
#7948 = EDGE_CURVE('',#7941,#7893,#7949,.T.);
#7949 = LINE('',#7950,#7951);
#7950 = CARTESIAN_POINT('',(0.1,-17.33,0.2));
#7951 = VECTOR('',#7952,1.);
#7952 = DIRECTION('',(-1.110223024625E-16,-1.,0.));
#7953 = FACE_BOUND('',#7954,.F.);
#7954 = EDGE_LOOP('',(#7955,#7965,#7973,#7981,#7989,#7997,#8005,#8013));
#7955 = ORIENTED_EDGE('',*,*,#7956,.F.);
#7956 = EDGE_CURVE('',#7957,#7959,#7961,.T.);
#7957 = VERTEX_POINT('',#7958);
#7958 = CARTESIAN_POINT('',(-0.1,-15.69,0.2));
#7959 = VERTEX_POINT('',#7960);
#7960 = CARTESIAN_POINT('',(0.1,-15.69,0.2));
#7961 = LINE('',#7962,#7963);
#7962 = CARTESIAN_POINT('',(-0.1,-15.69,0.2));
#7963 = VECTOR('',#7964,1.);
#7964 = DIRECTION('',(1.,-1.110223024625E-16,0.));
#7965 = ORIENTED_EDGE('',*,*,#7966,.T.);
#7966 = EDGE_CURVE('',#7957,#7967,#7969,.T.);
#7967 = VERTEX_POINT('',#7968);
#7968 = CARTESIAN_POINT('',(-0.1,-15.54,0.2));
#7969 = LINE('',#7970,#7971);
#7970 = CARTESIAN_POINT('',(-0.1,-15.69,0.2));
#7971 = VECTOR('',#7972,1.);
#7972 = DIRECTION('',(1.110223024625E-16,1.,0.));
#7973 = ORIENTED_EDGE('',*,*,#7974,.F.);
#7974 = EDGE_CURVE('',#7975,#7967,#7977,.T.);
#7975 = VERTEX_POINT('',#7976);
#7976 = CARTESIAN_POINT('',(-0.1,-14.94,0.2));
#7977 = LINE('',#7978,#7979);
#7978 = CARTESIAN_POINT('',(-0.1,-12.065,0.2));
#7979 = VECTOR('',#7980,1.);
#7980 = DIRECTION('',(-1.110223024625E-16,-1.,0.));
#7981 = ORIENTED_EDGE('',*,*,#7982,.T.);
#7982 = EDGE_CURVE('',#7975,#7983,#7985,.T.);
#7983 = VERTEX_POINT('',#7984);
#7984 = CARTESIAN_POINT('',(-0.1,-14.79,0.2));
#7985 = LINE('',#7986,#7987);
#7986 = CARTESIAN_POINT('',(-0.1,-15.69,0.2));
#7987 = VECTOR('',#7988,1.);
#7988 = DIRECTION('',(1.110223024625E-16,1.,0.));
#7989 = ORIENTED_EDGE('',*,*,#7990,.T.);
#7990 = EDGE_CURVE('',#7983,#7991,#7993,.T.);
#7991 = VERTEX_POINT('',#7992);
#7992 = CARTESIAN_POINT('',(0.1,-14.79,0.2));
#7993 = LINE('',#7994,#7995);
#7994 = CARTESIAN_POINT('',(-0.1,-14.79,0.2));
#7995 = VECTOR('',#7996,1.);
#7996 = DIRECTION('',(1.,-1.110223024625E-16,0.));
#7997 = ORIENTED_EDGE('',*,*,#7998,.T.);
#7998 = EDGE_CURVE('',#7991,#7999,#8001,.T.);
#7999 = VERTEX_POINT('',#8000);
#8000 = CARTESIAN_POINT('',(0.1,-14.94,0.2));
#8001 = LINE('',#8002,#8003);
#8002 = CARTESIAN_POINT('',(0.1,-14.79,0.2));
#8003 = VECTOR('',#8004,1.);
#8004 = DIRECTION('',(-1.110223024625E-16,-1.,0.));
#8005 = ORIENTED_EDGE('',*,*,#8006,.T.);
#8006 = EDGE_CURVE('',#7999,#8007,#8009,.T.);
#8007 = VERTEX_POINT('',#8008);
#8008 = CARTESIAN_POINT('',(0.1,-15.54,0.2));
#8009 = LINE('',#8010,#8011);
#8010 = CARTESIAN_POINT('',(0.1,-12.065,0.2));
#8011 = VECTOR('',#8012,1.);
#8012 = DIRECTION('',(-1.110223024625E-16,-1.,0.));
#8013 = ORIENTED_EDGE('',*,*,#8014,.T.);
#8014 = EDGE_CURVE('',#8007,#7959,#8015,.T.);
#8015 = LINE('',#8016,#8017);
#8016 = CARTESIAN_POINT('',(0.1,-14.79,0.2));
#8017 = VECTOR('',#8018,1.);
#8018 = DIRECTION('',(-1.110223024625E-16,-1.,0.));
#8019 = FACE_BOUND('',#8020,.F.);
#8020 = EDGE_LOOP('',(#8021,#8031,#8039,#8047,#8055,#8063,#8071,#8079));
#8021 = ORIENTED_EDGE('',*,*,#8022,.F.);
#8022 = EDGE_CURVE('',#8023,#8025,#8027,.T.);
#8023 = VERTEX_POINT('',#8024);
#8024 = CARTESIAN_POINT('',(-0.1,-13.15,0.2));
#8025 = VERTEX_POINT('',#8026);
#8026 = CARTESIAN_POINT('',(0.1,-13.15,0.2));
#8027 = LINE('',#8028,#8029);
#8028 = CARTESIAN_POINT('',(-0.1,-13.15,0.2));
#8029 = VECTOR('',#8030,1.);
#8030 = DIRECTION('',(1.,-1.110223024625E-16,0.));
#8031 = ORIENTED_EDGE('',*,*,#8032,.T.);
#8032 = EDGE_CURVE('',#8023,#8033,#8035,.T.);
#8033 = VERTEX_POINT('',#8034);
#8034 = CARTESIAN_POINT('',(-0.1,-13.,0.2));
#8035 = LINE('',#8036,#8037);
#8036 = CARTESIAN_POINT('',(-0.1,-13.15,0.2));
#8037 = VECTOR('',#8038,1.);
#8038 = DIRECTION('',(1.110223024625E-16,1.,0.));
#8039 = ORIENTED_EDGE('',*,*,#8040,.F.);
#8040 = EDGE_CURVE('',#8041,#8033,#8043,.T.);
#8041 = VERTEX_POINT('',#8042);
#8042 = CARTESIAN_POINT('',(-0.1,-12.4,0.2));
#8043 = LINE('',#8044,#8045);
#8044 = CARTESIAN_POINT('',(-0.1,-10.795,0.2));
#8045 = VECTOR('',#8046,1.);
#8046 = DIRECTION('',(-1.110223024625E-16,-1.,0.));
#8047 = ORIENTED_EDGE('',*,*,#8048,.T.);
#8048 = EDGE_CURVE('',#8041,#8049,#8051,.T.);
#8049 = VERTEX_POINT('',#8050);
#8050 = CARTESIAN_POINT('',(-0.1,-12.25,0.2));
#8051 = LINE('',#8052,#8053);
#8052 = CARTESIAN_POINT('',(-0.1,-13.15,0.2));
#8053 = VECTOR('',#8054,1.);
#8054 = DIRECTION('',(1.110223024625E-16,1.,0.));
#8055 = ORIENTED_EDGE('',*,*,#8056,.T.);
#8056 = EDGE_CURVE('',#8049,#8057,#8059,.T.);
#8057 = VERTEX_POINT('',#8058);
#8058 = CARTESIAN_POINT('',(0.1,-12.25,0.2));
#8059 = LINE('',#8060,#8061);
#8060 = CARTESIAN_POINT('',(-0.1,-12.25,0.2));
#8061 = VECTOR('',#8062,1.);
#8062 = DIRECTION('',(1.,-1.110223024625E-16,0.));
#8063 = ORIENTED_EDGE('',*,*,#8064,.T.);
#8064 = EDGE_CURVE('',#8057,#8065,#8067,.T.);
#8065 = VERTEX_POINT('',#8066);
#8066 = CARTESIAN_POINT('',(0.1,-12.4,0.2));
#8067 = LINE('',#8068,#8069);
#8068 = CARTESIAN_POINT('',(0.1,-12.25,0.2));
#8069 = VECTOR('',#8070,1.);
#8070 = DIRECTION('',(-1.110223024625E-16,-1.,0.));
#8071 = ORIENTED_EDGE('',*,*,#8072,.T.);
#8072 = EDGE_CURVE('',#8065,#8073,#8075,.T.);
#8073 = VERTEX_POINT('',#8074);
#8074 = CARTESIAN_POINT('',(0.1,-13.,0.2));
#8075 = LINE('',#8076,#8077);
#8076 = CARTESIAN_POINT('',(0.1,-10.795,0.2));
#8077 = VECTOR('',#8078,1.);
#8078 = DIRECTION('',(-1.110223024625E-16,-1.,0.));
#8079 = ORIENTED_EDGE('',*,*,#8080,.T.);
#8080 = EDGE_CURVE('',#8073,#8025,#8081,.T.);
#8081 = LINE('',#8082,#8083);
#8082 = CARTESIAN_POINT('',(0.1,-12.25,0.2));
#8083 = VECTOR('',#8084,1.);
#8084 = DIRECTION('',(-1.110223024625E-16,-1.,0.));
#8085 = FACE_BOUND('',#8086,.F.);
#8086 = EDGE_LOOP('',(#8087,#8097,#8105,#8113,#8121,#8129,#8137,#8145));
#8087 = ORIENTED_EDGE('',*,*,#8088,.F.);
#8088 = EDGE_CURVE('',#8089,#8091,#8093,.T.);
#8089 = VERTEX_POINT('',#8090);
#8090 = CARTESIAN_POINT('',(-0.1,-10.61,0.2));
#8091 = VERTEX_POINT('',#8092);
#8092 = CARTESIAN_POINT('',(0.1,-10.61,0.2));
#8093 = LINE('',#8094,#8095);
#8094 = CARTESIAN_POINT('',(-0.1,-10.61,0.2));
#8095 = VECTOR('',#8096,1.);
#8096 = DIRECTION('',(1.,-1.110223024625E-16,0.));
#8097 = ORIENTED_EDGE('',*,*,#8098,.T.);
#8098 = EDGE_CURVE('',#8089,#8099,#8101,.T.);
#8099 = VERTEX_POINT('',#8100);
#8100 = CARTESIAN_POINT('',(-0.1,-10.46,0.2));
#8101 = LINE('',#8102,#8103);
#8102 = CARTESIAN_POINT('',(-0.1,-10.61,0.2));
#8103 = VECTOR('',#8104,1.);
#8104 = DIRECTION('',(1.110223024625E-16,1.,0.));
#8105 = ORIENTED_EDGE('',*,*,#8106,.F.);
#8106 = EDGE_CURVE('',#8107,#8099,#8109,.T.);
#8107 = VERTEX_POINT('',#8108);
#8108 = CARTESIAN_POINT('',(-0.1,-9.86,0.2));
#8109 = LINE('',#8110,#8111);
#8110 = CARTESIAN_POINT('',(-0.1,-9.525,0.2));
#8111 = VECTOR('',#8112,1.);
#8112 = DIRECTION('',(-1.110223024625E-16,-1.,0.));
#8113 = ORIENTED_EDGE('',*,*,#8114,.T.);
#8114 = EDGE_CURVE('',#8107,#8115,#8117,.T.);
#8115 = VERTEX_POINT('',#8116);
#8116 = CARTESIAN_POINT('',(-0.1,-9.71,0.2));
#8117 = LINE('',#8118,#8119);
#8118 = CARTESIAN_POINT('',(-0.1,-10.61,0.2));
#8119 = VECTOR('',#8120,1.);
#8120 = DIRECTION('',(1.110223024625E-16,1.,0.));
#8121 = ORIENTED_EDGE('',*,*,#8122,.T.);
#8122 = EDGE_CURVE('',#8115,#8123,#8125,.T.);
#8123 = VERTEX_POINT('',#8124);
#8124 = CARTESIAN_POINT('',(0.1,-9.71,0.2));
#8125 = LINE('',#8126,#8127);
#8126 = CARTESIAN_POINT('',(-0.1,-9.71,0.2));
#8127 = VECTOR('',#8128,1.);
#8128 = DIRECTION('',(1.,-1.110223024625E-16,0.));
#8129 = ORIENTED_EDGE('',*,*,#8130,.T.);
#8130 = EDGE_CURVE('',#8123,#8131,#8133,.T.);
#8131 = VERTEX_POINT('',#8132);
#8132 = CARTESIAN_POINT('',(0.1,-9.86,0.2));
#8133 = LINE('',#8134,#8135);
#8134 = CARTESIAN_POINT('',(0.1,-9.71,0.2));
#8135 = VECTOR('',#8136,1.);
#8136 = DIRECTION('',(-1.110223024625E-16,-1.,0.));
#8137 = ORIENTED_EDGE('',*,*,#8138,.T.);
#8138 = EDGE_CURVE('',#8131,#8139,#8141,.T.);
#8139 = VERTEX_POINT('',#8140);
#8140 = CARTESIAN_POINT('',(0.1,-10.46,0.2));
#8141 = LINE('',#8142,#8143);
#8142 = CARTESIAN_POINT('',(0.1,-9.525,0.2));
#8143 = VECTOR('',#8144,1.);
#8144 = DIRECTION('',(-1.110223024625E-16,-1.,0.));
#8145 = ORIENTED_EDGE('',*,*,#8146,.T.);
#8146 = EDGE_CURVE('',#8139,#8091,#8147,.T.);
#8147 = LINE('',#8148,#8149);
#8148 = CARTESIAN_POINT('',(0.1,-9.71,0.2));
#8149 = VECTOR('',#8150,1.);
#8150 = DIRECTION('',(-1.110223024625E-16,-1.,0.));
#8151 = FACE_BOUND('',#8152,.F.);
#8152 = EDGE_LOOP('',(#8153,#8163,#8171,#8179,#8187,#8195,#8203,#8211));
#8153 = ORIENTED_EDGE('',*,*,#8154,.F.);
#8154 = EDGE_CURVE('',#8155,#8157,#8159,.T.);
#8155 = VERTEX_POINT('',#8156);
#8156 = CARTESIAN_POINT('',(-0.1,-8.07,0.2));
#8157 = VERTEX_POINT('',#8158);
#8158 = CARTESIAN_POINT('',(0.1,-8.07,0.2));
#8159 = LINE('',#8160,#8161);
#8160 = CARTESIAN_POINT('',(-0.1,-8.07,0.2));
#8161 = VECTOR('',#8162,1.);
#8162 = DIRECTION('',(1.,-1.110223024625E-16,0.));
#8163 = ORIENTED_EDGE('',*,*,#8164,.T.);
#8164 = EDGE_CURVE('',#8155,#8165,#8167,.T.);
#8165 = VERTEX_POINT('',#8166);
#8166 = CARTESIAN_POINT('',(-0.1,-7.92,0.2));
#8167 = LINE('',#8168,#8169);
#8168 = CARTESIAN_POINT('',(-0.1,-8.07,0.2));
#8169 = VECTOR('',#8170,1.);
#8170 = DIRECTION('',(1.110223024625E-16,1.,0.));
#8171 = ORIENTED_EDGE('',*,*,#8172,.F.);
#8172 = EDGE_CURVE('',#8173,#8165,#8175,.T.);
#8173 = VERTEX_POINT('',#8174);
#8174 = CARTESIAN_POINT('',(-0.1,-7.32,0.2));
#8175 = LINE('',#8176,#8177);
#8176 = CARTESIAN_POINT('',(-0.1,-8.255,0.2));
#8177 = VECTOR('',#8178,1.);
#8178 = DIRECTION('',(-1.110223024625E-16,-1.,0.));
#8179 = ORIENTED_EDGE('',*,*,#8180,.T.);
#8180 = EDGE_CURVE('',#8173,#8181,#8183,.T.);
#8181 = VERTEX_POINT('',#8182);
#8182 = CARTESIAN_POINT('',(-0.1,-7.17,0.2));
#8183 = LINE('',#8184,#8185);
#8184 = CARTESIAN_POINT('',(-0.1,-8.07,0.2));
#8185 = VECTOR('',#8186,1.);
#8186 = DIRECTION('',(1.110223024625E-16,1.,0.));
#8187 = ORIENTED_EDGE('',*,*,#8188,.T.);
#8188 = EDGE_CURVE('',#8181,#8189,#8191,.T.);
#8189 = VERTEX_POINT('',#8190);
#8190 = CARTESIAN_POINT('',(0.1,-7.17,0.2));
#8191 = LINE('',#8192,#8193);
#8192 = CARTESIAN_POINT('',(-0.1,-7.17,0.2));
#8193 = VECTOR('',#8194,1.);
#8194 = DIRECTION('',(1.,-1.110223024625E-16,0.));
#8195 = ORIENTED_EDGE('',*,*,#8196,.T.);
#8196 = EDGE_CURVE('',#8189,#8197,#8199,.T.);
#8197 = VERTEX_POINT('',#8198);
#8198 = CARTESIAN_POINT('',(0.1,-7.32,0.2));
#8199 = LINE('',#8200,#8201);
#8200 = CARTESIAN_POINT('',(0.1,-7.17,0.2));
#8201 = VECTOR('',#8202,1.);
#8202 = DIRECTION('',(-1.110223024625E-16,-1.,0.));
#8203 = ORIENTED_EDGE('',*,*,#8204,.T.);
#8204 = EDGE_CURVE('',#8197,#8205,#8207,.T.);
#8205 = VERTEX_POINT('',#8206);
#8206 = CARTESIAN_POINT('',(0.1,-7.92,0.2));
#8207 = LINE('',#8208,#8209);
#8208 = CARTESIAN_POINT('',(0.1,-8.255,0.2));
#8209 = VECTOR('',#8210,1.);
#8210 = DIRECTION('',(-1.110223024625E-16,-1.,0.));
#8211 = ORIENTED_EDGE('',*,*,#8212,.T.);
#8212 = EDGE_CURVE('',#8205,#8157,#8213,.T.);
#8213 = LINE('',#8214,#8215);
#8214 = CARTESIAN_POINT('',(0.1,-7.17,0.2));
#8215 = VECTOR('',#8216,1.);
#8216 = DIRECTION('',(-1.110223024625E-16,-1.,0.));
#8217 = FACE_BOUND('',#8218,.F.);
#8218 = EDGE_LOOP('',(#8219,#8229,#8237,#8245,#8253,#8261,#8269,#8277));
#8219 = ORIENTED_EDGE('',*,*,#8220,.F.);
#8220 = EDGE_CURVE('',#8221,#8223,#8225,.T.);
#8221 = VERTEX_POINT('',#8222);
#8222 = CARTESIAN_POINT('',(-0.1,-5.53,0.2));
#8223 = VERTEX_POINT('',#8224);
#8224 = CARTESIAN_POINT('',(0.1,-5.53,0.2));
#8225 = LINE('',#8226,#8227);
#8226 = CARTESIAN_POINT('',(-0.1,-5.53,0.2));
#8227 = VECTOR('',#8228,1.);
#8228 = DIRECTION('',(1.,-1.110223024625E-16,0.));
#8229 = ORIENTED_EDGE('',*,*,#8230,.T.);
#8230 = EDGE_CURVE('',#8221,#8231,#8233,.T.);
#8231 = VERTEX_POINT('',#8232);
#8232 = CARTESIAN_POINT('',(-0.1,-5.38,0.2));
#8233 = LINE('',#8234,#8235);
#8234 = CARTESIAN_POINT('',(-0.1,-5.53,0.2));
#8235 = VECTOR('',#8236,1.);
#8236 = DIRECTION('',(1.110223024625E-16,1.,0.));
#8237 = ORIENTED_EDGE('',*,*,#8238,.F.);
#8238 = EDGE_CURVE('',#8239,#8231,#8241,.T.);
#8239 = VERTEX_POINT('',#8240);
#8240 = CARTESIAN_POINT('',(-0.1,-4.78,0.2));
#8241 = LINE('',#8242,#8243);
#8242 = CARTESIAN_POINT('',(-0.1,-6.985,0.2));
#8243 = VECTOR('',#8244,1.);
#8244 = DIRECTION('',(-1.110223024625E-16,-1.,0.));
#8245 = ORIENTED_EDGE('',*,*,#8246,.T.);
#8246 = EDGE_CURVE('',#8239,#8247,#8249,.T.);
#8247 = VERTEX_POINT('',#8248);
#8248 = CARTESIAN_POINT('',(-0.1,-4.63,0.2));
#8249 = LINE('',#8250,#8251);
#8250 = CARTESIAN_POINT('',(-0.1,-5.53,0.2));
#8251 = VECTOR('',#8252,1.);
#8252 = DIRECTION('',(1.110223024625E-16,1.,0.));
#8253 = ORIENTED_EDGE('',*,*,#8254,.T.);
#8254 = EDGE_CURVE('',#8247,#8255,#8257,.T.);
#8255 = VERTEX_POINT('',#8256);
#8256 = CARTESIAN_POINT('',(0.1,-4.63,0.2));
#8257 = LINE('',#8258,#8259);
#8258 = CARTESIAN_POINT('',(-0.1,-4.63,0.2));
#8259 = VECTOR('',#8260,1.);
#8260 = DIRECTION('',(1.,-1.110223024625E-16,0.));
#8261 = ORIENTED_EDGE('',*,*,#8262,.T.);
#8262 = EDGE_CURVE('',#8255,#8263,#8265,.T.);
#8263 = VERTEX_POINT('',#8264);
#8264 = CARTESIAN_POINT('',(0.1,-4.78,0.2));
#8265 = LINE('',#8266,#8267);
#8266 = CARTESIAN_POINT('',(0.1,-4.63,0.2));
#8267 = VECTOR('',#8268,1.);
#8268 = DIRECTION('',(-1.110223024625E-16,-1.,0.));
#8269 = ORIENTED_EDGE('',*,*,#8270,.T.);
#8270 = EDGE_CURVE('',#8263,#8271,#8273,.T.);
#8271 = VERTEX_POINT('',#8272);
#8272 = CARTESIAN_POINT('',(0.1,-5.38,0.2));
#8273 = LINE('',#8274,#8275);
#8274 = CARTESIAN_POINT('',(0.1,-6.985,0.2));
#8275 = VECTOR('',#8276,1.);
#8276 = DIRECTION('',(-1.110223024625E-16,-1.,0.));
#8277 = ORIENTED_EDGE('',*,*,#8278,.T.);
#8278 = EDGE_CURVE('',#8271,#8223,#8279,.T.);
#8279 = LINE('',#8280,#8281);
#8280 = CARTESIAN_POINT('',(0.1,-4.63,0.2));
#8281 = VECTOR('',#8282,1.);
#8282 = DIRECTION('',(-1.110223024625E-16,-1.,0.));
#8283 = FACE_BOUND('',#8284,.F.);
#8284 = EDGE_LOOP('',(#8285,#8295,#8303,#8311,#8319,#8327,#8335,#8343));
#8285 = ORIENTED_EDGE('',*,*,#8286,.F.);
#8286 = EDGE_CURVE('',#8287,#8289,#8291,.T.);
#8287 = VERTEX_POINT('',#8288);
#8288 = CARTESIAN_POINT('',(-0.1,-2.99,0.2));
#8289 = VERTEX_POINT('',#8290);
#8290 = CARTESIAN_POINT('',(0.1,-2.99,0.2));
#8291 = LINE('',#8292,#8293);
#8292 = CARTESIAN_POINT('',(-0.1,-2.99,0.2));
#8293 = VECTOR('',#8294,1.);
#8294 = DIRECTION('',(1.,-1.110223024625E-16,0.));
#8295 = ORIENTED_EDGE('',*,*,#8296,.T.);
#8296 = EDGE_CURVE('',#8287,#8297,#8299,.T.);
#8297 = VERTEX_POINT('',#8298);
#8298 = CARTESIAN_POINT('',(-0.1,-2.84,0.2));
#8299 = LINE('',#8300,#8301);
#8300 = CARTESIAN_POINT('',(-0.1,-2.99,0.2));
#8301 = VECTOR('',#8302,1.);
#8302 = DIRECTION('',(1.110223024625E-16,1.,0.));
#8303 = ORIENTED_EDGE('',*,*,#8304,.F.);
#8304 = EDGE_CURVE('',#8305,#8297,#8307,.T.);
#8305 = VERTEX_POINT('',#8306);
#8306 = CARTESIAN_POINT('',(-0.1,-2.24,0.2));
#8307 = LINE('',#8308,#8309);
#8308 = CARTESIAN_POINT('',(-0.1,-5.715,0.2));
#8309 = VECTOR('',#8310,1.);
#8310 = DIRECTION('',(-1.110223024625E-16,-1.,0.));
#8311 = ORIENTED_EDGE('',*,*,#8312,.T.);
#8312 = EDGE_CURVE('',#8305,#8313,#8315,.T.);
#8313 = VERTEX_POINT('',#8314);
#8314 = CARTESIAN_POINT('',(-0.1,-2.09,0.2));
#8315 = LINE('',#8316,#8317);
#8316 = CARTESIAN_POINT('',(-0.1,-2.99,0.2));
#8317 = VECTOR('',#8318,1.);
#8318 = DIRECTION('',(1.110223024625E-16,1.,0.));
#8319 = ORIENTED_EDGE('',*,*,#8320,.T.);
#8320 = EDGE_CURVE('',#8313,#8321,#8323,.T.);
#8321 = VERTEX_POINT('',#8322);
#8322 = CARTESIAN_POINT('',(0.1,-2.09,0.2));
#8323 = LINE('',#8324,#8325);
#8324 = CARTESIAN_POINT('',(-0.1,-2.09,0.2));
#8325 = VECTOR('',#8326,1.);
#8326 = DIRECTION('',(1.,-1.110223024625E-16,0.));
#8327 = ORIENTED_EDGE('',*,*,#8328,.T.);
#8328 = EDGE_CURVE('',#8321,#8329,#8331,.T.);
#8329 = VERTEX_POINT('',#8330);
#8330 = CARTESIAN_POINT('',(0.1,-2.24,0.2));
#8331 = LINE('',#8332,#8333);
#8332 = CARTESIAN_POINT('',(0.1,-2.09,0.2));
#8333 = VECTOR('',#8334,1.);
#8334 = DIRECTION('',(-1.110223024625E-16,-1.,0.));
#8335 = ORIENTED_EDGE('',*,*,#8336,.T.);
#8336 = EDGE_CURVE('',#8329,#8337,#8339,.T.);
#8337 = VERTEX_POINT('',#8338);
#8338 = CARTESIAN_POINT('',(0.1,-2.84,0.2));
#8339 = LINE('',#8340,#8341);
#8340 = CARTESIAN_POINT('',(0.1,-5.715,0.2));
#8341 = VECTOR('',#8342,1.);
#8342 = DIRECTION('',(-1.110223024625E-16,-1.,0.));
#8343 = ORIENTED_EDGE('',*,*,#8344,.T.);
#8344 = EDGE_CURVE('',#8337,#8289,#8345,.T.);
#8345 = LINE('',#8346,#8347);
#8346 = CARTESIAN_POINT('',(0.1,-2.09,0.2));
#8347 = VECTOR('',#8348,1.);
#8348 = DIRECTION('',(-1.110223024625E-16,-1.,0.));
#8349 = FACE_BOUND('',#8350,.F.);
#8350 = EDGE_LOOP('',(#8351,#8361,#8369,#8377,#8385,#8393,#8401,#8409));
#8351 = ORIENTED_EDGE('',*,*,#8352,.F.);
#8352 = EDGE_CURVE('',#8353,#8355,#8357,.T.);
#8353 = VERTEX_POINT('',#8354);
#8354 = CARTESIAN_POINT('',(-0.1,-0.45,0.2));
#8355 = VERTEX_POINT('',#8356);
#8356 = CARTESIAN_POINT('',(0.1,-0.45,0.2));
#8357 = LINE('',#8358,#8359);
#8358 = CARTESIAN_POINT('',(-0.1,-0.45,0.2));
#8359 = VECTOR('',#8360,1.);
#8360 = DIRECTION('',(1.,-1.110223024625E-16,0.));
#8361 = ORIENTED_EDGE('',*,*,#8362,.T.);
#8362 = EDGE_CURVE('',#8353,#8363,#8365,.T.);
#8363 = VERTEX_POINT('',#8364);
#8364 = CARTESIAN_POINT('',(-0.1,-0.3,0.2));
#8365 = LINE('',#8366,#8367);
#8366 = CARTESIAN_POINT('',(-0.1,-0.45,0.2));
#8367 = VECTOR('',#8368,1.);
#8368 = DIRECTION('',(1.110223024625E-16,1.,0.));
#8369 = ORIENTED_EDGE('',*,*,#8370,.F.);
#8370 = EDGE_CURVE('',#8371,#8363,#8373,.T.);
#8371 = VERTEX_POINT('',#8372);
#8372 = CARTESIAN_POINT('',(-0.1,0.3,0.2));
#8373 = LINE('',#8374,#8375);
#8374 = CARTESIAN_POINT('',(-0.1,-4.445,0.2));
#8375 = VECTOR('',#8376,1.);
#8376 = DIRECTION('',(-1.110223024625E-16,-1.,0.));
#8377 = ORIENTED_EDGE('',*,*,#8378,.T.);
#8378 = EDGE_CURVE('',#8371,#8379,#8381,.T.);
#8379 = VERTEX_POINT('',#8380);
#8380 = CARTESIAN_POINT('',(-0.1,0.45,0.2));
#8381 = LINE('',#8382,#8383);
#8382 = CARTESIAN_POINT('',(-0.1,-0.45,0.2));
#8383 = VECTOR('',#8384,1.);
#8384 = DIRECTION('',(1.110223024625E-16,1.,0.));
#8385 = ORIENTED_EDGE('',*,*,#8386,.T.);
#8386 = EDGE_CURVE('',#8379,#8387,#8389,.T.);
#8387 = VERTEX_POINT('',#8388);
#8388 = CARTESIAN_POINT('',(0.1,0.45,0.2));
#8389 = LINE('',#8390,#8391);
#8390 = CARTESIAN_POINT('',(-0.1,0.45,0.2));
#8391 = VECTOR('',#8392,1.);
#8392 = DIRECTION('',(1.,-1.110223024625E-16,0.));
#8393 = ORIENTED_EDGE('',*,*,#8394,.T.);
#8394 = EDGE_CURVE('',#8387,#8395,#8397,.T.);
#8395 = VERTEX_POINT('',#8396);
#8396 = CARTESIAN_POINT('',(0.1,0.3,0.2));
#8397 = LINE('',#8398,#8399);
#8398 = CARTESIAN_POINT('',(0.1,0.45,0.2));
#8399 = VECTOR('',#8400,1.);
#8400 = DIRECTION('',(-1.110223024625E-16,-1.,0.));
#8401 = ORIENTED_EDGE('',*,*,#8402,.T.);
#8402 = EDGE_CURVE('',#8395,#8403,#8405,.T.);
#8403 = VERTEX_POINT('',#8404);
#8404 = CARTESIAN_POINT('',(0.1,-0.3,0.2));
#8405 = LINE('',#8406,#8407);
#8406 = CARTESIAN_POINT('',(0.1,-4.445,0.2));
#8407 = VECTOR('',#8408,1.);
#8408 = DIRECTION('',(-1.110223024625E-16,-1.,0.));
#8409 = ORIENTED_EDGE('',*,*,#8410,.T.);
#8410 = EDGE_CURVE('',#8403,#8355,#8411,.T.);
#8411 = LINE('',#8412,#8413);
#8412 = CARTESIAN_POINT('',(0.1,0.45,0.2));
#8413 = VECTOR('',#8414,1.);
#8414 = DIRECTION('',(-1.110223024625E-16,-1.,0.));
#8415 = PLANE('',#8416);
#8416 = AXIS2_PLACEMENT_3D('',#8417,#8418,#8419);
#8417 = CARTESIAN_POINT('',(-9.592326932761E-16,-8.89,0.2));
#8418 = DIRECTION('',(0.,0.,1.));
#8419 = DIRECTION('',(1.110223024625E-16,1.,-0.));
#8420 = ADVANCED_FACE('',(#8421),#8427,.T.);
#8421 = FACE_BOUND('',#8422,.T.);
#8422 = EDGE_LOOP('',(#8423,#8424,#8425,#8426));
#8423 = ORIENTED_EDGE('',*,*,#7441,.T.);
#8424 = ORIENTED_EDGE('',*,*,#7879,.T.);
#8425 = ORIENTED_EDGE('',*,*,#7520,.F.);
#8426 = ORIENTED_EDGE('',*,*,#7537,.F.);
#8427 = PLANE('',#8428);
#8428 = AXIS2_PLACEMENT_3D('',#8429,#8430,#8431);
#8429 = CARTESIAN_POINT('',(0.846666666667,-19.05,0.));
#8430 = DIRECTION('',(-1.,1.110223024625E-16,0.));
#8431 = DIRECTION('',(1.110223024625E-16,1.,0.));
#8432 = ADVANCED_FACE('',(#8433),#8439,.F.);
#8433 = FACE_BOUND('',#8434,.F.);
#8434 = EDGE_LOOP('',(#8435,#8436,#8437,#8438));
#8435 = ORIENTED_EDGE('',*,*,#7488,.T.);
#8436 = ORIENTED_EDGE('',*,*,#7553,.T.);
#8437 = ORIENTED_EDGE('',*,*,#7418,.F.);
#8438 = ORIENTED_EDGE('',*,*,#7848,.F.);
#8439 = PLANE('',#8440);
#8440 = AXIS2_PLACEMENT_3D('',#8441,#8442,#8443);
#8441 = CARTESIAN_POINT('',(-1.27,1.27,0.));
#8442 = DIRECTION('',(1.,-1.110223024625E-16,0.));
#8443 = DIRECTION('',(-1.110223024625E-16,-1.,0.));
#8444 = ADVANCED_FACE('',(#8445),#8470,.T.);
#8445 = FACE_BOUND('',#8446,.T.);
#8446 = EDGE_LOOP('',(#8447,#8455,#8456,#8464));
#8447 = ORIENTED_EDGE('',*,*,#8448,.F.);
#8448 = EDGE_CURVE('',#7563,#8449,#8451,.T.);
#8449 = VERTEX_POINT('',#8450);
#8450 = CARTESIAN_POINT('',(0.3,-18.08,8.2));
#8451 = LINE('',#8452,#8453);
#8452 = CARTESIAN_POINT('',(0.3,-18.08,8.2));
#8453 = VECTOR('',#8454,1.);
#8454 = DIRECTION('',(-0.57735026919,0.57735026919,-0.57735026919));
#8455 = ORIENTED_EDGE('',*,*,#7562,.T.);
#8456 = ORIENTED_EDGE('',*,*,#8457,.T.);
#8457 = EDGE_CURVE('',#7565,#8458,#8460,.T.);
#8458 = VERTEX_POINT('',#8459);
#8459 = CARTESIAN_POINT('',(0.3,-17.48,8.2));
#8460 = LINE('',#8461,#8462);
#8461 = CARTESIAN_POINT('',(0.3,-17.48,8.2));
#8462 = VECTOR('',#8463,1.);
#8463 = DIRECTION('',(-0.57735026919,-0.57735026919,-0.57735026919));
#8464 = ORIENTED_EDGE('',*,*,#8465,.F.);
#8465 = EDGE_CURVE('',#8449,#8458,#8466,.T.);
#8466 = LINE('',#8467,#8468);
#8467 = CARTESIAN_POINT('',(0.3,-18.38,8.2));
#8468 = VECTOR('',#8469,1.);
#8469 = DIRECTION('',(1.110223024625E-16,1.,0.));
#8470 = PLANE('',#8471);
#8471 = AXIS2_PLACEMENT_3D('',#8472,#8473,#8474);
#8472 = CARTESIAN_POINT('',(0.45,-18.38,8.35));
#8473 = DIRECTION('',(-0.707106781187,7.850462293414E-17,0.707106781187)
  );
#8474 = DIRECTION('',(1.110223024625E-16,1.,2.680278185005E-29));
#8475 = ADVANCED_FACE('',(#8476),#8494,.T.);
#8476 = FACE_BOUND('',#8477,.T.);
#8477 = EDGE_LOOP('',(#8478,#8479,#8480,#8488));
#8478 = ORIENTED_EDGE('',*,*,#8457,.F.);
#8479 = ORIENTED_EDGE('',*,*,#7588,.T.);
#8480 = ORIENTED_EDGE('',*,*,#8481,.T.);
#8481 = EDGE_CURVE('',#7581,#8482,#8484,.T.);
#8482 = VERTEX_POINT('',#8483);
#8483 = CARTESIAN_POINT('',(-0.3,-17.48,8.2));
#8484 = LINE('',#8485,#8486);
#8485 = CARTESIAN_POINT('',(-0.3,-17.48,8.2));
#8486 = VECTOR('',#8487,1.);
#8487 = DIRECTION('',(0.57735026919,-0.57735026919,-0.57735026919));
#8488 = ORIENTED_EDGE('',*,*,#8489,.F.);
#8489 = EDGE_CURVE('',#8458,#8482,#8490,.T.);
#8490 = LINE('',#8491,#8492);
#8491 = CARTESIAN_POINT('',(0.6,-17.48,8.2));
#8492 = VECTOR('',#8493,1.);
#8493 = DIRECTION('',(-1.,1.110223024625E-16,0.));
#8494 = PLANE('',#8495);
#8495 = AXIS2_PLACEMENT_3D('',#8496,#8497,#8498);
#8496 = CARTESIAN_POINT('',(0.6,-17.33,8.35));
#8497 = DIRECTION('',(-7.850462293414E-17,-0.707106781187,0.707106781187
    ));
#8498 = DIRECTION('',(-1.,1.110223024625E-16,2.680278185005E-29));
#8499 = ADVANCED_FACE('',(#8500),#8518,.T.);
#8500 = FACE_BOUND('',#8501,.T.);
#8501 = EDGE_LOOP('',(#8502,#8503,#8504,#8512));
#8502 = ORIENTED_EDGE('',*,*,#8481,.F.);
#8503 = ORIENTED_EDGE('',*,*,#7580,.T.);
#8504 = ORIENTED_EDGE('',*,*,#8505,.T.);
#8505 = EDGE_CURVE('',#7573,#8506,#8508,.T.);
#8506 = VERTEX_POINT('',#8507);
#8507 = CARTESIAN_POINT('',(-0.3,-18.08,8.2));
#8508 = LINE('',#8509,#8510);
#8509 = CARTESIAN_POINT('',(-0.3,-18.08,8.2));
#8510 = VECTOR('',#8511,1.);
#8511 = DIRECTION('',(0.57735026919,0.57735026919,-0.57735026919));
#8512 = ORIENTED_EDGE('',*,*,#8513,.F.);
#8513 = EDGE_CURVE('',#8482,#8506,#8514,.T.);
#8514 = LINE('',#8515,#8516);
#8515 = CARTESIAN_POINT('',(-0.3,-17.18,8.2));
#8516 = VECTOR('',#8517,1.);
#8517 = DIRECTION('',(-1.110223024625E-16,-1.,0.));
#8518 = PLANE('',#8519);
#8519 = AXIS2_PLACEMENT_3D('',#8520,#8521,#8522);
#8520 = CARTESIAN_POINT('',(-0.45,-17.18,8.35));
#8521 = DIRECTION('',(0.707106781187,-7.850462293414E-17,0.707106781187)
  );
#8522 = DIRECTION('',(-1.110223024625E-16,-1.,2.680278185005E-29));
#8523 = ADVANCED_FACE('',(#8524),#8535,.T.);
#8524 = FACE_BOUND('',#8525,.T.);
#8525 = EDGE_LOOP('',(#8526,#8527,#8528,#8529));
#8526 = ORIENTED_EDGE('',*,*,#8505,.F.);
#8527 = ORIENTED_EDGE('',*,*,#7572,.T.);
#8528 = ORIENTED_EDGE('',*,*,#8448,.T.);
#8529 = ORIENTED_EDGE('',*,*,#8530,.F.);
#8530 = EDGE_CURVE('',#8506,#8449,#8531,.T.);
#8531 = LINE('',#8532,#8533);
#8532 = CARTESIAN_POINT('',(-0.6,-18.08,8.2));
#8533 = VECTOR('',#8534,1.);
#8534 = DIRECTION('',(1.,-1.110223024625E-16,0.));
#8535 = PLANE('',#8536);
#8536 = AXIS2_PLACEMENT_3D('',#8537,#8538,#8539);
#8537 = CARTESIAN_POINT('',(-0.6,-18.23,8.35));
#8538 = DIRECTION('',(7.850462293414E-17,0.707106781187,0.707106781187)
  );
#8539 = DIRECTION('',(1.,-1.110223024625E-16,2.680278185005E-29));
#8540 = ADVANCED_FACE('',(#8541),#8566,.T.);
#8541 = FACE_BOUND('',#8542,.T.);
#8542 = EDGE_LOOP('',(#8543,#8551,#8552,#8560));
#8543 = ORIENTED_EDGE('',*,*,#8544,.F.);
#8544 = EDGE_CURVE('',#7597,#8545,#8547,.T.);
#8545 = VERTEX_POINT('',#8546);
#8546 = CARTESIAN_POINT('',(0.3,-15.54,8.2));
#8547 = LINE('',#8548,#8549);
#8548 = CARTESIAN_POINT('',(0.3,-15.54,8.2));
#8549 = VECTOR('',#8550,1.);
#8550 = DIRECTION('',(-0.57735026919,0.57735026919,-0.57735026919));
#8551 = ORIENTED_EDGE('',*,*,#7596,.T.);
#8552 = ORIENTED_EDGE('',*,*,#8553,.T.);
#8553 = EDGE_CURVE('',#7599,#8554,#8556,.T.);
#8554 = VERTEX_POINT('',#8555);
#8555 = CARTESIAN_POINT('',(0.3,-14.94,8.2));
#8556 = LINE('',#8557,#8558);
#8557 = CARTESIAN_POINT('',(0.3,-14.94,8.2));
#8558 = VECTOR('',#8559,1.);
#8559 = DIRECTION('',(-0.57735026919,-0.57735026919,-0.57735026919));
#8560 = ORIENTED_EDGE('',*,*,#8561,.F.);
#8561 = EDGE_CURVE('',#8545,#8554,#8562,.T.);
#8562 = LINE('',#8563,#8564);
#8563 = CARTESIAN_POINT('',(0.3,-15.84,8.2));
#8564 = VECTOR('',#8565,1.);
#8565 = DIRECTION('',(1.110223024625E-16,1.,0.));
#8566 = PLANE('',#8567);
#8567 = AXIS2_PLACEMENT_3D('',#8568,#8569,#8570);
#8568 = CARTESIAN_POINT('',(0.45,-15.84,8.35));
#8569 = DIRECTION('',(-0.707106781187,7.850462293414E-17,0.707106781187)
  );
#8570 = DIRECTION('',(1.110223024625E-16,1.,2.680278185005E-29));
#8571 = ADVANCED_FACE('',(#8572),#8590,.T.);
#8572 = FACE_BOUND('',#8573,.T.);
#8573 = EDGE_LOOP('',(#8574,#8575,#8576,#8584));
#8574 = ORIENTED_EDGE('',*,*,#8553,.F.);
#8575 = ORIENTED_EDGE('',*,*,#7622,.T.);
#8576 = ORIENTED_EDGE('',*,*,#8577,.T.);
#8577 = EDGE_CURVE('',#7615,#8578,#8580,.T.);
#8578 = VERTEX_POINT('',#8579);
#8579 = CARTESIAN_POINT('',(-0.3,-14.94,8.2));
#8580 = LINE('',#8581,#8582);
#8581 = CARTESIAN_POINT('',(-0.3,-14.94,8.2));
#8582 = VECTOR('',#8583,1.);
#8583 = DIRECTION('',(0.57735026919,-0.57735026919,-0.57735026919));
#8584 = ORIENTED_EDGE('',*,*,#8585,.F.);
#8585 = EDGE_CURVE('',#8554,#8578,#8586,.T.);
#8586 = LINE('',#8587,#8588);
#8587 = CARTESIAN_POINT('',(0.6,-14.94,8.2));
#8588 = VECTOR('',#8589,1.);
#8589 = DIRECTION('',(-1.,1.110223024625E-16,0.));
#8590 = PLANE('',#8591);
#8591 = AXIS2_PLACEMENT_3D('',#8592,#8593,#8594);
#8592 = CARTESIAN_POINT('',(0.6,-14.79,8.35));
#8593 = DIRECTION('',(-7.850462293414E-17,-0.707106781187,0.707106781187
    ));
#8594 = DIRECTION('',(-1.,1.110223024625E-16,2.680278185005E-29));
#8595 = ADVANCED_FACE('',(#8596),#8614,.T.);
#8596 = FACE_BOUND('',#8597,.T.);
#8597 = EDGE_LOOP('',(#8598,#8599,#8600,#8608));
#8598 = ORIENTED_EDGE('',*,*,#8577,.F.);
#8599 = ORIENTED_EDGE('',*,*,#7614,.T.);
#8600 = ORIENTED_EDGE('',*,*,#8601,.T.);
#8601 = EDGE_CURVE('',#7607,#8602,#8604,.T.);
#8602 = VERTEX_POINT('',#8603);
#8603 = CARTESIAN_POINT('',(-0.3,-15.54,8.2));
#8604 = LINE('',#8605,#8606);
#8605 = CARTESIAN_POINT('',(-0.3,-15.54,8.2));
#8606 = VECTOR('',#8607,1.);
#8607 = DIRECTION('',(0.57735026919,0.57735026919,-0.57735026919));
#8608 = ORIENTED_EDGE('',*,*,#8609,.F.);
#8609 = EDGE_CURVE('',#8578,#8602,#8610,.T.);
#8610 = LINE('',#8611,#8612);
#8611 = CARTESIAN_POINT('',(-0.3,-14.64,8.2));
#8612 = VECTOR('',#8613,1.);
#8613 = DIRECTION('',(-1.110223024625E-16,-1.,0.));
#8614 = PLANE('',#8615);
#8615 = AXIS2_PLACEMENT_3D('',#8616,#8617,#8618);
#8616 = CARTESIAN_POINT('',(-0.45,-14.64,8.35));
#8617 = DIRECTION('',(0.707106781187,-7.850462293414E-17,0.707106781187)
  );
#8618 = DIRECTION('',(-1.110223024625E-16,-1.,2.680278185005E-29));
#8619 = ADVANCED_FACE('',(#8620),#8631,.T.);
#8620 = FACE_BOUND('',#8621,.T.);
#8621 = EDGE_LOOP('',(#8622,#8623,#8624,#8625));
#8622 = ORIENTED_EDGE('',*,*,#8601,.F.);
#8623 = ORIENTED_EDGE('',*,*,#7606,.T.);
#8624 = ORIENTED_EDGE('',*,*,#8544,.T.);
#8625 = ORIENTED_EDGE('',*,*,#8626,.F.);
#8626 = EDGE_CURVE('',#8602,#8545,#8627,.T.);
#8627 = LINE('',#8628,#8629);
#8628 = CARTESIAN_POINT('',(-0.6,-15.54,8.2));
#8629 = VECTOR('',#8630,1.);
#8630 = DIRECTION('',(1.,-1.110223024625E-16,0.));
#8631 = PLANE('',#8632);
#8632 = AXIS2_PLACEMENT_3D('',#8633,#8634,#8635);
#8633 = CARTESIAN_POINT('',(-0.6,-15.69,8.35));
#8634 = DIRECTION('',(7.850462293414E-17,0.707106781187,0.707106781187)
  );
#8635 = DIRECTION('',(1.,-1.110223024625E-16,2.680278185005E-29));
#8636 = ADVANCED_FACE('',(#8637),#8662,.T.);
#8637 = FACE_BOUND('',#8638,.T.);
#8638 = EDGE_LOOP('',(#8639,#8647,#8648,#8656));
#8639 = ORIENTED_EDGE('',*,*,#8640,.F.);
#8640 = EDGE_CURVE('',#7631,#8641,#8643,.T.);
#8641 = VERTEX_POINT('',#8642);
#8642 = CARTESIAN_POINT('',(0.3,-13.,8.2));
#8643 = LINE('',#8644,#8645);
#8644 = CARTESIAN_POINT('',(0.3,-13.,8.2));
#8645 = VECTOR('',#8646,1.);
#8646 = DIRECTION('',(-0.57735026919,0.57735026919,-0.57735026919));
#8647 = ORIENTED_EDGE('',*,*,#7630,.T.);
#8648 = ORIENTED_EDGE('',*,*,#8649,.T.);
#8649 = EDGE_CURVE('',#7633,#8650,#8652,.T.);
#8650 = VERTEX_POINT('',#8651);
#8651 = CARTESIAN_POINT('',(0.3,-12.4,8.2));
#8652 = LINE('',#8653,#8654);
#8653 = CARTESIAN_POINT('',(0.3,-12.4,8.2));
#8654 = VECTOR('',#8655,1.);
#8655 = DIRECTION('',(-0.57735026919,-0.57735026919,-0.57735026919));
#8656 = ORIENTED_EDGE('',*,*,#8657,.F.);
#8657 = EDGE_CURVE('',#8641,#8650,#8658,.T.);
#8658 = LINE('',#8659,#8660);
#8659 = CARTESIAN_POINT('',(0.3,-13.3,8.2));
#8660 = VECTOR('',#8661,1.);
#8661 = DIRECTION('',(1.110223024625E-16,1.,0.));
#8662 = PLANE('',#8663);
#8663 = AXIS2_PLACEMENT_3D('',#8664,#8665,#8666);
#8664 = CARTESIAN_POINT('',(0.45,-13.3,8.35));
#8665 = DIRECTION('',(-0.707106781187,7.850462293414E-17,0.707106781187)
  );
#8666 = DIRECTION('',(1.110223024625E-16,1.,2.680278185005E-29));
#8667 = ADVANCED_FACE('',(#8668),#8686,.T.);
#8668 = FACE_BOUND('',#8669,.T.);
#8669 = EDGE_LOOP('',(#8670,#8671,#8672,#8680));
#8670 = ORIENTED_EDGE('',*,*,#8649,.F.);
#8671 = ORIENTED_EDGE('',*,*,#7656,.T.);
#8672 = ORIENTED_EDGE('',*,*,#8673,.T.);
#8673 = EDGE_CURVE('',#7649,#8674,#8676,.T.);
#8674 = VERTEX_POINT('',#8675);
#8675 = CARTESIAN_POINT('',(-0.3,-12.4,8.2));
#8676 = LINE('',#8677,#8678);
#8677 = CARTESIAN_POINT('',(-0.3,-12.4,8.2));
#8678 = VECTOR('',#8679,1.);
#8679 = DIRECTION('',(0.57735026919,-0.57735026919,-0.57735026919));
#8680 = ORIENTED_EDGE('',*,*,#8681,.F.);
#8681 = EDGE_CURVE('',#8650,#8674,#8682,.T.);
#8682 = LINE('',#8683,#8684);
#8683 = CARTESIAN_POINT('',(0.6,-12.4,8.2));
#8684 = VECTOR('',#8685,1.);
#8685 = DIRECTION('',(-1.,1.110223024625E-16,0.));
#8686 = PLANE('',#8687);
#8687 = AXIS2_PLACEMENT_3D('',#8688,#8689,#8690);
#8688 = CARTESIAN_POINT('',(0.6,-12.25,8.35));
#8689 = DIRECTION('',(-7.850462293414E-17,-0.707106781187,0.707106781187
    ));
#8690 = DIRECTION('',(-1.,1.110223024625E-16,2.680278185005E-29));
#8691 = ADVANCED_FACE('',(#8692),#8710,.T.);
#8692 = FACE_BOUND('',#8693,.T.);
#8693 = EDGE_LOOP('',(#8694,#8695,#8696,#8704));
#8694 = ORIENTED_EDGE('',*,*,#8673,.F.);
#8695 = ORIENTED_EDGE('',*,*,#7648,.T.);
#8696 = ORIENTED_EDGE('',*,*,#8697,.T.);
#8697 = EDGE_CURVE('',#7641,#8698,#8700,.T.);
#8698 = VERTEX_POINT('',#8699);
#8699 = CARTESIAN_POINT('',(-0.3,-13.,8.2));
#8700 = LINE('',#8701,#8702);
#8701 = CARTESIAN_POINT('',(-0.3,-13.,8.2));
#8702 = VECTOR('',#8703,1.);
#8703 = DIRECTION('',(0.57735026919,0.57735026919,-0.57735026919));
#8704 = ORIENTED_EDGE('',*,*,#8705,.F.);
#8705 = EDGE_CURVE('',#8674,#8698,#8706,.T.);
#8706 = LINE('',#8707,#8708);
#8707 = CARTESIAN_POINT('',(-0.3,-12.1,8.2));
#8708 = VECTOR('',#8709,1.);
#8709 = DIRECTION('',(-1.110223024625E-16,-1.,0.));
#8710 = PLANE('',#8711);
#8711 = AXIS2_PLACEMENT_3D('',#8712,#8713,#8714);
#8712 = CARTESIAN_POINT('',(-0.45,-12.1,8.35));
#8713 = DIRECTION('',(0.707106781187,-7.850462293414E-17,0.707106781187)
  );
#8714 = DIRECTION('',(-1.110223024625E-16,-1.,2.680278185005E-29));
#8715 = ADVANCED_FACE('',(#8716),#8727,.T.);
#8716 = FACE_BOUND('',#8717,.T.);
#8717 = EDGE_LOOP('',(#8718,#8719,#8720,#8721));
#8718 = ORIENTED_EDGE('',*,*,#8697,.F.);
#8719 = ORIENTED_EDGE('',*,*,#7640,.T.);
#8720 = ORIENTED_EDGE('',*,*,#8640,.T.);
#8721 = ORIENTED_EDGE('',*,*,#8722,.F.);
#8722 = EDGE_CURVE('',#8698,#8641,#8723,.T.);
#8723 = LINE('',#8724,#8725);
#8724 = CARTESIAN_POINT('',(-0.6,-13.,8.2));
#8725 = VECTOR('',#8726,1.);
#8726 = DIRECTION('',(1.,-1.110223024625E-16,0.));
#8727 = PLANE('',#8728);
#8728 = AXIS2_PLACEMENT_3D('',#8729,#8730,#8731);
#8729 = CARTESIAN_POINT('',(-0.6,-13.15,8.35));
#8730 = DIRECTION('',(7.850462293414E-17,0.707106781187,0.707106781187)
  );
#8731 = DIRECTION('',(1.,-1.110223024625E-16,2.680278185005E-29));
#8732 = ADVANCED_FACE('',(#8733),#8758,.T.);
#8733 = FACE_BOUND('',#8734,.T.);
#8734 = EDGE_LOOP('',(#8735,#8743,#8744,#8752));
#8735 = ORIENTED_EDGE('',*,*,#8736,.F.);
#8736 = EDGE_CURVE('',#7665,#8737,#8739,.T.);
#8737 = VERTEX_POINT('',#8738);
#8738 = CARTESIAN_POINT('',(0.3,-10.46,8.2));
#8739 = LINE('',#8740,#8741);
#8740 = CARTESIAN_POINT('',(0.3,-10.46,8.2));
#8741 = VECTOR('',#8742,1.);
#8742 = DIRECTION('',(-0.57735026919,0.57735026919,-0.57735026919));
#8743 = ORIENTED_EDGE('',*,*,#7664,.T.);
#8744 = ORIENTED_EDGE('',*,*,#8745,.T.);
#8745 = EDGE_CURVE('',#7667,#8746,#8748,.T.);
#8746 = VERTEX_POINT('',#8747);
#8747 = CARTESIAN_POINT('',(0.3,-9.86,8.2));
#8748 = LINE('',#8749,#8750);
#8749 = CARTESIAN_POINT('',(0.3,-9.86,8.2));
#8750 = VECTOR('',#8751,1.);
#8751 = DIRECTION('',(-0.57735026919,-0.57735026919,-0.57735026919));
#8752 = ORIENTED_EDGE('',*,*,#8753,.F.);
#8753 = EDGE_CURVE('',#8737,#8746,#8754,.T.);
#8754 = LINE('',#8755,#8756);
#8755 = CARTESIAN_POINT('',(0.3,-10.76,8.2));
#8756 = VECTOR('',#8757,1.);
#8757 = DIRECTION('',(1.110223024625E-16,1.,0.));
#8758 = PLANE('',#8759);
#8759 = AXIS2_PLACEMENT_3D('',#8760,#8761,#8762);
#8760 = CARTESIAN_POINT('',(0.45,-10.76,8.35));
#8761 = DIRECTION('',(-0.707106781187,7.850462293414E-17,0.707106781187)
  );
#8762 = DIRECTION('',(1.110223024625E-16,1.,2.680278185005E-29));
#8763 = ADVANCED_FACE('',(#8764),#8782,.T.);
#8764 = FACE_BOUND('',#8765,.T.);
#8765 = EDGE_LOOP('',(#8766,#8767,#8768,#8776));
#8766 = ORIENTED_EDGE('',*,*,#8745,.F.);
#8767 = ORIENTED_EDGE('',*,*,#7690,.T.);
#8768 = ORIENTED_EDGE('',*,*,#8769,.T.);
#8769 = EDGE_CURVE('',#7683,#8770,#8772,.T.);
#8770 = VERTEX_POINT('',#8771);
#8771 = CARTESIAN_POINT('',(-0.3,-9.86,8.2));
#8772 = LINE('',#8773,#8774);
#8773 = CARTESIAN_POINT('',(-0.3,-9.86,8.2));
#8774 = VECTOR('',#8775,1.);
#8775 = DIRECTION('',(0.57735026919,-0.57735026919,-0.57735026919));
#8776 = ORIENTED_EDGE('',*,*,#8777,.F.);
#8777 = EDGE_CURVE('',#8746,#8770,#8778,.T.);
#8778 = LINE('',#8779,#8780);
#8779 = CARTESIAN_POINT('',(0.6,-9.86,8.2));
#8780 = VECTOR('',#8781,1.);
#8781 = DIRECTION('',(-1.,1.110223024625E-16,0.));
#8782 = PLANE('',#8783);
#8783 = AXIS2_PLACEMENT_3D('',#8784,#8785,#8786);
#8784 = CARTESIAN_POINT('',(0.6,-9.71,8.35));
#8785 = DIRECTION('',(-7.850462293414E-17,-0.707106781187,0.707106781187
    ));
#8786 = DIRECTION('',(-1.,1.110223024625E-16,2.680278185005E-29));
#8787 = ADVANCED_FACE('',(#8788),#8806,.T.);
#8788 = FACE_BOUND('',#8789,.T.);
#8789 = EDGE_LOOP('',(#8790,#8791,#8792,#8800));
#8790 = ORIENTED_EDGE('',*,*,#8769,.F.);
#8791 = ORIENTED_EDGE('',*,*,#7682,.T.);
#8792 = ORIENTED_EDGE('',*,*,#8793,.T.);
#8793 = EDGE_CURVE('',#7675,#8794,#8796,.T.);
#8794 = VERTEX_POINT('',#8795);
#8795 = CARTESIAN_POINT('',(-0.3,-10.46,8.2));
#8796 = LINE('',#8797,#8798);
#8797 = CARTESIAN_POINT('',(-0.3,-10.46,8.2));
#8798 = VECTOR('',#8799,1.);
#8799 = DIRECTION('',(0.57735026919,0.57735026919,-0.57735026919));
#8800 = ORIENTED_EDGE('',*,*,#8801,.F.);
#8801 = EDGE_CURVE('',#8770,#8794,#8802,.T.);
#8802 = LINE('',#8803,#8804);
#8803 = CARTESIAN_POINT('',(-0.3,-9.56,8.2));
#8804 = VECTOR('',#8805,1.);
#8805 = DIRECTION('',(-1.110223024625E-16,-1.,0.));
#8806 = PLANE('',#8807);
#8807 = AXIS2_PLACEMENT_3D('',#8808,#8809,#8810);
#8808 = CARTESIAN_POINT('',(-0.45,-9.56,8.35));
#8809 = DIRECTION('',(0.707106781187,-7.850462293414E-17,0.707106781187)
  );
#8810 = DIRECTION('',(-1.110223024625E-16,-1.,2.680278185005E-29));
#8811 = ADVANCED_FACE('',(#8812),#8823,.T.);
#8812 = FACE_BOUND('',#8813,.T.);
#8813 = EDGE_LOOP('',(#8814,#8815,#8816,#8817));
#8814 = ORIENTED_EDGE('',*,*,#8793,.F.);
#8815 = ORIENTED_EDGE('',*,*,#7674,.T.);
#8816 = ORIENTED_EDGE('',*,*,#8736,.T.);
#8817 = ORIENTED_EDGE('',*,*,#8818,.F.);
#8818 = EDGE_CURVE('',#8794,#8737,#8819,.T.);
#8819 = LINE('',#8820,#8821);
#8820 = CARTESIAN_POINT('',(-0.6,-10.46,8.2));
#8821 = VECTOR('',#8822,1.);
#8822 = DIRECTION('',(1.,-1.110223024625E-16,0.));
#8823 = PLANE('',#8824);
#8824 = AXIS2_PLACEMENT_3D('',#8825,#8826,#8827);
#8825 = CARTESIAN_POINT('',(-0.6,-10.61,8.35));
#8826 = DIRECTION('',(7.850462293414E-17,0.707106781187,0.707106781187)
  );
#8827 = DIRECTION('',(1.,-1.110223024625E-16,2.680278185005E-29));
#8828 = ADVANCED_FACE('',(#8829),#8854,.T.);
#8829 = FACE_BOUND('',#8830,.T.);
#8830 = EDGE_LOOP('',(#8831,#8839,#8840,#8848));
#8831 = ORIENTED_EDGE('',*,*,#8832,.F.);
#8832 = EDGE_CURVE('',#7699,#8833,#8835,.T.);
#8833 = VERTEX_POINT('',#8834);
#8834 = CARTESIAN_POINT('',(0.3,-7.92,8.2));
#8835 = LINE('',#8836,#8837);
#8836 = CARTESIAN_POINT('',(0.3,-7.92,8.2));
#8837 = VECTOR('',#8838,1.);
#8838 = DIRECTION('',(-0.57735026919,0.57735026919,-0.57735026919));
#8839 = ORIENTED_EDGE('',*,*,#7698,.T.);
#8840 = ORIENTED_EDGE('',*,*,#8841,.T.);
#8841 = EDGE_CURVE('',#7701,#8842,#8844,.T.);
#8842 = VERTEX_POINT('',#8843);
#8843 = CARTESIAN_POINT('',(0.3,-7.32,8.2));
#8844 = LINE('',#8845,#8846);
#8845 = CARTESIAN_POINT('',(0.3,-7.32,8.2));
#8846 = VECTOR('',#8847,1.);
#8847 = DIRECTION('',(-0.57735026919,-0.57735026919,-0.57735026919));
#8848 = ORIENTED_EDGE('',*,*,#8849,.F.);
#8849 = EDGE_CURVE('',#8833,#8842,#8850,.T.);
#8850 = LINE('',#8851,#8852);
#8851 = CARTESIAN_POINT('',(0.3,-8.22,8.2));
#8852 = VECTOR('',#8853,1.);
#8853 = DIRECTION('',(1.110223024625E-16,1.,0.));
#8854 = PLANE('',#8855);
#8855 = AXIS2_PLACEMENT_3D('',#8856,#8857,#8858);
#8856 = CARTESIAN_POINT('',(0.45,-8.22,8.35));
#8857 = DIRECTION('',(-0.707106781187,7.850462293414E-17,0.707106781187)
  );
#8858 = DIRECTION('',(1.110223024625E-16,1.,2.680278185005E-29));
#8859 = ADVANCED_FACE('',(#8860),#8878,.T.);
#8860 = FACE_BOUND('',#8861,.T.);
#8861 = EDGE_LOOP('',(#8862,#8863,#8864,#8872));
#8862 = ORIENTED_EDGE('',*,*,#8841,.F.);
#8863 = ORIENTED_EDGE('',*,*,#7724,.T.);
#8864 = ORIENTED_EDGE('',*,*,#8865,.T.);
#8865 = EDGE_CURVE('',#7717,#8866,#8868,.T.);
#8866 = VERTEX_POINT('',#8867);
#8867 = CARTESIAN_POINT('',(-0.3,-7.32,8.2));
#8868 = LINE('',#8869,#8870);
#8869 = CARTESIAN_POINT('',(-0.3,-7.32,8.2));
#8870 = VECTOR('',#8871,1.);
#8871 = DIRECTION('',(0.57735026919,-0.57735026919,-0.57735026919));
#8872 = ORIENTED_EDGE('',*,*,#8873,.F.);
#8873 = EDGE_CURVE('',#8842,#8866,#8874,.T.);
#8874 = LINE('',#8875,#8876);
#8875 = CARTESIAN_POINT('',(0.6,-7.32,8.2));
#8876 = VECTOR('',#8877,1.);
#8877 = DIRECTION('',(-1.,1.110223024625E-16,0.));
#8878 = PLANE('',#8879);
#8879 = AXIS2_PLACEMENT_3D('',#8880,#8881,#8882);
#8880 = CARTESIAN_POINT('',(0.6,-7.17,8.35));
#8881 = DIRECTION('',(-7.850462293414E-17,-0.707106781187,0.707106781187
    ));
#8882 = DIRECTION('',(-1.,1.110223024625E-16,2.680278185005E-29));
#8883 = ADVANCED_FACE('',(#8884),#8902,.T.);
#8884 = FACE_BOUND('',#8885,.T.);
#8885 = EDGE_LOOP('',(#8886,#8887,#8888,#8896));
#8886 = ORIENTED_EDGE('',*,*,#8865,.F.);
#8887 = ORIENTED_EDGE('',*,*,#7716,.T.);
#8888 = ORIENTED_EDGE('',*,*,#8889,.T.);
#8889 = EDGE_CURVE('',#7709,#8890,#8892,.T.);
#8890 = VERTEX_POINT('',#8891);
#8891 = CARTESIAN_POINT('',(-0.3,-7.92,8.2));
#8892 = LINE('',#8893,#8894);
#8893 = CARTESIAN_POINT('',(-0.3,-7.92,8.2));
#8894 = VECTOR('',#8895,1.);
#8895 = DIRECTION('',(0.57735026919,0.57735026919,-0.57735026919));
#8896 = ORIENTED_EDGE('',*,*,#8897,.F.);
#8897 = EDGE_CURVE('',#8866,#8890,#8898,.T.);
#8898 = LINE('',#8899,#8900);
#8899 = CARTESIAN_POINT('',(-0.3,-7.02,8.2));
#8900 = VECTOR('',#8901,1.);
#8901 = DIRECTION('',(-1.110223024625E-16,-1.,0.));
#8902 = PLANE('',#8903);
#8903 = AXIS2_PLACEMENT_3D('',#8904,#8905,#8906);
#8904 = CARTESIAN_POINT('',(-0.45,-7.02,8.35));
#8905 = DIRECTION('',(0.707106781187,-7.850462293414E-17,0.707106781187)
  );
#8906 = DIRECTION('',(-1.110223024625E-16,-1.,2.680278185005E-29));
#8907 = ADVANCED_FACE('',(#8908),#8919,.T.);
#8908 = FACE_BOUND('',#8909,.T.);
#8909 = EDGE_LOOP('',(#8910,#8911,#8912,#8913));
#8910 = ORIENTED_EDGE('',*,*,#8889,.F.);
#8911 = ORIENTED_EDGE('',*,*,#7708,.T.);
#8912 = ORIENTED_EDGE('',*,*,#8832,.T.);
#8913 = ORIENTED_EDGE('',*,*,#8914,.F.);
#8914 = EDGE_CURVE('',#8890,#8833,#8915,.T.);
#8915 = LINE('',#8916,#8917);
#8916 = CARTESIAN_POINT('',(-0.6,-7.92,8.2));
#8917 = VECTOR('',#8918,1.);
#8918 = DIRECTION('',(1.,-1.110223024625E-16,0.));
#8919 = PLANE('',#8920);
#8920 = AXIS2_PLACEMENT_3D('',#8921,#8922,#8923);
#8921 = CARTESIAN_POINT('',(-0.6,-8.07,8.35));
#8922 = DIRECTION('',(7.850462293414E-17,0.707106781187,0.707106781187)
  );
#8923 = DIRECTION('',(1.,-1.110223024625E-16,2.680278185005E-29));
#8924 = ADVANCED_FACE('',(#8925),#8950,.T.);
#8925 = FACE_BOUND('',#8926,.T.);
#8926 = EDGE_LOOP('',(#8927,#8935,#8936,#8944));
#8927 = ORIENTED_EDGE('',*,*,#8928,.F.);
#8928 = EDGE_CURVE('',#7733,#8929,#8931,.T.);
#8929 = VERTEX_POINT('',#8930);
#8930 = CARTESIAN_POINT('',(0.3,-5.38,8.2));
#8931 = LINE('',#8932,#8933);
#8932 = CARTESIAN_POINT('',(0.3,-5.38,8.2));
#8933 = VECTOR('',#8934,1.);
#8934 = DIRECTION('',(-0.57735026919,0.57735026919,-0.57735026919));
#8935 = ORIENTED_EDGE('',*,*,#7732,.T.);
#8936 = ORIENTED_EDGE('',*,*,#8937,.T.);
#8937 = EDGE_CURVE('',#7735,#8938,#8940,.T.);
#8938 = VERTEX_POINT('',#8939);
#8939 = CARTESIAN_POINT('',(0.3,-4.78,8.2));
#8940 = LINE('',#8941,#8942);
#8941 = CARTESIAN_POINT('',(0.3,-4.78,8.2));
#8942 = VECTOR('',#8943,1.);
#8943 = DIRECTION('',(-0.57735026919,-0.57735026919,-0.57735026919));
#8944 = ORIENTED_EDGE('',*,*,#8945,.F.);
#8945 = EDGE_CURVE('',#8929,#8938,#8946,.T.);
#8946 = LINE('',#8947,#8948);
#8947 = CARTESIAN_POINT('',(0.3,-5.68,8.2));
#8948 = VECTOR('',#8949,1.);
#8949 = DIRECTION('',(1.110223024625E-16,1.,0.));
#8950 = PLANE('',#8951);
#8951 = AXIS2_PLACEMENT_3D('',#8952,#8953,#8954);
#8952 = CARTESIAN_POINT('',(0.45,-5.68,8.35));
#8953 = DIRECTION('',(-0.707106781187,7.850462293414E-17,0.707106781187)
  );
#8954 = DIRECTION('',(1.110223024625E-16,1.,2.680278185005E-29));
#8955 = ADVANCED_FACE('',(#8956),#8974,.T.);
#8956 = FACE_BOUND('',#8957,.T.);
#8957 = EDGE_LOOP('',(#8958,#8959,#8960,#8968));
#8958 = ORIENTED_EDGE('',*,*,#8937,.F.);
#8959 = ORIENTED_EDGE('',*,*,#7758,.T.);
#8960 = ORIENTED_EDGE('',*,*,#8961,.T.);
#8961 = EDGE_CURVE('',#7751,#8962,#8964,.T.);
#8962 = VERTEX_POINT('',#8963);
#8963 = CARTESIAN_POINT('',(-0.3,-4.78,8.2));
#8964 = LINE('',#8965,#8966);
#8965 = CARTESIAN_POINT('',(-0.3,-4.78,8.2));
#8966 = VECTOR('',#8967,1.);
#8967 = DIRECTION('',(0.57735026919,-0.57735026919,-0.57735026919));
#8968 = ORIENTED_EDGE('',*,*,#8969,.F.);
#8969 = EDGE_CURVE('',#8938,#8962,#8970,.T.);
#8970 = LINE('',#8971,#8972);
#8971 = CARTESIAN_POINT('',(0.6,-4.78,8.2));
#8972 = VECTOR('',#8973,1.);
#8973 = DIRECTION('',(-1.,1.110223024625E-16,0.));
#8974 = PLANE('',#8975);
#8975 = AXIS2_PLACEMENT_3D('',#8976,#8977,#8978);
#8976 = CARTESIAN_POINT('',(0.6,-4.63,8.35));
#8977 = DIRECTION('',(-7.850462293414E-17,-0.707106781187,0.707106781187
    ));
#8978 = DIRECTION('',(-1.,1.110223024625E-16,2.680278185005E-29));
#8979 = ADVANCED_FACE('',(#8980),#8998,.T.);
#8980 = FACE_BOUND('',#8981,.T.);
#8981 = EDGE_LOOP('',(#8982,#8983,#8984,#8992));
#8982 = ORIENTED_EDGE('',*,*,#8961,.F.);
#8983 = ORIENTED_EDGE('',*,*,#7750,.T.);
#8984 = ORIENTED_EDGE('',*,*,#8985,.T.);
#8985 = EDGE_CURVE('',#7743,#8986,#8988,.T.);
#8986 = VERTEX_POINT('',#8987);
#8987 = CARTESIAN_POINT('',(-0.3,-5.38,8.2));
#8988 = LINE('',#8989,#8990);
#8989 = CARTESIAN_POINT('',(-0.3,-5.38,8.2));
#8990 = VECTOR('',#8991,1.);
#8991 = DIRECTION('',(0.57735026919,0.57735026919,-0.57735026919));
#8992 = ORIENTED_EDGE('',*,*,#8993,.F.);
#8993 = EDGE_CURVE('',#8962,#8986,#8994,.T.);
#8994 = LINE('',#8995,#8996);
#8995 = CARTESIAN_POINT('',(-0.3,-4.48,8.2));
#8996 = VECTOR('',#8997,1.);
#8997 = DIRECTION('',(-1.110223024625E-16,-1.,0.));
#8998 = PLANE('',#8999);
#8999 = AXIS2_PLACEMENT_3D('',#9000,#9001,#9002);
#9000 = CARTESIAN_POINT('',(-0.45,-4.48,8.35));
#9001 = DIRECTION('',(0.707106781187,-7.850462293414E-17,0.707106781187)
  );
#9002 = DIRECTION('',(-1.110223024625E-16,-1.,2.680278185005E-29));
#9003 = ADVANCED_FACE('',(#9004),#9015,.T.);
#9004 = FACE_BOUND('',#9005,.T.);
#9005 = EDGE_LOOP('',(#9006,#9007,#9008,#9009));
#9006 = ORIENTED_EDGE('',*,*,#8985,.F.);
#9007 = ORIENTED_EDGE('',*,*,#7742,.T.);
#9008 = ORIENTED_EDGE('',*,*,#8928,.T.);
#9009 = ORIENTED_EDGE('',*,*,#9010,.F.);
#9010 = EDGE_CURVE('',#8986,#8929,#9011,.T.);
#9011 = LINE('',#9012,#9013);
#9012 = CARTESIAN_POINT('',(-0.6,-5.38,8.2));
#9013 = VECTOR('',#9014,1.);
#9014 = DIRECTION('',(1.,-1.110223024625E-16,0.));
#9015 = PLANE('',#9016);
#9016 = AXIS2_PLACEMENT_3D('',#9017,#9018,#9019);
#9017 = CARTESIAN_POINT('',(-0.6,-5.53,8.35));
#9018 = DIRECTION('',(7.850462293414E-17,0.707106781187,0.707106781187)
  );
#9019 = DIRECTION('',(1.,-1.110223024625E-16,2.680278185005E-29));
#9020 = ADVANCED_FACE('',(#9021),#9046,.T.);
#9021 = FACE_BOUND('',#9022,.T.);
#9022 = EDGE_LOOP('',(#9023,#9031,#9032,#9040));
#9023 = ORIENTED_EDGE('',*,*,#9024,.F.);
#9024 = EDGE_CURVE('',#7767,#9025,#9027,.T.);
#9025 = VERTEX_POINT('',#9026);
#9026 = CARTESIAN_POINT('',(0.3,-2.84,8.2));
#9027 = LINE('',#9028,#9029);
#9028 = CARTESIAN_POINT('',(0.3,-2.84,8.2));
#9029 = VECTOR('',#9030,1.);
#9030 = DIRECTION('',(-0.57735026919,0.57735026919,-0.57735026919));
#9031 = ORIENTED_EDGE('',*,*,#7766,.T.);
#9032 = ORIENTED_EDGE('',*,*,#9033,.T.);
#9033 = EDGE_CURVE('',#7769,#9034,#9036,.T.);
#9034 = VERTEX_POINT('',#9035);
#9035 = CARTESIAN_POINT('',(0.3,-2.24,8.2));
#9036 = LINE('',#9037,#9038);
#9037 = CARTESIAN_POINT('',(0.3,-2.24,8.2));
#9038 = VECTOR('',#9039,1.);
#9039 = DIRECTION('',(-0.57735026919,-0.57735026919,-0.57735026919));
#9040 = ORIENTED_EDGE('',*,*,#9041,.F.);
#9041 = EDGE_CURVE('',#9025,#9034,#9042,.T.);
#9042 = LINE('',#9043,#9044);
#9043 = CARTESIAN_POINT('',(0.3,-3.14,8.2));
#9044 = VECTOR('',#9045,1.);
#9045 = DIRECTION('',(1.110223024625E-16,1.,0.));
#9046 = PLANE('',#9047);
#9047 = AXIS2_PLACEMENT_3D('',#9048,#9049,#9050);
#9048 = CARTESIAN_POINT('',(0.45,-3.14,8.35));
#9049 = DIRECTION('',(-0.707106781187,7.850462293414E-17,0.707106781187)
  );
#9050 = DIRECTION('',(1.110223024625E-16,1.,2.680278185005E-29));
#9051 = ADVANCED_FACE('',(#9052),#9070,.T.);
#9052 = FACE_BOUND('',#9053,.T.);
#9053 = EDGE_LOOP('',(#9054,#9055,#9056,#9064));
#9054 = ORIENTED_EDGE('',*,*,#9033,.F.);
#9055 = ORIENTED_EDGE('',*,*,#7792,.T.);
#9056 = ORIENTED_EDGE('',*,*,#9057,.T.);
#9057 = EDGE_CURVE('',#7785,#9058,#9060,.T.);
#9058 = VERTEX_POINT('',#9059);
#9059 = CARTESIAN_POINT('',(-0.3,-2.24,8.2));
#9060 = LINE('',#9061,#9062);
#9061 = CARTESIAN_POINT('',(-0.3,-2.24,8.2));
#9062 = VECTOR('',#9063,1.);
#9063 = DIRECTION('',(0.57735026919,-0.57735026919,-0.57735026919));
#9064 = ORIENTED_EDGE('',*,*,#9065,.F.);
#9065 = EDGE_CURVE('',#9034,#9058,#9066,.T.);
#9066 = LINE('',#9067,#9068);
#9067 = CARTESIAN_POINT('',(0.6,-2.24,8.2));
#9068 = VECTOR('',#9069,1.);
#9069 = DIRECTION('',(-1.,1.110223024625E-16,0.));
#9070 = PLANE('',#9071);
#9071 = AXIS2_PLACEMENT_3D('',#9072,#9073,#9074);
#9072 = CARTESIAN_POINT('',(0.6,-2.09,8.35));
#9073 = DIRECTION('',(-7.850462293414E-17,-0.707106781187,0.707106781187
    ));
#9074 = DIRECTION('',(-1.,1.110223024625E-16,2.680278185005E-29));
#9075 = ADVANCED_FACE('',(#9076),#9094,.T.);
#9076 = FACE_BOUND('',#9077,.T.);
#9077 = EDGE_LOOP('',(#9078,#9079,#9080,#9088));
#9078 = ORIENTED_EDGE('',*,*,#9057,.F.);
#9079 = ORIENTED_EDGE('',*,*,#7784,.T.);
#9080 = ORIENTED_EDGE('',*,*,#9081,.T.);
#9081 = EDGE_CURVE('',#7777,#9082,#9084,.T.);
#9082 = VERTEX_POINT('',#9083);
#9083 = CARTESIAN_POINT('',(-0.3,-2.84,8.2));
#9084 = LINE('',#9085,#9086);
#9085 = CARTESIAN_POINT('',(-0.3,-2.84,8.2));
#9086 = VECTOR('',#9087,1.);
#9087 = DIRECTION('',(0.57735026919,0.57735026919,-0.57735026919));
#9088 = ORIENTED_EDGE('',*,*,#9089,.F.);
#9089 = EDGE_CURVE('',#9058,#9082,#9090,.T.);
#9090 = LINE('',#9091,#9092);
#9091 = CARTESIAN_POINT('',(-0.3,-1.94,8.2));
#9092 = VECTOR('',#9093,1.);
#9093 = DIRECTION('',(-1.110223024625E-16,-1.,0.));
#9094 = PLANE('',#9095);
#9095 = AXIS2_PLACEMENT_3D('',#9096,#9097,#9098);
#9096 = CARTESIAN_POINT('',(-0.45,-1.94,8.35));
#9097 = DIRECTION('',(0.707106781187,-7.850462293414E-17,0.707106781187)
  );
#9098 = DIRECTION('',(-1.110223024625E-16,-1.,2.680278185005E-29));
#9099 = ADVANCED_FACE('',(#9100),#9111,.T.);
#9100 = FACE_BOUND('',#9101,.T.);
#9101 = EDGE_LOOP('',(#9102,#9103,#9104,#9105));
#9102 = ORIENTED_EDGE('',*,*,#9081,.F.);
#9103 = ORIENTED_EDGE('',*,*,#7776,.T.);
#9104 = ORIENTED_EDGE('',*,*,#9024,.T.);
#9105 = ORIENTED_EDGE('',*,*,#9106,.F.);
#9106 = EDGE_CURVE('',#9082,#9025,#9107,.T.);
#9107 = LINE('',#9108,#9109);
#9108 = CARTESIAN_POINT('',(-0.6,-2.84,8.2));
#9109 = VECTOR('',#9110,1.);
#9110 = DIRECTION('',(1.,-1.110223024625E-16,0.));
#9111 = PLANE('',#9112);
#9112 = AXIS2_PLACEMENT_3D('',#9113,#9114,#9115);
#9113 = CARTESIAN_POINT('',(-0.6,-2.99,8.35));
#9114 = DIRECTION('',(7.850462293414E-17,0.707106781187,0.707106781187)
  );
#9115 = DIRECTION('',(1.,-1.110223024625E-16,2.680278185005E-29));
#9116 = ADVANCED_FACE('',(#9117),#9142,.T.);
#9117 = FACE_BOUND('',#9118,.T.);
#9118 = EDGE_LOOP('',(#9119,#9127,#9128,#9136));
#9119 = ORIENTED_EDGE('',*,*,#9120,.F.);
#9120 = EDGE_CURVE('',#7801,#9121,#9123,.T.);
#9121 = VERTEX_POINT('',#9122);
#9122 = CARTESIAN_POINT('',(0.3,-0.3,8.2));
#9123 = LINE('',#9124,#9125);
#9124 = CARTESIAN_POINT('',(0.3,-0.3,8.2));
#9125 = VECTOR('',#9126,1.);
#9126 = DIRECTION('',(-0.57735026919,0.57735026919,-0.57735026919));
#9127 = ORIENTED_EDGE('',*,*,#7800,.T.);
#9128 = ORIENTED_EDGE('',*,*,#9129,.T.);
#9129 = EDGE_CURVE('',#7803,#9130,#9132,.T.);
#9130 = VERTEX_POINT('',#9131);
#9131 = CARTESIAN_POINT('',(0.3,0.3,8.2));
#9132 = LINE('',#9133,#9134);
#9133 = CARTESIAN_POINT('',(0.3,0.3,8.2));
#9134 = VECTOR('',#9135,1.);
#9135 = DIRECTION('',(-0.57735026919,-0.57735026919,-0.57735026919));
#9136 = ORIENTED_EDGE('',*,*,#9137,.F.);
#9137 = EDGE_CURVE('',#9121,#9130,#9138,.T.);
#9138 = LINE('',#9139,#9140);
#9139 = CARTESIAN_POINT('',(0.3,-0.6,8.2));
#9140 = VECTOR('',#9141,1.);
#9141 = DIRECTION('',(1.110223024625E-16,1.,0.));
#9142 = PLANE('',#9143);
#9143 = AXIS2_PLACEMENT_3D('',#9144,#9145,#9146);
#9144 = CARTESIAN_POINT('',(0.45,-0.6,8.35));
#9145 = DIRECTION('',(-0.707106781187,7.850462293414E-17,0.707106781187)
  );
#9146 = DIRECTION('',(1.110223024625E-16,1.,2.680278185005E-29));
#9147 = ADVANCED_FACE('',(#9148),#9166,.T.);
#9148 = FACE_BOUND('',#9149,.T.);
#9149 = EDGE_LOOP('',(#9150,#9151,#9152,#9160));
#9150 = ORIENTED_EDGE('',*,*,#9129,.F.);
#9151 = ORIENTED_EDGE('',*,*,#7826,.T.);
#9152 = ORIENTED_EDGE('',*,*,#9153,.T.);
#9153 = EDGE_CURVE('',#7819,#9154,#9156,.T.);
#9154 = VERTEX_POINT('',#9155);
#9155 = CARTESIAN_POINT('',(-0.3,0.3,8.2));
#9156 = LINE('',#9157,#9158);
#9157 = CARTESIAN_POINT('',(-0.3,0.3,8.2));
#9158 = VECTOR('',#9159,1.);
#9159 = DIRECTION('',(0.57735026919,-0.57735026919,-0.57735026919));
#9160 = ORIENTED_EDGE('',*,*,#9161,.F.);
#9161 = EDGE_CURVE('',#9130,#9154,#9162,.T.);
#9162 = LINE('',#9163,#9164);
#9163 = CARTESIAN_POINT('',(0.6,0.3,8.2));
#9164 = VECTOR('',#9165,1.);
#9165 = DIRECTION('',(-1.,1.110223024625E-16,0.));
#9166 = PLANE('',#9167);
#9167 = AXIS2_PLACEMENT_3D('',#9168,#9169,#9170);
#9168 = CARTESIAN_POINT('',(0.6,0.45,8.35));
#9169 = DIRECTION('',(-7.850462293414E-17,-0.707106781187,0.707106781187
    ));
#9170 = DIRECTION('',(-1.,1.110223024625E-16,2.680278185005E-29));
#9171 = ADVANCED_FACE('',(#9172),#9190,.T.);
#9172 = FACE_BOUND('',#9173,.T.);
#9173 = EDGE_LOOP('',(#9174,#9175,#9176,#9184));
#9174 = ORIENTED_EDGE('',*,*,#9153,.F.);
#9175 = ORIENTED_EDGE('',*,*,#7818,.T.);
#9176 = ORIENTED_EDGE('',*,*,#9177,.T.);
#9177 = EDGE_CURVE('',#7811,#9178,#9180,.T.);
#9178 = VERTEX_POINT('',#9179);
#9179 = CARTESIAN_POINT('',(-0.3,-0.3,8.2));
#9180 = LINE('',#9181,#9182);
#9181 = CARTESIAN_POINT('',(-0.3,-0.3,8.2));
#9182 = VECTOR('',#9183,1.);
#9183 = DIRECTION('',(0.57735026919,0.57735026919,-0.57735026919));
#9184 = ORIENTED_EDGE('',*,*,#9185,.F.);
#9185 = EDGE_CURVE('',#9154,#9178,#9186,.T.);
#9186 = LINE('',#9187,#9188);
#9187 = CARTESIAN_POINT('',(-0.3,0.6,8.2));
#9188 = VECTOR('',#9189,1.);
#9189 = DIRECTION('',(-1.110223024625E-16,-1.,0.));
#9190 = PLANE('',#9191);
#9191 = AXIS2_PLACEMENT_3D('',#9192,#9193,#9194);
#9192 = CARTESIAN_POINT('',(-0.45,0.6,8.35));
#9193 = DIRECTION('',(0.707106781187,-7.850462293414E-17,0.707106781187)
  );
#9194 = DIRECTION('',(-1.110223024625E-16,-1.,2.680278185005E-29));
#9195 = ADVANCED_FACE('',(#9196),#9207,.T.);
#9196 = FACE_BOUND('',#9197,.T.);
#9197 = EDGE_LOOP('',(#9198,#9199,#9200,#9201));
#9198 = ORIENTED_EDGE('',*,*,#9177,.F.);
#9199 = ORIENTED_EDGE('',*,*,#7810,.T.);
#9200 = ORIENTED_EDGE('',*,*,#9120,.T.);
#9201 = ORIENTED_EDGE('',*,*,#9202,.F.);
#9202 = EDGE_CURVE('',#9178,#9121,#9203,.T.);
#9203 = LINE('',#9204,#9205);
#9204 = CARTESIAN_POINT('',(-0.6,-0.3,8.2));
#9205 = VECTOR('',#9206,1.);
#9206 = DIRECTION('',(1.,-1.110223024625E-16,0.));
#9207 = PLANE('',#9208);
#9208 = AXIS2_PLACEMENT_3D('',#9209,#9210,#9211);
#9209 = CARTESIAN_POINT('',(-0.6,-0.45,8.35));
#9210 = DIRECTION('',(7.850462293414E-17,0.707106781187,0.707106781187)
  );
#9211 = DIRECTION('',(1.,-1.110223024625E-16,2.680278185005E-29));
#9212 = ADVANCED_FACE('',(#9213),#9224,.T.);
#9213 = FACE_BOUND('',#9214,.T.);
#9214 = EDGE_LOOP('',(#9215,#9216,#9217,#9223));
#9215 = ORIENTED_EDGE('',*,*,#7890,.F.);
#9216 = ORIENTED_EDGE('',*,*,#7900,.T.);
#9217 = ORIENTED_EDGE('',*,*,#9218,.T.);
#9218 = EDGE_CURVE('',#7901,#7941,#9219,.T.);
#9219 = LINE('',#9220,#9221);
#9220 = CARTESIAN_POINT('',(-0.1,-18.08,0.2));
#9221 = VECTOR('',#9222,1.);
#9222 = DIRECTION('',(1.,-1.110223024625E-16,0.));
#9223 = ORIENTED_EDGE('',*,*,#7948,.T.);
#9224 = PLANE('',#9225);
#9225 = AXIS2_PLACEMENT_3D('',#9226,#9227,#9228);
#9226 = CARTESIAN_POINT('',(-0.1,-18.08,0.2));
#9227 = DIRECTION('',(0.,-0.,-1.));
#9228 = DIRECTION('',(-1.110223024625E-16,-1.,0.));
#9229 = ADVANCED_FACE('',(#9230),#9271,.F.);
#9230 = FACE_BOUND('',#9231,.F.);
#9231 = EDGE_LOOP('',(#9232,#9240,#9241,#9249,#9257,#9265));
#9232 = ORIENTED_EDGE('',*,*,#9233,.T.);
#9233 = EDGE_CURVE('',#9234,#7941,#9236,.T.);
#9234 = VERTEX_POINT('',#9235);
#9235 = CARTESIAN_POINT('',(0.1,-18.08,-2.5));
#9236 = LINE('',#9237,#9238);
#9237 = CARTESIAN_POINT('',(0.1,-18.08,-2.5));
#9238 = VECTOR('',#9239,1.);
#9239 = DIRECTION('',(0.,0.,1.));
#9240 = ORIENTED_EDGE('',*,*,#7940,.F.);
#9241 = ORIENTED_EDGE('',*,*,#9242,.T.);
#9242 = EDGE_CURVE('',#7933,#9243,#9245,.T.);
#9243 = VERTEX_POINT('',#9244);
#9244 = CARTESIAN_POINT('',(0.1,-17.48,-2.5));
#9245 = LINE('',#9246,#9247);
#9246 = CARTESIAN_POINT('',(0.1,-17.48,0.2));
#9247 = VECTOR('',#9248,1.);
#9248 = DIRECTION('',(0.,0.,-1.));
#9249 = ORIENTED_EDGE('',*,*,#9250,.T.);
#9250 = EDGE_CURVE('',#9243,#9251,#9253,.T.);
#9251 = VERTEX_POINT('',#9252);
#9252 = CARTESIAN_POINT('',(0.1,-17.63,-3.1));
#9253 = LINE('',#9254,#9255);
#9254 = CARTESIAN_POINT('',(0.1,-17.48,-2.5));
#9255 = VECTOR('',#9256,1.);
#9256 = DIRECTION('',(-2.692686352073E-17,-0.242535625036,
    -0.970142500145));
#9257 = ORIENTED_EDGE('',*,*,#9258,.T.);
#9258 = EDGE_CURVE('',#9251,#9259,#9261,.T.);
#9259 = VERTEX_POINT('',#9260);
#9260 = CARTESIAN_POINT('',(0.1,-17.93,-3.1));
#9261 = LINE('',#9262,#9263);
#9262 = CARTESIAN_POINT('',(0.1,-17.63,-3.1));
#9263 = VECTOR('',#9264,1.);
#9264 = DIRECTION('',(-1.110223024625E-16,-1.,0.));
#9265 = ORIENTED_EDGE('',*,*,#9266,.T.);
#9266 = EDGE_CURVE('',#9259,#9234,#9267,.T.);
#9267 = LINE('',#9268,#9269);
#9268 = CARTESIAN_POINT('',(0.1,-17.93,-3.1));
#9269 = VECTOR('',#9270,1.);
#9270 = DIRECTION('',(-2.692686352073E-17,-0.242535625036,0.970142500145
    ));
#9271 = PLANE('',#9272);
#9272 = AXIS2_PLACEMENT_3D('',#9273,#9274,#9275);
#9273 = CARTESIAN_POINT('',(0.1,-17.78,3.911477598424));
#9274 = DIRECTION('',(-1.,1.110223024625E-16,0.));
#9275 = DIRECTION('',(0.,0.,1.));
#9276 = ADVANCED_FACE('',(#9277),#9288,.T.);
#9277 = FACE_BOUND('',#9278,.T.);
#9278 = EDGE_LOOP('',(#9279,#9285,#9286,#9287));
#9279 = ORIENTED_EDGE('',*,*,#9280,.F.);
#9280 = EDGE_CURVE('',#7909,#7933,#9281,.T.);
#9281 = LINE('',#9282,#9283);
#9282 = CARTESIAN_POINT('',(-0.1,-17.48,0.2));
#9283 = VECTOR('',#9284,1.);
#9284 = DIRECTION('',(1.,-1.110223024625E-16,0.));
#9285 = ORIENTED_EDGE('',*,*,#7916,.T.);
#9286 = ORIENTED_EDGE('',*,*,#7924,.T.);
#9287 = ORIENTED_EDGE('',*,*,#7932,.T.);
#9288 = PLANE('',#9289);
#9289 = AXIS2_PLACEMENT_3D('',#9290,#9291,#9292);
#9290 = CARTESIAN_POINT('',(-0.1,-18.08,0.2));
#9291 = DIRECTION('',(0.,-0.,-1.));
#9292 = DIRECTION('',(-1.110223024625E-16,-1.,0.));
#9293 = ADVANCED_FACE('',(#9294),#9335,.T.);
#9294 = FACE_BOUND('',#9295,.T.);
#9295 = EDGE_LOOP('',(#9296,#9304,#9305,#9313,#9321,#9329));
#9296 = ORIENTED_EDGE('',*,*,#9297,.T.);
#9297 = EDGE_CURVE('',#9298,#7901,#9300,.T.);
#9298 = VERTEX_POINT('',#9299);
#9299 = CARTESIAN_POINT('',(-0.1,-18.08,-2.5));
#9300 = LINE('',#9301,#9302);
#9301 = CARTESIAN_POINT('',(-0.1,-18.08,-2.5));
#9302 = VECTOR('',#9303,1.);
#9303 = DIRECTION('',(0.,0.,1.));
#9304 = ORIENTED_EDGE('',*,*,#7908,.F.);
#9305 = ORIENTED_EDGE('',*,*,#9306,.T.);
#9306 = EDGE_CURVE('',#7909,#9307,#9309,.T.);
#9307 = VERTEX_POINT('',#9308);
#9308 = CARTESIAN_POINT('',(-0.1,-17.48,-2.5));
#9309 = LINE('',#9310,#9311);
#9310 = CARTESIAN_POINT('',(-0.1,-17.48,0.2));
#9311 = VECTOR('',#9312,1.);
#9312 = DIRECTION('',(0.,0.,-1.));
#9313 = ORIENTED_EDGE('',*,*,#9314,.T.);
#9314 = EDGE_CURVE('',#9307,#9315,#9317,.T.);
#9315 = VERTEX_POINT('',#9316);
#9316 = CARTESIAN_POINT('',(-0.1,-17.63,-3.1));
#9317 = LINE('',#9318,#9319);
#9318 = CARTESIAN_POINT('',(-0.1,-17.48,-2.5));
#9319 = VECTOR('',#9320,1.);
#9320 = DIRECTION('',(-2.692686352073E-17,-0.242535625036,
    -0.970142500145));
#9321 = ORIENTED_EDGE('',*,*,#9322,.F.);
#9322 = EDGE_CURVE('',#9323,#9315,#9325,.T.);
#9323 = VERTEX_POINT('',#9324);
#9324 = CARTESIAN_POINT('',(-0.1,-17.93,-3.1));
#9325 = LINE('',#9326,#9327);
#9326 = CARTESIAN_POINT('',(-0.1,-17.93,-3.1));
#9327 = VECTOR('',#9328,1.);
#9328 = DIRECTION('',(1.110223024625E-16,1.,0.));
#9329 = ORIENTED_EDGE('',*,*,#9330,.T.);
#9330 = EDGE_CURVE('',#9323,#9298,#9331,.T.);
#9331 = LINE('',#9332,#9333);
#9332 = CARTESIAN_POINT('',(-0.1,-17.93,-3.1));
#9333 = VECTOR('',#9334,1.);
#9334 = DIRECTION('',(-2.692686352073E-17,-0.242535625036,0.970142500145
    ));
#9335 = PLANE('',#9336);
#9336 = AXIS2_PLACEMENT_3D('',#9337,#9338,#9339);
#9337 = CARTESIAN_POINT('',(-0.1,-17.78,3.911477598424));
#9338 = DIRECTION('',(-1.,1.110223024625E-16,0.));
#9339 = DIRECTION('',(0.,0.,1.));
#9340 = ADVANCED_FACE('',(#9341),#9352,.T.);
#9341 = FACE_BOUND('',#9342,.T.);
#9342 = EDGE_LOOP('',(#9343,#9344,#9345,#9351));
#9343 = ORIENTED_EDGE('',*,*,#7956,.F.);
#9344 = ORIENTED_EDGE('',*,*,#7966,.T.);
#9345 = ORIENTED_EDGE('',*,*,#9346,.T.);
#9346 = EDGE_CURVE('',#7967,#8007,#9347,.T.);
#9347 = LINE('',#9348,#9349);
#9348 = CARTESIAN_POINT('',(-0.1,-15.54,0.2));
#9349 = VECTOR('',#9350,1.);
#9350 = DIRECTION('',(1.,-1.110223024625E-16,0.));
#9351 = ORIENTED_EDGE('',*,*,#8014,.T.);
#9352 = PLANE('',#9353);
#9353 = AXIS2_PLACEMENT_3D('',#9354,#9355,#9356);
#9354 = CARTESIAN_POINT('',(-0.1,-15.54,0.2));
#9355 = DIRECTION('',(0.,-0.,-1.));
#9356 = DIRECTION('',(-1.110223024625E-16,-1.,0.));
#9357 = ADVANCED_FACE('',(#9358),#9399,.F.);
#9358 = FACE_BOUND('',#9359,.F.);
#9359 = EDGE_LOOP('',(#9360,#9368,#9369,#9377,#9385,#9393));
#9360 = ORIENTED_EDGE('',*,*,#9361,.T.);
#9361 = EDGE_CURVE('',#9362,#8007,#9364,.T.);
#9362 = VERTEX_POINT('',#9363);
#9363 = CARTESIAN_POINT('',(0.1,-15.54,-2.5));
#9364 = LINE('',#9365,#9366);
#9365 = CARTESIAN_POINT('',(0.1,-15.54,-2.5));
#9366 = VECTOR('',#9367,1.);
#9367 = DIRECTION('',(0.,0.,1.));
#9368 = ORIENTED_EDGE('',*,*,#8006,.F.);
#9369 = ORIENTED_EDGE('',*,*,#9370,.T.);
#9370 = EDGE_CURVE('',#7999,#9371,#9373,.T.);
#9371 = VERTEX_POINT('',#9372);
#9372 = CARTESIAN_POINT('',(0.1,-14.94,-2.5));
#9373 = LINE('',#9374,#9375);
#9374 = CARTESIAN_POINT('',(0.1,-14.94,0.2));
#9375 = VECTOR('',#9376,1.);
#9376 = DIRECTION('',(0.,0.,-1.));
#9377 = ORIENTED_EDGE('',*,*,#9378,.T.);
#9378 = EDGE_CURVE('',#9371,#9379,#9381,.T.);
#9379 = VERTEX_POINT('',#9380);
#9380 = CARTESIAN_POINT('',(0.1,-15.09,-3.1));
#9381 = LINE('',#9382,#9383);
#9382 = CARTESIAN_POINT('',(0.1,-14.94,-2.5));
#9383 = VECTOR('',#9384,1.);
#9384 = DIRECTION('',(-2.692686352073E-17,-0.242535625036,
    -0.970142500145));
#9385 = ORIENTED_EDGE('',*,*,#9386,.T.);
#9386 = EDGE_CURVE('',#9379,#9387,#9389,.T.);
#9387 = VERTEX_POINT('',#9388);
#9388 = CARTESIAN_POINT('',(0.1,-15.39,-3.1));
#9389 = LINE('',#9390,#9391);
#9390 = CARTESIAN_POINT('',(0.1,-15.09,-3.1));
#9391 = VECTOR('',#9392,1.);
#9392 = DIRECTION('',(-1.110223024625E-16,-1.,0.));
#9393 = ORIENTED_EDGE('',*,*,#9394,.T.);
#9394 = EDGE_CURVE('',#9387,#9362,#9395,.T.);
#9395 = LINE('',#9396,#9397);
#9396 = CARTESIAN_POINT('',(0.1,-15.39,-3.1));
#9397 = VECTOR('',#9398,1.);
#9398 = DIRECTION('',(-2.692686352073E-17,-0.242535625036,0.970142500145
    ));
#9399 = PLANE('',#9400);
#9400 = AXIS2_PLACEMENT_3D('',#9401,#9402,#9403);
#9401 = CARTESIAN_POINT('',(0.1,-15.24,3.911477598424));
#9402 = DIRECTION('',(-1.,1.110223024625E-16,0.));
#9403 = DIRECTION('',(0.,0.,1.));
#9404 = ADVANCED_FACE('',(#9405),#9416,.T.);
#9405 = FACE_BOUND('',#9406,.T.);
#9406 = EDGE_LOOP('',(#9407,#9413,#9414,#9415));
#9407 = ORIENTED_EDGE('',*,*,#9408,.F.);
#9408 = EDGE_CURVE('',#7975,#7999,#9409,.T.);
#9409 = LINE('',#9410,#9411);
#9410 = CARTESIAN_POINT('',(-0.1,-14.94,0.2));
#9411 = VECTOR('',#9412,1.);
#9412 = DIRECTION('',(1.,-1.110223024625E-16,0.));
#9413 = ORIENTED_EDGE('',*,*,#7982,.T.);
#9414 = ORIENTED_EDGE('',*,*,#7990,.T.);
#9415 = ORIENTED_EDGE('',*,*,#7998,.T.);
#9416 = PLANE('',#9417);
#9417 = AXIS2_PLACEMENT_3D('',#9418,#9419,#9420);
#9418 = CARTESIAN_POINT('',(-0.1,-15.54,0.2));
#9419 = DIRECTION('',(0.,-0.,-1.));
#9420 = DIRECTION('',(-1.110223024625E-16,-1.,0.));
#9421 = ADVANCED_FACE('',(#9422),#9463,.T.);
#9422 = FACE_BOUND('',#9423,.T.);
#9423 = EDGE_LOOP('',(#9424,#9432,#9433,#9441,#9449,#9457));
#9424 = ORIENTED_EDGE('',*,*,#9425,.T.);
#9425 = EDGE_CURVE('',#9426,#7967,#9428,.T.);
#9426 = VERTEX_POINT('',#9427);
#9427 = CARTESIAN_POINT('',(-0.1,-15.54,-2.5));
#9428 = LINE('',#9429,#9430);
#9429 = CARTESIAN_POINT('',(-0.1,-15.54,-2.5));
#9430 = VECTOR('',#9431,1.);
#9431 = DIRECTION('',(0.,0.,1.));
#9432 = ORIENTED_EDGE('',*,*,#7974,.F.);
#9433 = ORIENTED_EDGE('',*,*,#9434,.T.);
#9434 = EDGE_CURVE('',#7975,#9435,#9437,.T.);
#9435 = VERTEX_POINT('',#9436);
#9436 = CARTESIAN_POINT('',(-0.1,-14.94,-2.5));
#9437 = LINE('',#9438,#9439);
#9438 = CARTESIAN_POINT('',(-0.1,-14.94,0.2));
#9439 = VECTOR('',#9440,1.);
#9440 = DIRECTION('',(0.,0.,-1.));
#9441 = ORIENTED_EDGE('',*,*,#9442,.T.);
#9442 = EDGE_CURVE('',#9435,#9443,#9445,.T.);
#9443 = VERTEX_POINT('',#9444);
#9444 = CARTESIAN_POINT('',(-0.1,-15.09,-3.1));
#9445 = LINE('',#9446,#9447);
#9446 = CARTESIAN_POINT('',(-0.1,-14.94,-2.5));
#9447 = VECTOR('',#9448,1.);
#9448 = DIRECTION('',(-2.692686352073E-17,-0.242535625036,
    -0.970142500145));
#9449 = ORIENTED_EDGE('',*,*,#9450,.F.);
#9450 = EDGE_CURVE('',#9451,#9443,#9453,.T.);
#9451 = VERTEX_POINT('',#9452);
#9452 = CARTESIAN_POINT('',(-0.1,-15.39,-3.1));
#9453 = LINE('',#9454,#9455);
#9454 = CARTESIAN_POINT('',(-0.1,-15.39,-3.1));
#9455 = VECTOR('',#9456,1.);
#9456 = DIRECTION('',(1.110223024625E-16,1.,0.));
#9457 = ORIENTED_EDGE('',*,*,#9458,.T.);
#9458 = EDGE_CURVE('',#9451,#9426,#9459,.T.);
#9459 = LINE('',#9460,#9461);
#9460 = CARTESIAN_POINT('',(-0.1,-15.39,-3.1));
#9461 = VECTOR('',#9462,1.);
#9462 = DIRECTION('',(-2.692686352073E-17,-0.242535625036,0.970142500145
    ));
#9463 = PLANE('',#9464);
#9464 = AXIS2_PLACEMENT_3D('',#9465,#9466,#9467);
#9465 = CARTESIAN_POINT('',(-0.1,-15.24,3.911477598424));
#9466 = DIRECTION('',(-1.,1.110223024625E-16,0.));
#9467 = DIRECTION('',(0.,0.,1.));
#9468 = ADVANCED_FACE('',(#9469),#9480,.T.);
#9469 = FACE_BOUND('',#9470,.T.);
#9470 = EDGE_LOOP('',(#9471,#9472,#9473,#9479));
#9471 = ORIENTED_EDGE('',*,*,#8022,.F.);
#9472 = ORIENTED_EDGE('',*,*,#8032,.T.);
#9473 = ORIENTED_EDGE('',*,*,#9474,.T.);
#9474 = EDGE_CURVE('',#8033,#8073,#9475,.T.);
#9475 = LINE('',#9476,#9477);
#9476 = CARTESIAN_POINT('',(-0.1,-13.,0.2));
#9477 = VECTOR('',#9478,1.);
#9478 = DIRECTION('',(1.,-1.110223024625E-16,0.));
#9479 = ORIENTED_EDGE('',*,*,#8080,.T.);
#9480 = PLANE('',#9481);
#9481 = AXIS2_PLACEMENT_3D('',#9482,#9483,#9484);
#9482 = CARTESIAN_POINT('',(-0.1,-13.,0.2));
#9483 = DIRECTION('',(0.,-0.,-1.));
#9484 = DIRECTION('',(-1.110223024625E-16,-1.,0.));
#9485 = ADVANCED_FACE('',(#9486),#9527,.F.);
#9486 = FACE_BOUND('',#9487,.F.);
#9487 = EDGE_LOOP('',(#9488,#9496,#9497,#9505,#9513,#9521));
#9488 = ORIENTED_EDGE('',*,*,#9489,.T.);
#9489 = EDGE_CURVE('',#9490,#8073,#9492,.T.);
#9490 = VERTEX_POINT('',#9491);
#9491 = CARTESIAN_POINT('',(0.1,-13.,-2.5));
#9492 = LINE('',#9493,#9494);
#9493 = CARTESIAN_POINT('',(0.1,-13.,-2.5));
#9494 = VECTOR('',#9495,1.);
#9495 = DIRECTION('',(0.,0.,1.));
#9496 = ORIENTED_EDGE('',*,*,#8072,.F.);
#9497 = ORIENTED_EDGE('',*,*,#9498,.T.);
#9498 = EDGE_CURVE('',#8065,#9499,#9501,.T.);
#9499 = VERTEX_POINT('',#9500);
#9500 = CARTESIAN_POINT('',(0.1,-12.4,-2.5));
#9501 = LINE('',#9502,#9503);
#9502 = CARTESIAN_POINT('',(0.1,-12.4,0.2));
#9503 = VECTOR('',#9504,1.);
#9504 = DIRECTION('',(0.,0.,-1.));
#9505 = ORIENTED_EDGE('',*,*,#9506,.T.);
#9506 = EDGE_CURVE('',#9499,#9507,#9509,.T.);
#9507 = VERTEX_POINT('',#9508);
#9508 = CARTESIAN_POINT('',(0.1,-12.55,-3.1));
#9509 = LINE('',#9510,#9511);
#9510 = CARTESIAN_POINT('',(0.1,-12.4,-2.5));
#9511 = VECTOR('',#9512,1.);
#9512 = DIRECTION('',(-2.692686352073E-17,-0.242535625036,
    -0.970142500145));
#9513 = ORIENTED_EDGE('',*,*,#9514,.T.);
#9514 = EDGE_CURVE('',#9507,#9515,#9517,.T.);
#9515 = VERTEX_POINT('',#9516);
#9516 = CARTESIAN_POINT('',(0.1,-12.85,-3.1));
#9517 = LINE('',#9518,#9519);
#9518 = CARTESIAN_POINT('',(0.1,-12.55,-3.1));
#9519 = VECTOR('',#9520,1.);
#9520 = DIRECTION('',(-1.110223024625E-16,-1.,0.));
#9521 = ORIENTED_EDGE('',*,*,#9522,.T.);
#9522 = EDGE_CURVE('',#9515,#9490,#9523,.T.);
#9523 = LINE('',#9524,#9525);
#9524 = CARTESIAN_POINT('',(0.1,-12.85,-3.1));
#9525 = VECTOR('',#9526,1.);
#9526 = DIRECTION('',(-2.692686352073E-17,-0.242535625036,0.970142500145
    ));
#9527 = PLANE('',#9528);
#9528 = AXIS2_PLACEMENT_3D('',#9529,#9530,#9531);
#9529 = CARTESIAN_POINT('',(0.1,-12.7,3.911477598424));
#9530 = DIRECTION('',(-1.,1.110223024625E-16,0.));
#9531 = DIRECTION('',(0.,0.,1.));
#9532 = ADVANCED_FACE('',(#9533),#9544,.T.);
#9533 = FACE_BOUND('',#9534,.T.);
#9534 = EDGE_LOOP('',(#9535,#9541,#9542,#9543));
#9535 = ORIENTED_EDGE('',*,*,#9536,.F.);
#9536 = EDGE_CURVE('',#8041,#8065,#9537,.T.);
#9537 = LINE('',#9538,#9539);
#9538 = CARTESIAN_POINT('',(-0.1,-12.4,0.2));
#9539 = VECTOR('',#9540,1.);
#9540 = DIRECTION('',(1.,-1.110223024625E-16,0.));
#9541 = ORIENTED_EDGE('',*,*,#8048,.T.);
#9542 = ORIENTED_EDGE('',*,*,#8056,.T.);
#9543 = ORIENTED_EDGE('',*,*,#8064,.T.);
#9544 = PLANE('',#9545);
#9545 = AXIS2_PLACEMENT_3D('',#9546,#9547,#9548);
#9546 = CARTESIAN_POINT('',(-0.1,-13.,0.2));
#9547 = DIRECTION('',(0.,-0.,-1.));
#9548 = DIRECTION('',(-1.110223024625E-16,-1.,0.));
#9549 = ADVANCED_FACE('',(#9550),#9591,.T.);
#9550 = FACE_BOUND('',#9551,.T.);
#9551 = EDGE_LOOP('',(#9552,#9560,#9561,#9569,#9577,#9585));
#9552 = ORIENTED_EDGE('',*,*,#9553,.T.);
#9553 = EDGE_CURVE('',#9554,#8033,#9556,.T.);
#9554 = VERTEX_POINT('',#9555);
#9555 = CARTESIAN_POINT('',(-0.1,-13.,-2.5));
#9556 = LINE('',#9557,#9558);
#9557 = CARTESIAN_POINT('',(-0.1,-13.,-2.5));
#9558 = VECTOR('',#9559,1.);
#9559 = DIRECTION('',(0.,0.,1.));
#9560 = ORIENTED_EDGE('',*,*,#8040,.F.);
#9561 = ORIENTED_EDGE('',*,*,#9562,.T.);
#9562 = EDGE_CURVE('',#8041,#9563,#9565,.T.);
#9563 = VERTEX_POINT('',#9564);
#9564 = CARTESIAN_POINT('',(-0.1,-12.4,-2.5));
#9565 = LINE('',#9566,#9567);
#9566 = CARTESIAN_POINT('',(-0.1,-12.4,0.2));
#9567 = VECTOR('',#9568,1.);
#9568 = DIRECTION('',(0.,0.,-1.));
#9569 = ORIENTED_EDGE('',*,*,#9570,.T.);
#9570 = EDGE_CURVE('',#9563,#9571,#9573,.T.);
#9571 = VERTEX_POINT('',#9572);
#9572 = CARTESIAN_POINT('',(-0.1,-12.55,-3.1));
#9573 = LINE('',#9574,#9575);
#9574 = CARTESIAN_POINT('',(-0.1,-12.4,-2.5));
#9575 = VECTOR('',#9576,1.);
#9576 = DIRECTION('',(-2.692686352073E-17,-0.242535625036,
    -0.970142500145));
#9577 = ORIENTED_EDGE('',*,*,#9578,.F.);
#9578 = EDGE_CURVE('',#9579,#9571,#9581,.T.);
#9579 = VERTEX_POINT('',#9580);
#9580 = CARTESIAN_POINT('',(-0.1,-12.85,-3.1));
#9581 = LINE('',#9582,#9583);
#9582 = CARTESIAN_POINT('',(-0.1,-12.85,-3.1));
#9583 = VECTOR('',#9584,1.);
#9584 = DIRECTION('',(1.110223024625E-16,1.,0.));
#9585 = ORIENTED_EDGE('',*,*,#9586,.T.);
#9586 = EDGE_CURVE('',#9579,#9554,#9587,.T.);
#9587 = LINE('',#9588,#9589);
#9588 = CARTESIAN_POINT('',(-0.1,-12.85,-3.1));
#9589 = VECTOR('',#9590,1.);
#9590 = DIRECTION('',(-2.692686352073E-17,-0.242535625036,0.970142500145
    ));
#9591 = PLANE('',#9592);
#9592 = AXIS2_PLACEMENT_3D('',#9593,#9594,#9595);
#9593 = CARTESIAN_POINT('',(-0.1,-12.7,3.911477598424));
#9594 = DIRECTION('',(-1.,1.110223024625E-16,0.));
#9595 = DIRECTION('',(0.,0.,1.));
#9596 = ADVANCED_FACE('',(#9597),#9608,.T.);
#9597 = FACE_BOUND('',#9598,.T.);
#9598 = EDGE_LOOP('',(#9599,#9600,#9601,#9607));
#9599 = ORIENTED_EDGE('',*,*,#8088,.F.);
#9600 = ORIENTED_EDGE('',*,*,#8098,.T.);
#9601 = ORIENTED_EDGE('',*,*,#9602,.T.);
#9602 = EDGE_CURVE('',#8099,#8139,#9603,.T.);
#9603 = LINE('',#9604,#9605);
#9604 = CARTESIAN_POINT('',(-0.1,-10.46,0.2));
#9605 = VECTOR('',#9606,1.);
#9606 = DIRECTION('',(1.,-1.110223024625E-16,0.));
#9607 = ORIENTED_EDGE('',*,*,#8146,.T.);
#9608 = PLANE('',#9609);
#9609 = AXIS2_PLACEMENT_3D('',#9610,#9611,#9612);
#9610 = CARTESIAN_POINT('',(-0.1,-10.46,0.2));
#9611 = DIRECTION('',(0.,-0.,-1.));
#9612 = DIRECTION('',(-1.110223024625E-16,-1.,0.));
#9613 = ADVANCED_FACE('',(#9614),#9655,.F.);
#9614 = FACE_BOUND('',#9615,.F.);
#9615 = EDGE_LOOP('',(#9616,#9624,#9625,#9633,#9641,#9649));
#9616 = ORIENTED_EDGE('',*,*,#9617,.T.);
#9617 = EDGE_CURVE('',#9618,#8139,#9620,.T.);
#9618 = VERTEX_POINT('',#9619);
#9619 = CARTESIAN_POINT('',(0.1,-10.46,-2.5));
#9620 = LINE('',#9621,#9622);
#9621 = CARTESIAN_POINT('',(0.1,-10.46,-2.5));
#9622 = VECTOR('',#9623,1.);
#9623 = DIRECTION('',(0.,0.,1.));
#9624 = ORIENTED_EDGE('',*,*,#8138,.F.);
#9625 = ORIENTED_EDGE('',*,*,#9626,.T.);
#9626 = EDGE_CURVE('',#8131,#9627,#9629,.T.);
#9627 = VERTEX_POINT('',#9628);
#9628 = CARTESIAN_POINT('',(0.1,-9.86,-2.5));
#9629 = LINE('',#9630,#9631);
#9630 = CARTESIAN_POINT('',(0.1,-9.86,0.2));
#9631 = VECTOR('',#9632,1.);
#9632 = DIRECTION('',(0.,0.,-1.));
#9633 = ORIENTED_EDGE('',*,*,#9634,.T.);
#9634 = EDGE_CURVE('',#9627,#9635,#9637,.T.);
#9635 = VERTEX_POINT('',#9636);
#9636 = CARTESIAN_POINT('',(0.1,-10.01,-3.1));
#9637 = LINE('',#9638,#9639);
#9638 = CARTESIAN_POINT('',(0.1,-9.86,-2.5));
#9639 = VECTOR('',#9640,1.);
#9640 = DIRECTION('',(-2.692686352073E-17,-0.242535625036,
    -0.970142500145));
#9641 = ORIENTED_EDGE('',*,*,#9642,.T.);
#9642 = EDGE_CURVE('',#9635,#9643,#9645,.T.);
#9643 = VERTEX_POINT('',#9644);
#9644 = CARTESIAN_POINT('',(0.1,-10.31,-3.1));
#9645 = LINE('',#9646,#9647);
#9646 = CARTESIAN_POINT('',(0.1,-10.01,-3.1));
#9647 = VECTOR('',#9648,1.);
#9648 = DIRECTION('',(-1.110223024625E-16,-1.,0.));
#9649 = ORIENTED_EDGE('',*,*,#9650,.T.);
#9650 = EDGE_CURVE('',#9643,#9618,#9651,.T.);
#9651 = LINE('',#9652,#9653);
#9652 = CARTESIAN_POINT('',(0.1,-10.31,-3.1));
#9653 = VECTOR('',#9654,1.);
#9654 = DIRECTION('',(-2.692686352073E-17,-0.242535625036,0.970142500145
    ));
#9655 = PLANE('',#9656);
#9656 = AXIS2_PLACEMENT_3D('',#9657,#9658,#9659);
#9657 = CARTESIAN_POINT('',(0.1,-10.16,3.911477598424));
#9658 = DIRECTION('',(-1.,1.110223024625E-16,0.));
#9659 = DIRECTION('',(0.,0.,1.));
#9660 = ADVANCED_FACE('',(#9661),#9672,.T.);
#9661 = FACE_BOUND('',#9662,.T.);
#9662 = EDGE_LOOP('',(#9663,#9669,#9670,#9671));
#9663 = ORIENTED_EDGE('',*,*,#9664,.F.);
#9664 = EDGE_CURVE('',#8107,#8131,#9665,.T.);
#9665 = LINE('',#9666,#9667);
#9666 = CARTESIAN_POINT('',(-0.1,-9.86,0.2));
#9667 = VECTOR('',#9668,1.);
#9668 = DIRECTION('',(1.,-1.110223024625E-16,0.));
#9669 = ORIENTED_EDGE('',*,*,#8114,.T.);
#9670 = ORIENTED_EDGE('',*,*,#8122,.T.);
#9671 = ORIENTED_EDGE('',*,*,#8130,.T.);
#9672 = PLANE('',#9673);
#9673 = AXIS2_PLACEMENT_3D('',#9674,#9675,#9676);
#9674 = CARTESIAN_POINT('',(-0.1,-10.46,0.2));
#9675 = DIRECTION('',(0.,-0.,-1.));
#9676 = DIRECTION('',(-1.110223024625E-16,-1.,0.));
#9677 = ADVANCED_FACE('',(#9678),#9719,.T.);
#9678 = FACE_BOUND('',#9679,.T.);
#9679 = EDGE_LOOP('',(#9680,#9688,#9689,#9697,#9705,#9713));
#9680 = ORIENTED_EDGE('',*,*,#9681,.T.);
#9681 = EDGE_CURVE('',#9682,#8099,#9684,.T.);
#9682 = VERTEX_POINT('',#9683);
#9683 = CARTESIAN_POINT('',(-0.1,-10.46,-2.5));
#9684 = LINE('',#9685,#9686);
#9685 = CARTESIAN_POINT('',(-0.1,-10.46,-2.5));
#9686 = VECTOR('',#9687,1.);
#9687 = DIRECTION('',(0.,0.,1.));
#9688 = ORIENTED_EDGE('',*,*,#8106,.F.);
#9689 = ORIENTED_EDGE('',*,*,#9690,.T.);
#9690 = EDGE_CURVE('',#8107,#9691,#9693,.T.);
#9691 = VERTEX_POINT('',#9692);
#9692 = CARTESIAN_POINT('',(-0.1,-9.86,-2.5));
#9693 = LINE('',#9694,#9695);
#9694 = CARTESIAN_POINT('',(-0.1,-9.86,0.2));
#9695 = VECTOR('',#9696,1.);
#9696 = DIRECTION('',(0.,0.,-1.));
#9697 = ORIENTED_EDGE('',*,*,#9698,.T.);
#9698 = EDGE_CURVE('',#9691,#9699,#9701,.T.);
#9699 = VERTEX_POINT('',#9700);
#9700 = CARTESIAN_POINT('',(-0.1,-10.01,-3.1));
#9701 = LINE('',#9702,#9703);
#9702 = CARTESIAN_POINT('',(-0.1,-9.86,-2.5));
#9703 = VECTOR('',#9704,1.);
#9704 = DIRECTION('',(-2.692686352073E-17,-0.242535625036,
    -0.970142500145));
#9705 = ORIENTED_EDGE('',*,*,#9706,.F.);
#9706 = EDGE_CURVE('',#9707,#9699,#9709,.T.);
#9707 = VERTEX_POINT('',#9708);
#9708 = CARTESIAN_POINT('',(-0.1,-10.31,-3.1));
#9709 = LINE('',#9710,#9711);
#9710 = CARTESIAN_POINT('',(-0.1,-10.31,-3.1));
#9711 = VECTOR('',#9712,1.);
#9712 = DIRECTION('',(1.110223024625E-16,1.,0.));
#9713 = ORIENTED_EDGE('',*,*,#9714,.T.);
#9714 = EDGE_CURVE('',#9707,#9682,#9715,.T.);
#9715 = LINE('',#9716,#9717);
#9716 = CARTESIAN_POINT('',(-0.1,-10.31,-3.1));
#9717 = VECTOR('',#9718,1.);
#9718 = DIRECTION('',(-2.692686352073E-17,-0.242535625036,0.970142500145
    ));
#9719 = PLANE('',#9720);
#9720 = AXIS2_PLACEMENT_3D('',#9721,#9722,#9723);
#9721 = CARTESIAN_POINT('',(-0.1,-10.16,3.911477598424));
#9722 = DIRECTION('',(-1.,1.110223024625E-16,0.));
#9723 = DIRECTION('',(0.,0.,1.));
#9724 = ADVANCED_FACE('',(#9725),#9736,.T.);
#9725 = FACE_BOUND('',#9726,.T.);
#9726 = EDGE_LOOP('',(#9727,#9728,#9729,#9735));
#9727 = ORIENTED_EDGE('',*,*,#8154,.F.);
#9728 = ORIENTED_EDGE('',*,*,#8164,.T.);
#9729 = ORIENTED_EDGE('',*,*,#9730,.T.);
#9730 = EDGE_CURVE('',#8165,#8205,#9731,.T.);
#9731 = LINE('',#9732,#9733);
#9732 = CARTESIAN_POINT('',(-0.1,-7.92,0.2));
#9733 = VECTOR('',#9734,1.);
#9734 = DIRECTION('',(1.,-1.110223024625E-16,0.));
#9735 = ORIENTED_EDGE('',*,*,#8212,.T.);
#9736 = PLANE('',#9737);
#9737 = AXIS2_PLACEMENT_3D('',#9738,#9739,#9740);
#9738 = CARTESIAN_POINT('',(-0.1,-7.92,0.2));
#9739 = DIRECTION('',(0.,-0.,-1.));
#9740 = DIRECTION('',(-1.110223024625E-16,-1.,0.));
#9741 = ADVANCED_FACE('',(#9742),#9783,.F.);
#9742 = FACE_BOUND('',#9743,.F.);
#9743 = EDGE_LOOP('',(#9744,#9752,#9753,#9761,#9769,#9777));
#9744 = ORIENTED_EDGE('',*,*,#9745,.T.);
#9745 = EDGE_CURVE('',#9746,#8205,#9748,.T.);
#9746 = VERTEX_POINT('',#9747);
#9747 = CARTESIAN_POINT('',(0.1,-7.92,-2.5));
#9748 = LINE('',#9749,#9750);
#9749 = CARTESIAN_POINT('',(0.1,-7.92,-2.5));
#9750 = VECTOR('',#9751,1.);
#9751 = DIRECTION('',(0.,0.,1.));
#9752 = ORIENTED_EDGE('',*,*,#8204,.F.);
#9753 = ORIENTED_EDGE('',*,*,#9754,.T.);
#9754 = EDGE_CURVE('',#8197,#9755,#9757,.T.);
#9755 = VERTEX_POINT('',#9756);
#9756 = CARTESIAN_POINT('',(0.1,-7.32,-2.5));
#9757 = LINE('',#9758,#9759);
#9758 = CARTESIAN_POINT('',(0.1,-7.32,0.2));
#9759 = VECTOR('',#9760,1.);
#9760 = DIRECTION('',(0.,0.,-1.));
#9761 = ORIENTED_EDGE('',*,*,#9762,.T.);
#9762 = EDGE_CURVE('',#9755,#9763,#9765,.T.);
#9763 = VERTEX_POINT('',#9764);
#9764 = CARTESIAN_POINT('',(0.1,-7.47,-3.1));
#9765 = LINE('',#9766,#9767);
#9766 = CARTESIAN_POINT('',(0.1,-7.32,-2.5));
#9767 = VECTOR('',#9768,1.);
#9768 = DIRECTION('',(-2.692686352073E-17,-0.242535625036,
    -0.970142500145));
#9769 = ORIENTED_EDGE('',*,*,#9770,.T.);
#9770 = EDGE_CURVE('',#9763,#9771,#9773,.T.);
#9771 = VERTEX_POINT('',#9772);
#9772 = CARTESIAN_POINT('',(0.1,-7.77,-3.1));
#9773 = LINE('',#9774,#9775);
#9774 = CARTESIAN_POINT('',(0.1,-7.47,-3.1));
#9775 = VECTOR('',#9776,1.);
#9776 = DIRECTION('',(-1.110223024625E-16,-1.,0.));
#9777 = ORIENTED_EDGE('',*,*,#9778,.T.);
#9778 = EDGE_CURVE('',#9771,#9746,#9779,.T.);
#9779 = LINE('',#9780,#9781);
#9780 = CARTESIAN_POINT('',(0.1,-7.77,-3.1));
#9781 = VECTOR('',#9782,1.);
#9782 = DIRECTION('',(-2.692686352073E-17,-0.242535625036,0.970142500145
    ));
#9783 = PLANE('',#9784);
#9784 = AXIS2_PLACEMENT_3D('',#9785,#9786,#9787);
#9785 = CARTESIAN_POINT('',(0.1,-7.62,3.911477598424));
#9786 = DIRECTION('',(-1.,1.110223024625E-16,0.));
#9787 = DIRECTION('',(0.,0.,1.));
#9788 = ADVANCED_FACE('',(#9789),#9800,.T.);
#9789 = FACE_BOUND('',#9790,.T.);
#9790 = EDGE_LOOP('',(#9791,#9797,#9798,#9799));
#9791 = ORIENTED_EDGE('',*,*,#9792,.F.);
#9792 = EDGE_CURVE('',#8173,#8197,#9793,.T.);
#9793 = LINE('',#9794,#9795);
#9794 = CARTESIAN_POINT('',(-0.1,-7.32,0.2));
#9795 = VECTOR('',#9796,1.);
#9796 = DIRECTION('',(1.,-1.110223024625E-16,0.));
#9797 = ORIENTED_EDGE('',*,*,#8180,.T.);
#9798 = ORIENTED_EDGE('',*,*,#8188,.T.);
#9799 = ORIENTED_EDGE('',*,*,#8196,.T.);
#9800 = PLANE('',#9801);
#9801 = AXIS2_PLACEMENT_3D('',#9802,#9803,#9804);
#9802 = CARTESIAN_POINT('',(-0.1,-7.92,0.2));
#9803 = DIRECTION('',(0.,-0.,-1.));
#9804 = DIRECTION('',(-1.110223024625E-16,-1.,0.));
#9805 = ADVANCED_FACE('',(#9806),#9847,.T.);
#9806 = FACE_BOUND('',#9807,.T.);
#9807 = EDGE_LOOP('',(#9808,#9816,#9817,#9825,#9833,#9841));
#9808 = ORIENTED_EDGE('',*,*,#9809,.T.);
#9809 = EDGE_CURVE('',#9810,#8165,#9812,.T.);
#9810 = VERTEX_POINT('',#9811);
#9811 = CARTESIAN_POINT('',(-0.1,-7.92,-2.5));
#9812 = LINE('',#9813,#9814);
#9813 = CARTESIAN_POINT('',(-0.1,-7.92,-2.5));
#9814 = VECTOR('',#9815,1.);
#9815 = DIRECTION('',(0.,0.,1.));
#9816 = ORIENTED_EDGE('',*,*,#8172,.F.);
#9817 = ORIENTED_EDGE('',*,*,#9818,.T.);
#9818 = EDGE_CURVE('',#8173,#9819,#9821,.T.);
#9819 = VERTEX_POINT('',#9820);
#9820 = CARTESIAN_POINT('',(-0.1,-7.32,-2.5));
#9821 = LINE('',#9822,#9823);
#9822 = CARTESIAN_POINT('',(-0.1,-7.32,0.2));
#9823 = VECTOR('',#9824,1.);
#9824 = DIRECTION('',(0.,0.,-1.));
#9825 = ORIENTED_EDGE('',*,*,#9826,.T.);
#9826 = EDGE_CURVE('',#9819,#9827,#9829,.T.);
#9827 = VERTEX_POINT('',#9828);
#9828 = CARTESIAN_POINT('',(-0.1,-7.47,-3.1));
#9829 = LINE('',#9830,#9831);
#9830 = CARTESIAN_POINT('',(-0.1,-7.32,-2.5));
#9831 = VECTOR('',#9832,1.);
#9832 = DIRECTION('',(-2.692686352073E-17,-0.242535625036,
    -0.970142500145));
#9833 = ORIENTED_EDGE('',*,*,#9834,.F.);
#9834 = EDGE_CURVE('',#9835,#9827,#9837,.T.);
#9835 = VERTEX_POINT('',#9836);
#9836 = CARTESIAN_POINT('',(-0.1,-7.77,-3.1));
#9837 = LINE('',#9838,#9839);
#9838 = CARTESIAN_POINT('',(-0.1,-7.77,-3.1));
#9839 = VECTOR('',#9840,1.);
#9840 = DIRECTION('',(1.110223024625E-16,1.,0.));
#9841 = ORIENTED_EDGE('',*,*,#9842,.T.);
#9842 = EDGE_CURVE('',#9835,#9810,#9843,.T.);
#9843 = LINE('',#9844,#9845);
#9844 = CARTESIAN_POINT('',(-0.1,-7.77,-3.1));
#9845 = VECTOR('',#9846,1.);
#9846 = DIRECTION('',(-2.692686352073E-17,-0.242535625036,0.970142500145
    ));
#9847 = PLANE('',#9848);
#9848 = AXIS2_PLACEMENT_3D('',#9849,#9850,#9851);
#9849 = CARTESIAN_POINT('',(-0.1,-7.62,3.911477598424));
#9850 = DIRECTION('',(-1.,1.110223024625E-16,0.));
#9851 = DIRECTION('',(0.,0.,1.));
#9852 = ADVANCED_FACE('',(#9853),#9864,.T.);
#9853 = FACE_BOUND('',#9854,.T.);
#9854 = EDGE_LOOP('',(#9855,#9856,#9857,#9863));
#9855 = ORIENTED_EDGE('',*,*,#8220,.F.);
#9856 = ORIENTED_EDGE('',*,*,#8230,.T.);
#9857 = ORIENTED_EDGE('',*,*,#9858,.T.);
#9858 = EDGE_CURVE('',#8231,#8271,#9859,.T.);
#9859 = LINE('',#9860,#9861);
#9860 = CARTESIAN_POINT('',(-0.1,-5.38,0.2));
#9861 = VECTOR('',#9862,1.);
#9862 = DIRECTION('',(1.,-1.110223024625E-16,0.));
#9863 = ORIENTED_EDGE('',*,*,#8278,.T.);
#9864 = PLANE('',#9865);
#9865 = AXIS2_PLACEMENT_3D('',#9866,#9867,#9868);
#9866 = CARTESIAN_POINT('',(-0.1,-5.38,0.2));
#9867 = DIRECTION('',(0.,-0.,-1.));
#9868 = DIRECTION('',(-1.110223024625E-16,-1.,0.));
#9869 = ADVANCED_FACE('',(#9870),#9911,.F.);
#9870 = FACE_BOUND('',#9871,.F.);
#9871 = EDGE_LOOP('',(#9872,#9880,#9881,#9889,#9897,#9905));
#9872 = ORIENTED_EDGE('',*,*,#9873,.T.);
#9873 = EDGE_CURVE('',#9874,#8271,#9876,.T.);
#9874 = VERTEX_POINT('',#9875);
#9875 = CARTESIAN_POINT('',(0.1,-5.38,-2.5));
#9876 = LINE('',#9877,#9878);
#9877 = CARTESIAN_POINT('',(0.1,-5.38,-2.5));
#9878 = VECTOR('',#9879,1.);
#9879 = DIRECTION('',(0.,0.,1.));
#9880 = ORIENTED_EDGE('',*,*,#8270,.F.);
#9881 = ORIENTED_EDGE('',*,*,#9882,.T.);
#9882 = EDGE_CURVE('',#8263,#9883,#9885,.T.);
#9883 = VERTEX_POINT('',#9884);
#9884 = CARTESIAN_POINT('',(0.1,-4.78,-2.5));
#9885 = LINE('',#9886,#9887);
#9886 = CARTESIAN_POINT('',(0.1,-4.78,0.2));
#9887 = VECTOR('',#9888,1.);
#9888 = DIRECTION('',(0.,0.,-1.));
#9889 = ORIENTED_EDGE('',*,*,#9890,.T.);
#9890 = EDGE_CURVE('',#9883,#9891,#9893,.T.);
#9891 = VERTEX_POINT('',#9892);
#9892 = CARTESIAN_POINT('',(0.1,-4.93,-3.1));
#9893 = LINE('',#9894,#9895);
#9894 = CARTESIAN_POINT('',(0.1,-4.78,-2.5));
#9895 = VECTOR('',#9896,1.);
#9896 = DIRECTION('',(-2.692686352073E-17,-0.242535625036,
    -0.970142500145));
#9897 = ORIENTED_EDGE('',*,*,#9898,.T.);
#9898 = EDGE_CURVE('',#9891,#9899,#9901,.T.);
#9899 = VERTEX_POINT('',#9900);
#9900 = CARTESIAN_POINT('',(0.1,-5.23,-3.1));
#9901 = LINE('',#9902,#9903);
#9902 = CARTESIAN_POINT('',(0.1,-4.93,-3.1));
#9903 = VECTOR('',#9904,1.);
#9904 = DIRECTION('',(-1.110223024625E-16,-1.,0.));
#9905 = ORIENTED_EDGE('',*,*,#9906,.T.);
#9906 = EDGE_CURVE('',#9899,#9874,#9907,.T.);
#9907 = LINE('',#9908,#9909);
#9908 = CARTESIAN_POINT('',(0.1,-5.23,-3.1));
#9909 = VECTOR('',#9910,1.);
#9910 = DIRECTION('',(-2.692686352073E-17,-0.242535625036,0.970142500145
    ));
#9911 = PLANE('',#9912);
#9912 = AXIS2_PLACEMENT_3D('',#9913,#9914,#9915);
#9913 = CARTESIAN_POINT('',(0.1,-5.08,3.911477598424));
#9914 = DIRECTION('',(-1.,1.110223024625E-16,0.));
#9915 = DIRECTION('',(0.,0.,1.));
#9916 = ADVANCED_FACE('',(#9917),#9928,.T.);
#9917 = FACE_BOUND('',#9918,.T.);
#9918 = EDGE_LOOP('',(#9919,#9925,#9926,#9927));
#9919 = ORIENTED_EDGE('',*,*,#9920,.F.);
#9920 = EDGE_CURVE('',#8239,#8263,#9921,.T.);
#9921 = LINE('',#9922,#9923);
#9922 = CARTESIAN_POINT('',(-0.1,-4.78,0.2));
#9923 = VECTOR('',#9924,1.);
#9924 = DIRECTION('',(1.,-1.110223024625E-16,0.));
#9925 = ORIENTED_EDGE('',*,*,#8246,.T.);
#9926 = ORIENTED_EDGE('',*,*,#8254,.T.);
#9927 = ORIENTED_EDGE('',*,*,#8262,.T.);
#9928 = PLANE('',#9929);
#9929 = AXIS2_PLACEMENT_3D('',#9930,#9931,#9932);
#9930 = CARTESIAN_POINT('',(-0.1,-5.38,0.2));
#9931 = DIRECTION('',(0.,-0.,-1.));
#9932 = DIRECTION('',(-1.110223024625E-16,-1.,0.));
#9933 = ADVANCED_FACE('',(#9934),#9975,.T.);
#9934 = FACE_BOUND('',#9935,.T.);
#9935 = EDGE_LOOP('',(#9936,#9944,#9945,#9953,#9961,#9969));
#9936 = ORIENTED_EDGE('',*,*,#9937,.T.);
#9937 = EDGE_CURVE('',#9938,#8231,#9940,.T.);
#9938 = VERTEX_POINT('',#9939);
#9939 = CARTESIAN_POINT('',(-0.1,-5.38,-2.5));
#9940 = LINE('',#9941,#9942);
#9941 = CARTESIAN_POINT('',(-0.1,-5.38,-2.5));
#9942 = VECTOR('',#9943,1.);
#9943 = DIRECTION('',(0.,0.,1.));
#9944 = ORIENTED_EDGE('',*,*,#8238,.F.);
#9945 = ORIENTED_EDGE('',*,*,#9946,.T.);
#9946 = EDGE_CURVE('',#8239,#9947,#9949,.T.);
#9947 = VERTEX_POINT('',#9948);
#9948 = CARTESIAN_POINT('',(-0.1,-4.78,-2.5));
#9949 = LINE('',#9950,#9951);
#9950 = CARTESIAN_POINT('',(-0.1,-4.78,0.2));
#9951 = VECTOR('',#9952,1.);
#9952 = DIRECTION('',(0.,0.,-1.));
#9953 = ORIENTED_EDGE('',*,*,#9954,.T.);
#9954 = EDGE_CURVE('',#9947,#9955,#9957,.T.);
#9955 = VERTEX_POINT('',#9956);
#9956 = CARTESIAN_POINT('',(-0.1,-4.93,-3.1));
#9957 = LINE('',#9958,#9959);
#9958 = CARTESIAN_POINT('',(-0.1,-4.78,-2.5));
#9959 = VECTOR('',#9960,1.);
#9960 = DIRECTION('',(-2.692686352073E-17,-0.242535625036,
    -0.970142500145));
#9961 = ORIENTED_EDGE('',*,*,#9962,.F.);
#9962 = EDGE_CURVE('',#9963,#9955,#9965,.T.);
#9963 = VERTEX_POINT('',#9964);
#9964 = CARTESIAN_POINT('',(-0.1,-5.23,-3.1));
#9965 = LINE('',#9966,#9967);
#9966 = CARTESIAN_POINT('',(-0.1,-5.23,-3.1));
#9967 = VECTOR('',#9968,1.);
#9968 = DIRECTION('',(1.110223024625E-16,1.,0.));
#9969 = ORIENTED_EDGE('',*,*,#9970,.T.);
#9970 = EDGE_CURVE('',#9963,#9938,#9971,.T.);
#9971 = LINE('',#9972,#9973);
#9972 = CARTESIAN_POINT('',(-0.1,-5.23,-3.1));
#9973 = VECTOR('',#9974,1.);
#9974 = DIRECTION('',(-2.692686352073E-17,-0.242535625036,0.970142500145
    ));
#9975 = PLANE('',#9976);
#9976 = AXIS2_PLACEMENT_3D('',#9977,#9978,#9979);
#9977 = CARTESIAN_POINT('',(-0.1,-5.08,3.911477598424));
#9978 = DIRECTION('',(-1.,1.110223024625E-16,0.));
#9979 = DIRECTION('',(0.,0.,1.));
#9980 = ADVANCED_FACE('',(#9981),#9992,.T.);
#9981 = FACE_BOUND('',#9982,.T.);
#9982 = EDGE_LOOP('',(#9983,#9984,#9985,#9991));
#9983 = ORIENTED_EDGE('',*,*,#8286,.F.);
#9984 = ORIENTED_EDGE('',*,*,#8296,.T.);
#9985 = ORIENTED_EDGE('',*,*,#9986,.T.);
#9986 = EDGE_CURVE('',#8297,#8337,#9987,.T.);
#9987 = LINE('',#9988,#9989);
#9988 = CARTESIAN_POINT('',(-0.1,-2.84,0.2));
#9989 = VECTOR('',#9990,1.);
#9990 = DIRECTION('',(1.,-1.110223024625E-16,0.));
#9991 = ORIENTED_EDGE('',*,*,#8344,.T.);
#9992 = PLANE('',#9993);
#9993 = AXIS2_PLACEMENT_3D('',#9994,#9995,#9996);
#9994 = CARTESIAN_POINT('',(-0.1,-2.84,0.2));
#9995 = DIRECTION('',(0.,-0.,-1.));
#9996 = DIRECTION('',(-1.110223024625E-16,-1.,0.));
#9997 = ADVANCED_FACE('',(#9998),#10039,.F.);
#9998 = FACE_BOUND('',#9999,.F.);
#9999 = EDGE_LOOP('',(#10000,#10008,#10009,#10017,#10025,#10033));
#10000 = ORIENTED_EDGE('',*,*,#10001,.T.);
#10001 = EDGE_CURVE('',#10002,#8337,#10004,.T.);
#10002 = VERTEX_POINT('',#10003);
#10003 = CARTESIAN_POINT('',(0.1,-2.84,-2.5));
#10004 = LINE('',#10005,#10006);
#10005 = CARTESIAN_POINT('',(0.1,-2.84,-2.5));
#10006 = VECTOR('',#10007,1.);
#10007 = DIRECTION('',(0.,0.,1.));
#10008 = ORIENTED_EDGE('',*,*,#8336,.F.);
#10009 = ORIENTED_EDGE('',*,*,#10010,.T.);
#10010 = EDGE_CURVE('',#8329,#10011,#10013,.T.);
#10011 = VERTEX_POINT('',#10012);
#10012 = CARTESIAN_POINT('',(0.1,-2.24,-2.5));
#10013 = LINE('',#10014,#10015);
#10014 = CARTESIAN_POINT('',(0.1,-2.24,0.2));
#10015 = VECTOR('',#10016,1.);
#10016 = DIRECTION('',(0.,0.,-1.));
#10017 = ORIENTED_EDGE('',*,*,#10018,.T.);
#10018 = EDGE_CURVE('',#10011,#10019,#10021,.T.);
#10019 = VERTEX_POINT('',#10020);
#10020 = CARTESIAN_POINT('',(0.1,-2.39,-3.1));
#10021 = LINE('',#10022,#10023);
#10022 = CARTESIAN_POINT('',(0.1,-2.24,-2.5));
#10023 = VECTOR('',#10024,1.);
#10024 = DIRECTION('',(-2.692686352073E-17,-0.242535625036,
    -0.970142500145));
#10025 = ORIENTED_EDGE('',*,*,#10026,.T.);
#10026 = EDGE_CURVE('',#10019,#10027,#10029,.T.);
#10027 = VERTEX_POINT('',#10028);
#10028 = CARTESIAN_POINT('',(0.1,-2.69,-3.1));
#10029 = LINE('',#10030,#10031);
#10030 = CARTESIAN_POINT('',(0.1,-2.39,-3.1));
#10031 = VECTOR('',#10032,1.);
#10032 = DIRECTION('',(-1.110223024625E-16,-1.,0.));
#10033 = ORIENTED_EDGE('',*,*,#10034,.T.);
#10034 = EDGE_CURVE('',#10027,#10002,#10035,.T.);
#10035 = LINE('',#10036,#10037);
#10036 = CARTESIAN_POINT('',(0.1,-2.69,-3.1));
#10037 = VECTOR('',#10038,1.);
#10038 = DIRECTION('',(-2.692686352073E-17,-0.242535625036,
    0.970142500145));
#10039 = PLANE('',#10040);
#10040 = AXIS2_PLACEMENT_3D('',#10041,#10042,#10043);
#10041 = CARTESIAN_POINT('',(0.1,-2.54,3.911477598424));
#10042 = DIRECTION('',(-1.,1.110223024625E-16,0.));
#10043 = DIRECTION('',(0.,0.,1.));
#10044 = ADVANCED_FACE('',(#10045),#10056,.T.);
#10045 = FACE_BOUND('',#10046,.T.);
#10046 = EDGE_LOOP('',(#10047,#10053,#10054,#10055));
#10047 = ORIENTED_EDGE('',*,*,#10048,.F.);
#10048 = EDGE_CURVE('',#8305,#8329,#10049,.T.);
#10049 = LINE('',#10050,#10051);
#10050 = CARTESIAN_POINT('',(-0.1,-2.24,0.2));
#10051 = VECTOR('',#10052,1.);
#10052 = DIRECTION('',(1.,-1.110223024625E-16,0.));
#10053 = ORIENTED_EDGE('',*,*,#8312,.T.);
#10054 = ORIENTED_EDGE('',*,*,#8320,.T.);
#10055 = ORIENTED_EDGE('',*,*,#8328,.T.);
#10056 = PLANE('',#10057);
#10057 = AXIS2_PLACEMENT_3D('',#10058,#10059,#10060);
#10058 = CARTESIAN_POINT('',(-0.1,-2.84,0.2));
#10059 = DIRECTION('',(0.,-0.,-1.));
#10060 = DIRECTION('',(-1.110223024625E-16,-1.,0.));
#10061 = ADVANCED_FACE('',(#10062),#10103,.T.);
#10062 = FACE_BOUND('',#10063,.T.);
#10063 = EDGE_LOOP('',(#10064,#10072,#10073,#10081,#10089,#10097));
#10064 = ORIENTED_EDGE('',*,*,#10065,.T.);
#10065 = EDGE_CURVE('',#10066,#8297,#10068,.T.);
#10066 = VERTEX_POINT('',#10067);
#10067 = CARTESIAN_POINT('',(-0.1,-2.84,-2.5));
#10068 = LINE('',#10069,#10070);
#10069 = CARTESIAN_POINT('',(-0.1,-2.84,-2.5));
#10070 = VECTOR('',#10071,1.);
#10071 = DIRECTION('',(0.,0.,1.));
#10072 = ORIENTED_EDGE('',*,*,#8304,.F.);
#10073 = ORIENTED_EDGE('',*,*,#10074,.T.);
#10074 = EDGE_CURVE('',#8305,#10075,#10077,.T.);
#10075 = VERTEX_POINT('',#10076);
#10076 = CARTESIAN_POINT('',(-0.1,-2.24,-2.5));
#10077 = LINE('',#10078,#10079);
#10078 = CARTESIAN_POINT('',(-0.1,-2.24,0.2));
#10079 = VECTOR('',#10080,1.);
#10080 = DIRECTION('',(0.,0.,-1.));
#10081 = ORIENTED_EDGE('',*,*,#10082,.T.);
#10082 = EDGE_CURVE('',#10075,#10083,#10085,.T.);
#10083 = VERTEX_POINT('',#10084);
#10084 = CARTESIAN_POINT('',(-0.1,-2.39,-3.1));
#10085 = LINE('',#10086,#10087);
#10086 = CARTESIAN_POINT('',(-0.1,-2.24,-2.5));
#10087 = VECTOR('',#10088,1.);
#10088 = DIRECTION('',(-2.692686352073E-17,-0.242535625036,
    -0.970142500145));
#10089 = ORIENTED_EDGE('',*,*,#10090,.F.);
#10090 = EDGE_CURVE('',#10091,#10083,#10093,.T.);
#10091 = VERTEX_POINT('',#10092);
#10092 = CARTESIAN_POINT('',(-0.1,-2.69,-3.1));
#10093 = LINE('',#10094,#10095);
#10094 = CARTESIAN_POINT('',(-0.1,-2.69,-3.1));
#10095 = VECTOR('',#10096,1.);
#10096 = DIRECTION('',(1.110223024625E-16,1.,0.));
#10097 = ORIENTED_EDGE('',*,*,#10098,.T.);
#10098 = EDGE_CURVE('',#10091,#10066,#10099,.T.);
#10099 = LINE('',#10100,#10101);
#10100 = CARTESIAN_POINT('',(-0.1,-2.69,-3.1));
#10101 = VECTOR('',#10102,1.);
#10102 = DIRECTION('',(-2.692686352073E-17,-0.242535625036,
    0.970142500145));
#10103 = PLANE('',#10104);
#10104 = AXIS2_PLACEMENT_3D('',#10105,#10106,#10107);
#10105 = CARTESIAN_POINT('',(-0.1,-2.54,3.911477598424));
#10106 = DIRECTION('',(-1.,1.110223024625E-16,0.));
#10107 = DIRECTION('',(0.,0.,1.));
#10108 = ADVANCED_FACE('',(#10109),#10120,.T.);
#10109 = FACE_BOUND('',#10110,.T.);
#10110 = EDGE_LOOP('',(#10111,#10112,#10113,#10119));
#10111 = ORIENTED_EDGE('',*,*,#8352,.F.);
#10112 = ORIENTED_EDGE('',*,*,#8362,.T.);
#10113 = ORIENTED_EDGE('',*,*,#10114,.T.);
#10114 = EDGE_CURVE('',#8363,#8403,#10115,.T.);
#10115 = LINE('',#10116,#10117);
#10116 = CARTESIAN_POINT('',(-0.1,-0.3,0.2));
#10117 = VECTOR('',#10118,1.);
#10118 = DIRECTION('',(1.,-1.110223024625E-16,0.));
#10119 = ORIENTED_EDGE('',*,*,#8410,.T.);
#10120 = PLANE('',#10121);
#10121 = AXIS2_PLACEMENT_3D('',#10122,#10123,#10124);
#10122 = CARTESIAN_POINT('',(-0.1,-0.3,0.2));
#10123 = DIRECTION('',(0.,-0.,-1.));
#10124 = DIRECTION('',(-1.110223024625E-16,-1.,0.));
#10125 = ADVANCED_FACE('',(#10126),#10167,.F.);
#10126 = FACE_BOUND('',#10127,.F.);
#10127 = EDGE_LOOP('',(#10128,#10136,#10137,#10145,#10153,#10161));
#10128 = ORIENTED_EDGE('',*,*,#10129,.T.);
#10129 = EDGE_CURVE('',#10130,#8403,#10132,.T.);
#10130 = VERTEX_POINT('',#10131);
#10131 = CARTESIAN_POINT('',(0.1,-0.3,-2.5));
#10132 = LINE('',#10133,#10134);
#10133 = CARTESIAN_POINT('',(0.1,-0.3,-2.5));
#10134 = VECTOR('',#10135,1.);
#10135 = DIRECTION('',(0.,0.,1.));
#10136 = ORIENTED_EDGE('',*,*,#8402,.F.);
#10137 = ORIENTED_EDGE('',*,*,#10138,.T.);
#10138 = EDGE_CURVE('',#8395,#10139,#10141,.T.);
#10139 = VERTEX_POINT('',#10140);
#10140 = CARTESIAN_POINT('',(0.1,0.3,-2.5));
#10141 = LINE('',#10142,#10143);
#10142 = CARTESIAN_POINT('',(0.1,0.3,0.2));
#10143 = VECTOR('',#10144,1.);
#10144 = DIRECTION('',(0.,0.,-1.));
#10145 = ORIENTED_EDGE('',*,*,#10146,.T.);
#10146 = EDGE_CURVE('',#10139,#10147,#10149,.T.);
#10147 = VERTEX_POINT('',#10148);
#10148 = CARTESIAN_POINT('',(0.1,0.15,-3.1));
#10149 = LINE('',#10150,#10151);
#10150 = CARTESIAN_POINT('',(0.1,0.3,-2.5));
#10151 = VECTOR('',#10152,1.);
#10152 = DIRECTION('',(-2.692686352073E-17,-0.242535625036,
    -0.970142500145));
#10153 = ORIENTED_EDGE('',*,*,#10154,.T.);
#10154 = EDGE_CURVE('',#10147,#10155,#10157,.T.);
#10155 = VERTEX_POINT('',#10156);
#10156 = CARTESIAN_POINT('',(0.1,-0.15,-3.1));
#10157 = LINE('',#10158,#10159);
#10158 = CARTESIAN_POINT('',(0.1,0.15,-3.1));
#10159 = VECTOR('',#10160,1.);
#10160 = DIRECTION('',(-1.110223024625E-16,-1.,0.));
#10161 = ORIENTED_EDGE('',*,*,#10162,.T.);
#10162 = EDGE_CURVE('',#10155,#10130,#10163,.T.);
#10163 = LINE('',#10164,#10165);
#10164 = CARTESIAN_POINT('',(0.1,-0.15,-3.1));
#10165 = VECTOR('',#10166,1.);
#10166 = DIRECTION('',(-2.692686352073E-17,-0.242535625036,
    0.970142500145));
#10167 = PLANE('',#10168);
#10168 = AXIS2_PLACEMENT_3D('',#10169,#10170,#10171);
#10169 = CARTESIAN_POINT('',(0.1,-1.110223024625E-17,3.911477598424));
#10170 = DIRECTION('',(-1.,1.110223024625E-16,0.));
#10171 = DIRECTION('',(0.,0.,1.));
#10172 = ADVANCED_FACE('',(#10173),#10184,.T.);
#10173 = FACE_BOUND('',#10174,.T.);
#10174 = EDGE_LOOP('',(#10175,#10181,#10182,#10183));
#10175 = ORIENTED_EDGE('',*,*,#10176,.F.);
#10176 = EDGE_CURVE('',#8371,#8395,#10177,.T.);
#10177 = LINE('',#10178,#10179);
#10178 = CARTESIAN_POINT('',(-0.1,0.3,0.2));
#10179 = VECTOR('',#10180,1.);
#10180 = DIRECTION('',(1.,-1.110223024625E-16,0.));
#10181 = ORIENTED_EDGE('',*,*,#8378,.T.);
#10182 = ORIENTED_EDGE('',*,*,#8386,.T.);
#10183 = ORIENTED_EDGE('',*,*,#8394,.T.);
#10184 = PLANE('',#10185);
#10185 = AXIS2_PLACEMENT_3D('',#10186,#10187,#10188);
#10186 = CARTESIAN_POINT('',(-0.1,-0.3,0.2));
#10187 = DIRECTION('',(0.,-0.,-1.));
#10188 = DIRECTION('',(-1.110223024625E-16,-1.,0.));
#10189 = ADVANCED_FACE('',(#10190),#10231,.T.);
#10190 = FACE_BOUND('',#10191,.T.);
#10191 = EDGE_LOOP('',(#10192,#10200,#10201,#10209,#10217,#10225));
#10192 = ORIENTED_EDGE('',*,*,#10193,.T.);
#10193 = EDGE_CURVE('',#10194,#8363,#10196,.T.);
#10194 = VERTEX_POINT('',#10195);
#10195 = CARTESIAN_POINT('',(-0.1,-0.3,-2.5));
#10196 = LINE('',#10197,#10198);
#10197 = CARTESIAN_POINT('',(-0.1,-0.3,-2.5));
#10198 = VECTOR('',#10199,1.);
#10199 = DIRECTION('',(0.,0.,1.));
#10200 = ORIENTED_EDGE('',*,*,#8370,.F.);
#10201 = ORIENTED_EDGE('',*,*,#10202,.T.);
#10202 = EDGE_CURVE('',#8371,#10203,#10205,.T.);
#10203 = VERTEX_POINT('',#10204);
#10204 = CARTESIAN_POINT('',(-0.1,0.3,-2.5));
#10205 = LINE('',#10206,#10207);
#10206 = CARTESIAN_POINT('',(-0.1,0.3,0.2));
#10207 = VECTOR('',#10208,1.);
#10208 = DIRECTION('',(0.,0.,-1.));
#10209 = ORIENTED_EDGE('',*,*,#10210,.T.);
#10210 = EDGE_CURVE('',#10203,#10211,#10213,.T.);
#10211 = VERTEX_POINT('',#10212);
#10212 = CARTESIAN_POINT('',(-0.1,0.15,-3.1));
#10213 = LINE('',#10214,#10215);
#10214 = CARTESIAN_POINT('',(-0.1,0.3,-2.5));
#10215 = VECTOR('',#10216,1.);
#10216 = DIRECTION('',(-2.692686352073E-17,-0.242535625036,
    -0.970142500145));
#10217 = ORIENTED_EDGE('',*,*,#10218,.F.);
#10218 = EDGE_CURVE('',#10219,#10211,#10221,.T.);
#10219 = VERTEX_POINT('',#10220);
#10220 = CARTESIAN_POINT('',(-0.1,-0.15,-3.1));
#10221 = LINE('',#10222,#10223);
#10222 = CARTESIAN_POINT('',(-0.1,-0.15,-3.1));
#10223 = VECTOR('',#10224,1.);
#10224 = DIRECTION('',(1.110223024625E-16,1.,0.));
#10225 = ORIENTED_EDGE('',*,*,#10226,.T.);
#10226 = EDGE_CURVE('',#10219,#10194,#10227,.T.);
#10227 = LINE('',#10228,#10229);
#10228 = CARTESIAN_POINT('',(-0.1,-0.15,-3.1));
#10229 = VECTOR('',#10230,1.);
#10230 = DIRECTION('',(-2.692686352073E-17,-0.242535625036,
    0.970142500145));
#10231 = PLANE('',#10232);
#10232 = AXIS2_PLACEMENT_3D('',#10233,#10234,#10235);
#10233 = CARTESIAN_POINT('',(-0.1,1.110223024625E-17,3.911477598424));
#10234 = DIRECTION('',(-1.,1.110223024625E-16,0.));
#10235 = DIRECTION('',(0.,0.,1.));
#10236 = ADVANCED_FACE('',(#10237),#10262,.F.);
#10237 = FACE_BOUND('',#10238,.F.);
#10238 = EDGE_LOOP('',(#10239,#10247,#10255,#10261));
#10239 = ORIENTED_EDGE('',*,*,#10240,.T.);
#10240 = EDGE_CURVE('',#8449,#10241,#10243,.T.);
#10241 = VERTEX_POINT('',#10242);
#10242 = CARTESIAN_POINT('',(0.3,-18.08,0.9));
#10243 = LINE('',#10244,#10245);
#10244 = CARTESIAN_POINT('',(0.3,-18.08,8.2));
#10245 = VECTOR('',#10246,1.);
#10246 = DIRECTION('',(0.,-0.,-1.));
#10247 = ORIENTED_EDGE('',*,*,#10248,.T.);
#10248 = EDGE_CURVE('',#10241,#10249,#10251,.T.);
#10249 = VERTEX_POINT('',#10250);
#10250 = CARTESIAN_POINT('',(0.3,-17.48,0.9));
#10251 = LINE('',#10252,#10253);
#10252 = CARTESIAN_POINT('',(0.3,-18.08,0.9));
#10253 = VECTOR('',#10254,1.);
#10254 = DIRECTION('',(1.110223024625E-16,1.,0.));
#10255 = ORIENTED_EDGE('',*,*,#10256,.F.);
#10256 = EDGE_CURVE('',#8458,#10249,#10257,.T.);
#10257 = LINE('',#10258,#10259);
#10258 = CARTESIAN_POINT('',(0.3,-17.48,8.2));
#10259 = VECTOR('',#10260,1.);
#10260 = DIRECTION('',(0.,-0.,-1.));
#10261 = ORIENTED_EDGE('',*,*,#8465,.F.);
#10262 = PLANE('',#10263);
#10263 = AXIS2_PLACEMENT_3D('',#10264,#10265,#10266);
#10264 = CARTESIAN_POINT('',(0.3,-18.08,8.2));
#10265 = DIRECTION('',(1.,-1.110223024625E-16,0.));
#10266 = DIRECTION('',(1.110223024625E-16,1.,0.));
#10267 = ADVANCED_FACE('',(#10268),#10318,.F.);
#10268 = FACE_BOUND('',#10269,.F.);
#10269 = EDGE_LOOP('',(#10270,#10271,#10272,#10280,#10288,#10296,#10304,
    #10312));
#10270 = ORIENTED_EDGE('',*,*,#8489,.F.);
#10271 = ORIENTED_EDGE('',*,*,#10256,.T.);
#10272 = ORIENTED_EDGE('',*,*,#10273,.T.);
#10273 = EDGE_CURVE('',#10249,#10274,#10276,.T.);
#10274 = VERTEX_POINT('',#10275);
#10275 = CARTESIAN_POINT('',(0.1,-17.48,0.9));
#10276 = LINE('',#10277,#10278);
#10277 = CARTESIAN_POINT('',(0.3,-17.48,0.9));
#10278 = VECTOR('',#10279,1.);
#10279 = DIRECTION('',(-1.,1.110223024625E-16,0.));
#10280 = ORIENTED_EDGE('',*,*,#10281,.T.);
#10281 = EDGE_CURVE('',#10274,#10282,#10284,.T.);
#10282 = VERTEX_POINT('',#10283);
#10283 = CARTESIAN_POINT('',(0.1,-17.48,7.4));
#10284 = LINE('',#10285,#10286);
#10285 = CARTESIAN_POINT('',(0.1,-17.48,6.055738799212));
#10286 = VECTOR('',#10287,1.);
#10287 = DIRECTION('',(0.,-0.,1.));
#10288 = ORIENTED_EDGE('',*,*,#10289,.F.);
#10289 = EDGE_CURVE('',#10290,#10282,#10292,.T.);
#10290 = VERTEX_POINT('',#10291);
#10291 = CARTESIAN_POINT('',(-0.1,-17.48,7.4));
#10292 = LINE('',#10293,#10294);
#10293 = CARTESIAN_POINT('',(-0.1,-17.48,7.4));
#10294 = VECTOR('',#10295,1.);
#10295 = DIRECTION('',(1.,-1.110223024625E-16,0.));
#10296 = ORIENTED_EDGE('',*,*,#10297,.F.);
#10297 = EDGE_CURVE('',#10298,#10290,#10300,.T.);
#10298 = VERTEX_POINT('',#10299);
#10299 = CARTESIAN_POINT('',(-0.1,-17.48,0.9));
#10300 = LINE('',#10301,#10302);
#10301 = CARTESIAN_POINT('',(-0.1,-17.48,6.055738799212));
#10302 = VECTOR('',#10303,1.);
#10303 = DIRECTION('',(0.,-0.,1.));
#10304 = ORIENTED_EDGE('',*,*,#10305,.T.);
#10305 = EDGE_CURVE('',#10298,#10306,#10308,.T.);
#10306 = VERTEX_POINT('',#10307);
#10307 = CARTESIAN_POINT('',(-0.3,-17.48,0.9));
#10308 = LINE('',#10309,#10310);
#10309 = CARTESIAN_POINT('',(0.3,-17.48,0.9));
#10310 = VECTOR('',#10311,1.);
#10311 = DIRECTION('',(-1.,1.110223024625E-16,0.));
#10312 = ORIENTED_EDGE('',*,*,#10313,.F.);
#10313 = EDGE_CURVE('',#8482,#10306,#10314,.T.);
#10314 = LINE('',#10315,#10316);
#10315 = CARTESIAN_POINT('',(-0.3,-17.48,8.2));
#10316 = VECTOR('',#10317,1.);
#10317 = DIRECTION('',(0.,-0.,-1.));
#10318 = PLANE('',#10319);
#10319 = AXIS2_PLACEMENT_3D('',#10320,#10321,#10322);
#10320 = CARTESIAN_POINT('',(0.3,-17.48,8.2));
#10321 = DIRECTION('',(1.110223024625E-16,1.,0.));
#10322 = DIRECTION('',(-1.,1.110223024625E-16,0.));
#10323 = ADVANCED_FACE('',(#10324),#10342,.F.);
#10324 = FACE_BOUND('',#10325,.F.);
#10325 = EDGE_LOOP('',(#10326,#10327,#10335,#10341));
#10326 = ORIENTED_EDGE('',*,*,#10313,.T.);
#10327 = ORIENTED_EDGE('',*,*,#10328,.T.);
#10328 = EDGE_CURVE('',#10306,#10329,#10331,.T.);
#10329 = VERTEX_POINT('',#10330);
#10330 = CARTESIAN_POINT('',(-0.3,-18.08,0.9));
#10331 = LINE('',#10332,#10333);
#10332 = CARTESIAN_POINT('',(-0.3,-17.48,0.9));
#10333 = VECTOR('',#10334,1.);
#10334 = DIRECTION('',(-1.110223024625E-16,-1.,0.));
#10335 = ORIENTED_EDGE('',*,*,#10336,.F.);
#10336 = EDGE_CURVE('',#8506,#10329,#10337,.T.);
#10337 = LINE('',#10338,#10339);
#10338 = CARTESIAN_POINT('',(-0.3,-18.08,8.2));
#10339 = VECTOR('',#10340,1.);
#10340 = DIRECTION('',(0.,-0.,-1.));
#10341 = ORIENTED_EDGE('',*,*,#8513,.F.);
#10342 = PLANE('',#10343);
#10343 = AXIS2_PLACEMENT_3D('',#10344,#10345,#10346);
#10344 = CARTESIAN_POINT('',(-0.3,-17.48,8.2));
#10345 = DIRECTION('',(-1.,1.110223024625E-16,0.));
#10346 = DIRECTION('',(-1.110223024625E-16,-1.,0.));
#10347 = ADVANCED_FACE('',(#10348),#10391,.F.);
#10348 = FACE_BOUND('',#10349,.F.);
#10349 = EDGE_LOOP('',(#10350,#10351,#10352,#10360,#10368,#10376,#10384,
    #10390));
#10350 = ORIENTED_EDGE('',*,*,#8530,.F.);
#10351 = ORIENTED_EDGE('',*,*,#10336,.T.);
#10352 = ORIENTED_EDGE('',*,*,#10353,.T.);
#10353 = EDGE_CURVE('',#10329,#10354,#10356,.T.);
#10354 = VERTEX_POINT('',#10355);
#10355 = CARTESIAN_POINT('',(-0.1,-18.08,0.9));
#10356 = LINE('',#10357,#10358);
#10357 = CARTESIAN_POINT('',(-0.3,-18.08,0.9));
#10358 = VECTOR('',#10359,1.);
#10359 = DIRECTION('',(1.,-1.110223024625E-16,0.));
#10360 = ORIENTED_EDGE('',*,*,#10361,.F.);
#10361 = EDGE_CURVE('',#10362,#10354,#10364,.T.);
#10362 = VERTEX_POINT('',#10363);
#10363 = CARTESIAN_POINT('',(-0.1,-18.08,7.4));
#10364 = LINE('',#10365,#10366);
#10365 = CARTESIAN_POINT('',(-0.1,-18.08,6.055738799212));
#10366 = VECTOR('',#10367,1.);
#10367 = DIRECTION('',(-0.,0.,-1.));
#10368 = ORIENTED_EDGE('',*,*,#10369,.T.);
#10369 = EDGE_CURVE('',#10362,#10370,#10372,.T.);
#10370 = VERTEX_POINT('',#10371);
#10371 = CARTESIAN_POINT('',(0.1,-18.08,7.4));
#10372 = LINE('',#10373,#10374);
#10373 = CARTESIAN_POINT('',(-0.1,-18.08,7.4));
#10374 = VECTOR('',#10375,1.);
#10375 = DIRECTION('',(1.,-1.110223024625E-16,0.));
#10376 = ORIENTED_EDGE('',*,*,#10377,.T.);
#10377 = EDGE_CURVE('',#10370,#10378,#10380,.T.);
#10378 = VERTEX_POINT('',#10379);
#10379 = CARTESIAN_POINT('',(0.1,-18.08,0.9));
#10380 = LINE('',#10381,#10382);
#10381 = CARTESIAN_POINT('',(0.1,-18.08,6.055738799212));
#10382 = VECTOR('',#10383,1.);
#10383 = DIRECTION('',(-0.,0.,-1.));
#10384 = ORIENTED_EDGE('',*,*,#10385,.T.);
#10385 = EDGE_CURVE('',#10378,#10241,#10386,.T.);
#10386 = LINE('',#10387,#10388);
#10387 = CARTESIAN_POINT('',(-0.3,-18.08,0.9));
#10388 = VECTOR('',#10389,1.);
#10389 = DIRECTION('',(1.,-1.110223024625E-16,0.));
#10390 = ORIENTED_EDGE('',*,*,#10240,.F.);
#10391 = PLANE('',#10392);
#10392 = AXIS2_PLACEMENT_3D('',#10393,#10394,#10395);
#10393 = CARTESIAN_POINT('',(-0.3,-18.08,8.2));
#10394 = DIRECTION('',(-1.110223024625E-16,-1.,0.));
#10395 = DIRECTION('',(1.,-1.110223024625E-16,0.));
#10396 = ADVANCED_FACE('',(#10397),#10422,.F.);
#10397 = FACE_BOUND('',#10398,.F.);
#10398 = EDGE_LOOP('',(#10399,#10407,#10415,#10421));
#10399 = ORIENTED_EDGE('',*,*,#10400,.T.);
#10400 = EDGE_CURVE('',#8545,#10401,#10403,.T.);
#10401 = VERTEX_POINT('',#10402);
#10402 = CARTESIAN_POINT('',(0.3,-15.54,0.9));
#10403 = LINE('',#10404,#10405);
#10404 = CARTESIAN_POINT('',(0.3,-15.54,8.2));
#10405 = VECTOR('',#10406,1.);
#10406 = DIRECTION('',(0.,-0.,-1.));
#10407 = ORIENTED_EDGE('',*,*,#10408,.T.);
#10408 = EDGE_CURVE('',#10401,#10409,#10411,.T.);
#10409 = VERTEX_POINT('',#10410);
#10410 = CARTESIAN_POINT('',(0.3,-14.94,0.9));
#10411 = LINE('',#10412,#10413);
#10412 = CARTESIAN_POINT('',(0.3,-15.54,0.9));
#10413 = VECTOR('',#10414,1.);
#10414 = DIRECTION('',(1.110223024625E-16,1.,0.));
#10415 = ORIENTED_EDGE('',*,*,#10416,.F.);
#10416 = EDGE_CURVE('',#8554,#10409,#10417,.T.);
#10417 = LINE('',#10418,#10419);
#10418 = CARTESIAN_POINT('',(0.3,-14.94,8.2));
#10419 = VECTOR('',#10420,1.);
#10420 = DIRECTION('',(0.,-0.,-1.));
#10421 = ORIENTED_EDGE('',*,*,#8561,.F.);
#10422 = PLANE('',#10423);
#10423 = AXIS2_PLACEMENT_3D('',#10424,#10425,#10426);
#10424 = CARTESIAN_POINT('',(0.3,-15.54,8.2));
#10425 = DIRECTION('',(1.,-1.110223024625E-16,0.));
#10426 = DIRECTION('',(1.110223024625E-16,1.,0.));
#10427 = ADVANCED_FACE('',(#10428),#10478,.F.);
#10428 = FACE_BOUND('',#10429,.F.);
#10429 = EDGE_LOOP('',(#10430,#10431,#10432,#10440,#10448,#10456,#10464,
    #10472));
#10430 = ORIENTED_EDGE('',*,*,#8585,.F.);
#10431 = ORIENTED_EDGE('',*,*,#10416,.T.);
#10432 = ORIENTED_EDGE('',*,*,#10433,.T.);
#10433 = EDGE_CURVE('',#10409,#10434,#10436,.T.);
#10434 = VERTEX_POINT('',#10435);
#10435 = CARTESIAN_POINT('',(0.1,-14.94,0.9));
#10436 = LINE('',#10437,#10438);
#10437 = CARTESIAN_POINT('',(0.3,-14.94,0.9));
#10438 = VECTOR('',#10439,1.);
#10439 = DIRECTION('',(-1.,1.110223024625E-16,0.));
#10440 = ORIENTED_EDGE('',*,*,#10441,.T.);
#10441 = EDGE_CURVE('',#10434,#10442,#10444,.T.);
#10442 = VERTEX_POINT('',#10443);
#10443 = CARTESIAN_POINT('',(0.1,-14.94,7.4));
#10444 = LINE('',#10445,#10446);
#10445 = CARTESIAN_POINT('',(0.1,-14.94,6.055738799212));
#10446 = VECTOR('',#10447,1.);
#10447 = DIRECTION('',(0.,-0.,1.));
#10448 = ORIENTED_EDGE('',*,*,#10449,.F.);
#10449 = EDGE_CURVE('',#10450,#10442,#10452,.T.);
#10450 = VERTEX_POINT('',#10451);
#10451 = CARTESIAN_POINT('',(-0.1,-14.94,7.4));
#10452 = LINE('',#10453,#10454);
#10453 = CARTESIAN_POINT('',(-0.1,-14.94,7.4));
#10454 = VECTOR('',#10455,1.);
#10455 = DIRECTION('',(1.,-1.110223024625E-16,0.));
#10456 = ORIENTED_EDGE('',*,*,#10457,.F.);
#10457 = EDGE_CURVE('',#10458,#10450,#10460,.T.);
#10458 = VERTEX_POINT('',#10459);
#10459 = CARTESIAN_POINT('',(-0.1,-14.94,0.9));
#10460 = LINE('',#10461,#10462);
#10461 = CARTESIAN_POINT('',(-0.1,-14.94,6.055738799212));
#10462 = VECTOR('',#10463,1.);
#10463 = DIRECTION('',(0.,-0.,1.));
#10464 = ORIENTED_EDGE('',*,*,#10465,.T.);
#10465 = EDGE_CURVE('',#10458,#10466,#10468,.T.);
#10466 = VERTEX_POINT('',#10467);
#10467 = CARTESIAN_POINT('',(-0.3,-14.94,0.9));
#10468 = LINE('',#10469,#10470);
#10469 = CARTESIAN_POINT('',(0.3,-14.94,0.9));
#10470 = VECTOR('',#10471,1.);
#10471 = DIRECTION('',(-1.,1.110223024625E-16,0.));
#10472 = ORIENTED_EDGE('',*,*,#10473,.F.);
#10473 = EDGE_CURVE('',#8578,#10466,#10474,.T.);
#10474 = LINE('',#10475,#10476);
#10475 = CARTESIAN_POINT('',(-0.3,-14.94,8.2));
#10476 = VECTOR('',#10477,1.);
#10477 = DIRECTION('',(0.,-0.,-1.));
#10478 = PLANE('',#10479);
#10479 = AXIS2_PLACEMENT_3D('',#10480,#10481,#10482);
#10480 = CARTESIAN_POINT('',(0.3,-14.94,8.2));
#10481 = DIRECTION('',(1.110223024625E-16,1.,0.));
#10482 = DIRECTION('',(-1.,1.110223024625E-16,0.));
#10483 = ADVANCED_FACE('',(#10484),#10502,.F.);
#10484 = FACE_BOUND('',#10485,.F.);
#10485 = EDGE_LOOP('',(#10486,#10487,#10495,#10501));
#10486 = ORIENTED_EDGE('',*,*,#10473,.T.);
#10487 = ORIENTED_EDGE('',*,*,#10488,.T.);
#10488 = EDGE_CURVE('',#10466,#10489,#10491,.T.);
#10489 = VERTEX_POINT('',#10490);
#10490 = CARTESIAN_POINT('',(-0.3,-15.54,0.9));
#10491 = LINE('',#10492,#10493);
#10492 = CARTESIAN_POINT('',(-0.3,-14.94,0.9));
#10493 = VECTOR('',#10494,1.);
#10494 = DIRECTION('',(-1.110223024625E-16,-1.,0.));
#10495 = ORIENTED_EDGE('',*,*,#10496,.F.);
#10496 = EDGE_CURVE('',#8602,#10489,#10497,.T.);
#10497 = LINE('',#10498,#10499);
#10498 = CARTESIAN_POINT('',(-0.3,-15.54,8.2));
#10499 = VECTOR('',#10500,1.);
#10500 = DIRECTION('',(0.,-0.,-1.));
#10501 = ORIENTED_EDGE('',*,*,#8609,.F.);
#10502 = PLANE('',#10503);
#10503 = AXIS2_PLACEMENT_3D('',#10504,#10505,#10506);
#10504 = CARTESIAN_POINT('',(-0.3,-14.94,8.2));
#10505 = DIRECTION('',(-1.,1.110223024625E-16,0.));
#10506 = DIRECTION('',(-1.110223024625E-16,-1.,0.));
#10507 = ADVANCED_FACE('',(#10508),#10551,.F.);
#10508 = FACE_BOUND('',#10509,.F.);
#10509 = EDGE_LOOP('',(#10510,#10511,#10512,#10520,#10528,#10536,#10544,
    #10550));
#10510 = ORIENTED_EDGE('',*,*,#8626,.F.);
#10511 = ORIENTED_EDGE('',*,*,#10496,.T.);
#10512 = ORIENTED_EDGE('',*,*,#10513,.T.);
#10513 = EDGE_CURVE('',#10489,#10514,#10516,.T.);
#10514 = VERTEX_POINT('',#10515);
#10515 = CARTESIAN_POINT('',(-0.1,-15.54,0.9));
#10516 = LINE('',#10517,#10518);
#10517 = CARTESIAN_POINT('',(-0.3,-15.54,0.9));
#10518 = VECTOR('',#10519,1.);
#10519 = DIRECTION('',(1.,-1.110223024625E-16,0.));
#10520 = ORIENTED_EDGE('',*,*,#10521,.F.);
#10521 = EDGE_CURVE('',#10522,#10514,#10524,.T.);
#10522 = VERTEX_POINT('',#10523);
#10523 = CARTESIAN_POINT('',(-0.1,-15.54,7.4));
#10524 = LINE('',#10525,#10526);
#10525 = CARTESIAN_POINT('',(-0.1,-15.54,6.055738799212));
#10526 = VECTOR('',#10527,1.);
#10527 = DIRECTION('',(-0.,0.,-1.));
#10528 = ORIENTED_EDGE('',*,*,#10529,.T.);
#10529 = EDGE_CURVE('',#10522,#10530,#10532,.T.);
#10530 = VERTEX_POINT('',#10531);
#10531 = CARTESIAN_POINT('',(0.1,-15.54,7.4));
#10532 = LINE('',#10533,#10534);
#10533 = CARTESIAN_POINT('',(-0.1,-15.54,7.4));
#10534 = VECTOR('',#10535,1.);
#10535 = DIRECTION('',(1.,-1.110223024625E-16,0.));
#10536 = ORIENTED_EDGE('',*,*,#10537,.T.);
#10537 = EDGE_CURVE('',#10530,#10538,#10540,.T.);
#10538 = VERTEX_POINT('',#10539);
#10539 = CARTESIAN_POINT('',(0.1,-15.54,0.9));
#10540 = LINE('',#10541,#10542);
#10541 = CARTESIAN_POINT('',(0.1,-15.54,6.055738799212));
#10542 = VECTOR('',#10543,1.);
#10543 = DIRECTION('',(-0.,0.,-1.));
#10544 = ORIENTED_EDGE('',*,*,#10545,.T.);
#10545 = EDGE_CURVE('',#10538,#10401,#10546,.T.);
#10546 = LINE('',#10547,#10548);
#10547 = CARTESIAN_POINT('',(-0.3,-15.54,0.9));
#10548 = VECTOR('',#10549,1.);
#10549 = DIRECTION('',(1.,-1.110223024625E-16,0.));
#10550 = ORIENTED_EDGE('',*,*,#10400,.F.);
#10551 = PLANE('',#10552);
#10552 = AXIS2_PLACEMENT_3D('',#10553,#10554,#10555);
#10553 = CARTESIAN_POINT('',(-0.3,-15.54,8.2));
#10554 = DIRECTION('',(-1.110223024625E-16,-1.,0.));
#10555 = DIRECTION('',(1.,-1.110223024625E-16,0.));
#10556 = ADVANCED_FACE('',(#10557),#10582,.F.);
#10557 = FACE_BOUND('',#10558,.F.);
#10558 = EDGE_LOOP('',(#10559,#10567,#10575,#10581));
#10559 = ORIENTED_EDGE('',*,*,#10560,.T.);
#10560 = EDGE_CURVE('',#8641,#10561,#10563,.T.);
#10561 = VERTEX_POINT('',#10562);
#10562 = CARTESIAN_POINT('',(0.3,-13.,0.9));
#10563 = LINE('',#10564,#10565);
#10564 = CARTESIAN_POINT('',(0.3,-13.,8.2));
#10565 = VECTOR('',#10566,1.);
#10566 = DIRECTION('',(0.,-0.,-1.));
#10567 = ORIENTED_EDGE('',*,*,#10568,.T.);
#10568 = EDGE_CURVE('',#10561,#10569,#10571,.T.);
#10569 = VERTEX_POINT('',#10570);
#10570 = CARTESIAN_POINT('',(0.3,-12.4,0.9));
#10571 = LINE('',#10572,#10573);
#10572 = CARTESIAN_POINT('',(0.3,-13.,0.9));
#10573 = VECTOR('',#10574,1.);
#10574 = DIRECTION('',(1.110223024625E-16,1.,0.));
#10575 = ORIENTED_EDGE('',*,*,#10576,.F.);
#10576 = EDGE_CURVE('',#8650,#10569,#10577,.T.);
#10577 = LINE('',#10578,#10579);
#10578 = CARTESIAN_POINT('',(0.3,-12.4,8.2));
#10579 = VECTOR('',#10580,1.);
#10580 = DIRECTION('',(0.,-0.,-1.));
#10581 = ORIENTED_EDGE('',*,*,#8657,.F.);
#10582 = PLANE('',#10583);
#10583 = AXIS2_PLACEMENT_3D('',#10584,#10585,#10586);
#10584 = CARTESIAN_POINT('',(0.3,-13.,8.2));
#10585 = DIRECTION('',(1.,-1.110223024625E-16,0.));
#10586 = DIRECTION('',(1.110223024625E-16,1.,0.));
#10587 = ADVANCED_FACE('',(#10588),#10638,.F.);
#10588 = FACE_BOUND('',#10589,.F.);
#10589 = EDGE_LOOP('',(#10590,#10591,#10592,#10600,#10608,#10616,#10624,
    #10632));
#10590 = ORIENTED_EDGE('',*,*,#8681,.F.);
#10591 = ORIENTED_EDGE('',*,*,#10576,.T.);
#10592 = ORIENTED_EDGE('',*,*,#10593,.T.);
#10593 = EDGE_CURVE('',#10569,#10594,#10596,.T.);
#10594 = VERTEX_POINT('',#10595);
#10595 = CARTESIAN_POINT('',(0.1,-12.4,0.9));
#10596 = LINE('',#10597,#10598);
#10597 = CARTESIAN_POINT('',(0.3,-12.4,0.9));
#10598 = VECTOR('',#10599,1.);
#10599 = DIRECTION('',(-1.,1.110223024625E-16,0.));
#10600 = ORIENTED_EDGE('',*,*,#10601,.T.);
#10601 = EDGE_CURVE('',#10594,#10602,#10604,.T.);
#10602 = VERTEX_POINT('',#10603);
#10603 = CARTESIAN_POINT('',(0.1,-12.4,7.4));
#10604 = LINE('',#10605,#10606);
#10605 = CARTESIAN_POINT('',(0.1,-12.4,6.055738799212));
#10606 = VECTOR('',#10607,1.);
#10607 = DIRECTION('',(0.,-0.,1.));
#10608 = ORIENTED_EDGE('',*,*,#10609,.F.);
#10609 = EDGE_CURVE('',#10610,#10602,#10612,.T.);
#10610 = VERTEX_POINT('',#10611);
#10611 = CARTESIAN_POINT('',(-0.1,-12.4,7.4));
#10612 = LINE('',#10613,#10614);
#10613 = CARTESIAN_POINT('',(-0.1,-12.4,7.4));
#10614 = VECTOR('',#10615,1.);
#10615 = DIRECTION('',(1.,-1.110223024625E-16,0.));
#10616 = ORIENTED_EDGE('',*,*,#10617,.F.);
#10617 = EDGE_CURVE('',#10618,#10610,#10620,.T.);
#10618 = VERTEX_POINT('',#10619);
#10619 = CARTESIAN_POINT('',(-0.1,-12.4,0.9));
#10620 = LINE('',#10621,#10622);
#10621 = CARTESIAN_POINT('',(-0.1,-12.4,6.055738799212));
#10622 = VECTOR('',#10623,1.);
#10623 = DIRECTION('',(0.,-0.,1.));
#10624 = ORIENTED_EDGE('',*,*,#10625,.T.);
#10625 = EDGE_CURVE('',#10618,#10626,#10628,.T.);
#10626 = VERTEX_POINT('',#10627);
#10627 = CARTESIAN_POINT('',(-0.3,-12.4,0.9));
#10628 = LINE('',#10629,#10630);
#10629 = CARTESIAN_POINT('',(0.3,-12.4,0.9));
#10630 = VECTOR('',#10631,1.);
#10631 = DIRECTION('',(-1.,1.110223024625E-16,0.));
#10632 = ORIENTED_EDGE('',*,*,#10633,.F.);
#10633 = EDGE_CURVE('',#8674,#10626,#10634,.T.);
#10634 = LINE('',#10635,#10636);
#10635 = CARTESIAN_POINT('',(-0.3,-12.4,8.2));
#10636 = VECTOR('',#10637,1.);
#10637 = DIRECTION('',(0.,-0.,-1.));
#10638 = PLANE('',#10639);
#10639 = AXIS2_PLACEMENT_3D('',#10640,#10641,#10642);
#10640 = CARTESIAN_POINT('',(0.3,-12.4,8.2));
#10641 = DIRECTION('',(1.110223024625E-16,1.,0.));
#10642 = DIRECTION('',(-1.,1.110223024625E-16,0.));
#10643 = ADVANCED_FACE('',(#10644),#10662,.F.);
#10644 = FACE_BOUND('',#10645,.F.);
#10645 = EDGE_LOOP('',(#10646,#10647,#10655,#10661));
#10646 = ORIENTED_EDGE('',*,*,#10633,.T.);
#10647 = ORIENTED_EDGE('',*,*,#10648,.T.);
#10648 = EDGE_CURVE('',#10626,#10649,#10651,.T.);
#10649 = VERTEX_POINT('',#10650);
#10650 = CARTESIAN_POINT('',(-0.3,-13.,0.9));
#10651 = LINE('',#10652,#10653);
#10652 = CARTESIAN_POINT('',(-0.3,-12.4,0.9));
#10653 = VECTOR('',#10654,1.);
#10654 = DIRECTION('',(-1.110223024625E-16,-1.,0.));
#10655 = ORIENTED_EDGE('',*,*,#10656,.F.);
#10656 = EDGE_CURVE('',#8698,#10649,#10657,.T.);
#10657 = LINE('',#10658,#10659);
#10658 = CARTESIAN_POINT('',(-0.3,-13.,8.2));
#10659 = VECTOR('',#10660,1.);
#10660 = DIRECTION('',(0.,-0.,-1.));
#10661 = ORIENTED_EDGE('',*,*,#8705,.F.);
#10662 = PLANE('',#10663);
#10663 = AXIS2_PLACEMENT_3D('',#10664,#10665,#10666);
#10664 = CARTESIAN_POINT('',(-0.3,-12.4,8.2));
#10665 = DIRECTION('',(-1.,1.110223024625E-16,0.));
#10666 = DIRECTION('',(-1.110223024625E-16,-1.,0.));
#10667 = ADVANCED_FACE('',(#10668),#10711,.F.);
#10668 = FACE_BOUND('',#10669,.F.);
#10669 = EDGE_LOOP('',(#10670,#10671,#10672,#10680,#10688,#10696,#10704,
    #10710));
#10670 = ORIENTED_EDGE('',*,*,#8722,.F.);
#10671 = ORIENTED_EDGE('',*,*,#10656,.T.);
#10672 = ORIENTED_EDGE('',*,*,#10673,.T.);
#10673 = EDGE_CURVE('',#10649,#10674,#10676,.T.);
#10674 = VERTEX_POINT('',#10675);
#10675 = CARTESIAN_POINT('',(-0.1,-13.,0.9));
#10676 = LINE('',#10677,#10678);
#10677 = CARTESIAN_POINT('',(-0.3,-13.,0.9));
#10678 = VECTOR('',#10679,1.);
#10679 = DIRECTION('',(1.,-1.110223024625E-16,0.));
#10680 = ORIENTED_EDGE('',*,*,#10681,.F.);
#10681 = EDGE_CURVE('',#10682,#10674,#10684,.T.);
#10682 = VERTEX_POINT('',#10683);
#10683 = CARTESIAN_POINT('',(-0.1,-13.,7.4));
#10684 = LINE('',#10685,#10686);
#10685 = CARTESIAN_POINT('',(-0.1,-13.,6.055738799212));
#10686 = VECTOR('',#10687,1.);
#10687 = DIRECTION('',(-0.,0.,-1.));
#10688 = ORIENTED_EDGE('',*,*,#10689,.T.);
#10689 = EDGE_CURVE('',#10682,#10690,#10692,.T.);
#10690 = VERTEX_POINT('',#10691);
#10691 = CARTESIAN_POINT('',(0.1,-13.,7.4));
#10692 = LINE('',#10693,#10694);
#10693 = CARTESIAN_POINT('',(-0.1,-13.,7.4));
#10694 = VECTOR('',#10695,1.);
#10695 = DIRECTION('',(1.,-1.110223024625E-16,0.));
#10696 = ORIENTED_EDGE('',*,*,#10697,.T.);
#10697 = EDGE_CURVE('',#10690,#10698,#10700,.T.);
#10698 = VERTEX_POINT('',#10699);
#10699 = CARTESIAN_POINT('',(0.1,-13.,0.9));
#10700 = LINE('',#10701,#10702);
#10701 = CARTESIAN_POINT('',(0.1,-13.,6.055738799212));
#10702 = VECTOR('',#10703,1.);
#10703 = DIRECTION('',(-0.,0.,-1.));
#10704 = ORIENTED_EDGE('',*,*,#10705,.T.);
#10705 = EDGE_CURVE('',#10698,#10561,#10706,.T.);
#10706 = LINE('',#10707,#10708);
#10707 = CARTESIAN_POINT('',(-0.3,-13.,0.9));
#10708 = VECTOR('',#10709,1.);
#10709 = DIRECTION('',(1.,-1.110223024625E-16,0.));
#10710 = ORIENTED_EDGE('',*,*,#10560,.F.);
#10711 = PLANE('',#10712);
#10712 = AXIS2_PLACEMENT_3D('',#10713,#10714,#10715);
#10713 = CARTESIAN_POINT('',(-0.3,-13.,8.2));
#10714 = DIRECTION('',(-1.110223024625E-16,-1.,0.));
#10715 = DIRECTION('',(1.,-1.110223024625E-16,0.));
#10716 = ADVANCED_FACE('',(#10717),#10742,.F.);
#10717 = FACE_BOUND('',#10718,.F.);
#10718 = EDGE_LOOP('',(#10719,#10727,#10735,#10741));
#10719 = ORIENTED_EDGE('',*,*,#10720,.T.);
#10720 = EDGE_CURVE('',#8737,#10721,#10723,.T.);
#10721 = VERTEX_POINT('',#10722);
#10722 = CARTESIAN_POINT('',(0.3,-10.46,0.9));
#10723 = LINE('',#10724,#10725);
#10724 = CARTESIAN_POINT('',(0.3,-10.46,8.2));
#10725 = VECTOR('',#10726,1.);
#10726 = DIRECTION('',(0.,-0.,-1.));
#10727 = ORIENTED_EDGE('',*,*,#10728,.T.);
#10728 = EDGE_CURVE('',#10721,#10729,#10731,.T.);
#10729 = VERTEX_POINT('',#10730);
#10730 = CARTESIAN_POINT('',(0.3,-9.86,0.9));
#10731 = LINE('',#10732,#10733);
#10732 = CARTESIAN_POINT('',(0.3,-10.46,0.9));
#10733 = VECTOR('',#10734,1.);
#10734 = DIRECTION('',(1.110223024625E-16,1.,0.));
#10735 = ORIENTED_EDGE('',*,*,#10736,.F.);
#10736 = EDGE_CURVE('',#8746,#10729,#10737,.T.);
#10737 = LINE('',#10738,#10739);
#10738 = CARTESIAN_POINT('',(0.3,-9.86,8.2));
#10739 = VECTOR('',#10740,1.);
#10740 = DIRECTION('',(0.,-0.,-1.));
#10741 = ORIENTED_EDGE('',*,*,#8753,.F.);
#10742 = PLANE('',#10743);
#10743 = AXIS2_PLACEMENT_3D('',#10744,#10745,#10746);
#10744 = CARTESIAN_POINT('',(0.3,-10.46,8.2));
#10745 = DIRECTION('',(1.,-1.110223024625E-16,0.));
#10746 = DIRECTION('',(1.110223024625E-16,1.,0.));
#10747 = ADVANCED_FACE('',(#10748),#10798,.F.);
#10748 = FACE_BOUND('',#10749,.F.);
#10749 = EDGE_LOOP('',(#10750,#10751,#10752,#10760,#10768,#10776,#10784,
    #10792));
#10750 = ORIENTED_EDGE('',*,*,#8777,.F.);
#10751 = ORIENTED_EDGE('',*,*,#10736,.T.);
#10752 = ORIENTED_EDGE('',*,*,#10753,.T.);
#10753 = EDGE_CURVE('',#10729,#10754,#10756,.T.);
#10754 = VERTEX_POINT('',#10755);
#10755 = CARTESIAN_POINT('',(0.1,-9.86,0.9));
#10756 = LINE('',#10757,#10758);
#10757 = CARTESIAN_POINT('',(0.3,-9.86,0.9));
#10758 = VECTOR('',#10759,1.);
#10759 = DIRECTION('',(-1.,1.110223024625E-16,0.));
#10760 = ORIENTED_EDGE('',*,*,#10761,.T.);
#10761 = EDGE_CURVE('',#10754,#10762,#10764,.T.);
#10762 = VERTEX_POINT('',#10763);
#10763 = CARTESIAN_POINT('',(0.1,-9.86,7.4));
#10764 = LINE('',#10765,#10766);
#10765 = CARTESIAN_POINT('',(0.1,-9.86,6.055738799212));
#10766 = VECTOR('',#10767,1.);
#10767 = DIRECTION('',(0.,-0.,1.));
#10768 = ORIENTED_EDGE('',*,*,#10769,.F.);
#10769 = EDGE_CURVE('',#10770,#10762,#10772,.T.);
#10770 = VERTEX_POINT('',#10771);
#10771 = CARTESIAN_POINT('',(-0.1,-9.86,7.4));
#10772 = LINE('',#10773,#10774);
#10773 = CARTESIAN_POINT('',(-0.1,-9.86,7.4));
#10774 = VECTOR('',#10775,1.);
#10775 = DIRECTION('',(1.,-1.110223024625E-16,0.));
#10776 = ORIENTED_EDGE('',*,*,#10777,.F.);
#10777 = EDGE_CURVE('',#10778,#10770,#10780,.T.);
#10778 = VERTEX_POINT('',#10779);
#10779 = CARTESIAN_POINT('',(-0.1,-9.86,0.9));
#10780 = LINE('',#10781,#10782);
#10781 = CARTESIAN_POINT('',(-0.1,-9.86,6.055738799212));
#10782 = VECTOR('',#10783,1.);
#10783 = DIRECTION('',(0.,-0.,1.));
#10784 = ORIENTED_EDGE('',*,*,#10785,.T.);
#10785 = EDGE_CURVE('',#10778,#10786,#10788,.T.);
#10786 = VERTEX_POINT('',#10787);
#10787 = CARTESIAN_POINT('',(-0.3,-9.86,0.9));
#10788 = LINE('',#10789,#10790);
#10789 = CARTESIAN_POINT('',(0.3,-9.86,0.9));
#10790 = VECTOR('',#10791,1.);
#10791 = DIRECTION('',(-1.,1.110223024625E-16,0.));
#10792 = ORIENTED_EDGE('',*,*,#10793,.F.);
#10793 = EDGE_CURVE('',#8770,#10786,#10794,.T.);
#10794 = LINE('',#10795,#10796);
#10795 = CARTESIAN_POINT('',(-0.3,-9.86,8.2));
#10796 = VECTOR('',#10797,1.);
#10797 = DIRECTION('',(0.,-0.,-1.));
#10798 = PLANE('',#10799);
#10799 = AXIS2_PLACEMENT_3D('',#10800,#10801,#10802);
#10800 = CARTESIAN_POINT('',(0.3,-9.86,8.2));
#10801 = DIRECTION('',(1.110223024625E-16,1.,0.));
#10802 = DIRECTION('',(-1.,1.110223024625E-16,0.));
#10803 = ADVANCED_FACE('',(#10804),#10822,.F.);
#10804 = FACE_BOUND('',#10805,.F.);
#10805 = EDGE_LOOP('',(#10806,#10807,#10815,#10821));
#10806 = ORIENTED_EDGE('',*,*,#10793,.T.);
#10807 = ORIENTED_EDGE('',*,*,#10808,.T.);
#10808 = EDGE_CURVE('',#10786,#10809,#10811,.T.);
#10809 = VERTEX_POINT('',#10810);
#10810 = CARTESIAN_POINT('',(-0.3,-10.46,0.9));
#10811 = LINE('',#10812,#10813);
#10812 = CARTESIAN_POINT('',(-0.3,-9.86,0.9));
#10813 = VECTOR('',#10814,1.);
#10814 = DIRECTION('',(-1.110223024625E-16,-1.,0.));
#10815 = ORIENTED_EDGE('',*,*,#10816,.F.);
#10816 = EDGE_CURVE('',#8794,#10809,#10817,.T.);
#10817 = LINE('',#10818,#10819);
#10818 = CARTESIAN_POINT('',(-0.3,-10.46,8.2));
#10819 = VECTOR('',#10820,1.);
#10820 = DIRECTION('',(0.,-0.,-1.));
#10821 = ORIENTED_EDGE('',*,*,#8801,.F.);
#10822 = PLANE('',#10823);
#10823 = AXIS2_PLACEMENT_3D('',#10824,#10825,#10826);
#10824 = CARTESIAN_POINT('',(-0.3,-9.86,8.2));
#10825 = DIRECTION('',(-1.,1.110223024625E-16,0.));
#10826 = DIRECTION('',(-1.110223024625E-16,-1.,0.));
#10827 = ADVANCED_FACE('',(#10828),#10871,.F.);
#10828 = FACE_BOUND('',#10829,.F.);
#10829 = EDGE_LOOP('',(#10830,#10831,#10832,#10840,#10848,#10856,#10864,
    #10870));
#10830 = ORIENTED_EDGE('',*,*,#8818,.F.);
#10831 = ORIENTED_EDGE('',*,*,#10816,.T.);
#10832 = ORIENTED_EDGE('',*,*,#10833,.T.);
#10833 = EDGE_CURVE('',#10809,#10834,#10836,.T.);
#10834 = VERTEX_POINT('',#10835);
#10835 = CARTESIAN_POINT('',(-0.1,-10.46,0.9));
#10836 = LINE('',#10837,#10838);
#10837 = CARTESIAN_POINT('',(-0.3,-10.46,0.9));
#10838 = VECTOR('',#10839,1.);
#10839 = DIRECTION('',(1.,-1.110223024625E-16,0.));
#10840 = ORIENTED_EDGE('',*,*,#10841,.F.);
#10841 = EDGE_CURVE('',#10842,#10834,#10844,.T.);
#10842 = VERTEX_POINT('',#10843);
#10843 = CARTESIAN_POINT('',(-0.1,-10.46,7.4));
#10844 = LINE('',#10845,#10846);
#10845 = CARTESIAN_POINT('',(-0.1,-10.46,6.055738799212));
#10846 = VECTOR('',#10847,1.);
#10847 = DIRECTION('',(-0.,0.,-1.));
#10848 = ORIENTED_EDGE('',*,*,#10849,.T.);
#10849 = EDGE_CURVE('',#10842,#10850,#10852,.T.);
#10850 = VERTEX_POINT('',#10851);
#10851 = CARTESIAN_POINT('',(0.1,-10.46,7.4));
#10852 = LINE('',#10853,#10854);
#10853 = CARTESIAN_POINT('',(-0.1,-10.46,7.4));
#10854 = VECTOR('',#10855,1.);
#10855 = DIRECTION('',(1.,-1.110223024625E-16,0.));
#10856 = ORIENTED_EDGE('',*,*,#10857,.T.);
#10857 = EDGE_CURVE('',#10850,#10858,#10860,.T.);
#10858 = VERTEX_POINT('',#10859);
#10859 = CARTESIAN_POINT('',(0.1,-10.46,0.9));
#10860 = LINE('',#10861,#10862);
#10861 = CARTESIAN_POINT('',(0.1,-10.46,6.055738799212));
#10862 = VECTOR('',#10863,1.);
#10863 = DIRECTION('',(-0.,0.,-1.));
#10864 = ORIENTED_EDGE('',*,*,#10865,.T.);
#10865 = EDGE_CURVE('',#10858,#10721,#10866,.T.);
#10866 = LINE('',#10867,#10868);
#10867 = CARTESIAN_POINT('',(-0.3,-10.46,0.9));
#10868 = VECTOR('',#10869,1.);
#10869 = DIRECTION('',(1.,-1.110223024625E-16,0.));
#10870 = ORIENTED_EDGE('',*,*,#10720,.F.);
#10871 = PLANE('',#10872);
#10872 = AXIS2_PLACEMENT_3D('',#10873,#10874,#10875);
#10873 = CARTESIAN_POINT('',(-0.3,-10.46,8.2));
#10874 = DIRECTION('',(-1.110223024625E-16,-1.,0.));
#10875 = DIRECTION('',(1.,-1.110223024625E-16,0.));
#10876 = ADVANCED_FACE('',(#10877),#10902,.F.);
#10877 = FACE_BOUND('',#10878,.F.);
#10878 = EDGE_LOOP('',(#10879,#10887,#10895,#10901));
#10879 = ORIENTED_EDGE('',*,*,#10880,.T.);
#10880 = EDGE_CURVE('',#8833,#10881,#10883,.T.);
#10881 = VERTEX_POINT('',#10882);
#10882 = CARTESIAN_POINT('',(0.3,-7.92,0.9));
#10883 = LINE('',#10884,#10885);
#10884 = CARTESIAN_POINT('',(0.3,-7.92,8.2));
#10885 = VECTOR('',#10886,1.);
#10886 = DIRECTION('',(0.,-0.,-1.));
#10887 = ORIENTED_EDGE('',*,*,#10888,.T.);
#10888 = EDGE_CURVE('',#10881,#10889,#10891,.T.);
#10889 = VERTEX_POINT('',#10890);
#10890 = CARTESIAN_POINT('',(0.3,-7.32,0.9));
#10891 = LINE('',#10892,#10893);
#10892 = CARTESIAN_POINT('',(0.3,-7.92,0.9));
#10893 = VECTOR('',#10894,1.);
#10894 = DIRECTION('',(1.110223024625E-16,1.,0.));
#10895 = ORIENTED_EDGE('',*,*,#10896,.F.);
#10896 = EDGE_CURVE('',#8842,#10889,#10897,.T.);
#10897 = LINE('',#10898,#10899);
#10898 = CARTESIAN_POINT('',(0.3,-7.32,8.2));
#10899 = VECTOR('',#10900,1.);
#10900 = DIRECTION('',(0.,-0.,-1.));
#10901 = ORIENTED_EDGE('',*,*,#8849,.F.);
#10902 = PLANE('',#10903);
#10903 = AXIS2_PLACEMENT_3D('',#10904,#10905,#10906);
#10904 = CARTESIAN_POINT('',(0.3,-7.92,8.2));
#10905 = DIRECTION('',(1.,-1.110223024625E-16,0.));
#10906 = DIRECTION('',(1.110223024625E-16,1.,0.));
#10907 = ADVANCED_FACE('',(#10908),#10958,.F.);
#10908 = FACE_BOUND('',#10909,.F.);
#10909 = EDGE_LOOP('',(#10910,#10911,#10912,#10920,#10928,#10936,#10944,
    #10952));
#10910 = ORIENTED_EDGE('',*,*,#8873,.F.);
#10911 = ORIENTED_EDGE('',*,*,#10896,.T.);
#10912 = ORIENTED_EDGE('',*,*,#10913,.T.);
#10913 = EDGE_CURVE('',#10889,#10914,#10916,.T.);
#10914 = VERTEX_POINT('',#10915);
#10915 = CARTESIAN_POINT('',(0.1,-7.32,0.9));
#10916 = LINE('',#10917,#10918);
#10917 = CARTESIAN_POINT('',(0.3,-7.32,0.9));
#10918 = VECTOR('',#10919,1.);
#10919 = DIRECTION('',(-1.,1.110223024625E-16,0.));
#10920 = ORIENTED_EDGE('',*,*,#10921,.T.);
#10921 = EDGE_CURVE('',#10914,#10922,#10924,.T.);
#10922 = VERTEX_POINT('',#10923);
#10923 = CARTESIAN_POINT('',(0.1,-7.32,7.4));
#10924 = LINE('',#10925,#10926);
#10925 = CARTESIAN_POINT('',(0.1,-7.32,6.055738799212));
#10926 = VECTOR('',#10927,1.);
#10927 = DIRECTION('',(0.,-0.,1.));
#10928 = ORIENTED_EDGE('',*,*,#10929,.F.);
#10929 = EDGE_CURVE('',#10930,#10922,#10932,.T.);
#10930 = VERTEX_POINT('',#10931);
#10931 = CARTESIAN_POINT('',(-0.1,-7.32,7.4));
#10932 = LINE('',#10933,#10934);
#10933 = CARTESIAN_POINT('',(-0.1,-7.32,7.4));
#10934 = VECTOR('',#10935,1.);
#10935 = DIRECTION('',(1.,-1.110223024625E-16,0.));
#10936 = ORIENTED_EDGE('',*,*,#10937,.F.);
#10937 = EDGE_CURVE('',#10938,#10930,#10940,.T.);
#10938 = VERTEX_POINT('',#10939);
#10939 = CARTESIAN_POINT('',(-0.1,-7.32,0.9));
#10940 = LINE('',#10941,#10942);
#10941 = CARTESIAN_POINT('',(-0.1,-7.32,6.055738799212));
#10942 = VECTOR('',#10943,1.);
#10943 = DIRECTION('',(0.,-0.,1.));
#10944 = ORIENTED_EDGE('',*,*,#10945,.T.);
#10945 = EDGE_CURVE('',#10938,#10946,#10948,.T.);
#10946 = VERTEX_POINT('',#10947);
#10947 = CARTESIAN_POINT('',(-0.3,-7.32,0.9));
#10948 = LINE('',#10949,#10950);
#10949 = CARTESIAN_POINT('',(0.3,-7.32,0.9));
#10950 = VECTOR('',#10951,1.);
#10951 = DIRECTION('',(-1.,1.110223024625E-16,0.));
#10952 = ORIENTED_EDGE('',*,*,#10953,.F.);
#10953 = EDGE_CURVE('',#8866,#10946,#10954,.T.);
#10954 = LINE('',#10955,#10956);
#10955 = CARTESIAN_POINT('',(-0.3,-7.32,8.2));
#10956 = VECTOR('',#10957,1.);
#10957 = DIRECTION('',(0.,-0.,-1.));
#10958 = PLANE('',#10959);
#10959 = AXIS2_PLACEMENT_3D('',#10960,#10961,#10962);
#10960 = CARTESIAN_POINT('',(0.3,-7.32,8.2));
#10961 = DIRECTION('',(1.110223024625E-16,1.,0.));
#10962 = DIRECTION('',(-1.,1.110223024625E-16,0.));
#10963 = ADVANCED_FACE('',(#10964),#10982,.F.);
#10964 = FACE_BOUND('',#10965,.F.);
#10965 = EDGE_LOOP('',(#10966,#10967,#10975,#10981));
#10966 = ORIENTED_EDGE('',*,*,#10953,.T.);
#10967 = ORIENTED_EDGE('',*,*,#10968,.T.);
#10968 = EDGE_CURVE('',#10946,#10969,#10971,.T.);
#10969 = VERTEX_POINT('',#10970);
#10970 = CARTESIAN_POINT('',(-0.3,-7.92,0.9));
#10971 = LINE('',#10972,#10973);
#10972 = CARTESIAN_POINT('',(-0.3,-7.32,0.9));
#10973 = VECTOR('',#10974,1.);
#10974 = DIRECTION('',(-1.110223024625E-16,-1.,0.));
#10975 = ORIENTED_EDGE('',*,*,#10976,.F.);
#10976 = EDGE_CURVE('',#8890,#10969,#10977,.T.);
#10977 = LINE('',#10978,#10979);
#10978 = CARTESIAN_POINT('',(-0.3,-7.92,8.2));
#10979 = VECTOR('',#10980,1.);
#10980 = DIRECTION('',(0.,-0.,-1.));
#10981 = ORIENTED_EDGE('',*,*,#8897,.F.);
#10982 = PLANE('',#10983);
#10983 = AXIS2_PLACEMENT_3D('',#10984,#10985,#10986);
#10984 = CARTESIAN_POINT('',(-0.3,-7.32,8.2));
#10985 = DIRECTION('',(-1.,1.110223024625E-16,0.));
#10986 = DIRECTION('',(-1.110223024625E-16,-1.,0.));
#10987 = ADVANCED_FACE('',(#10988),#11031,.F.);
#10988 = FACE_BOUND('',#10989,.F.);
#10989 = EDGE_LOOP('',(#10990,#10991,#10992,#11000,#11008,#11016,#11024,
    #11030));
#10990 = ORIENTED_EDGE('',*,*,#8914,.F.);
#10991 = ORIENTED_EDGE('',*,*,#10976,.T.);
#10992 = ORIENTED_EDGE('',*,*,#10993,.T.);
#10993 = EDGE_CURVE('',#10969,#10994,#10996,.T.);
#10994 = VERTEX_POINT('',#10995);
#10995 = CARTESIAN_POINT('',(-0.1,-7.92,0.9));
#10996 = LINE('',#10997,#10998);
#10997 = CARTESIAN_POINT('',(-0.3,-7.92,0.9));
#10998 = VECTOR('',#10999,1.);
#10999 = DIRECTION('',(1.,-1.110223024625E-16,0.));
#11000 = ORIENTED_EDGE('',*,*,#11001,.F.);
#11001 = EDGE_CURVE('',#11002,#10994,#11004,.T.);
#11002 = VERTEX_POINT('',#11003);
#11003 = CARTESIAN_POINT('',(-0.1,-7.92,7.4));
#11004 = LINE('',#11005,#11006);
#11005 = CARTESIAN_POINT('',(-0.1,-7.92,6.055738799212));
#11006 = VECTOR('',#11007,1.);
#11007 = DIRECTION('',(-0.,0.,-1.));
#11008 = ORIENTED_EDGE('',*,*,#11009,.T.);
#11009 = EDGE_CURVE('',#11002,#11010,#11012,.T.);
#11010 = VERTEX_POINT('',#11011);
#11011 = CARTESIAN_POINT('',(0.1,-7.92,7.4));
#11012 = LINE('',#11013,#11014);
#11013 = CARTESIAN_POINT('',(-0.1,-7.92,7.4));
#11014 = VECTOR('',#11015,1.);
#11015 = DIRECTION('',(1.,-1.110223024625E-16,0.));
#11016 = ORIENTED_EDGE('',*,*,#11017,.T.);
#11017 = EDGE_CURVE('',#11010,#11018,#11020,.T.);
#11018 = VERTEX_POINT('',#11019);
#11019 = CARTESIAN_POINT('',(0.1,-7.92,0.9));
#11020 = LINE('',#11021,#11022);
#11021 = CARTESIAN_POINT('',(0.1,-7.92,6.055738799212));
#11022 = VECTOR('',#11023,1.);
#11023 = DIRECTION('',(-0.,0.,-1.));
#11024 = ORIENTED_EDGE('',*,*,#11025,.T.);
#11025 = EDGE_CURVE('',#11018,#10881,#11026,.T.);
#11026 = LINE('',#11027,#11028);
#11027 = CARTESIAN_POINT('',(-0.3,-7.92,0.9));
#11028 = VECTOR('',#11029,1.);
#11029 = DIRECTION('',(1.,-1.110223024625E-16,0.));
#11030 = ORIENTED_EDGE('',*,*,#10880,.F.);
#11031 = PLANE('',#11032);
#11032 = AXIS2_PLACEMENT_3D('',#11033,#11034,#11035);
#11033 = CARTESIAN_POINT('',(-0.3,-7.92,8.2));
#11034 = DIRECTION('',(-1.110223024625E-16,-1.,0.));
#11035 = DIRECTION('',(1.,-1.110223024625E-16,0.));
#11036 = ADVANCED_FACE('',(#11037),#11062,.F.);
#11037 = FACE_BOUND('',#11038,.F.);
#11038 = EDGE_LOOP('',(#11039,#11047,#11055,#11061));
#11039 = ORIENTED_EDGE('',*,*,#11040,.T.);
#11040 = EDGE_CURVE('',#8929,#11041,#11043,.T.);
#11041 = VERTEX_POINT('',#11042);
#11042 = CARTESIAN_POINT('',(0.3,-5.38,0.9));
#11043 = LINE('',#11044,#11045);
#11044 = CARTESIAN_POINT('',(0.3,-5.38,8.2));
#11045 = VECTOR('',#11046,1.);
#11046 = DIRECTION('',(0.,-0.,-1.));
#11047 = ORIENTED_EDGE('',*,*,#11048,.T.);
#11048 = EDGE_CURVE('',#11041,#11049,#11051,.T.);
#11049 = VERTEX_POINT('',#11050);
#11050 = CARTESIAN_POINT('',(0.3,-4.78,0.9));
#11051 = LINE('',#11052,#11053);
#11052 = CARTESIAN_POINT('',(0.3,-5.38,0.9));
#11053 = VECTOR('',#11054,1.);
#11054 = DIRECTION('',(1.110223024625E-16,1.,0.));
#11055 = ORIENTED_EDGE('',*,*,#11056,.F.);
#11056 = EDGE_CURVE('',#8938,#11049,#11057,.T.);
#11057 = LINE('',#11058,#11059);
#11058 = CARTESIAN_POINT('',(0.3,-4.78,8.2));
#11059 = VECTOR('',#11060,1.);
#11060 = DIRECTION('',(0.,-0.,-1.));
#11061 = ORIENTED_EDGE('',*,*,#8945,.F.);
#11062 = PLANE('',#11063);
#11063 = AXIS2_PLACEMENT_3D('',#11064,#11065,#11066);
#11064 = CARTESIAN_POINT('',(0.3,-5.38,8.2));
#11065 = DIRECTION('',(1.,-1.110223024625E-16,0.));
#11066 = DIRECTION('',(1.110223024625E-16,1.,0.));
#11067 = ADVANCED_FACE('',(#11068),#11118,.F.);
#11068 = FACE_BOUND('',#11069,.F.);
#11069 = EDGE_LOOP('',(#11070,#11071,#11072,#11080,#11088,#11096,#11104,
    #11112));
#11070 = ORIENTED_EDGE('',*,*,#8969,.F.);
#11071 = ORIENTED_EDGE('',*,*,#11056,.T.);
#11072 = ORIENTED_EDGE('',*,*,#11073,.T.);
#11073 = EDGE_CURVE('',#11049,#11074,#11076,.T.);
#11074 = VERTEX_POINT('',#11075);
#11075 = CARTESIAN_POINT('',(0.1,-4.78,0.9));
#11076 = LINE('',#11077,#11078);
#11077 = CARTESIAN_POINT('',(0.3,-4.78,0.9));
#11078 = VECTOR('',#11079,1.);
#11079 = DIRECTION('',(-1.,1.110223024625E-16,0.));
#11080 = ORIENTED_EDGE('',*,*,#11081,.T.);
#11081 = EDGE_CURVE('',#11074,#11082,#11084,.T.);
#11082 = VERTEX_POINT('',#11083);
#11083 = CARTESIAN_POINT('',(0.1,-4.78,7.4));
#11084 = LINE('',#11085,#11086);
#11085 = CARTESIAN_POINT('',(0.1,-4.78,6.055738799212));
#11086 = VECTOR('',#11087,1.);
#11087 = DIRECTION('',(0.,-0.,1.));
#11088 = ORIENTED_EDGE('',*,*,#11089,.F.);
#11089 = EDGE_CURVE('',#11090,#11082,#11092,.T.);
#11090 = VERTEX_POINT('',#11091);
#11091 = CARTESIAN_POINT('',(-0.1,-4.78,7.4));
#11092 = LINE('',#11093,#11094);
#11093 = CARTESIAN_POINT('',(-0.1,-4.78,7.4));
#11094 = VECTOR('',#11095,1.);
#11095 = DIRECTION('',(1.,-1.110223024625E-16,0.));
#11096 = ORIENTED_EDGE('',*,*,#11097,.F.);
#11097 = EDGE_CURVE('',#11098,#11090,#11100,.T.);
#11098 = VERTEX_POINT('',#11099);
#11099 = CARTESIAN_POINT('',(-0.1,-4.78,0.9));
#11100 = LINE('',#11101,#11102);
#11101 = CARTESIAN_POINT('',(-0.1,-4.78,6.055738799212));
#11102 = VECTOR('',#11103,1.);
#11103 = DIRECTION('',(0.,-0.,1.));
#11104 = ORIENTED_EDGE('',*,*,#11105,.T.);
#11105 = EDGE_CURVE('',#11098,#11106,#11108,.T.);
#11106 = VERTEX_POINT('',#11107);
#11107 = CARTESIAN_POINT('',(-0.3,-4.78,0.9));
#11108 = LINE('',#11109,#11110);
#11109 = CARTESIAN_POINT('',(0.3,-4.78,0.9));
#11110 = VECTOR('',#11111,1.);
#11111 = DIRECTION('',(-1.,1.110223024625E-16,0.));
#11112 = ORIENTED_EDGE('',*,*,#11113,.F.);
#11113 = EDGE_CURVE('',#8962,#11106,#11114,.T.);
#11114 = LINE('',#11115,#11116);
#11115 = CARTESIAN_POINT('',(-0.3,-4.78,8.2));
#11116 = VECTOR('',#11117,1.);
#11117 = DIRECTION('',(0.,-0.,-1.));
#11118 = PLANE('',#11119);
#11119 = AXIS2_PLACEMENT_3D('',#11120,#11121,#11122);
#11120 = CARTESIAN_POINT('',(0.3,-4.78,8.2));
#11121 = DIRECTION('',(1.110223024625E-16,1.,0.));
#11122 = DIRECTION('',(-1.,1.110223024625E-16,0.));
#11123 = ADVANCED_FACE('',(#11124),#11142,.F.);
#11124 = FACE_BOUND('',#11125,.F.);
#11125 = EDGE_LOOP('',(#11126,#11127,#11135,#11141));
#11126 = ORIENTED_EDGE('',*,*,#11113,.T.);
#11127 = ORIENTED_EDGE('',*,*,#11128,.T.);
#11128 = EDGE_CURVE('',#11106,#11129,#11131,.T.);
#11129 = VERTEX_POINT('',#11130);
#11130 = CARTESIAN_POINT('',(-0.3,-5.38,0.9));
#11131 = LINE('',#11132,#11133);
#11132 = CARTESIAN_POINT('',(-0.3,-4.78,0.9));
#11133 = VECTOR('',#11134,1.);
#11134 = DIRECTION('',(-1.110223024625E-16,-1.,0.));
#11135 = ORIENTED_EDGE('',*,*,#11136,.F.);
#11136 = EDGE_CURVE('',#8986,#11129,#11137,.T.);
#11137 = LINE('',#11138,#11139);
#11138 = CARTESIAN_POINT('',(-0.3,-5.38,8.2));
#11139 = VECTOR('',#11140,1.);
#11140 = DIRECTION('',(0.,-0.,-1.));
#11141 = ORIENTED_EDGE('',*,*,#8993,.F.);
#11142 = PLANE('',#11143);
#11143 = AXIS2_PLACEMENT_3D('',#11144,#11145,#11146);
#11144 = CARTESIAN_POINT('',(-0.3,-4.78,8.2));
#11145 = DIRECTION('',(-1.,1.110223024625E-16,0.));
#11146 = DIRECTION('',(-1.110223024625E-16,-1.,0.));
#11147 = ADVANCED_FACE('',(#11148),#11191,.F.);
#11148 = FACE_BOUND('',#11149,.F.);
#11149 = EDGE_LOOP('',(#11150,#11151,#11152,#11160,#11168,#11176,#11184,
    #11190));
#11150 = ORIENTED_EDGE('',*,*,#9010,.F.);
#11151 = ORIENTED_EDGE('',*,*,#11136,.T.);
#11152 = ORIENTED_EDGE('',*,*,#11153,.T.);
#11153 = EDGE_CURVE('',#11129,#11154,#11156,.T.);
#11154 = VERTEX_POINT('',#11155);
#11155 = CARTESIAN_POINT('',(-0.1,-5.38,0.9));
#11156 = LINE('',#11157,#11158);
#11157 = CARTESIAN_POINT('',(-0.3,-5.38,0.9));
#11158 = VECTOR('',#11159,1.);
#11159 = DIRECTION('',(1.,-1.110223024625E-16,0.));
#11160 = ORIENTED_EDGE('',*,*,#11161,.F.);
#11161 = EDGE_CURVE('',#11162,#11154,#11164,.T.);
#11162 = VERTEX_POINT('',#11163);
#11163 = CARTESIAN_POINT('',(-0.1,-5.38,7.4));
#11164 = LINE('',#11165,#11166);
#11165 = CARTESIAN_POINT('',(-0.1,-5.38,6.055738799212));
#11166 = VECTOR('',#11167,1.);
#11167 = DIRECTION('',(-0.,0.,-1.));
#11168 = ORIENTED_EDGE('',*,*,#11169,.T.);
#11169 = EDGE_CURVE('',#11162,#11170,#11172,.T.);
#11170 = VERTEX_POINT('',#11171);
#11171 = CARTESIAN_POINT('',(0.1,-5.38,7.4));
#11172 = LINE('',#11173,#11174);
#11173 = CARTESIAN_POINT('',(-0.1,-5.38,7.4));
#11174 = VECTOR('',#11175,1.);
#11175 = DIRECTION('',(1.,-1.110223024625E-16,0.));
#11176 = ORIENTED_EDGE('',*,*,#11177,.T.);
#11177 = EDGE_CURVE('',#11170,#11178,#11180,.T.);
#11178 = VERTEX_POINT('',#11179);
#11179 = CARTESIAN_POINT('',(0.1,-5.38,0.9));
#11180 = LINE('',#11181,#11182);
#11181 = CARTESIAN_POINT('',(0.1,-5.38,6.055738799212));
#11182 = VECTOR('',#11183,1.);
#11183 = DIRECTION('',(-0.,0.,-1.));
#11184 = ORIENTED_EDGE('',*,*,#11185,.T.);
#11185 = EDGE_CURVE('',#11178,#11041,#11186,.T.);
#11186 = LINE('',#11187,#11188);
#11187 = CARTESIAN_POINT('',(-0.3,-5.38,0.9));
#11188 = VECTOR('',#11189,1.);
#11189 = DIRECTION('',(1.,-1.110223024625E-16,0.));
#11190 = ORIENTED_EDGE('',*,*,#11040,.F.);
#11191 = PLANE('',#11192);
#11192 = AXIS2_PLACEMENT_3D('',#11193,#11194,#11195);
#11193 = CARTESIAN_POINT('',(-0.3,-5.38,8.2));
#11194 = DIRECTION('',(-1.110223024625E-16,-1.,0.));
#11195 = DIRECTION('',(1.,-1.110223024625E-16,0.));
#11196 = ADVANCED_FACE('',(#11197),#11222,.F.);
#11197 = FACE_BOUND('',#11198,.F.);
#11198 = EDGE_LOOP('',(#11199,#11207,#11215,#11221));
#11199 = ORIENTED_EDGE('',*,*,#11200,.T.);
#11200 = EDGE_CURVE('',#9025,#11201,#11203,.T.);
#11201 = VERTEX_POINT('',#11202);
#11202 = CARTESIAN_POINT('',(0.3,-2.84,0.9));
#11203 = LINE('',#11204,#11205);
#11204 = CARTESIAN_POINT('',(0.3,-2.84,8.2));
#11205 = VECTOR('',#11206,1.);
#11206 = DIRECTION('',(0.,-0.,-1.));
#11207 = ORIENTED_EDGE('',*,*,#11208,.T.);
#11208 = EDGE_CURVE('',#11201,#11209,#11211,.T.);
#11209 = VERTEX_POINT('',#11210);
#11210 = CARTESIAN_POINT('',(0.3,-2.24,0.9));
#11211 = LINE('',#11212,#11213);
#11212 = CARTESIAN_POINT('',(0.3,-2.84,0.9));
#11213 = VECTOR('',#11214,1.);
#11214 = DIRECTION('',(1.110223024625E-16,1.,0.));
#11215 = ORIENTED_EDGE('',*,*,#11216,.F.);
#11216 = EDGE_CURVE('',#9034,#11209,#11217,.T.);
#11217 = LINE('',#11218,#11219);
#11218 = CARTESIAN_POINT('',(0.3,-2.24,8.2));
#11219 = VECTOR('',#11220,1.);
#11220 = DIRECTION('',(0.,-0.,-1.));
#11221 = ORIENTED_EDGE('',*,*,#9041,.F.);
#11222 = PLANE('',#11223);
#11223 = AXIS2_PLACEMENT_3D('',#11224,#11225,#11226);
#11224 = CARTESIAN_POINT('',(0.3,-2.84,8.2));
#11225 = DIRECTION('',(1.,-1.110223024625E-16,0.));
#11226 = DIRECTION('',(1.110223024625E-16,1.,0.));
#11227 = ADVANCED_FACE('',(#11228),#11278,.F.);
#11228 = FACE_BOUND('',#11229,.F.);
#11229 = EDGE_LOOP('',(#11230,#11231,#11232,#11240,#11248,#11256,#11264,
    #11272));
#11230 = ORIENTED_EDGE('',*,*,#9065,.F.);
#11231 = ORIENTED_EDGE('',*,*,#11216,.T.);
#11232 = ORIENTED_EDGE('',*,*,#11233,.T.);
#11233 = EDGE_CURVE('',#11209,#11234,#11236,.T.);
#11234 = VERTEX_POINT('',#11235);
#11235 = CARTESIAN_POINT('',(0.1,-2.24,0.9));
#11236 = LINE('',#11237,#11238);
#11237 = CARTESIAN_POINT('',(0.3,-2.24,0.9));
#11238 = VECTOR('',#11239,1.);
#11239 = DIRECTION('',(-1.,1.110223024625E-16,0.));
#11240 = ORIENTED_EDGE('',*,*,#11241,.T.);
#11241 = EDGE_CURVE('',#11234,#11242,#11244,.T.);
#11242 = VERTEX_POINT('',#11243);
#11243 = CARTESIAN_POINT('',(0.1,-2.24,7.4));
#11244 = LINE('',#11245,#11246);
#11245 = CARTESIAN_POINT('',(0.1,-2.24,6.055738799212));
#11246 = VECTOR('',#11247,1.);
#11247 = DIRECTION('',(0.,-0.,1.));
#11248 = ORIENTED_EDGE('',*,*,#11249,.F.);
#11249 = EDGE_CURVE('',#11250,#11242,#11252,.T.);
#11250 = VERTEX_POINT('',#11251);
#11251 = CARTESIAN_POINT('',(-0.1,-2.24,7.4));
#11252 = LINE('',#11253,#11254);
#11253 = CARTESIAN_POINT('',(-0.1,-2.24,7.4));
#11254 = VECTOR('',#11255,1.);
#11255 = DIRECTION('',(1.,-1.110223024625E-16,0.));
#11256 = ORIENTED_EDGE('',*,*,#11257,.F.);
#11257 = EDGE_CURVE('',#11258,#11250,#11260,.T.);
#11258 = VERTEX_POINT('',#11259);
#11259 = CARTESIAN_POINT('',(-0.1,-2.24,0.9));
#11260 = LINE('',#11261,#11262);
#11261 = CARTESIAN_POINT('',(-0.1,-2.24,6.055738799212));
#11262 = VECTOR('',#11263,1.);
#11263 = DIRECTION('',(0.,-0.,1.));
#11264 = ORIENTED_EDGE('',*,*,#11265,.T.);
#11265 = EDGE_CURVE('',#11258,#11266,#11268,.T.);
#11266 = VERTEX_POINT('',#11267);
#11267 = CARTESIAN_POINT('',(-0.3,-2.24,0.9));
#11268 = LINE('',#11269,#11270);
#11269 = CARTESIAN_POINT('',(0.3,-2.24,0.9));
#11270 = VECTOR('',#11271,1.);
#11271 = DIRECTION('',(-1.,1.110223024625E-16,0.));
#11272 = ORIENTED_EDGE('',*,*,#11273,.F.);
#11273 = EDGE_CURVE('',#9058,#11266,#11274,.T.);
#11274 = LINE('',#11275,#11276);
#11275 = CARTESIAN_POINT('',(-0.3,-2.24,8.2));
#11276 = VECTOR('',#11277,1.);
#11277 = DIRECTION('',(0.,-0.,-1.));
#11278 = PLANE('',#11279);
#11279 = AXIS2_PLACEMENT_3D('',#11280,#11281,#11282);
#11280 = CARTESIAN_POINT('',(0.3,-2.24,8.2));
#11281 = DIRECTION('',(1.110223024625E-16,1.,0.));
#11282 = DIRECTION('',(-1.,1.110223024625E-16,0.));
#11283 = ADVANCED_FACE('',(#11284),#11302,.F.);
#11284 = FACE_BOUND('',#11285,.F.);
#11285 = EDGE_LOOP('',(#11286,#11287,#11295,#11301));
#11286 = ORIENTED_EDGE('',*,*,#11273,.T.);
#11287 = ORIENTED_EDGE('',*,*,#11288,.T.);
#11288 = EDGE_CURVE('',#11266,#11289,#11291,.T.);
#11289 = VERTEX_POINT('',#11290);
#11290 = CARTESIAN_POINT('',(-0.3,-2.84,0.9));
#11291 = LINE('',#11292,#11293);
#11292 = CARTESIAN_POINT('',(-0.3,-2.24,0.9));
#11293 = VECTOR('',#11294,1.);
#11294 = DIRECTION('',(-1.110223024625E-16,-1.,0.));
#11295 = ORIENTED_EDGE('',*,*,#11296,.F.);
#11296 = EDGE_CURVE('',#9082,#11289,#11297,.T.);
#11297 = LINE('',#11298,#11299);
#11298 = CARTESIAN_POINT('',(-0.3,-2.84,8.2));
#11299 = VECTOR('',#11300,1.);
#11300 = DIRECTION('',(0.,-0.,-1.));
#11301 = ORIENTED_EDGE('',*,*,#9089,.F.);
#11302 = PLANE('',#11303);
#11303 = AXIS2_PLACEMENT_3D('',#11304,#11305,#11306);
#11304 = CARTESIAN_POINT('',(-0.3,-2.24,8.2));
#11305 = DIRECTION('',(-1.,1.110223024625E-16,0.));
#11306 = DIRECTION('',(-1.110223024625E-16,-1.,0.));
#11307 = ADVANCED_FACE('',(#11308),#11351,.F.);
#11308 = FACE_BOUND('',#11309,.F.);
#11309 = EDGE_LOOP('',(#11310,#11311,#11312,#11320,#11328,#11336,#11344,
    #11350));
#11310 = ORIENTED_EDGE('',*,*,#9106,.F.);
#11311 = ORIENTED_EDGE('',*,*,#11296,.T.);
#11312 = ORIENTED_EDGE('',*,*,#11313,.T.);
#11313 = EDGE_CURVE('',#11289,#11314,#11316,.T.);
#11314 = VERTEX_POINT('',#11315);
#11315 = CARTESIAN_POINT('',(-0.1,-2.84,0.9));
#11316 = LINE('',#11317,#11318);
#11317 = CARTESIAN_POINT('',(-0.3,-2.84,0.9));
#11318 = VECTOR('',#11319,1.);
#11319 = DIRECTION('',(1.,-1.110223024625E-16,0.));
#11320 = ORIENTED_EDGE('',*,*,#11321,.F.);
#11321 = EDGE_CURVE('',#11322,#11314,#11324,.T.);
#11322 = VERTEX_POINT('',#11323);
#11323 = CARTESIAN_POINT('',(-0.1,-2.84,7.4));
#11324 = LINE('',#11325,#11326);
#11325 = CARTESIAN_POINT('',(-0.1,-2.84,6.055738799212));
#11326 = VECTOR('',#11327,1.);
#11327 = DIRECTION('',(-0.,0.,-1.));
#11328 = ORIENTED_EDGE('',*,*,#11329,.T.);
#11329 = EDGE_CURVE('',#11322,#11330,#11332,.T.);
#11330 = VERTEX_POINT('',#11331);
#11331 = CARTESIAN_POINT('',(0.1,-2.84,7.4));
#11332 = LINE('',#11333,#11334);
#11333 = CARTESIAN_POINT('',(-0.1,-2.84,7.4));
#11334 = VECTOR('',#11335,1.);
#11335 = DIRECTION('',(1.,-1.110223024625E-16,0.));
#11336 = ORIENTED_EDGE('',*,*,#11337,.T.);
#11337 = EDGE_CURVE('',#11330,#11338,#11340,.T.);
#11338 = VERTEX_POINT('',#11339);
#11339 = CARTESIAN_POINT('',(0.1,-2.84,0.9));
#11340 = LINE('',#11341,#11342);
#11341 = CARTESIAN_POINT('',(0.1,-2.84,6.055738799212));
#11342 = VECTOR('',#11343,1.);
#11343 = DIRECTION('',(-0.,0.,-1.));
#11344 = ORIENTED_EDGE('',*,*,#11345,.T.);
#11345 = EDGE_CURVE('',#11338,#11201,#11346,.T.);
#11346 = LINE('',#11347,#11348);
#11347 = CARTESIAN_POINT('',(-0.3,-2.84,0.9));
#11348 = VECTOR('',#11349,1.);
#11349 = DIRECTION('',(1.,-1.110223024625E-16,0.));
#11350 = ORIENTED_EDGE('',*,*,#11200,.F.);
#11351 = PLANE('',#11352);
#11352 = AXIS2_PLACEMENT_3D('',#11353,#11354,#11355);
#11353 = CARTESIAN_POINT('',(-0.3,-2.84,8.2));
#11354 = DIRECTION('',(-1.110223024625E-16,-1.,0.));
#11355 = DIRECTION('',(1.,-1.110223024625E-16,0.));
#11356 = ADVANCED_FACE('',(#11357),#11382,.F.);
#11357 = FACE_BOUND('',#11358,.F.);
#11358 = EDGE_LOOP('',(#11359,#11367,#11375,#11381));
#11359 = ORIENTED_EDGE('',*,*,#11360,.T.);
#11360 = EDGE_CURVE('',#9121,#11361,#11363,.T.);
#11361 = VERTEX_POINT('',#11362);
#11362 = CARTESIAN_POINT('',(0.3,-0.3,0.9));
#11363 = LINE('',#11364,#11365);
#11364 = CARTESIAN_POINT('',(0.3,-0.3,8.2));
#11365 = VECTOR('',#11366,1.);
#11366 = DIRECTION('',(0.,-0.,-1.));
#11367 = ORIENTED_EDGE('',*,*,#11368,.T.);
#11368 = EDGE_CURVE('',#11361,#11369,#11371,.T.);
#11369 = VERTEX_POINT('',#11370);
#11370 = CARTESIAN_POINT('',(0.3,0.3,0.9));
#11371 = LINE('',#11372,#11373);
#11372 = CARTESIAN_POINT('',(0.3,-0.3,0.9));
#11373 = VECTOR('',#11374,1.);
#11374 = DIRECTION('',(1.110223024625E-16,1.,0.));
#11375 = ORIENTED_EDGE('',*,*,#11376,.F.);
#11376 = EDGE_CURVE('',#9130,#11369,#11377,.T.);
#11377 = LINE('',#11378,#11379);
#11378 = CARTESIAN_POINT('',(0.3,0.3,8.2));
#11379 = VECTOR('',#11380,1.);
#11380 = DIRECTION('',(0.,-0.,-1.));
#11381 = ORIENTED_EDGE('',*,*,#9137,.F.);
#11382 = PLANE('',#11383);
#11383 = AXIS2_PLACEMENT_3D('',#11384,#11385,#11386);
#11384 = CARTESIAN_POINT('',(0.3,-0.3,8.2));
#11385 = DIRECTION('',(1.,-1.110223024625E-16,0.));
#11386 = DIRECTION('',(1.110223024625E-16,1.,0.));
#11387 = ADVANCED_FACE('',(#11388),#11438,.F.);
#11388 = FACE_BOUND('',#11389,.F.);
#11389 = EDGE_LOOP('',(#11390,#11391,#11392,#11400,#11408,#11416,#11424,
    #11432));
#11390 = ORIENTED_EDGE('',*,*,#9161,.F.);
#11391 = ORIENTED_EDGE('',*,*,#11376,.T.);
#11392 = ORIENTED_EDGE('',*,*,#11393,.T.);
#11393 = EDGE_CURVE('',#11369,#11394,#11396,.T.);
#11394 = VERTEX_POINT('',#11395);
#11395 = CARTESIAN_POINT('',(0.1,0.3,0.9));
#11396 = LINE('',#11397,#11398);
#11397 = CARTESIAN_POINT('',(0.3,0.3,0.9));
#11398 = VECTOR('',#11399,1.);
#11399 = DIRECTION('',(-1.,1.110223024625E-16,0.));
#11400 = ORIENTED_EDGE('',*,*,#11401,.T.);
#11401 = EDGE_CURVE('',#11394,#11402,#11404,.T.);
#11402 = VERTEX_POINT('',#11403);
#11403 = CARTESIAN_POINT('',(0.1,0.3,7.4));
#11404 = LINE('',#11405,#11406);
#11405 = CARTESIAN_POINT('',(0.1,0.3,6.055738799212));
#11406 = VECTOR('',#11407,1.);
#11407 = DIRECTION('',(0.,-0.,1.));
#11408 = ORIENTED_EDGE('',*,*,#11409,.F.);
#11409 = EDGE_CURVE('',#11410,#11402,#11412,.T.);
#11410 = VERTEX_POINT('',#11411);
#11411 = CARTESIAN_POINT('',(-0.1,0.3,7.4));
#11412 = LINE('',#11413,#11414);
#11413 = CARTESIAN_POINT('',(-0.1,0.3,7.4));
#11414 = VECTOR('',#11415,1.);
#11415 = DIRECTION('',(1.,-1.110223024625E-16,0.));
#11416 = ORIENTED_EDGE('',*,*,#11417,.F.);
#11417 = EDGE_CURVE('',#11418,#11410,#11420,.T.);
#11418 = VERTEX_POINT('',#11419);
#11419 = CARTESIAN_POINT('',(-0.1,0.3,0.9));
#11420 = LINE('',#11421,#11422);
#11421 = CARTESIAN_POINT('',(-0.1,0.3,6.055738799212));
#11422 = VECTOR('',#11423,1.);
#11423 = DIRECTION('',(0.,-0.,1.));
#11424 = ORIENTED_EDGE('',*,*,#11425,.T.);
#11425 = EDGE_CURVE('',#11418,#11426,#11428,.T.);
#11426 = VERTEX_POINT('',#11427);
#11427 = CARTESIAN_POINT('',(-0.3,0.3,0.9));
#11428 = LINE('',#11429,#11430);
#11429 = CARTESIAN_POINT('',(0.3,0.3,0.9));
#11430 = VECTOR('',#11431,1.);
#11431 = DIRECTION('',(-1.,1.110223024625E-16,0.));
#11432 = ORIENTED_EDGE('',*,*,#11433,.F.);
#11433 = EDGE_CURVE('',#9154,#11426,#11434,.T.);
#11434 = LINE('',#11435,#11436);
#11435 = CARTESIAN_POINT('',(-0.3,0.3,8.2));
#11436 = VECTOR('',#11437,1.);
#11437 = DIRECTION('',(0.,-0.,-1.));
#11438 = PLANE('',#11439);
#11439 = AXIS2_PLACEMENT_3D('',#11440,#11441,#11442);
#11440 = CARTESIAN_POINT('',(0.3,0.3,8.2));
#11441 = DIRECTION('',(1.110223024625E-16,1.,0.));
#11442 = DIRECTION('',(-1.,1.110223024625E-16,0.));
#11443 = ADVANCED_FACE('',(#11444),#11462,.F.);
#11444 = FACE_BOUND('',#11445,.F.);
#11445 = EDGE_LOOP('',(#11446,#11447,#11455,#11461));
#11446 = ORIENTED_EDGE('',*,*,#11433,.T.);
#11447 = ORIENTED_EDGE('',*,*,#11448,.T.);
#11448 = EDGE_CURVE('',#11426,#11449,#11451,.T.);
#11449 = VERTEX_POINT('',#11450);
#11450 = CARTESIAN_POINT('',(-0.3,-0.3,0.9));
#11451 = LINE('',#11452,#11453);
#11452 = CARTESIAN_POINT('',(-0.3,0.3,0.9));
#11453 = VECTOR('',#11454,1.);
#11454 = DIRECTION('',(-1.110223024625E-16,-1.,0.));
#11455 = ORIENTED_EDGE('',*,*,#11456,.F.);
#11456 = EDGE_CURVE('',#9178,#11449,#11457,.T.);
#11457 = LINE('',#11458,#11459);
#11458 = CARTESIAN_POINT('',(-0.3,-0.3,8.2));
#11459 = VECTOR('',#11460,1.);
#11460 = DIRECTION('',(0.,-0.,-1.));
#11461 = ORIENTED_EDGE('',*,*,#9185,.F.);
#11462 = PLANE('',#11463);
#11463 = AXIS2_PLACEMENT_3D('',#11464,#11465,#11466);
#11464 = CARTESIAN_POINT('',(-0.3,0.3,8.2));
#11465 = DIRECTION('',(-1.,1.110223024625E-16,0.));
#11466 = DIRECTION('',(-1.110223024625E-16,-1.,0.));
#11467 = ADVANCED_FACE('',(#11468),#11511,.F.);
#11468 = FACE_BOUND('',#11469,.F.);
#11469 = EDGE_LOOP('',(#11470,#11471,#11472,#11480,#11488,#11496,#11504,
    #11510));
#11470 = ORIENTED_EDGE('',*,*,#9202,.F.);
#11471 = ORIENTED_EDGE('',*,*,#11456,.T.);
#11472 = ORIENTED_EDGE('',*,*,#11473,.T.);
#11473 = EDGE_CURVE('',#11449,#11474,#11476,.T.);
#11474 = VERTEX_POINT('',#11475);
#11475 = CARTESIAN_POINT('',(-0.1,-0.3,0.9));
#11476 = LINE('',#11477,#11478);
#11477 = CARTESIAN_POINT('',(-0.3,-0.3,0.9));
#11478 = VECTOR('',#11479,1.);
#11479 = DIRECTION('',(1.,-1.110223024625E-16,0.));
#11480 = ORIENTED_EDGE('',*,*,#11481,.F.);
#11481 = EDGE_CURVE('',#11482,#11474,#11484,.T.);
#11482 = VERTEX_POINT('',#11483);
#11483 = CARTESIAN_POINT('',(-0.1,-0.3,7.4));
#11484 = LINE('',#11485,#11486);
#11485 = CARTESIAN_POINT('',(-0.1,-0.3,6.055738799212));
#11486 = VECTOR('',#11487,1.);
#11487 = DIRECTION('',(-0.,0.,-1.));
#11488 = ORIENTED_EDGE('',*,*,#11489,.T.);
#11489 = EDGE_CURVE('',#11482,#11490,#11492,.T.);
#11490 = VERTEX_POINT('',#11491);
#11491 = CARTESIAN_POINT('',(0.1,-0.3,7.4));
#11492 = LINE('',#11493,#11494);
#11493 = CARTESIAN_POINT('',(-0.1,-0.3,7.4));
#11494 = VECTOR('',#11495,1.);
#11495 = DIRECTION('',(1.,-1.110223024625E-16,0.));
#11496 = ORIENTED_EDGE('',*,*,#11497,.T.);
#11497 = EDGE_CURVE('',#11490,#11498,#11500,.T.);
#11498 = VERTEX_POINT('',#11499);
#11499 = CARTESIAN_POINT('',(0.1,-0.3,0.9));
#11500 = LINE('',#11501,#11502);
#11501 = CARTESIAN_POINT('',(0.1,-0.3,6.055738799212));
#11502 = VECTOR('',#11503,1.);
#11503 = DIRECTION('',(-0.,0.,-1.));
#11504 = ORIENTED_EDGE('',*,*,#11505,.T.);
#11505 = EDGE_CURVE('',#11498,#11361,#11506,.T.);
#11506 = LINE('',#11507,#11508);
#11507 = CARTESIAN_POINT('',(-0.3,-0.3,0.9));
#11508 = VECTOR('',#11509,1.);
#11509 = DIRECTION('',(1.,-1.110223024625E-16,0.));
#11510 = ORIENTED_EDGE('',*,*,#11360,.F.);
#11511 = PLANE('',#11512);
#11512 = AXIS2_PLACEMENT_3D('',#11513,#11514,#11515);
#11513 = CARTESIAN_POINT('',(-0.3,-0.3,8.2));
#11514 = DIRECTION('',(-1.110223024625E-16,-1.,0.));
#11515 = DIRECTION('',(1.,-1.110223024625E-16,0.));
#11516 = ADVANCED_FACE('',(#11517),#11528,.T.);
#11517 = FACE_BOUND('',#11518,.T.);
#11518 = EDGE_LOOP('',(#11519,#11525,#11526,#11527));
#11519 = ORIENTED_EDGE('',*,*,#11520,.T.);
#11520 = EDGE_CURVE('',#9298,#9234,#11521,.T.);
#11521 = LINE('',#11522,#11523);
#11522 = CARTESIAN_POINT('',(-0.1,-18.08,-2.5));
#11523 = VECTOR('',#11524,1.);
#11524 = DIRECTION('',(1.,-1.110223024625E-16,0.));
#11525 = ORIENTED_EDGE('',*,*,#9233,.T.);
#11526 = ORIENTED_EDGE('',*,*,#9218,.F.);
#11527 = ORIENTED_EDGE('',*,*,#9297,.F.);
#11528 = PLANE('',#11529);
#11529 = AXIS2_PLACEMENT_3D('',#11530,#11531,#11532);
#11530 = CARTESIAN_POINT('',(-0.1,-18.08,-2.5));
#11531 = DIRECTION('',(-1.110223024625E-16,-1.,0.));
#11532 = DIRECTION('',(0.,0.,1.));
#11533 = ADVANCED_FACE('',(#11534),#11545,.T.);
#11534 = FACE_BOUND('',#11535,.T.);
#11535 = EDGE_LOOP('',(#11536,#11542,#11543,#11544));
#11536 = ORIENTED_EDGE('',*,*,#11537,.T.);
#11537 = EDGE_CURVE('',#9323,#9259,#11538,.T.);
#11538 = LINE('',#11539,#11540);
#11539 = CARTESIAN_POINT('',(-0.1,-17.93,-3.1));
#11540 = VECTOR('',#11541,1.);
#11541 = DIRECTION('',(1.,-1.110223024625E-16,0.));
#11542 = ORIENTED_EDGE('',*,*,#9266,.T.);
#11543 = ORIENTED_EDGE('',*,*,#11520,.F.);
#11544 = ORIENTED_EDGE('',*,*,#9330,.F.);
#11545 = PLANE('',#11546);
#11546 = AXIS2_PLACEMENT_3D('',#11547,#11548,#11549);
#11547 = CARTESIAN_POINT('',(-0.1,-17.93,-3.1));
#11548 = DIRECTION('',(-1.077074540829E-16,-0.970142500145,
    -0.242535625036));
#11549 = DIRECTION('',(-2.692686352073E-17,-0.242535625036,
    0.970142500145));
#11550 = ADVANCED_FACE('',(#11551),#11562,.T.);
#11551 = FACE_BOUND('',#11552,.T.);
#11552 = EDGE_LOOP('',(#11553,#11559,#11560,#11561));
#11553 = ORIENTED_EDGE('',*,*,#11554,.T.);
#11554 = EDGE_CURVE('',#9315,#9251,#11555,.T.);
#11555 = LINE('',#11556,#11557);
#11556 = CARTESIAN_POINT('',(-0.1,-17.63,-3.1));
#11557 = VECTOR('',#11558,1.);
#11558 = DIRECTION('',(1.,-1.110223024625E-16,0.));
#11559 = ORIENTED_EDGE('',*,*,#9258,.T.);
#11560 = ORIENTED_EDGE('',*,*,#11537,.F.);
#11561 = ORIENTED_EDGE('',*,*,#9322,.T.);
#11562 = PLANE('',#11563);
#11563 = AXIS2_PLACEMENT_3D('',#11564,#11565,#11566);
#11564 = CARTESIAN_POINT('',(-0.1,-17.63,-3.1));
#11565 = DIRECTION('',(0.,-0.,-1.));
#11566 = DIRECTION('',(-1.110223024625E-16,-1.,0.));
#11567 = ADVANCED_FACE('',(#11568),#11579,.T.);
#11568 = FACE_BOUND('',#11569,.T.);
#11569 = EDGE_LOOP('',(#11570,#11576,#11577,#11578));
#11570 = ORIENTED_EDGE('',*,*,#11571,.T.);
#11571 = EDGE_CURVE('',#9307,#9243,#11572,.T.);
#11572 = LINE('',#11573,#11574);
#11573 = CARTESIAN_POINT('',(-0.1,-17.48,-2.5));
#11574 = VECTOR('',#11575,1.);
#11575 = DIRECTION('',(1.,-1.110223024625E-16,0.));
#11576 = ORIENTED_EDGE('',*,*,#9250,.T.);
#11577 = ORIENTED_EDGE('',*,*,#11554,.F.);
#11578 = ORIENTED_EDGE('',*,*,#9314,.F.);
#11579 = PLANE('',#11580);
#11580 = AXIS2_PLACEMENT_3D('',#11581,#11582,#11583);
#11581 = CARTESIAN_POINT('',(-0.1,-17.48,-2.5));
#11582 = DIRECTION('',(1.077074540829E-16,0.970142500145,-0.242535625036
    ));
#11583 = DIRECTION('',(-2.692686352073E-17,-0.242535625036,
    -0.970142500145));
#11584 = ADVANCED_FACE('',(#11585),#11591,.T.);
#11585 = FACE_BOUND('',#11586,.T.);
#11586 = EDGE_LOOP('',(#11587,#11588,#11589,#11590));
#11587 = ORIENTED_EDGE('',*,*,#9280,.T.);
#11588 = ORIENTED_EDGE('',*,*,#9242,.T.);
#11589 = ORIENTED_EDGE('',*,*,#11571,.F.);
#11590 = ORIENTED_EDGE('',*,*,#9306,.F.);
#11591 = PLANE('',#11592);
#11592 = AXIS2_PLACEMENT_3D('',#11593,#11594,#11595);
#11593 = CARTESIAN_POINT('',(-0.1,-17.48,0.2));
#11594 = DIRECTION('',(1.110223024625E-16,1.,0.));
#11595 = DIRECTION('',(0.,0.,-1.));
#11596 = ADVANCED_FACE('',(#11597),#11608,.T.);
#11597 = FACE_BOUND('',#11598,.T.);
#11598 = EDGE_LOOP('',(#11599,#11605,#11606,#11607));
#11599 = ORIENTED_EDGE('',*,*,#11600,.T.);
#11600 = EDGE_CURVE('',#9426,#9362,#11601,.T.);
#11601 = LINE('',#11602,#11603);
#11602 = CARTESIAN_POINT('',(-0.1,-15.54,-2.5));
#11603 = VECTOR('',#11604,1.);
#11604 = DIRECTION('',(1.,-1.110223024625E-16,0.));
#11605 = ORIENTED_EDGE('',*,*,#9361,.T.);
#11606 = ORIENTED_EDGE('',*,*,#9346,.F.);
#11607 = ORIENTED_EDGE('',*,*,#9425,.F.);
#11608 = PLANE('',#11609);
#11609 = AXIS2_PLACEMENT_3D('',#11610,#11611,#11612);
#11610 = CARTESIAN_POINT('',(-0.1,-15.54,-2.5));
#11611 = DIRECTION('',(-1.110223024625E-16,-1.,0.));
#11612 = DIRECTION('',(0.,0.,1.));
#11613 = ADVANCED_FACE('',(#11614),#11625,.T.);
#11614 = FACE_BOUND('',#11615,.T.);
#11615 = EDGE_LOOP('',(#11616,#11622,#11623,#11624));
#11616 = ORIENTED_EDGE('',*,*,#11617,.T.);
#11617 = EDGE_CURVE('',#9451,#9387,#11618,.T.);
#11618 = LINE('',#11619,#11620);
#11619 = CARTESIAN_POINT('',(-0.1,-15.39,-3.1));
#11620 = VECTOR('',#11621,1.);
#11621 = DIRECTION('',(1.,-1.110223024625E-16,0.));
#11622 = ORIENTED_EDGE('',*,*,#9394,.T.);
#11623 = ORIENTED_EDGE('',*,*,#11600,.F.);
#11624 = ORIENTED_EDGE('',*,*,#9458,.F.);
#11625 = PLANE('',#11626);
#11626 = AXIS2_PLACEMENT_3D('',#11627,#11628,#11629);
#11627 = CARTESIAN_POINT('',(-0.1,-15.39,-3.1));
#11628 = DIRECTION('',(-1.077074540829E-16,-0.970142500145,
    -0.242535625036));
#11629 = DIRECTION('',(-2.692686352073E-17,-0.242535625036,
    0.970142500145));
#11630 = ADVANCED_FACE('',(#11631),#11642,.T.);
#11631 = FACE_BOUND('',#11632,.T.);
#11632 = EDGE_LOOP('',(#11633,#11639,#11640,#11641));
#11633 = ORIENTED_EDGE('',*,*,#11634,.T.);
#11634 = EDGE_CURVE('',#9443,#9379,#11635,.T.);
#11635 = LINE('',#11636,#11637);
#11636 = CARTESIAN_POINT('',(-0.1,-15.09,-3.1));
#11637 = VECTOR('',#11638,1.);
#11638 = DIRECTION('',(1.,-1.110223024625E-16,0.));
#11639 = ORIENTED_EDGE('',*,*,#9386,.T.);
#11640 = ORIENTED_EDGE('',*,*,#11617,.F.);
#11641 = ORIENTED_EDGE('',*,*,#9450,.T.);
#11642 = PLANE('',#11643);
#11643 = AXIS2_PLACEMENT_3D('',#11644,#11645,#11646);
#11644 = CARTESIAN_POINT('',(-0.1,-15.09,-3.1));
#11645 = DIRECTION('',(0.,-0.,-1.));
#11646 = DIRECTION('',(-1.110223024625E-16,-1.,0.));
#11647 = ADVANCED_FACE('',(#11648),#11659,.T.);
#11648 = FACE_BOUND('',#11649,.T.);
#11649 = EDGE_LOOP('',(#11650,#11656,#11657,#11658));
#11650 = ORIENTED_EDGE('',*,*,#11651,.T.);
#11651 = EDGE_CURVE('',#9435,#9371,#11652,.T.);
#11652 = LINE('',#11653,#11654);
#11653 = CARTESIAN_POINT('',(-0.1,-14.94,-2.5));
#11654 = VECTOR('',#11655,1.);
#11655 = DIRECTION('',(1.,-1.110223024625E-16,0.));
#11656 = ORIENTED_EDGE('',*,*,#9378,.T.);
#11657 = ORIENTED_EDGE('',*,*,#11634,.F.);
#11658 = ORIENTED_EDGE('',*,*,#9442,.F.);
#11659 = PLANE('',#11660);
#11660 = AXIS2_PLACEMENT_3D('',#11661,#11662,#11663);
#11661 = CARTESIAN_POINT('',(-0.1,-14.94,-2.5));
#11662 = DIRECTION('',(1.077074540829E-16,0.970142500145,-0.242535625036
    ));
#11663 = DIRECTION('',(-2.692686352073E-17,-0.242535625036,
    -0.970142500145));
#11664 = ADVANCED_FACE('',(#11665),#11671,.T.);
#11665 = FACE_BOUND('',#11666,.T.);
#11666 = EDGE_LOOP('',(#11667,#11668,#11669,#11670));
#11667 = ORIENTED_EDGE('',*,*,#9408,.T.);
#11668 = ORIENTED_EDGE('',*,*,#9370,.T.);
#11669 = ORIENTED_EDGE('',*,*,#11651,.F.);
#11670 = ORIENTED_EDGE('',*,*,#9434,.F.);
#11671 = PLANE('',#11672);
#11672 = AXIS2_PLACEMENT_3D('',#11673,#11674,#11675);
#11673 = CARTESIAN_POINT('',(-0.1,-14.94,0.2));
#11674 = DIRECTION('',(1.110223024625E-16,1.,0.));
#11675 = DIRECTION('',(0.,0.,-1.));
#11676 = ADVANCED_FACE('',(#11677),#11688,.T.);
#11677 = FACE_BOUND('',#11678,.T.);
#11678 = EDGE_LOOP('',(#11679,#11685,#11686,#11687));
#11679 = ORIENTED_EDGE('',*,*,#11680,.T.);
#11680 = EDGE_CURVE('',#9554,#9490,#11681,.T.);
#11681 = LINE('',#11682,#11683);
#11682 = CARTESIAN_POINT('',(-0.1,-13.,-2.5));
#11683 = VECTOR('',#11684,1.);
#11684 = DIRECTION('',(1.,-1.110223024625E-16,0.));
#11685 = ORIENTED_EDGE('',*,*,#9489,.T.);
#11686 = ORIENTED_EDGE('',*,*,#9474,.F.);
#11687 = ORIENTED_EDGE('',*,*,#9553,.F.);
#11688 = PLANE('',#11689);
#11689 = AXIS2_PLACEMENT_3D('',#11690,#11691,#11692);
#11690 = CARTESIAN_POINT('',(-0.1,-13.,-2.5));
#11691 = DIRECTION('',(-1.110223024625E-16,-1.,0.));
#11692 = DIRECTION('',(0.,0.,1.));
#11693 = ADVANCED_FACE('',(#11694),#11705,.T.);
#11694 = FACE_BOUND('',#11695,.T.);
#11695 = EDGE_LOOP('',(#11696,#11702,#11703,#11704));
#11696 = ORIENTED_EDGE('',*,*,#11697,.T.);
#11697 = EDGE_CURVE('',#9579,#9515,#11698,.T.);
#11698 = LINE('',#11699,#11700);
#11699 = CARTESIAN_POINT('',(-0.1,-12.85,-3.1));
#11700 = VECTOR('',#11701,1.);
#11701 = DIRECTION('',(1.,-1.110223024625E-16,0.));
#11702 = ORIENTED_EDGE('',*,*,#9522,.T.);
#11703 = ORIENTED_EDGE('',*,*,#11680,.F.);
#11704 = ORIENTED_EDGE('',*,*,#9586,.F.);
#11705 = PLANE('',#11706);
#11706 = AXIS2_PLACEMENT_3D('',#11707,#11708,#11709);
#11707 = CARTESIAN_POINT('',(-0.1,-12.85,-3.1));
#11708 = DIRECTION('',(-1.077074540829E-16,-0.970142500145,
    -0.242535625036));
#11709 = DIRECTION('',(-2.692686352073E-17,-0.242535625036,
    0.970142500145));
#11710 = ADVANCED_FACE('',(#11711),#11722,.T.);
#11711 = FACE_BOUND('',#11712,.T.);
#11712 = EDGE_LOOP('',(#11713,#11719,#11720,#11721));
#11713 = ORIENTED_EDGE('',*,*,#11714,.T.);
#11714 = EDGE_CURVE('',#9571,#9507,#11715,.T.);
#11715 = LINE('',#11716,#11717);
#11716 = CARTESIAN_POINT('',(-0.1,-12.55,-3.1));
#11717 = VECTOR('',#11718,1.);
#11718 = DIRECTION('',(1.,-1.110223024625E-16,0.));
#11719 = ORIENTED_EDGE('',*,*,#9514,.T.);
#11720 = ORIENTED_EDGE('',*,*,#11697,.F.);
#11721 = ORIENTED_EDGE('',*,*,#9578,.T.);
#11722 = PLANE('',#11723);
#11723 = AXIS2_PLACEMENT_3D('',#11724,#11725,#11726);
#11724 = CARTESIAN_POINT('',(-0.1,-12.55,-3.1));
#11725 = DIRECTION('',(0.,-0.,-1.));
#11726 = DIRECTION('',(-1.110223024625E-16,-1.,0.));
#11727 = ADVANCED_FACE('',(#11728),#11739,.T.);
#11728 = FACE_BOUND('',#11729,.T.);
#11729 = EDGE_LOOP('',(#11730,#11736,#11737,#11738));
#11730 = ORIENTED_EDGE('',*,*,#11731,.T.);
#11731 = EDGE_CURVE('',#9563,#9499,#11732,.T.);
#11732 = LINE('',#11733,#11734);
#11733 = CARTESIAN_POINT('',(-0.1,-12.4,-2.5));
#11734 = VECTOR('',#11735,1.);
#11735 = DIRECTION('',(1.,-1.110223024625E-16,0.));
#11736 = ORIENTED_EDGE('',*,*,#9506,.T.);
#11737 = ORIENTED_EDGE('',*,*,#11714,.F.);
#11738 = ORIENTED_EDGE('',*,*,#9570,.F.);
#11739 = PLANE('',#11740);
#11740 = AXIS2_PLACEMENT_3D('',#11741,#11742,#11743);
#11741 = CARTESIAN_POINT('',(-0.1,-12.4,-2.5));
#11742 = DIRECTION('',(1.077074540829E-16,0.970142500145,-0.242535625036
    ));
#11743 = DIRECTION('',(-2.692686352073E-17,-0.242535625036,
    -0.970142500145));
#11744 = ADVANCED_FACE('',(#11745),#11751,.T.);
#11745 = FACE_BOUND('',#11746,.T.);
#11746 = EDGE_LOOP('',(#11747,#11748,#11749,#11750));
#11747 = ORIENTED_EDGE('',*,*,#9536,.T.);
#11748 = ORIENTED_EDGE('',*,*,#9498,.T.);
#11749 = ORIENTED_EDGE('',*,*,#11731,.F.);
#11750 = ORIENTED_EDGE('',*,*,#9562,.F.);
#11751 = PLANE('',#11752);
#11752 = AXIS2_PLACEMENT_3D('',#11753,#11754,#11755);
#11753 = CARTESIAN_POINT('',(-0.1,-12.4,0.2));
#11754 = DIRECTION('',(1.110223024625E-16,1.,0.));
#11755 = DIRECTION('',(0.,0.,-1.));
#11756 = ADVANCED_FACE('',(#11757),#11768,.T.);
#11757 = FACE_BOUND('',#11758,.T.);
#11758 = EDGE_LOOP('',(#11759,#11765,#11766,#11767));
#11759 = ORIENTED_EDGE('',*,*,#11760,.T.);
#11760 = EDGE_CURVE('',#9682,#9618,#11761,.T.);
#11761 = LINE('',#11762,#11763);
#11762 = CARTESIAN_POINT('',(-0.1,-10.46,-2.5));
#11763 = VECTOR('',#11764,1.);
#11764 = DIRECTION('',(1.,-1.110223024625E-16,0.));
#11765 = ORIENTED_EDGE('',*,*,#9617,.T.);
#11766 = ORIENTED_EDGE('',*,*,#9602,.F.);
#11767 = ORIENTED_EDGE('',*,*,#9681,.F.);
#11768 = PLANE('',#11769);
#11769 = AXIS2_PLACEMENT_3D('',#11770,#11771,#11772);
#11770 = CARTESIAN_POINT('',(-0.1,-10.46,-2.5));
#11771 = DIRECTION('',(-1.110223024625E-16,-1.,0.));
#11772 = DIRECTION('',(0.,0.,1.));
#11773 = ADVANCED_FACE('',(#11774),#11785,.T.);
#11774 = FACE_BOUND('',#11775,.T.);
#11775 = EDGE_LOOP('',(#11776,#11782,#11783,#11784));
#11776 = ORIENTED_EDGE('',*,*,#11777,.T.);
#11777 = EDGE_CURVE('',#9707,#9643,#11778,.T.);
#11778 = LINE('',#11779,#11780);
#11779 = CARTESIAN_POINT('',(-0.1,-10.31,-3.1));
#11780 = VECTOR('',#11781,1.);
#11781 = DIRECTION('',(1.,-1.110223024625E-16,0.));
#11782 = ORIENTED_EDGE('',*,*,#9650,.T.);
#11783 = ORIENTED_EDGE('',*,*,#11760,.F.);
#11784 = ORIENTED_EDGE('',*,*,#9714,.F.);
#11785 = PLANE('',#11786);
#11786 = AXIS2_PLACEMENT_3D('',#11787,#11788,#11789);
#11787 = CARTESIAN_POINT('',(-0.1,-10.31,-3.1));
#11788 = DIRECTION('',(-1.077074540829E-16,-0.970142500145,
    -0.242535625036));
#11789 = DIRECTION('',(-2.692686352073E-17,-0.242535625036,
    0.970142500145));
#11790 = ADVANCED_FACE('',(#11791),#11802,.T.);
#11791 = FACE_BOUND('',#11792,.T.);
#11792 = EDGE_LOOP('',(#11793,#11799,#11800,#11801));
#11793 = ORIENTED_EDGE('',*,*,#11794,.T.);
#11794 = EDGE_CURVE('',#9699,#9635,#11795,.T.);
#11795 = LINE('',#11796,#11797);
#11796 = CARTESIAN_POINT('',(-0.1,-10.01,-3.1));
#11797 = VECTOR('',#11798,1.);
#11798 = DIRECTION('',(1.,-1.110223024625E-16,0.));
#11799 = ORIENTED_EDGE('',*,*,#9642,.T.);
#11800 = ORIENTED_EDGE('',*,*,#11777,.F.);
#11801 = ORIENTED_EDGE('',*,*,#9706,.T.);
#11802 = PLANE('',#11803);
#11803 = AXIS2_PLACEMENT_3D('',#11804,#11805,#11806);
#11804 = CARTESIAN_POINT('',(-0.1,-10.01,-3.1));
#11805 = DIRECTION('',(0.,-0.,-1.));
#11806 = DIRECTION('',(-1.110223024625E-16,-1.,0.));
#11807 = ADVANCED_FACE('',(#11808),#11819,.T.);
#11808 = FACE_BOUND('',#11809,.T.);
#11809 = EDGE_LOOP('',(#11810,#11816,#11817,#11818));
#11810 = ORIENTED_EDGE('',*,*,#11811,.T.);
#11811 = EDGE_CURVE('',#9691,#9627,#11812,.T.);
#11812 = LINE('',#11813,#11814);
#11813 = CARTESIAN_POINT('',(-0.1,-9.86,-2.5));
#11814 = VECTOR('',#11815,1.);
#11815 = DIRECTION('',(1.,-1.110223024625E-16,0.));
#11816 = ORIENTED_EDGE('',*,*,#9634,.T.);
#11817 = ORIENTED_EDGE('',*,*,#11794,.F.);
#11818 = ORIENTED_EDGE('',*,*,#9698,.F.);
#11819 = PLANE('',#11820);
#11820 = AXIS2_PLACEMENT_3D('',#11821,#11822,#11823);
#11821 = CARTESIAN_POINT('',(-0.1,-9.86,-2.5));
#11822 = DIRECTION('',(1.077074540829E-16,0.970142500145,-0.242535625036
    ));
#11823 = DIRECTION('',(-2.692686352073E-17,-0.242535625036,
    -0.970142500145));
#11824 = ADVANCED_FACE('',(#11825),#11831,.T.);
#11825 = FACE_BOUND('',#11826,.T.);
#11826 = EDGE_LOOP('',(#11827,#11828,#11829,#11830));
#11827 = ORIENTED_EDGE('',*,*,#9664,.T.);
#11828 = ORIENTED_EDGE('',*,*,#9626,.T.);
#11829 = ORIENTED_EDGE('',*,*,#11811,.F.);
#11830 = ORIENTED_EDGE('',*,*,#9690,.F.);
#11831 = PLANE('',#11832);
#11832 = AXIS2_PLACEMENT_3D('',#11833,#11834,#11835);
#11833 = CARTESIAN_POINT('',(-0.1,-9.86,0.2));
#11834 = DIRECTION('',(1.110223024625E-16,1.,0.));
#11835 = DIRECTION('',(0.,0.,-1.));
#11836 = ADVANCED_FACE('',(#11837),#11848,.T.);
#11837 = FACE_BOUND('',#11838,.T.);
#11838 = EDGE_LOOP('',(#11839,#11845,#11846,#11847));
#11839 = ORIENTED_EDGE('',*,*,#11840,.T.);
#11840 = EDGE_CURVE('',#9810,#9746,#11841,.T.);
#11841 = LINE('',#11842,#11843);
#11842 = CARTESIAN_POINT('',(-0.1,-7.92,-2.5));
#11843 = VECTOR('',#11844,1.);
#11844 = DIRECTION('',(1.,-1.110223024625E-16,0.));
#11845 = ORIENTED_EDGE('',*,*,#9745,.T.);
#11846 = ORIENTED_EDGE('',*,*,#9730,.F.);
#11847 = ORIENTED_EDGE('',*,*,#9809,.F.);
#11848 = PLANE('',#11849);
#11849 = AXIS2_PLACEMENT_3D('',#11850,#11851,#11852);
#11850 = CARTESIAN_POINT('',(-0.1,-7.92,-2.5));
#11851 = DIRECTION('',(-1.110223024625E-16,-1.,0.));
#11852 = DIRECTION('',(0.,0.,1.));
#11853 = ADVANCED_FACE('',(#11854),#11865,.T.);
#11854 = FACE_BOUND('',#11855,.T.);
#11855 = EDGE_LOOP('',(#11856,#11862,#11863,#11864));
#11856 = ORIENTED_EDGE('',*,*,#11857,.T.);
#11857 = EDGE_CURVE('',#9835,#9771,#11858,.T.);
#11858 = LINE('',#11859,#11860);
#11859 = CARTESIAN_POINT('',(-0.1,-7.77,-3.1));
#11860 = VECTOR('',#11861,1.);
#11861 = DIRECTION('',(1.,-1.110223024625E-16,0.));
#11862 = ORIENTED_EDGE('',*,*,#9778,.T.);
#11863 = ORIENTED_EDGE('',*,*,#11840,.F.);
#11864 = ORIENTED_EDGE('',*,*,#9842,.F.);
#11865 = PLANE('',#11866);
#11866 = AXIS2_PLACEMENT_3D('',#11867,#11868,#11869);
#11867 = CARTESIAN_POINT('',(-0.1,-7.77,-3.1));
#11868 = DIRECTION('',(-1.077074540829E-16,-0.970142500145,
    -0.242535625036));
#11869 = DIRECTION('',(-2.692686352073E-17,-0.242535625036,
    0.970142500145));
#11870 = ADVANCED_FACE('',(#11871),#11882,.T.);
#11871 = FACE_BOUND('',#11872,.T.);
#11872 = EDGE_LOOP('',(#11873,#11879,#11880,#11881));
#11873 = ORIENTED_EDGE('',*,*,#11874,.T.);
#11874 = EDGE_CURVE('',#9827,#9763,#11875,.T.);
#11875 = LINE('',#11876,#11877);
#11876 = CARTESIAN_POINT('',(-0.1,-7.47,-3.1));
#11877 = VECTOR('',#11878,1.);
#11878 = DIRECTION('',(1.,-1.110223024625E-16,0.));
#11879 = ORIENTED_EDGE('',*,*,#9770,.T.);
#11880 = ORIENTED_EDGE('',*,*,#11857,.F.);
#11881 = ORIENTED_EDGE('',*,*,#9834,.T.);
#11882 = PLANE('',#11883);
#11883 = AXIS2_PLACEMENT_3D('',#11884,#11885,#11886);
#11884 = CARTESIAN_POINT('',(-0.1,-7.47,-3.1));
#11885 = DIRECTION('',(0.,-0.,-1.));
#11886 = DIRECTION('',(-1.110223024625E-16,-1.,0.));
#11887 = ADVANCED_FACE('',(#11888),#11899,.T.);
#11888 = FACE_BOUND('',#11889,.T.);
#11889 = EDGE_LOOP('',(#11890,#11896,#11897,#11898));
#11890 = ORIENTED_EDGE('',*,*,#11891,.T.);
#11891 = EDGE_CURVE('',#9819,#9755,#11892,.T.);
#11892 = LINE('',#11893,#11894);
#11893 = CARTESIAN_POINT('',(-0.1,-7.32,-2.5));
#11894 = VECTOR('',#11895,1.);
#11895 = DIRECTION('',(1.,-1.110223024625E-16,0.));
#11896 = ORIENTED_EDGE('',*,*,#9762,.T.);
#11897 = ORIENTED_EDGE('',*,*,#11874,.F.);
#11898 = ORIENTED_EDGE('',*,*,#9826,.F.);
#11899 = PLANE('',#11900);
#11900 = AXIS2_PLACEMENT_3D('',#11901,#11902,#11903);
#11901 = CARTESIAN_POINT('',(-0.1,-7.32,-2.5));
#11902 = DIRECTION('',(1.077074540829E-16,0.970142500145,-0.242535625036
    ));
#11903 = DIRECTION('',(-2.692686352073E-17,-0.242535625036,
    -0.970142500145));
#11904 = ADVANCED_FACE('',(#11905),#11911,.T.);
#11905 = FACE_BOUND('',#11906,.T.);
#11906 = EDGE_LOOP('',(#11907,#11908,#11909,#11910));
#11907 = ORIENTED_EDGE('',*,*,#9792,.T.);
#11908 = ORIENTED_EDGE('',*,*,#9754,.T.);
#11909 = ORIENTED_EDGE('',*,*,#11891,.F.);
#11910 = ORIENTED_EDGE('',*,*,#9818,.F.);
#11911 = PLANE('',#11912);
#11912 = AXIS2_PLACEMENT_3D('',#11913,#11914,#11915);
#11913 = CARTESIAN_POINT('',(-0.1,-7.32,0.2));
#11914 = DIRECTION('',(1.110223024625E-16,1.,0.));
#11915 = DIRECTION('',(0.,0.,-1.));
#11916 = ADVANCED_FACE('',(#11917),#11928,.T.);
#11917 = FACE_BOUND('',#11918,.T.);
#11918 = EDGE_LOOP('',(#11919,#11925,#11926,#11927));
#11919 = ORIENTED_EDGE('',*,*,#11920,.T.);
#11920 = EDGE_CURVE('',#9938,#9874,#11921,.T.);
#11921 = LINE('',#11922,#11923);
#11922 = CARTESIAN_POINT('',(-0.1,-5.38,-2.5));
#11923 = VECTOR('',#11924,1.);
#11924 = DIRECTION('',(1.,-1.110223024625E-16,0.));
#11925 = ORIENTED_EDGE('',*,*,#9873,.T.);
#11926 = ORIENTED_EDGE('',*,*,#9858,.F.);
#11927 = ORIENTED_EDGE('',*,*,#9937,.F.);
#11928 = PLANE('',#11929);
#11929 = AXIS2_PLACEMENT_3D('',#11930,#11931,#11932);
#11930 = CARTESIAN_POINT('',(-0.1,-5.38,-2.5));
#11931 = DIRECTION('',(-1.110223024625E-16,-1.,0.));
#11932 = DIRECTION('',(0.,0.,1.));
#11933 = ADVANCED_FACE('',(#11934),#11945,.T.);
#11934 = FACE_BOUND('',#11935,.T.);
#11935 = EDGE_LOOP('',(#11936,#11942,#11943,#11944));
#11936 = ORIENTED_EDGE('',*,*,#11937,.T.);
#11937 = EDGE_CURVE('',#9963,#9899,#11938,.T.);
#11938 = LINE('',#11939,#11940);
#11939 = CARTESIAN_POINT('',(-0.1,-5.23,-3.1));
#11940 = VECTOR('',#11941,1.);
#11941 = DIRECTION('',(1.,-1.110223024625E-16,0.));
#11942 = ORIENTED_EDGE('',*,*,#9906,.T.);
#11943 = ORIENTED_EDGE('',*,*,#11920,.F.);
#11944 = ORIENTED_EDGE('',*,*,#9970,.F.);
#11945 = PLANE('',#11946);
#11946 = AXIS2_PLACEMENT_3D('',#11947,#11948,#11949);
#11947 = CARTESIAN_POINT('',(-0.1,-5.23,-3.1));
#11948 = DIRECTION('',(-1.077074540829E-16,-0.970142500145,
    -0.242535625036));
#11949 = DIRECTION('',(-2.692686352073E-17,-0.242535625036,
    0.970142500145));
#11950 = ADVANCED_FACE('',(#11951),#11962,.T.);
#11951 = FACE_BOUND('',#11952,.T.);
#11952 = EDGE_LOOP('',(#11953,#11959,#11960,#11961));
#11953 = ORIENTED_EDGE('',*,*,#11954,.T.);
#11954 = EDGE_CURVE('',#9955,#9891,#11955,.T.);
#11955 = LINE('',#11956,#11957);
#11956 = CARTESIAN_POINT('',(-0.1,-4.93,-3.1));
#11957 = VECTOR('',#11958,1.);
#11958 = DIRECTION('',(1.,-1.110223024625E-16,0.));
#11959 = ORIENTED_EDGE('',*,*,#9898,.T.);
#11960 = ORIENTED_EDGE('',*,*,#11937,.F.);
#11961 = ORIENTED_EDGE('',*,*,#9962,.T.);
#11962 = PLANE('',#11963);
#11963 = AXIS2_PLACEMENT_3D('',#11964,#11965,#11966);
#11964 = CARTESIAN_POINT('',(-0.1,-4.93,-3.1));
#11965 = DIRECTION('',(0.,-0.,-1.));
#11966 = DIRECTION('',(-1.110223024625E-16,-1.,0.));
#11967 = ADVANCED_FACE('',(#11968),#11979,.T.);
#11968 = FACE_BOUND('',#11969,.T.);
#11969 = EDGE_LOOP('',(#11970,#11976,#11977,#11978));
#11970 = ORIENTED_EDGE('',*,*,#11971,.T.);
#11971 = EDGE_CURVE('',#9947,#9883,#11972,.T.);
#11972 = LINE('',#11973,#11974);
#11973 = CARTESIAN_POINT('',(-0.1,-4.78,-2.5));
#11974 = VECTOR('',#11975,1.);
#11975 = DIRECTION('',(1.,-1.110223024625E-16,0.));
#11976 = ORIENTED_EDGE('',*,*,#9890,.T.);
#11977 = ORIENTED_EDGE('',*,*,#11954,.F.);
#11978 = ORIENTED_EDGE('',*,*,#9954,.F.);
#11979 = PLANE('',#11980);
#11980 = AXIS2_PLACEMENT_3D('',#11981,#11982,#11983);
#11981 = CARTESIAN_POINT('',(-0.1,-4.78,-2.5));
#11982 = DIRECTION('',(1.077074540829E-16,0.970142500145,-0.242535625036
    ));
#11983 = DIRECTION('',(-2.692686352073E-17,-0.242535625036,
    -0.970142500145));
#11984 = ADVANCED_FACE('',(#11985),#11991,.T.);
#11985 = FACE_BOUND('',#11986,.T.);
#11986 = EDGE_LOOP('',(#11987,#11988,#11989,#11990));
#11987 = ORIENTED_EDGE('',*,*,#9920,.T.);
#11988 = ORIENTED_EDGE('',*,*,#9882,.T.);
#11989 = ORIENTED_EDGE('',*,*,#11971,.F.);
#11990 = ORIENTED_EDGE('',*,*,#9946,.F.);
#11991 = PLANE('',#11992);
#11992 = AXIS2_PLACEMENT_3D('',#11993,#11994,#11995);
#11993 = CARTESIAN_POINT('',(-0.1,-4.78,0.2));
#11994 = DIRECTION('',(1.110223024625E-16,1.,0.));
#11995 = DIRECTION('',(0.,0.,-1.));
#11996 = ADVANCED_FACE('',(#11997),#12008,.T.);
#11997 = FACE_BOUND('',#11998,.T.);
#11998 = EDGE_LOOP('',(#11999,#12005,#12006,#12007));
#11999 = ORIENTED_EDGE('',*,*,#12000,.T.);
#12000 = EDGE_CURVE('',#10066,#10002,#12001,.T.);
#12001 = LINE('',#12002,#12003);
#12002 = CARTESIAN_POINT('',(-0.1,-2.84,-2.5));
#12003 = VECTOR('',#12004,1.);
#12004 = DIRECTION('',(1.,-1.110223024625E-16,0.));
#12005 = ORIENTED_EDGE('',*,*,#10001,.T.);
#12006 = ORIENTED_EDGE('',*,*,#9986,.F.);
#12007 = ORIENTED_EDGE('',*,*,#10065,.F.);
#12008 = PLANE('',#12009);
#12009 = AXIS2_PLACEMENT_3D('',#12010,#12011,#12012);
#12010 = CARTESIAN_POINT('',(-0.1,-2.84,-2.5));
#12011 = DIRECTION('',(-1.110223024625E-16,-1.,0.));
#12012 = DIRECTION('',(0.,0.,1.));
#12013 = ADVANCED_FACE('',(#12014),#12025,.T.);
#12014 = FACE_BOUND('',#12015,.T.);
#12015 = EDGE_LOOP('',(#12016,#12022,#12023,#12024));
#12016 = ORIENTED_EDGE('',*,*,#12017,.T.);
#12017 = EDGE_CURVE('',#10091,#10027,#12018,.T.);
#12018 = LINE('',#12019,#12020);
#12019 = CARTESIAN_POINT('',(-0.1,-2.69,-3.1));
#12020 = VECTOR('',#12021,1.);
#12021 = DIRECTION('',(1.,-1.110223024625E-16,0.));
#12022 = ORIENTED_EDGE('',*,*,#10034,.T.);
#12023 = ORIENTED_EDGE('',*,*,#12000,.F.);
#12024 = ORIENTED_EDGE('',*,*,#10098,.F.);
#12025 = PLANE('',#12026);
#12026 = AXIS2_PLACEMENT_3D('',#12027,#12028,#12029);
#12027 = CARTESIAN_POINT('',(-0.1,-2.69,-3.1));
#12028 = DIRECTION('',(-1.077074540829E-16,-0.970142500145,
    -0.242535625036));
#12029 = DIRECTION('',(-2.692686352073E-17,-0.242535625036,
    0.970142500145));
#12030 = ADVANCED_FACE('',(#12031),#12042,.T.);
#12031 = FACE_BOUND('',#12032,.T.);
#12032 = EDGE_LOOP('',(#12033,#12039,#12040,#12041));
#12033 = ORIENTED_EDGE('',*,*,#12034,.T.);
#12034 = EDGE_CURVE('',#10083,#10019,#12035,.T.);
#12035 = LINE('',#12036,#12037);
#12036 = CARTESIAN_POINT('',(-0.1,-2.39,-3.1));
#12037 = VECTOR('',#12038,1.);
#12038 = DIRECTION('',(1.,-1.110223024625E-16,0.));
#12039 = ORIENTED_EDGE('',*,*,#10026,.T.);
#12040 = ORIENTED_EDGE('',*,*,#12017,.F.);
#12041 = ORIENTED_EDGE('',*,*,#10090,.T.);
#12042 = PLANE('',#12043);
#12043 = AXIS2_PLACEMENT_3D('',#12044,#12045,#12046);
#12044 = CARTESIAN_POINT('',(-0.1,-2.39,-3.1));
#12045 = DIRECTION('',(0.,-0.,-1.));
#12046 = DIRECTION('',(-1.110223024625E-16,-1.,0.));
#12047 = ADVANCED_FACE('',(#12048),#12059,.T.);
#12048 = FACE_BOUND('',#12049,.T.);
#12049 = EDGE_LOOP('',(#12050,#12056,#12057,#12058));
#12050 = ORIENTED_EDGE('',*,*,#12051,.T.);
#12051 = EDGE_CURVE('',#10075,#10011,#12052,.T.);
#12052 = LINE('',#12053,#12054);
#12053 = CARTESIAN_POINT('',(-0.1,-2.24,-2.5));
#12054 = VECTOR('',#12055,1.);
#12055 = DIRECTION('',(1.,-1.110223024625E-16,0.));
#12056 = ORIENTED_EDGE('',*,*,#10018,.T.);
#12057 = ORIENTED_EDGE('',*,*,#12034,.F.);
#12058 = ORIENTED_EDGE('',*,*,#10082,.F.);
#12059 = PLANE('',#12060);
#12060 = AXIS2_PLACEMENT_3D('',#12061,#12062,#12063);
#12061 = CARTESIAN_POINT('',(-0.1,-2.24,-2.5));
#12062 = DIRECTION('',(1.077074540829E-16,0.970142500145,-0.242535625036
    ));
#12063 = DIRECTION('',(-2.692686352073E-17,-0.242535625036,
    -0.970142500145));
#12064 = ADVANCED_FACE('',(#12065),#12071,.T.);
#12065 = FACE_BOUND('',#12066,.T.);
#12066 = EDGE_LOOP('',(#12067,#12068,#12069,#12070));
#12067 = ORIENTED_EDGE('',*,*,#10048,.T.);
#12068 = ORIENTED_EDGE('',*,*,#10010,.T.);
#12069 = ORIENTED_EDGE('',*,*,#12051,.F.);
#12070 = ORIENTED_EDGE('',*,*,#10074,.F.);
#12071 = PLANE('',#12072);
#12072 = AXIS2_PLACEMENT_3D('',#12073,#12074,#12075);
#12073 = CARTESIAN_POINT('',(-0.1,-2.24,0.2));
#12074 = DIRECTION('',(1.110223024625E-16,1.,0.));
#12075 = DIRECTION('',(0.,0.,-1.));
#12076 = ADVANCED_FACE('',(#12077),#12088,.T.);
#12077 = FACE_BOUND('',#12078,.T.);
#12078 = EDGE_LOOP('',(#12079,#12085,#12086,#12087));
#12079 = ORIENTED_EDGE('',*,*,#12080,.T.);
#12080 = EDGE_CURVE('',#10194,#10130,#12081,.T.);
#12081 = LINE('',#12082,#12083);
#12082 = CARTESIAN_POINT('',(-0.1,-0.3,-2.5));
#12083 = VECTOR('',#12084,1.);
#12084 = DIRECTION('',(1.,-1.110223024625E-16,0.));
#12085 = ORIENTED_EDGE('',*,*,#10129,.T.);
#12086 = ORIENTED_EDGE('',*,*,#10114,.F.);
#12087 = ORIENTED_EDGE('',*,*,#10193,.F.);
#12088 = PLANE('',#12089);
#12089 = AXIS2_PLACEMENT_3D('',#12090,#12091,#12092);
#12090 = CARTESIAN_POINT('',(-0.1,-0.3,-2.5));
#12091 = DIRECTION('',(-1.110223024625E-16,-1.,0.));
#12092 = DIRECTION('',(0.,0.,1.));
#12093 = ADVANCED_FACE('',(#12094),#12105,.T.);
#12094 = FACE_BOUND('',#12095,.T.);
#12095 = EDGE_LOOP('',(#12096,#12102,#12103,#12104));
#12096 = ORIENTED_EDGE('',*,*,#12097,.T.);
#12097 = EDGE_CURVE('',#10219,#10155,#12098,.T.);
#12098 = LINE('',#12099,#12100);
#12099 = CARTESIAN_POINT('',(-0.1,-0.15,-3.1));
#12100 = VECTOR('',#12101,1.);
#12101 = DIRECTION('',(1.,-1.110223024625E-16,0.));
#12102 = ORIENTED_EDGE('',*,*,#10162,.T.);
#12103 = ORIENTED_EDGE('',*,*,#12080,.F.);
#12104 = ORIENTED_EDGE('',*,*,#10226,.F.);
#12105 = PLANE('',#12106);
#12106 = AXIS2_PLACEMENT_3D('',#12107,#12108,#12109);
#12107 = CARTESIAN_POINT('',(-0.1,-0.15,-3.1));
#12108 = DIRECTION('',(-1.077074540829E-16,-0.970142500145,
    -0.242535625036));
#12109 = DIRECTION('',(-2.692686352073E-17,-0.242535625036,
    0.970142500145));
#12110 = ADVANCED_FACE('',(#12111),#12122,.T.);
#12111 = FACE_BOUND('',#12112,.T.);
#12112 = EDGE_LOOP('',(#12113,#12119,#12120,#12121));
#12113 = ORIENTED_EDGE('',*,*,#12114,.T.);
#12114 = EDGE_CURVE('',#10211,#10147,#12115,.T.);
#12115 = LINE('',#12116,#12117);
#12116 = CARTESIAN_POINT('',(-0.1,0.15,-3.1));
#12117 = VECTOR('',#12118,1.);
#12118 = DIRECTION('',(1.,-1.110223024625E-16,0.));
#12119 = ORIENTED_EDGE('',*,*,#10154,.T.);
#12120 = ORIENTED_EDGE('',*,*,#12097,.F.);
#12121 = ORIENTED_EDGE('',*,*,#10218,.T.);
#12122 = PLANE('',#12123);
#12123 = AXIS2_PLACEMENT_3D('',#12124,#12125,#12126);
#12124 = CARTESIAN_POINT('',(-0.1,0.15,-3.1));
#12125 = DIRECTION('',(0.,-0.,-1.));
#12126 = DIRECTION('',(-1.110223024625E-16,-1.,0.));
#12127 = ADVANCED_FACE('',(#12128),#12139,.T.);
#12128 = FACE_BOUND('',#12129,.T.);
#12129 = EDGE_LOOP('',(#12130,#12136,#12137,#12138));
#12130 = ORIENTED_EDGE('',*,*,#12131,.T.);
#12131 = EDGE_CURVE('',#10203,#10139,#12132,.T.);
#12132 = LINE('',#12133,#12134);
#12133 = CARTESIAN_POINT('',(-0.1,0.3,-2.5));
#12134 = VECTOR('',#12135,1.);
#12135 = DIRECTION('',(1.,-1.110223024625E-16,0.));
#12136 = ORIENTED_EDGE('',*,*,#10146,.T.);
#12137 = ORIENTED_EDGE('',*,*,#12114,.F.);
#12138 = ORIENTED_EDGE('',*,*,#10210,.F.);
#12139 = PLANE('',#12140);
#12140 = AXIS2_PLACEMENT_3D('',#12141,#12142,#12143);
#12141 = CARTESIAN_POINT('',(-0.1,0.3,-2.5));
#12142 = DIRECTION('',(1.077074540829E-16,0.970142500145,-0.242535625036
    ));
#12143 = DIRECTION('',(-2.692686352073E-17,-0.242535625036,
    -0.970142500145));
#12144 = ADVANCED_FACE('',(#12145),#12151,.T.);
#12145 = FACE_BOUND('',#12146,.T.);
#12146 = EDGE_LOOP('',(#12147,#12148,#12149,#12150));
#12147 = ORIENTED_EDGE('',*,*,#10176,.T.);
#12148 = ORIENTED_EDGE('',*,*,#10138,.T.);
#12149 = ORIENTED_EDGE('',*,*,#12131,.F.);
#12150 = ORIENTED_EDGE('',*,*,#10202,.F.);
#12151 = PLANE('',#12152);
#12152 = AXIS2_PLACEMENT_3D('',#12153,#12154,#12155);
#12153 = CARTESIAN_POINT('',(-0.1,0.3,0.2));
#12154 = DIRECTION('',(1.110223024625E-16,1.,0.));
#12155 = DIRECTION('',(0.,0.,-1.));
#12156 = ADVANCED_FACE('',(#12157),#12168,.T.);
#12157 = FACE_BOUND('',#12158,.T.);
#12158 = EDGE_LOOP('',(#12159,#12160,#12161,#12162));
#12159 = ORIENTED_EDGE('',*,*,#10385,.T.);
#12160 = ORIENTED_EDGE('',*,*,#10248,.T.);
#12161 = ORIENTED_EDGE('',*,*,#10273,.T.);
#12162 = ORIENTED_EDGE('',*,*,#12163,.T.);
#12163 = EDGE_CURVE('',#10274,#10378,#12164,.T.);
#12164 = LINE('',#12165,#12166);
#12165 = CARTESIAN_POINT('',(0.1,-17.78,0.9));
#12166 = VECTOR('',#12167,1.);
#12167 = DIRECTION('',(-1.110223024625E-16,-1.,0.));
#12168 = PLANE('',#12169);
#12169 = AXIS2_PLACEMENT_3D('',#12170,#12171,#12172);
#12170 = CARTESIAN_POINT('',(-2.067651605486E-15,-17.78,0.9));
#12171 = DIRECTION('',(0.,0.,1.));
#12172 = DIRECTION('',(1.110223024625E-16,1.,-0.));
#12173 = ADVANCED_FACE('',(#12174),#12185,.T.);
#12174 = FACE_BOUND('',#12175,.T.);
#12175 = EDGE_LOOP('',(#12176,#12177,#12183,#12184));
#12176 = ORIENTED_EDGE('',*,*,#10353,.T.);
#12177 = ORIENTED_EDGE('',*,*,#12178,.F.);
#12178 = EDGE_CURVE('',#10298,#10354,#12179,.T.);
#12179 = LINE('',#12180,#12181);
#12180 = CARTESIAN_POINT('',(-0.1,-17.78,0.9));
#12181 = VECTOR('',#12182,1.);
#12182 = DIRECTION('',(-1.110223024625E-16,-1.,0.));
#12183 = ORIENTED_EDGE('',*,*,#10305,.T.);
#12184 = ORIENTED_EDGE('',*,*,#10328,.T.);
#12185 = PLANE('',#12186);
#12186 = AXIS2_PLACEMENT_3D('',#12187,#12188,#12189);
#12187 = CARTESIAN_POINT('',(-2.067651605486E-15,-17.78,0.9));
#12188 = DIRECTION('',(0.,0.,1.));
#12189 = DIRECTION('',(1.110223024625E-16,1.,-0.));
#12190 = ADVANCED_FACE('',(#12191),#12234,.T.);
#12191 = FACE_BOUND('',#12192,.T.);
#12192 = EDGE_LOOP('',(#12193,#12194,#12202,#12210,#12218,#12226,#12232,
    #12233));
#12193 = ORIENTED_EDGE('',*,*,#10361,.F.);
#12194 = ORIENTED_EDGE('',*,*,#12195,.T.);
#12195 = EDGE_CURVE('',#10362,#12196,#12198,.T.);
#12196 = VERTEX_POINT('',#12197);
#12197 = CARTESIAN_POINT('',(-0.1,-18.03,7.35));
#12198 = LINE('',#12199,#12200);
#12199 = CARTESIAN_POINT('',(-0.1,-18.08,7.4));
#12200 = VECTOR('',#12201,1.);
#12201 = DIRECTION('',(7.850462293414E-17,0.707106781187,-0.707106781187
    ));
#12202 = ORIENTED_EDGE('',*,*,#12203,.T.);
#12203 = EDGE_CURVE('',#12196,#12204,#12206,.T.);
#12204 = VERTEX_POINT('',#12205);
#12205 = CARTESIAN_POINT('',(-0.1,-18.03,1.25));
#12206 = LINE('',#12207,#12208);
#12207 = CARTESIAN_POINT('',(-0.1,-18.03,7.35));
#12208 = VECTOR('',#12209,1.);
#12209 = DIRECTION('',(0.,0.,-1.));
#12210 = ORIENTED_EDGE('',*,*,#12211,.T.);
#12211 = EDGE_CURVE('',#12204,#12212,#12214,.T.);
#12212 = VERTEX_POINT('',#12213);
#12213 = CARTESIAN_POINT('',(-0.1,-17.53,1.25));
#12214 = LINE('',#12215,#12216);
#12215 = CARTESIAN_POINT('',(-0.1,-18.03,1.25));
#12216 = VECTOR('',#12217,1.);
#12217 = DIRECTION('',(1.110223024625E-16,1.,0.));
#12218 = ORIENTED_EDGE('',*,*,#12219,.T.);
#12219 = EDGE_CURVE('',#12212,#12220,#12222,.T.);
#12220 = VERTEX_POINT('',#12221);
#12221 = CARTESIAN_POINT('',(-0.1,-17.53,7.35));
#12222 = LINE('',#12223,#12224);
#12223 = CARTESIAN_POINT('',(-0.1,-17.53,1.25));
#12224 = VECTOR('',#12225,1.);
#12225 = DIRECTION('',(0.,0.,1.));
#12226 = ORIENTED_EDGE('',*,*,#12227,.T.);
#12227 = EDGE_CURVE('',#12220,#10290,#12228,.T.);
#12228 = LINE('',#12229,#12230);
#12229 = CARTESIAN_POINT('',(-0.1,-17.53,7.35));
#12230 = VECTOR('',#12231,1.);
#12231 = DIRECTION('',(7.850462293414E-17,0.707106781187,0.707106781187)
  );
#12232 = ORIENTED_EDGE('',*,*,#10297,.F.);
#12233 = ORIENTED_EDGE('',*,*,#12178,.T.);
#12234 = PLANE('',#12235);
#12235 = AXIS2_PLACEMENT_3D('',#12236,#12237,#12238);
#12236 = CARTESIAN_POINT('',(-0.1,-17.78,3.911477598424));
#12237 = DIRECTION('',(-1.,1.110223024625E-16,0.));
#12238 = DIRECTION('',(0.,0.,1.));
#12239 = ADVANCED_FACE('',(#12240),#12258,.T.);
#12240 = FACE_BOUND('',#12241,.T.);
#12241 = EDGE_LOOP('',(#12242,#12250,#12256,#12257));
#12242 = ORIENTED_EDGE('',*,*,#12243,.T.);
#12243 = EDGE_CURVE('',#12220,#12244,#12246,.T.);
#12244 = VERTEX_POINT('',#12245);
#12245 = CARTESIAN_POINT('',(0.1,-17.53,7.35));
#12246 = LINE('',#12247,#12248);
#12247 = CARTESIAN_POINT('',(-0.1,-17.53,7.35));
#12248 = VECTOR('',#12249,1.);
#12249 = DIRECTION('',(1.,-1.110223024625E-16,0.));
#12250 = ORIENTED_EDGE('',*,*,#12251,.T.);
#12251 = EDGE_CURVE('',#12244,#10282,#12252,.T.);
#12252 = LINE('',#12253,#12254);
#12253 = CARTESIAN_POINT('',(0.1,-17.53,7.35));
#12254 = VECTOR('',#12255,1.);
#12255 = DIRECTION('',(7.850462293414E-17,0.707106781187,0.707106781187)
  );
#12256 = ORIENTED_EDGE('',*,*,#10289,.F.);
#12257 = ORIENTED_EDGE('',*,*,#12227,.F.);
#12258 = PLANE('',#12259);
#12259 = AXIS2_PLACEMENT_3D('',#12260,#12261,#12262);
#12260 = CARTESIAN_POINT('',(-0.1,-17.53,7.35));
#12261 = DIRECTION('',(-7.850462293414E-17,-0.707106781187,
    0.707106781187));
#12262 = DIRECTION('',(7.850462293414E-17,0.707106781187,0.707106781187)
  );
#12263 = ADVANCED_FACE('',(#12264),#12300,.F.);
#12264 = FACE_BOUND('',#12265,.F.);
#12265 = EDGE_LOOP('',(#12266,#12267,#12275,#12283,#12291,#12297,#12298,
    #12299));
#12266 = ORIENTED_EDGE('',*,*,#10377,.F.);
#12267 = ORIENTED_EDGE('',*,*,#12268,.T.);
#12268 = EDGE_CURVE('',#10370,#12269,#12271,.T.);
#12269 = VERTEX_POINT('',#12270);
#12270 = CARTESIAN_POINT('',(0.1,-18.03,7.35));
#12271 = LINE('',#12272,#12273);
#12272 = CARTESIAN_POINT('',(0.1,-18.08,7.4));
#12273 = VECTOR('',#12274,1.);
#12274 = DIRECTION('',(7.850462293414E-17,0.707106781187,-0.707106781187
    ));
#12275 = ORIENTED_EDGE('',*,*,#12276,.T.);
#12276 = EDGE_CURVE('',#12269,#12277,#12279,.T.);
#12277 = VERTEX_POINT('',#12278);
#12278 = CARTESIAN_POINT('',(0.1,-18.03,1.25));
#12279 = LINE('',#12280,#12281);
#12280 = CARTESIAN_POINT('',(0.1,-18.03,7.35));
#12281 = VECTOR('',#12282,1.);
#12282 = DIRECTION('',(0.,0.,-1.));
#12283 = ORIENTED_EDGE('',*,*,#12284,.T.);
#12284 = EDGE_CURVE('',#12277,#12285,#12287,.T.);
#12285 = VERTEX_POINT('',#12286);
#12286 = CARTESIAN_POINT('',(0.1,-17.53,1.25));
#12287 = LINE('',#12288,#12289);
#12288 = CARTESIAN_POINT('',(0.1,-18.03,1.25));
#12289 = VECTOR('',#12290,1.);
#12290 = DIRECTION('',(1.110223024625E-16,1.,0.));
#12291 = ORIENTED_EDGE('',*,*,#12292,.T.);
#12292 = EDGE_CURVE('',#12285,#12244,#12293,.T.);
#12293 = LINE('',#12294,#12295);
#12294 = CARTESIAN_POINT('',(0.1,-17.53,1.25));
#12295 = VECTOR('',#12296,1.);
#12296 = DIRECTION('',(0.,0.,1.));
#12297 = ORIENTED_EDGE('',*,*,#12251,.T.);
#12298 = ORIENTED_EDGE('',*,*,#10281,.F.);
#12299 = ORIENTED_EDGE('',*,*,#12163,.T.);
#12300 = PLANE('',#12301);
#12301 = AXIS2_PLACEMENT_3D('',#12302,#12303,#12304);
#12302 = CARTESIAN_POINT('',(0.1,-17.78,3.911477598424));
#12303 = DIRECTION('',(-1.,1.110223024625E-16,0.));
#12304 = DIRECTION('',(0.,0.,1.));
#12305 = ADVANCED_FACE('',(#12306),#12317,.T.);
#12306 = FACE_BOUND('',#12307,.T.);
#12307 = EDGE_LOOP('',(#12308,#12309,#12310,#12316));
#12308 = ORIENTED_EDGE('',*,*,#10369,.T.);
#12309 = ORIENTED_EDGE('',*,*,#12268,.T.);
#12310 = ORIENTED_EDGE('',*,*,#12311,.F.);
#12311 = EDGE_CURVE('',#12196,#12269,#12312,.T.);
#12312 = LINE('',#12313,#12314);
#12313 = CARTESIAN_POINT('',(-0.1,-18.03,7.35));
#12314 = VECTOR('',#12315,1.);
#12315 = DIRECTION('',(1.,-1.110223024625E-16,0.));
#12316 = ORIENTED_EDGE('',*,*,#12195,.F.);
#12317 = PLANE('',#12318);
#12318 = AXIS2_PLACEMENT_3D('',#12319,#12320,#12321);
#12319 = CARTESIAN_POINT('',(-0.1,-18.08,7.4));
#12320 = DIRECTION('',(7.850462293414E-17,0.707106781187,0.707106781187)
  );
#12321 = DIRECTION('',(7.850462293414E-17,0.707106781187,-0.707106781187
    ));
#12322 = ADVANCED_FACE('',(#12323),#12334,.T.);
#12323 = FACE_BOUND('',#12324,.T.);
#12324 = EDGE_LOOP('',(#12325,#12326,#12327,#12328));
#12325 = ORIENTED_EDGE('',*,*,#10545,.T.);
#12326 = ORIENTED_EDGE('',*,*,#10408,.T.);
#12327 = ORIENTED_EDGE('',*,*,#10433,.T.);
#12328 = ORIENTED_EDGE('',*,*,#12329,.T.);
#12329 = EDGE_CURVE('',#10434,#10538,#12330,.T.);
#12330 = LINE('',#12331,#12332);
#12331 = CARTESIAN_POINT('',(0.1,-15.24,0.9));
#12332 = VECTOR('',#12333,1.);
#12333 = DIRECTION('',(-1.110223024625E-16,-1.,0.));
#12334 = PLANE('',#12335);
#12335 = AXIS2_PLACEMENT_3D('',#12336,#12337,#12338);
#12336 = CARTESIAN_POINT('',(-1.785654957231E-15,-15.24,0.9));
#12337 = DIRECTION('',(0.,0.,1.));
#12338 = DIRECTION('',(1.110223024625E-16,1.,-0.));
#12339 = ADVANCED_FACE('',(#12340),#12351,.T.);
#12340 = FACE_BOUND('',#12341,.T.);
#12341 = EDGE_LOOP('',(#12342,#12343,#12349,#12350));
#12342 = ORIENTED_EDGE('',*,*,#10513,.T.);
#12343 = ORIENTED_EDGE('',*,*,#12344,.F.);
#12344 = EDGE_CURVE('',#10458,#10514,#12345,.T.);
#12345 = LINE('',#12346,#12347);
#12346 = CARTESIAN_POINT('',(-0.1,-15.24,0.9));
#12347 = VECTOR('',#12348,1.);
#12348 = DIRECTION('',(-1.110223024625E-16,-1.,0.));
#12349 = ORIENTED_EDGE('',*,*,#10465,.T.);
#12350 = ORIENTED_EDGE('',*,*,#10488,.T.);
#12351 = PLANE('',#12352);
#12352 = AXIS2_PLACEMENT_3D('',#12353,#12354,#12355);
#12353 = CARTESIAN_POINT('',(-1.785654957231E-15,-15.24,0.9));
#12354 = DIRECTION('',(0.,0.,1.));
#12355 = DIRECTION('',(1.110223024625E-16,1.,-0.));
#12356 = ADVANCED_FACE('',(#12357),#12400,.T.);
#12357 = FACE_BOUND('',#12358,.T.);
#12358 = EDGE_LOOP('',(#12359,#12360,#12368,#12376,#12384,#12392,#12398,
    #12399));
#12359 = ORIENTED_EDGE('',*,*,#10521,.F.);
#12360 = ORIENTED_EDGE('',*,*,#12361,.T.);
#12361 = EDGE_CURVE('',#10522,#12362,#12364,.T.);
#12362 = VERTEX_POINT('',#12363);
#12363 = CARTESIAN_POINT('',(-0.1,-15.49,7.35));
#12364 = LINE('',#12365,#12366);
#12365 = CARTESIAN_POINT('',(-0.1,-15.54,7.4));
#12366 = VECTOR('',#12367,1.);
#12367 = DIRECTION('',(7.850462293414E-17,0.707106781187,-0.707106781187
    ));
#12368 = ORIENTED_EDGE('',*,*,#12369,.T.);
#12369 = EDGE_CURVE('',#12362,#12370,#12372,.T.);
#12370 = VERTEX_POINT('',#12371);
#12371 = CARTESIAN_POINT('',(-0.1,-15.49,1.25));
#12372 = LINE('',#12373,#12374);
#12373 = CARTESIAN_POINT('',(-0.1,-15.49,7.35));
#12374 = VECTOR('',#12375,1.);
#12375 = DIRECTION('',(0.,0.,-1.));
#12376 = ORIENTED_EDGE('',*,*,#12377,.T.);
#12377 = EDGE_CURVE('',#12370,#12378,#12380,.T.);
#12378 = VERTEX_POINT('',#12379);
#12379 = CARTESIAN_POINT('',(-0.1,-14.99,1.25));
#12380 = LINE('',#12381,#12382);
#12381 = CARTESIAN_POINT('',(-0.1,-15.49,1.25));
#12382 = VECTOR('',#12383,1.);
#12383 = DIRECTION('',(1.110223024625E-16,1.,0.));
#12384 = ORIENTED_EDGE('',*,*,#12385,.T.);
#12385 = EDGE_CURVE('',#12378,#12386,#12388,.T.);
#12386 = VERTEX_POINT('',#12387);
#12387 = CARTESIAN_POINT('',(-0.1,-14.99,7.35));
#12388 = LINE('',#12389,#12390);
#12389 = CARTESIAN_POINT('',(-0.1,-14.99,1.25));
#12390 = VECTOR('',#12391,1.);
#12391 = DIRECTION('',(0.,0.,1.));
#12392 = ORIENTED_EDGE('',*,*,#12393,.T.);
#12393 = EDGE_CURVE('',#12386,#10450,#12394,.T.);
#12394 = LINE('',#12395,#12396);
#12395 = CARTESIAN_POINT('',(-0.1,-14.99,7.35));
#12396 = VECTOR('',#12397,1.);
#12397 = DIRECTION('',(7.850462293414E-17,0.707106781187,0.707106781187)
  );
#12398 = ORIENTED_EDGE('',*,*,#10457,.F.);
#12399 = ORIENTED_EDGE('',*,*,#12344,.T.);
#12400 = PLANE('',#12401);
#12401 = AXIS2_PLACEMENT_3D('',#12402,#12403,#12404);
#12402 = CARTESIAN_POINT('',(-0.1,-15.24,3.911477598424));
#12403 = DIRECTION('',(-1.,1.110223024625E-16,0.));
#12404 = DIRECTION('',(0.,0.,1.));
#12405 = ADVANCED_FACE('',(#12406),#12424,.T.);
#12406 = FACE_BOUND('',#12407,.T.);
#12407 = EDGE_LOOP('',(#12408,#12416,#12422,#12423));
#12408 = ORIENTED_EDGE('',*,*,#12409,.T.);
#12409 = EDGE_CURVE('',#12386,#12410,#12412,.T.);
#12410 = VERTEX_POINT('',#12411);
#12411 = CARTESIAN_POINT('',(0.1,-14.99,7.35));
#12412 = LINE('',#12413,#12414);
#12413 = CARTESIAN_POINT('',(-0.1,-14.99,7.35));
#12414 = VECTOR('',#12415,1.);
#12415 = DIRECTION('',(1.,-1.110223024625E-16,0.));
#12416 = ORIENTED_EDGE('',*,*,#12417,.T.);
#12417 = EDGE_CURVE('',#12410,#10442,#12418,.T.);
#12418 = LINE('',#12419,#12420);
#12419 = CARTESIAN_POINT('',(0.1,-14.99,7.35));
#12420 = VECTOR('',#12421,1.);
#12421 = DIRECTION('',(7.850462293414E-17,0.707106781187,0.707106781187)
  );
#12422 = ORIENTED_EDGE('',*,*,#10449,.F.);
#12423 = ORIENTED_EDGE('',*,*,#12393,.F.);
#12424 = PLANE('',#12425);
#12425 = AXIS2_PLACEMENT_3D('',#12426,#12427,#12428);
#12426 = CARTESIAN_POINT('',(-0.1,-14.99,7.35));
#12427 = DIRECTION('',(-7.850462293414E-17,-0.707106781187,
    0.707106781187));
#12428 = DIRECTION('',(7.850462293414E-17,0.707106781187,0.707106781187)
  );
#12429 = ADVANCED_FACE('',(#12430),#12466,.F.);
#12430 = FACE_BOUND('',#12431,.F.);
#12431 = EDGE_LOOP('',(#12432,#12433,#12441,#12449,#12457,#12463,#12464,
    #12465));
#12432 = ORIENTED_EDGE('',*,*,#10537,.F.);
#12433 = ORIENTED_EDGE('',*,*,#12434,.T.);
#12434 = EDGE_CURVE('',#10530,#12435,#12437,.T.);
#12435 = VERTEX_POINT('',#12436);
#12436 = CARTESIAN_POINT('',(0.1,-15.49,7.35));
#12437 = LINE('',#12438,#12439);
#12438 = CARTESIAN_POINT('',(0.1,-15.54,7.4));
#12439 = VECTOR('',#12440,1.);
#12440 = DIRECTION('',(7.850462293414E-17,0.707106781187,-0.707106781187
    ));
#12441 = ORIENTED_EDGE('',*,*,#12442,.T.);
#12442 = EDGE_CURVE('',#12435,#12443,#12445,.T.);
#12443 = VERTEX_POINT('',#12444);
#12444 = CARTESIAN_POINT('',(0.1,-15.49,1.25));
#12445 = LINE('',#12446,#12447);
#12446 = CARTESIAN_POINT('',(0.1,-15.49,7.35));
#12447 = VECTOR('',#12448,1.);
#12448 = DIRECTION('',(0.,0.,-1.));
#12449 = ORIENTED_EDGE('',*,*,#12450,.T.);
#12450 = EDGE_CURVE('',#12443,#12451,#12453,.T.);
#12451 = VERTEX_POINT('',#12452);
#12452 = CARTESIAN_POINT('',(0.1,-14.99,1.25));
#12453 = LINE('',#12454,#12455);
#12454 = CARTESIAN_POINT('',(0.1,-15.49,1.25));
#12455 = VECTOR('',#12456,1.);
#12456 = DIRECTION('',(1.110223024625E-16,1.,0.));
#12457 = ORIENTED_EDGE('',*,*,#12458,.T.);
#12458 = EDGE_CURVE('',#12451,#12410,#12459,.T.);
#12459 = LINE('',#12460,#12461);
#12460 = CARTESIAN_POINT('',(0.1,-14.99,1.25));
#12461 = VECTOR('',#12462,1.);
#12462 = DIRECTION('',(0.,0.,1.));
#12463 = ORIENTED_EDGE('',*,*,#12417,.T.);
#12464 = ORIENTED_EDGE('',*,*,#10441,.F.);
#12465 = ORIENTED_EDGE('',*,*,#12329,.T.);
#12466 = PLANE('',#12467);
#12467 = AXIS2_PLACEMENT_3D('',#12468,#12469,#12470);
#12468 = CARTESIAN_POINT('',(0.1,-15.24,3.911477598424));
#12469 = DIRECTION('',(-1.,1.110223024625E-16,0.));
#12470 = DIRECTION('',(0.,0.,1.));
#12471 = ADVANCED_FACE('',(#12472),#12483,.T.);
#12472 = FACE_BOUND('',#12473,.T.);
#12473 = EDGE_LOOP('',(#12474,#12475,#12476,#12482));
#12474 = ORIENTED_EDGE('',*,*,#10529,.T.);
#12475 = ORIENTED_EDGE('',*,*,#12434,.T.);
#12476 = ORIENTED_EDGE('',*,*,#12477,.F.);
#12477 = EDGE_CURVE('',#12362,#12435,#12478,.T.);
#12478 = LINE('',#12479,#12480);
#12479 = CARTESIAN_POINT('',(-0.1,-15.49,7.35));
#12480 = VECTOR('',#12481,1.);
#12481 = DIRECTION('',(1.,-1.110223024625E-16,0.));
#12482 = ORIENTED_EDGE('',*,*,#12361,.F.);
#12483 = PLANE('',#12484);
#12484 = AXIS2_PLACEMENT_3D('',#12485,#12486,#12487);
#12485 = CARTESIAN_POINT('',(-0.1,-15.54,7.4));
#12486 = DIRECTION('',(7.850462293414E-17,0.707106781187,0.707106781187)
  );
#12487 = DIRECTION('',(7.850462293414E-17,0.707106781187,-0.707106781187
    ));
#12488 = ADVANCED_FACE('',(#12489),#12500,.T.);
#12489 = FACE_BOUND('',#12490,.T.);
#12490 = EDGE_LOOP('',(#12491,#12492,#12493,#12494));
#12491 = ORIENTED_EDGE('',*,*,#10705,.T.);
#12492 = ORIENTED_EDGE('',*,*,#10568,.T.);
#12493 = ORIENTED_EDGE('',*,*,#10593,.T.);
#12494 = ORIENTED_EDGE('',*,*,#12495,.T.);
#12495 = EDGE_CURVE('',#10594,#10698,#12496,.T.);
#12496 = LINE('',#12497,#12498);
#12497 = CARTESIAN_POINT('',(0.1,-12.7,0.9));
#12498 = VECTOR('',#12499,1.);
#12499 = DIRECTION('',(-1.110223024625E-16,-1.,0.));
#12500 = PLANE('',#12501);
#12501 = AXIS2_PLACEMENT_3D('',#12502,#12503,#12504);
#12502 = CARTESIAN_POINT('',(-1.503658308977E-15,-12.7,0.9));
#12503 = DIRECTION('',(0.,0.,1.));
#12504 = DIRECTION('',(1.110223024625E-16,1.,-0.));
#12505 = ADVANCED_FACE('',(#12506),#12517,.T.);
#12506 = FACE_BOUND('',#12507,.T.);
#12507 = EDGE_LOOP('',(#12508,#12509,#12515,#12516));
#12508 = ORIENTED_EDGE('',*,*,#10673,.T.);
#12509 = ORIENTED_EDGE('',*,*,#12510,.F.);
#12510 = EDGE_CURVE('',#10618,#10674,#12511,.T.);
#12511 = LINE('',#12512,#12513);
#12512 = CARTESIAN_POINT('',(-0.1,-12.7,0.9));
#12513 = VECTOR('',#12514,1.);
#12514 = DIRECTION('',(-1.110223024625E-16,-1.,0.));
#12515 = ORIENTED_EDGE('',*,*,#10625,.T.);
#12516 = ORIENTED_EDGE('',*,*,#10648,.T.);
#12517 = PLANE('',#12518);
#12518 = AXIS2_PLACEMENT_3D('',#12519,#12520,#12521);
#12519 = CARTESIAN_POINT('',(-1.503658308977E-15,-12.7,0.9));
#12520 = DIRECTION('',(0.,0.,1.));
#12521 = DIRECTION('',(1.110223024625E-16,1.,-0.));
#12522 = ADVANCED_FACE('',(#12523),#12566,.T.);
#12523 = FACE_BOUND('',#12524,.T.);
#12524 = EDGE_LOOP('',(#12525,#12526,#12534,#12542,#12550,#12558,#12564,
    #12565));
#12525 = ORIENTED_EDGE('',*,*,#10681,.F.);
#12526 = ORIENTED_EDGE('',*,*,#12527,.T.);
#12527 = EDGE_CURVE('',#10682,#12528,#12530,.T.);
#12528 = VERTEX_POINT('',#12529);
#12529 = CARTESIAN_POINT('',(-0.1,-12.95,7.35));
#12530 = LINE('',#12531,#12532);
#12531 = CARTESIAN_POINT('',(-0.1,-13.,7.4));
#12532 = VECTOR('',#12533,1.);
#12533 = DIRECTION('',(7.850462293414E-17,0.707106781187,-0.707106781187
    ));
#12534 = ORIENTED_EDGE('',*,*,#12535,.T.);
#12535 = EDGE_CURVE('',#12528,#12536,#12538,.T.);
#12536 = VERTEX_POINT('',#12537);
#12537 = CARTESIAN_POINT('',(-0.1,-12.95,1.25));
#12538 = LINE('',#12539,#12540);
#12539 = CARTESIAN_POINT('',(-0.1,-12.95,7.35));
#12540 = VECTOR('',#12541,1.);
#12541 = DIRECTION('',(0.,0.,-1.));
#12542 = ORIENTED_EDGE('',*,*,#12543,.T.);
#12543 = EDGE_CURVE('',#12536,#12544,#12546,.T.);
#12544 = VERTEX_POINT('',#12545);
#12545 = CARTESIAN_POINT('',(-0.1,-12.45,1.25));
#12546 = LINE('',#12547,#12548);
#12547 = CARTESIAN_POINT('',(-0.1,-12.95,1.25));
#12548 = VECTOR('',#12549,1.);
#12549 = DIRECTION('',(1.110223024625E-16,1.,0.));
#12550 = ORIENTED_EDGE('',*,*,#12551,.T.);
#12551 = EDGE_CURVE('',#12544,#12552,#12554,.T.);
#12552 = VERTEX_POINT('',#12553);
#12553 = CARTESIAN_POINT('',(-0.1,-12.45,7.35));
#12554 = LINE('',#12555,#12556);
#12555 = CARTESIAN_POINT('',(-0.1,-12.45,1.25));
#12556 = VECTOR('',#12557,1.);
#12557 = DIRECTION('',(0.,0.,1.));
#12558 = ORIENTED_EDGE('',*,*,#12559,.T.);
#12559 = EDGE_CURVE('',#12552,#10610,#12560,.T.);
#12560 = LINE('',#12561,#12562);
#12561 = CARTESIAN_POINT('',(-0.1,-12.45,7.35));
#12562 = VECTOR('',#12563,1.);
#12563 = DIRECTION('',(7.850462293414E-17,0.707106781187,0.707106781187)
  );
#12564 = ORIENTED_EDGE('',*,*,#10617,.F.);
#12565 = ORIENTED_EDGE('',*,*,#12510,.T.);
#12566 = PLANE('',#12567);
#12567 = AXIS2_PLACEMENT_3D('',#12568,#12569,#12570);
#12568 = CARTESIAN_POINT('',(-0.1,-12.7,3.911477598424));
#12569 = DIRECTION('',(-1.,1.110223024625E-16,0.));
#12570 = DIRECTION('',(0.,0.,1.));
#12571 = ADVANCED_FACE('',(#12572),#12590,.T.);
#12572 = FACE_BOUND('',#12573,.T.);
#12573 = EDGE_LOOP('',(#12574,#12582,#12588,#12589));
#12574 = ORIENTED_EDGE('',*,*,#12575,.T.);
#12575 = EDGE_CURVE('',#12552,#12576,#12578,.T.);
#12576 = VERTEX_POINT('',#12577);
#12577 = CARTESIAN_POINT('',(0.1,-12.45,7.35));
#12578 = LINE('',#12579,#12580);
#12579 = CARTESIAN_POINT('',(-0.1,-12.45,7.35));
#12580 = VECTOR('',#12581,1.);
#12581 = DIRECTION('',(1.,-1.110223024625E-16,0.));
#12582 = ORIENTED_EDGE('',*,*,#12583,.T.);
#12583 = EDGE_CURVE('',#12576,#10602,#12584,.T.);
#12584 = LINE('',#12585,#12586);
#12585 = CARTESIAN_POINT('',(0.1,-12.45,7.35));
#12586 = VECTOR('',#12587,1.);
#12587 = DIRECTION('',(7.850462293414E-17,0.707106781187,0.707106781187)
  );
#12588 = ORIENTED_EDGE('',*,*,#10609,.F.);
#12589 = ORIENTED_EDGE('',*,*,#12559,.F.);
#12590 = PLANE('',#12591);
#12591 = AXIS2_PLACEMENT_3D('',#12592,#12593,#12594);
#12592 = CARTESIAN_POINT('',(-0.1,-12.45,7.35));
#12593 = DIRECTION('',(-7.850462293414E-17,-0.707106781187,
    0.707106781187));
#12594 = DIRECTION('',(7.850462293414E-17,0.707106781187,0.707106781187)
  );
#12595 = ADVANCED_FACE('',(#12596),#12632,.F.);
#12596 = FACE_BOUND('',#12597,.F.);
#12597 = EDGE_LOOP('',(#12598,#12599,#12607,#12615,#12623,#12629,#12630,
    #12631));
#12598 = ORIENTED_EDGE('',*,*,#10697,.F.);
#12599 = ORIENTED_EDGE('',*,*,#12600,.T.);
#12600 = EDGE_CURVE('',#10690,#12601,#12603,.T.);
#12601 = VERTEX_POINT('',#12602);
#12602 = CARTESIAN_POINT('',(0.1,-12.95,7.35));
#12603 = LINE('',#12604,#12605);
#12604 = CARTESIAN_POINT('',(0.1,-13.,7.4));
#12605 = VECTOR('',#12606,1.);
#12606 = DIRECTION('',(7.850462293414E-17,0.707106781187,-0.707106781187
    ));
#12607 = ORIENTED_EDGE('',*,*,#12608,.T.);
#12608 = EDGE_CURVE('',#12601,#12609,#12611,.T.);
#12609 = VERTEX_POINT('',#12610);
#12610 = CARTESIAN_POINT('',(0.1,-12.95,1.25));
#12611 = LINE('',#12612,#12613);
#12612 = CARTESIAN_POINT('',(0.1,-12.95,7.35));
#12613 = VECTOR('',#12614,1.);
#12614 = DIRECTION('',(0.,0.,-1.));
#12615 = ORIENTED_EDGE('',*,*,#12616,.T.);
#12616 = EDGE_CURVE('',#12609,#12617,#12619,.T.);
#12617 = VERTEX_POINT('',#12618);
#12618 = CARTESIAN_POINT('',(0.1,-12.45,1.25));
#12619 = LINE('',#12620,#12621);
#12620 = CARTESIAN_POINT('',(0.1,-12.95,1.25));
#12621 = VECTOR('',#12622,1.);
#12622 = DIRECTION('',(1.110223024625E-16,1.,0.));
#12623 = ORIENTED_EDGE('',*,*,#12624,.T.);
#12624 = EDGE_CURVE('',#12617,#12576,#12625,.T.);
#12625 = LINE('',#12626,#12627);
#12626 = CARTESIAN_POINT('',(0.1,-12.45,1.25));
#12627 = VECTOR('',#12628,1.);
#12628 = DIRECTION('',(0.,0.,1.));
#12629 = ORIENTED_EDGE('',*,*,#12583,.T.);
#12630 = ORIENTED_EDGE('',*,*,#10601,.F.);
#12631 = ORIENTED_EDGE('',*,*,#12495,.T.);
#12632 = PLANE('',#12633);
#12633 = AXIS2_PLACEMENT_3D('',#12634,#12635,#12636);
#12634 = CARTESIAN_POINT('',(0.1,-12.7,3.911477598424));
#12635 = DIRECTION('',(-1.,1.110223024625E-16,0.));
#12636 = DIRECTION('',(0.,0.,1.));
#12637 = ADVANCED_FACE('',(#12638),#12649,.T.);
#12638 = FACE_BOUND('',#12639,.T.);
#12639 = EDGE_LOOP('',(#12640,#12641,#12642,#12648));
#12640 = ORIENTED_EDGE('',*,*,#10689,.T.);
#12641 = ORIENTED_EDGE('',*,*,#12600,.T.);
#12642 = ORIENTED_EDGE('',*,*,#12643,.F.);
#12643 = EDGE_CURVE('',#12528,#12601,#12644,.T.);
#12644 = LINE('',#12645,#12646);
#12645 = CARTESIAN_POINT('',(-0.1,-12.95,7.35));
#12646 = VECTOR('',#12647,1.);
#12647 = DIRECTION('',(1.,-1.110223024625E-16,0.));
#12648 = ORIENTED_EDGE('',*,*,#12527,.F.);
#12649 = PLANE('',#12650);
#12650 = AXIS2_PLACEMENT_3D('',#12651,#12652,#12653);
#12651 = CARTESIAN_POINT('',(-0.1,-13.,7.4));
#12652 = DIRECTION('',(7.850462293414E-17,0.707106781187,0.707106781187)
  );
#12653 = DIRECTION('',(7.850462293414E-17,0.707106781187,-0.707106781187
    ));
#12654 = ADVANCED_FACE('',(#12655),#12666,.T.);
#12655 = FACE_BOUND('',#12656,.T.);
#12656 = EDGE_LOOP('',(#12657,#12658,#12659,#12660));
#12657 = ORIENTED_EDGE('',*,*,#10865,.T.);
#12658 = ORIENTED_EDGE('',*,*,#10728,.T.);
#12659 = ORIENTED_EDGE('',*,*,#10753,.T.);
#12660 = ORIENTED_EDGE('',*,*,#12661,.T.);
#12661 = EDGE_CURVE('',#10754,#10858,#12662,.T.);
#12662 = LINE('',#12663,#12664);
#12663 = CARTESIAN_POINT('',(0.1,-10.16,0.9));
#12664 = VECTOR('',#12665,1.);
#12665 = DIRECTION('',(-1.110223024625E-16,-1.,0.));
#12666 = PLANE('',#12667);
#12667 = AXIS2_PLACEMENT_3D('',#12668,#12669,#12670);
#12668 = CARTESIAN_POINT('',(-1.221661660722E-15,-10.16,0.9));
#12669 = DIRECTION('',(0.,0.,1.));
#12670 = DIRECTION('',(1.110223024625E-16,1.,-0.));
#12671 = ADVANCED_FACE('',(#12672),#12683,.T.);
#12672 = FACE_BOUND('',#12673,.T.);
#12673 = EDGE_LOOP('',(#12674,#12675,#12681,#12682));
#12674 = ORIENTED_EDGE('',*,*,#10833,.T.);
#12675 = ORIENTED_EDGE('',*,*,#12676,.F.);
#12676 = EDGE_CURVE('',#10778,#10834,#12677,.T.);
#12677 = LINE('',#12678,#12679);
#12678 = CARTESIAN_POINT('',(-0.1,-10.16,0.9));
#12679 = VECTOR('',#12680,1.);
#12680 = DIRECTION('',(-1.110223024625E-16,-1.,0.));
#12681 = ORIENTED_EDGE('',*,*,#10785,.T.);
#12682 = ORIENTED_EDGE('',*,*,#10808,.T.);
#12683 = PLANE('',#12684);
#12684 = AXIS2_PLACEMENT_3D('',#12685,#12686,#12687);
#12685 = CARTESIAN_POINT('',(-1.221661660722E-15,-10.16,0.9));
#12686 = DIRECTION('',(0.,0.,1.));
#12687 = DIRECTION('',(1.110223024625E-16,1.,-0.));
#12688 = ADVANCED_FACE('',(#12689),#12732,.T.);
#12689 = FACE_BOUND('',#12690,.T.);
#12690 = EDGE_LOOP('',(#12691,#12692,#12700,#12708,#12716,#12724,#12730,
    #12731));
#12691 = ORIENTED_EDGE('',*,*,#10841,.F.);
#12692 = ORIENTED_EDGE('',*,*,#12693,.T.);
#12693 = EDGE_CURVE('',#10842,#12694,#12696,.T.);
#12694 = VERTEX_POINT('',#12695);
#12695 = CARTESIAN_POINT('',(-0.1,-10.41,7.35));
#12696 = LINE('',#12697,#12698);
#12697 = CARTESIAN_POINT('',(-0.1,-10.46,7.4));
#12698 = VECTOR('',#12699,1.);
#12699 = DIRECTION('',(7.850462293414E-17,0.707106781187,-0.707106781187
    ));
#12700 = ORIENTED_EDGE('',*,*,#12701,.T.);
#12701 = EDGE_CURVE('',#12694,#12702,#12704,.T.);
#12702 = VERTEX_POINT('',#12703);
#12703 = CARTESIAN_POINT('',(-0.1,-10.41,1.25));
#12704 = LINE('',#12705,#12706);
#12705 = CARTESIAN_POINT('',(-0.1,-10.41,7.35));
#12706 = VECTOR('',#12707,1.);
#12707 = DIRECTION('',(0.,0.,-1.));
#12708 = ORIENTED_EDGE('',*,*,#12709,.T.);
#12709 = EDGE_CURVE('',#12702,#12710,#12712,.T.);
#12710 = VERTEX_POINT('',#12711);
#12711 = CARTESIAN_POINT('',(-0.1,-9.91,1.25));
#12712 = LINE('',#12713,#12714);
#12713 = CARTESIAN_POINT('',(-0.1,-10.41,1.25));
#12714 = VECTOR('',#12715,1.);
#12715 = DIRECTION('',(1.110223024625E-16,1.,0.));
#12716 = ORIENTED_EDGE('',*,*,#12717,.T.);
#12717 = EDGE_CURVE('',#12710,#12718,#12720,.T.);
#12718 = VERTEX_POINT('',#12719);
#12719 = CARTESIAN_POINT('',(-0.1,-9.91,7.35));
#12720 = LINE('',#12721,#12722);
#12721 = CARTESIAN_POINT('',(-0.1,-9.91,1.25));
#12722 = VECTOR('',#12723,1.);
#12723 = DIRECTION('',(0.,0.,1.));
#12724 = ORIENTED_EDGE('',*,*,#12725,.T.);
#12725 = EDGE_CURVE('',#12718,#10770,#12726,.T.);
#12726 = LINE('',#12727,#12728);
#12727 = CARTESIAN_POINT('',(-0.1,-9.91,7.35));
#12728 = VECTOR('',#12729,1.);
#12729 = DIRECTION('',(7.850462293414E-17,0.707106781187,0.707106781187)
  );
#12730 = ORIENTED_EDGE('',*,*,#10777,.F.);
#12731 = ORIENTED_EDGE('',*,*,#12676,.T.);
#12732 = PLANE('',#12733);
#12733 = AXIS2_PLACEMENT_3D('',#12734,#12735,#12736);
#12734 = CARTESIAN_POINT('',(-0.1,-10.16,3.911477598424));
#12735 = DIRECTION('',(-1.,1.110223024625E-16,0.));
#12736 = DIRECTION('',(0.,0.,1.));
#12737 = ADVANCED_FACE('',(#12738),#12756,.T.);
#12738 = FACE_BOUND('',#12739,.T.);
#12739 = EDGE_LOOP('',(#12740,#12748,#12754,#12755));
#12740 = ORIENTED_EDGE('',*,*,#12741,.T.);
#12741 = EDGE_CURVE('',#12718,#12742,#12744,.T.);
#12742 = VERTEX_POINT('',#12743);
#12743 = CARTESIAN_POINT('',(0.1,-9.91,7.35));
#12744 = LINE('',#12745,#12746);
#12745 = CARTESIAN_POINT('',(-0.1,-9.91,7.35));
#12746 = VECTOR('',#12747,1.);
#12747 = DIRECTION('',(1.,-1.110223024625E-16,0.));
#12748 = ORIENTED_EDGE('',*,*,#12749,.T.);
#12749 = EDGE_CURVE('',#12742,#10762,#12750,.T.);
#12750 = LINE('',#12751,#12752);
#12751 = CARTESIAN_POINT('',(0.1,-9.91,7.35));
#12752 = VECTOR('',#12753,1.);
#12753 = DIRECTION('',(7.850462293414E-17,0.707106781187,0.707106781187)
  );
#12754 = ORIENTED_EDGE('',*,*,#10769,.F.);
#12755 = ORIENTED_EDGE('',*,*,#12725,.F.);
#12756 = PLANE('',#12757);
#12757 = AXIS2_PLACEMENT_3D('',#12758,#12759,#12760);
#12758 = CARTESIAN_POINT('',(-0.1,-9.91,7.35));
#12759 = DIRECTION('',(-7.850462293414E-17,-0.707106781187,
    0.707106781187));
#12760 = DIRECTION('',(7.850462293414E-17,0.707106781187,0.707106781187)
  );
#12761 = ADVANCED_FACE('',(#12762),#12798,.F.);
#12762 = FACE_BOUND('',#12763,.F.);
#12763 = EDGE_LOOP('',(#12764,#12765,#12773,#12781,#12789,#12795,#12796,
    #12797));
#12764 = ORIENTED_EDGE('',*,*,#10857,.F.);
#12765 = ORIENTED_EDGE('',*,*,#12766,.T.);
#12766 = EDGE_CURVE('',#10850,#12767,#12769,.T.);
#12767 = VERTEX_POINT('',#12768);
#12768 = CARTESIAN_POINT('',(0.1,-10.41,7.35));
#12769 = LINE('',#12770,#12771);
#12770 = CARTESIAN_POINT('',(0.1,-10.46,7.4));
#12771 = VECTOR('',#12772,1.);
#12772 = DIRECTION('',(7.850462293414E-17,0.707106781187,-0.707106781187
    ));
#12773 = ORIENTED_EDGE('',*,*,#12774,.T.);
#12774 = EDGE_CURVE('',#12767,#12775,#12777,.T.);
#12775 = VERTEX_POINT('',#12776);
#12776 = CARTESIAN_POINT('',(0.1,-10.41,1.25));
#12777 = LINE('',#12778,#12779);
#12778 = CARTESIAN_POINT('',(0.1,-10.41,7.35));
#12779 = VECTOR('',#12780,1.);
#12780 = DIRECTION('',(0.,0.,-1.));
#12781 = ORIENTED_EDGE('',*,*,#12782,.T.);
#12782 = EDGE_CURVE('',#12775,#12783,#12785,.T.);
#12783 = VERTEX_POINT('',#12784);
#12784 = CARTESIAN_POINT('',(0.1,-9.91,1.25));
#12785 = LINE('',#12786,#12787);
#12786 = CARTESIAN_POINT('',(0.1,-10.41,1.25));
#12787 = VECTOR('',#12788,1.);
#12788 = DIRECTION('',(1.110223024625E-16,1.,0.));
#12789 = ORIENTED_EDGE('',*,*,#12790,.T.);
#12790 = EDGE_CURVE('',#12783,#12742,#12791,.T.);
#12791 = LINE('',#12792,#12793);
#12792 = CARTESIAN_POINT('',(0.1,-9.91,1.25));
#12793 = VECTOR('',#12794,1.);
#12794 = DIRECTION('',(0.,0.,1.));
#12795 = ORIENTED_EDGE('',*,*,#12749,.T.);
#12796 = ORIENTED_EDGE('',*,*,#10761,.F.);
#12797 = ORIENTED_EDGE('',*,*,#12661,.T.);
#12798 = PLANE('',#12799);
#12799 = AXIS2_PLACEMENT_3D('',#12800,#12801,#12802);
#12800 = CARTESIAN_POINT('',(0.1,-10.16,3.911477598424));
#12801 = DIRECTION('',(-1.,1.110223024625E-16,0.));
#12802 = DIRECTION('',(0.,0.,1.));
#12803 = ADVANCED_FACE('',(#12804),#12815,.T.);
#12804 = FACE_BOUND('',#12805,.T.);
#12805 = EDGE_LOOP('',(#12806,#12807,#12808,#12814));
#12806 = ORIENTED_EDGE('',*,*,#10849,.T.);
#12807 = ORIENTED_EDGE('',*,*,#12766,.T.);
#12808 = ORIENTED_EDGE('',*,*,#12809,.F.);
#12809 = EDGE_CURVE('',#12694,#12767,#12810,.T.);
#12810 = LINE('',#12811,#12812);
#12811 = CARTESIAN_POINT('',(-0.1,-10.41,7.35));
#12812 = VECTOR('',#12813,1.);
#12813 = DIRECTION('',(1.,-1.110223024625E-16,0.));
#12814 = ORIENTED_EDGE('',*,*,#12693,.F.);
#12815 = PLANE('',#12816);
#12816 = AXIS2_PLACEMENT_3D('',#12817,#12818,#12819);
#12817 = CARTESIAN_POINT('',(-0.1,-10.46,7.4));
#12818 = DIRECTION('',(7.850462293414E-17,0.707106781187,0.707106781187)
  );
#12819 = DIRECTION('',(7.850462293414E-17,0.707106781187,-0.707106781187
    ));
#12820 = ADVANCED_FACE('',(#12821),#12832,.T.);
#12821 = FACE_BOUND('',#12822,.T.);
#12822 = EDGE_LOOP('',(#12823,#12824,#12825,#12826));
#12823 = ORIENTED_EDGE('',*,*,#11025,.T.);
#12824 = ORIENTED_EDGE('',*,*,#10888,.T.);
#12825 = ORIENTED_EDGE('',*,*,#10913,.T.);
#12826 = ORIENTED_EDGE('',*,*,#12827,.T.);
#12827 = EDGE_CURVE('',#10914,#11018,#12828,.T.);
#12828 = LINE('',#12829,#12830);
#12829 = CARTESIAN_POINT('',(0.1,-7.62,0.9));
#12830 = VECTOR('',#12831,1.);
#12831 = DIRECTION('',(-1.110223024625E-16,-1.,0.));
#12832 = PLANE('',#12833);
#12833 = AXIS2_PLACEMENT_3D('',#12834,#12835,#12836);
#12834 = CARTESIAN_POINT('',(-9.396650124671E-16,-7.62,0.9));
#12835 = DIRECTION('',(0.,0.,1.));
#12836 = DIRECTION('',(1.110223024625E-16,1.,-0.));
#12837 = ADVANCED_FACE('',(#12838),#12849,.T.);
#12838 = FACE_BOUND('',#12839,.T.);
#12839 = EDGE_LOOP('',(#12840,#12841,#12847,#12848));
#12840 = ORIENTED_EDGE('',*,*,#10993,.T.);
#12841 = ORIENTED_EDGE('',*,*,#12842,.F.);
#12842 = EDGE_CURVE('',#10938,#10994,#12843,.T.);
#12843 = LINE('',#12844,#12845);
#12844 = CARTESIAN_POINT('',(-0.1,-7.62,0.9));
#12845 = VECTOR('',#12846,1.);
#12846 = DIRECTION('',(-1.110223024625E-16,-1.,0.));
#12847 = ORIENTED_EDGE('',*,*,#10945,.T.);
#12848 = ORIENTED_EDGE('',*,*,#10968,.T.);
#12849 = PLANE('',#12850);
#12850 = AXIS2_PLACEMENT_3D('',#12851,#12852,#12853);
#12851 = CARTESIAN_POINT('',(-9.396650124671E-16,-7.62,0.9));
#12852 = DIRECTION('',(0.,0.,1.));
#12853 = DIRECTION('',(1.110223024625E-16,1.,-0.));
#12854 = ADVANCED_FACE('',(#12855),#12898,.T.);
#12855 = FACE_BOUND('',#12856,.T.);
#12856 = EDGE_LOOP('',(#12857,#12858,#12866,#12874,#12882,#12890,#12896,
    #12897));
#12857 = ORIENTED_EDGE('',*,*,#11001,.F.);
#12858 = ORIENTED_EDGE('',*,*,#12859,.T.);
#12859 = EDGE_CURVE('',#11002,#12860,#12862,.T.);
#12860 = VERTEX_POINT('',#12861);
#12861 = CARTESIAN_POINT('',(-0.1,-7.87,7.35));
#12862 = LINE('',#12863,#12864);
#12863 = CARTESIAN_POINT('',(-0.1,-7.92,7.4));
#12864 = VECTOR('',#12865,1.);
#12865 = DIRECTION('',(7.850462293414E-17,0.707106781187,-0.707106781187
    ));
#12866 = ORIENTED_EDGE('',*,*,#12867,.T.);
#12867 = EDGE_CURVE('',#12860,#12868,#12870,.T.);
#12868 = VERTEX_POINT('',#12869);
#12869 = CARTESIAN_POINT('',(-0.1,-7.87,1.25));
#12870 = LINE('',#12871,#12872);
#12871 = CARTESIAN_POINT('',(-0.1,-7.87,7.35));
#12872 = VECTOR('',#12873,1.);
#12873 = DIRECTION('',(0.,0.,-1.));
#12874 = ORIENTED_EDGE('',*,*,#12875,.T.);
#12875 = EDGE_CURVE('',#12868,#12876,#12878,.T.);
#12876 = VERTEX_POINT('',#12877);
#12877 = CARTESIAN_POINT('',(-0.1,-7.37,1.25));
#12878 = LINE('',#12879,#12880);
#12879 = CARTESIAN_POINT('',(-0.1,-7.87,1.25));
#12880 = VECTOR('',#12881,1.);
#12881 = DIRECTION('',(1.110223024625E-16,1.,0.));
#12882 = ORIENTED_EDGE('',*,*,#12883,.T.);
#12883 = EDGE_CURVE('',#12876,#12884,#12886,.T.);
#12884 = VERTEX_POINT('',#12885);
#12885 = CARTESIAN_POINT('',(-0.1,-7.37,7.35));
#12886 = LINE('',#12887,#12888);
#12887 = CARTESIAN_POINT('',(-0.1,-7.37,1.25));
#12888 = VECTOR('',#12889,1.);
#12889 = DIRECTION('',(0.,0.,1.));
#12890 = ORIENTED_EDGE('',*,*,#12891,.T.);
#12891 = EDGE_CURVE('',#12884,#10930,#12892,.T.);
#12892 = LINE('',#12893,#12894);
#12893 = CARTESIAN_POINT('',(-0.1,-7.37,7.35));
#12894 = VECTOR('',#12895,1.);
#12895 = DIRECTION('',(7.850462293414E-17,0.707106781187,0.707106781187)
  );
#12896 = ORIENTED_EDGE('',*,*,#10937,.F.);
#12897 = ORIENTED_EDGE('',*,*,#12842,.T.);
#12898 = PLANE('',#12899);
#12899 = AXIS2_PLACEMENT_3D('',#12900,#12901,#12902);
#12900 = CARTESIAN_POINT('',(-0.1,-7.62,3.911477598424));
#12901 = DIRECTION('',(-1.,1.110223024625E-16,0.));
#12902 = DIRECTION('',(0.,0.,1.));
#12903 = ADVANCED_FACE('',(#12904),#12922,.T.);
#12904 = FACE_BOUND('',#12905,.T.);
#12905 = EDGE_LOOP('',(#12906,#12914,#12920,#12921));
#12906 = ORIENTED_EDGE('',*,*,#12907,.T.);
#12907 = EDGE_CURVE('',#12884,#12908,#12910,.T.);
#12908 = VERTEX_POINT('',#12909);
#12909 = CARTESIAN_POINT('',(0.1,-7.37,7.35));
#12910 = LINE('',#12911,#12912);
#12911 = CARTESIAN_POINT('',(-0.1,-7.37,7.35));
#12912 = VECTOR('',#12913,1.);
#12913 = DIRECTION('',(1.,-1.110223024625E-16,0.));
#12914 = ORIENTED_EDGE('',*,*,#12915,.T.);
#12915 = EDGE_CURVE('',#12908,#10922,#12916,.T.);
#12916 = LINE('',#12917,#12918);
#12917 = CARTESIAN_POINT('',(0.1,-7.37,7.35));
#12918 = VECTOR('',#12919,1.);
#12919 = DIRECTION('',(7.850462293414E-17,0.707106781187,0.707106781187)
  );
#12920 = ORIENTED_EDGE('',*,*,#10929,.F.);
#12921 = ORIENTED_EDGE('',*,*,#12891,.F.);
#12922 = PLANE('',#12923);
#12923 = AXIS2_PLACEMENT_3D('',#12924,#12925,#12926);
#12924 = CARTESIAN_POINT('',(-0.1,-7.37,7.35));
#12925 = DIRECTION('',(-7.850462293414E-17,-0.707106781187,
    0.707106781187));
#12926 = DIRECTION('',(7.850462293414E-17,0.707106781187,0.707106781187)
  );
#12927 = ADVANCED_FACE('',(#12928),#12964,.F.);
#12928 = FACE_BOUND('',#12929,.F.);
#12929 = EDGE_LOOP('',(#12930,#12931,#12939,#12947,#12955,#12961,#12962,
    #12963));
#12930 = ORIENTED_EDGE('',*,*,#11017,.F.);
#12931 = ORIENTED_EDGE('',*,*,#12932,.T.);
#12932 = EDGE_CURVE('',#11010,#12933,#12935,.T.);
#12933 = VERTEX_POINT('',#12934);
#12934 = CARTESIAN_POINT('',(0.1,-7.87,7.35));
#12935 = LINE('',#12936,#12937);
#12936 = CARTESIAN_POINT('',(0.1,-7.92,7.4));
#12937 = VECTOR('',#12938,1.);
#12938 = DIRECTION('',(7.850462293414E-17,0.707106781187,-0.707106781187
    ));
#12939 = ORIENTED_EDGE('',*,*,#12940,.T.);
#12940 = EDGE_CURVE('',#12933,#12941,#12943,.T.);
#12941 = VERTEX_POINT('',#12942);
#12942 = CARTESIAN_POINT('',(0.1,-7.87,1.25));
#12943 = LINE('',#12944,#12945);
#12944 = CARTESIAN_POINT('',(0.1,-7.87,7.35));
#12945 = VECTOR('',#12946,1.);
#12946 = DIRECTION('',(0.,0.,-1.));
#12947 = ORIENTED_EDGE('',*,*,#12948,.T.);
#12948 = EDGE_CURVE('',#12941,#12949,#12951,.T.);
#12949 = VERTEX_POINT('',#12950);
#12950 = CARTESIAN_POINT('',(0.1,-7.37,1.25));
#12951 = LINE('',#12952,#12953);
#12952 = CARTESIAN_POINT('',(0.1,-7.87,1.25));
#12953 = VECTOR('',#12954,1.);
#12954 = DIRECTION('',(1.110223024625E-16,1.,0.));
#12955 = ORIENTED_EDGE('',*,*,#12956,.T.);
#12956 = EDGE_CURVE('',#12949,#12908,#12957,.T.);
#12957 = LINE('',#12958,#12959);
#12958 = CARTESIAN_POINT('',(0.1,-7.37,1.25));
#12959 = VECTOR('',#12960,1.);
#12960 = DIRECTION('',(0.,0.,1.));
#12961 = ORIENTED_EDGE('',*,*,#12915,.T.);
#12962 = ORIENTED_EDGE('',*,*,#10921,.F.);
#12963 = ORIENTED_EDGE('',*,*,#12827,.T.);
#12964 = PLANE('',#12965);
#12965 = AXIS2_PLACEMENT_3D('',#12966,#12967,#12968);
#12966 = CARTESIAN_POINT('',(0.1,-7.62,3.911477598424));
#12967 = DIRECTION('',(-1.,1.110223024625E-16,0.));
#12968 = DIRECTION('',(0.,0.,1.));
#12969 = ADVANCED_FACE('',(#12970),#12981,.T.);
#12970 = FACE_BOUND('',#12971,.T.);
#12971 = EDGE_LOOP('',(#12972,#12973,#12974,#12980));
#12972 = ORIENTED_EDGE('',*,*,#11009,.T.);
#12973 = ORIENTED_EDGE('',*,*,#12932,.T.);
#12974 = ORIENTED_EDGE('',*,*,#12975,.F.);
#12975 = EDGE_CURVE('',#12860,#12933,#12976,.T.);
#12976 = LINE('',#12977,#12978);
#12977 = CARTESIAN_POINT('',(-0.1,-7.87,7.35));
#12978 = VECTOR('',#12979,1.);
#12979 = DIRECTION('',(1.,-1.110223024625E-16,0.));
#12980 = ORIENTED_EDGE('',*,*,#12859,.F.);
#12981 = PLANE('',#12982);
#12982 = AXIS2_PLACEMENT_3D('',#12983,#12984,#12985);
#12983 = CARTESIAN_POINT('',(-0.1,-7.92,7.4));
#12984 = DIRECTION('',(7.850462293414E-17,0.707106781187,0.707106781187)
  );
#12985 = DIRECTION('',(7.850462293414E-17,0.707106781187,-0.707106781187
    ));
#12986 = ADVANCED_FACE('',(#12987),#12998,.T.);
#12987 = FACE_BOUND('',#12988,.T.);
#12988 = EDGE_LOOP('',(#12989,#12990,#12991,#12992));
#12989 = ORIENTED_EDGE('',*,*,#11185,.T.);
#12990 = ORIENTED_EDGE('',*,*,#11048,.T.);
#12991 = ORIENTED_EDGE('',*,*,#11073,.T.);
#12992 = ORIENTED_EDGE('',*,*,#12993,.T.);
#12993 = EDGE_CURVE('',#11074,#11178,#12994,.T.);
#12994 = LINE('',#12995,#12996);
#12995 = CARTESIAN_POINT('',(0.1,-5.08,0.9));
#12996 = VECTOR('',#12997,1.);
#12997 = DIRECTION('',(-1.110223024625E-16,-1.,0.));
#12998 = PLANE('',#12999);
#12999 = AXIS2_PLACEMENT_3D('',#13000,#13001,#13002);
#13000 = CARTESIAN_POINT('',(-6.576683642123E-16,-5.08,0.9));
#13001 = DIRECTION('',(0.,0.,1.));
#13002 = DIRECTION('',(1.110223024625E-16,1.,-0.));
#13003 = ADVANCED_FACE('',(#13004),#13015,.T.);
#13004 = FACE_BOUND('',#13005,.T.);
#13005 = EDGE_LOOP('',(#13006,#13007,#13013,#13014));
#13006 = ORIENTED_EDGE('',*,*,#11153,.T.);
#13007 = ORIENTED_EDGE('',*,*,#13008,.F.);
#13008 = EDGE_CURVE('',#11098,#11154,#13009,.T.);
#13009 = LINE('',#13010,#13011);
#13010 = CARTESIAN_POINT('',(-0.1,-5.08,0.9));
#13011 = VECTOR('',#13012,1.);
#13012 = DIRECTION('',(-1.110223024625E-16,-1.,0.));
#13013 = ORIENTED_EDGE('',*,*,#11105,.T.);
#13014 = ORIENTED_EDGE('',*,*,#11128,.T.);
#13015 = PLANE('',#13016);
#13016 = AXIS2_PLACEMENT_3D('',#13017,#13018,#13019);
#13017 = CARTESIAN_POINT('',(-6.576683642123E-16,-5.08,0.9));
#13018 = DIRECTION('',(0.,0.,1.));
#13019 = DIRECTION('',(1.110223024625E-16,1.,-0.));
#13020 = ADVANCED_FACE('',(#13021),#13064,.T.);
#13021 = FACE_BOUND('',#13022,.T.);
#13022 = EDGE_LOOP('',(#13023,#13024,#13032,#13040,#13048,#13056,#13062,
    #13063));
#13023 = ORIENTED_EDGE('',*,*,#11161,.F.);
#13024 = ORIENTED_EDGE('',*,*,#13025,.T.);
#13025 = EDGE_CURVE('',#11162,#13026,#13028,.T.);
#13026 = VERTEX_POINT('',#13027);
#13027 = CARTESIAN_POINT('',(-0.1,-5.33,7.35));
#13028 = LINE('',#13029,#13030);
#13029 = CARTESIAN_POINT('',(-0.1,-5.38,7.4));
#13030 = VECTOR('',#13031,1.);
#13031 = DIRECTION('',(7.850462293414E-17,0.707106781187,-0.707106781187
    ));
#13032 = ORIENTED_EDGE('',*,*,#13033,.T.);
#13033 = EDGE_CURVE('',#13026,#13034,#13036,.T.);
#13034 = VERTEX_POINT('',#13035);
#13035 = CARTESIAN_POINT('',(-0.1,-5.33,1.25));
#13036 = LINE('',#13037,#13038);
#13037 = CARTESIAN_POINT('',(-0.1,-5.33,7.35));
#13038 = VECTOR('',#13039,1.);
#13039 = DIRECTION('',(0.,0.,-1.));
#13040 = ORIENTED_EDGE('',*,*,#13041,.T.);
#13041 = EDGE_CURVE('',#13034,#13042,#13044,.T.);
#13042 = VERTEX_POINT('',#13043);
#13043 = CARTESIAN_POINT('',(-0.1,-4.83,1.25));
#13044 = LINE('',#13045,#13046);
#13045 = CARTESIAN_POINT('',(-0.1,-5.33,1.25));
#13046 = VECTOR('',#13047,1.);
#13047 = DIRECTION('',(1.110223024625E-16,1.,0.));
#13048 = ORIENTED_EDGE('',*,*,#13049,.T.);
#13049 = EDGE_CURVE('',#13042,#13050,#13052,.T.);
#13050 = VERTEX_POINT('',#13051);
#13051 = CARTESIAN_POINT('',(-0.1,-4.83,7.35));
#13052 = LINE('',#13053,#13054);
#13053 = CARTESIAN_POINT('',(-0.1,-4.83,1.25));
#13054 = VECTOR('',#13055,1.);
#13055 = DIRECTION('',(0.,0.,1.));
#13056 = ORIENTED_EDGE('',*,*,#13057,.T.);
#13057 = EDGE_CURVE('',#13050,#11090,#13058,.T.);
#13058 = LINE('',#13059,#13060);
#13059 = CARTESIAN_POINT('',(-0.1,-4.83,7.35));
#13060 = VECTOR('',#13061,1.);
#13061 = DIRECTION('',(7.850462293414E-17,0.707106781187,0.707106781187)
  );
#13062 = ORIENTED_EDGE('',*,*,#11097,.F.);
#13063 = ORIENTED_EDGE('',*,*,#13008,.T.);
#13064 = PLANE('',#13065);
#13065 = AXIS2_PLACEMENT_3D('',#13066,#13067,#13068);
#13066 = CARTESIAN_POINT('',(-0.1,-5.08,3.911477598424));
#13067 = DIRECTION('',(-1.,1.110223024625E-16,0.));
#13068 = DIRECTION('',(0.,0.,1.));
#13069 = ADVANCED_FACE('',(#13070),#13088,.T.);
#13070 = FACE_BOUND('',#13071,.T.);
#13071 = EDGE_LOOP('',(#13072,#13080,#13086,#13087));
#13072 = ORIENTED_EDGE('',*,*,#13073,.T.);
#13073 = EDGE_CURVE('',#13050,#13074,#13076,.T.);
#13074 = VERTEX_POINT('',#13075);
#13075 = CARTESIAN_POINT('',(0.1,-4.83,7.35));
#13076 = LINE('',#13077,#13078);
#13077 = CARTESIAN_POINT('',(-0.1,-4.83,7.35));
#13078 = VECTOR('',#13079,1.);
#13079 = DIRECTION('',(1.,-1.110223024625E-16,0.));
#13080 = ORIENTED_EDGE('',*,*,#13081,.T.);
#13081 = EDGE_CURVE('',#13074,#11082,#13082,.T.);
#13082 = LINE('',#13083,#13084);
#13083 = CARTESIAN_POINT('',(0.1,-4.83,7.35));
#13084 = VECTOR('',#13085,1.);
#13085 = DIRECTION('',(7.850462293414E-17,0.707106781187,0.707106781187)
  );
#13086 = ORIENTED_EDGE('',*,*,#11089,.F.);
#13087 = ORIENTED_EDGE('',*,*,#13057,.F.);
#13088 = PLANE('',#13089);
#13089 = AXIS2_PLACEMENT_3D('',#13090,#13091,#13092);
#13090 = CARTESIAN_POINT('',(-0.1,-4.83,7.35));
#13091 = DIRECTION('',(-7.850462293414E-17,-0.707106781187,
    0.707106781187));
#13092 = DIRECTION('',(7.850462293414E-17,0.707106781187,0.707106781187)
  );
#13093 = ADVANCED_FACE('',(#13094),#13130,.F.);
#13094 = FACE_BOUND('',#13095,.F.);
#13095 = EDGE_LOOP('',(#13096,#13097,#13105,#13113,#13121,#13127,#13128,
    #13129));
#13096 = ORIENTED_EDGE('',*,*,#11177,.F.);
#13097 = ORIENTED_EDGE('',*,*,#13098,.T.);
#13098 = EDGE_CURVE('',#11170,#13099,#13101,.T.);
#13099 = VERTEX_POINT('',#13100);
#13100 = CARTESIAN_POINT('',(0.1,-5.33,7.35));
#13101 = LINE('',#13102,#13103);
#13102 = CARTESIAN_POINT('',(0.1,-5.38,7.4));
#13103 = VECTOR('',#13104,1.);
#13104 = DIRECTION('',(7.850462293414E-17,0.707106781187,-0.707106781187
    ));
#13105 = ORIENTED_EDGE('',*,*,#13106,.T.);
#13106 = EDGE_CURVE('',#13099,#13107,#13109,.T.);
#13107 = VERTEX_POINT('',#13108);
#13108 = CARTESIAN_POINT('',(0.1,-5.33,1.25));
#13109 = LINE('',#13110,#13111);
#13110 = CARTESIAN_POINT('',(0.1,-5.33,7.35));
#13111 = VECTOR('',#13112,1.);
#13112 = DIRECTION('',(0.,0.,-1.));
#13113 = ORIENTED_EDGE('',*,*,#13114,.T.);
#13114 = EDGE_CURVE('',#13107,#13115,#13117,.T.);
#13115 = VERTEX_POINT('',#13116);
#13116 = CARTESIAN_POINT('',(0.1,-4.83,1.25));
#13117 = LINE('',#13118,#13119);
#13118 = CARTESIAN_POINT('',(0.1,-5.33,1.25));
#13119 = VECTOR('',#13120,1.);
#13120 = DIRECTION('',(1.110223024625E-16,1.,0.));
#13121 = ORIENTED_EDGE('',*,*,#13122,.T.);
#13122 = EDGE_CURVE('',#13115,#13074,#13123,.T.);
#13123 = LINE('',#13124,#13125);
#13124 = CARTESIAN_POINT('',(0.1,-4.83,1.25));
#13125 = VECTOR('',#13126,1.);
#13126 = DIRECTION('',(0.,0.,1.));
#13127 = ORIENTED_EDGE('',*,*,#13081,.T.);
#13128 = ORIENTED_EDGE('',*,*,#11081,.F.);
#13129 = ORIENTED_EDGE('',*,*,#12993,.T.);
#13130 = PLANE('',#13131);
#13131 = AXIS2_PLACEMENT_3D('',#13132,#13133,#13134);
#13132 = CARTESIAN_POINT('',(0.1,-5.08,3.911477598424));
#13133 = DIRECTION('',(-1.,1.110223024625E-16,0.));
#13134 = DIRECTION('',(0.,0.,1.));
#13135 = ADVANCED_FACE('',(#13136),#13147,.T.);
#13136 = FACE_BOUND('',#13137,.T.);
#13137 = EDGE_LOOP('',(#13138,#13139,#13140,#13146));
#13138 = ORIENTED_EDGE('',*,*,#11169,.T.);
#13139 = ORIENTED_EDGE('',*,*,#13098,.T.);
#13140 = ORIENTED_EDGE('',*,*,#13141,.F.);
#13141 = EDGE_CURVE('',#13026,#13099,#13142,.T.);
#13142 = LINE('',#13143,#13144);
#13143 = CARTESIAN_POINT('',(-0.1,-5.33,7.35));
#13144 = VECTOR('',#13145,1.);
#13145 = DIRECTION('',(1.,-1.110223024625E-16,0.));
#13146 = ORIENTED_EDGE('',*,*,#13025,.F.);
#13147 = PLANE('',#13148);
#13148 = AXIS2_PLACEMENT_3D('',#13149,#13150,#13151);
#13149 = CARTESIAN_POINT('',(-0.1,-5.38,7.4));
#13150 = DIRECTION('',(7.850462293414E-17,0.707106781187,0.707106781187)
  );
#13151 = DIRECTION('',(7.850462293414E-17,0.707106781187,-0.707106781187
    ));
#13152 = ADVANCED_FACE('',(#13153),#13164,.T.);
#13153 = FACE_BOUND('',#13154,.T.);
#13154 = EDGE_LOOP('',(#13155,#13156,#13157,#13158));
#13155 = ORIENTED_EDGE('',*,*,#11345,.T.);
#13156 = ORIENTED_EDGE('',*,*,#11208,.T.);
#13157 = ORIENTED_EDGE('',*,*,#11233,.T.);
#13158 = ORIENTED_EDGE('',*,*,#13159,.T.);
#13159 = EDGE_CURVE('',#11234,#11338,#13160,.T.);
#13160 = LINE('',#13161,#13162);
#13161 = CARTESIAN_POINT('',(0.1,-2.54,0.9));
#13162 = VECTOR('',#13163,1.);
#13163 = DIRECTION('',(-1.110223024625E-16,-1.,0.));
#13164 = PLANE('',#13165);
#13165 = AXIS2_PLACEMENT_3D('',#13166,#13167,#13168);
#13166 = CARTESIAN_POINT('',(-3.756717159575E-16,-2.54,0.9));
#13167 = DIRECTION('',(0.,0.,1.));
#13168 = DIRECTION('',(1.110223024625E-16,1.,-0.));
#13169 = ADVANCED_FACE('',(#13170),#13181,.T.);
#13170 = FACE_BOUND('',#13171,.T.);
#13171 = EDGE_LOOP('',(#13172,#13173,#13179,#13180));
#13172 = ORIENTED_EDGE('',*,*,#11313,.T.);
#13173 = ORIENTED_EDGE('',*,*,#13174,.F.);
#13174 = EDGE_CURVE('',#11258,#11314,#13175,.T.);
#13175 = LINE('',#13176,#13177);
#13176 = CARTESIAN_POINT('',(-0.1,-2.54,0.9));
#13177 = VECTOR('',#13178,1.);
#13178 = DIRECTION('',(-1.110223024625E-16,-1.,0.));
#13179 = ORIENTED_EDGE('',*,*,#11265,.T.);
#13180 = ORIENTED_EDGE('',*,*,#11288,.T.);
#13181 = PLANE('',#13182);
#13182 = AXIS2_PLACEMENT_3D('',#13183,#13184,#13185);
#13183 = CARTESIAN_POINT('',(-3.756717159575E-16,-2.54,0.9));
#13184 = DIRECTION('',(0.,0.,1.));
#13185 = DIRECTION('',(1.110223024625E-16,1.,-0.));
#13186 = ADVANCED_FACE('',(#13187),#13230,.T.);
#13187 = FACE_BOUND('',#13188,.T.);
#13188 = EDGE_LOOP('',(#13189,#13190,#13198,#13206,#13214,#13222,#13228,
    #13229));
#13189 = ORIENTED_EDGE('',*,*,#11321,.F.);
#13190 = ORIENTED_EDGE('',*,*,#13191,.T.);
#13191 = EDGE_CURVE('',#11322,#13192,#13194,.T.);
#13192 = VERTEX_POINT('',#13193);
#13193 = CARTESIAN_POINT('',(-0.1,-2.79,7.35));
#13194 = LINE('',#13195,#13196);
#13195 = CARTESIAN_POINT('',(-0.1,-2.84,7.4));
#13196 = VECTOR('',#13197,1.);
#13197 = DIRECTION('',(7.850462293414E-17,0.707106781187,-0.707106781187
    ));
#13198 = ORIENTED_EDGE('',*,*,#13199,.T.);
#13199 = EDGE_CURVE('',#13192,#13200,#13202,.T.);
#13200 = VERTEX_POINT('',#13201);
#13201 = CARTESIAN_POINT('',(-0.1,-2.79,1.25));
#13202 = LINE('',#13203,#13204);
#13203 = CARTESIAN_POINT('',(-0.1,-2.79,7.35));
#13204 = VECTOR('',#13205,1.);
#13205 = DIRECTION('',(0.,0.,-1.));
#13206 = ORIENTED_EDGE('',*,*,#13207,.T.);
#13207 = EDGE_CURVE('',#13200,#13208,#13210,.T.);
#13208 = VERTEX_POINT('',#13209);
#13209 = CARTESIAN_POINT('',(-0.1,-2.29,1.25));
#13210 = LINE('',#13211,#13212);
#13211 = CARTESIAN_POINT('',(-0.1,-2.79,1.25));
#13212 = VECTOR('',#13213,1.);
#13213 = DIRECTION('',(1.110223024625E-16,1.,0.));
#13214 = ORIENTED_EDGE('',*,*,#13215,.T.);
#13215 = EDGE_CURVE('',#13208,#13216,#13218,.T.);
#13216 = VERTEX_POINT('',#13217);
#13217 = CARTESIAN_POINT('',(-0.1,-2.29,7.35));
#13218 = LINE('',#13219,#13220);
#13219 = CARTESIAN_POINT('',(-0.1,-2.29,1.25));
#13220 = VECTOR('',#13221,1.);
#13221 = DIRECTION('',(0.,0.,1.));
#13222 = ORIENTED_EDGE('',*,*,#13223,.T.);
#13223 = EDGE_CURVE('',#13216,#11250,#13224,.T.);
#13224 = LINE('',#13225,#13226);
#13225 = CARTESIAN_POINT('',(-0.1,-2.29,7.35));
#13226 = VECTOR('',#13227,1.);
#13227 = DIRECTION('',(7.850462293414E-17,0.707106781187,0.707106781187)
  );
#13228 = ORIENTED_EDGE('',*,*,#11257,.F.);
#13229 = ORIENTED_EDGE('',*,*,#13174,.T.);
#13230 = PLANE('',#13231);
#13231 = AXIS2_PLACEMENT_3D('',#13232,#13233,#13234);
#13232 = CARTESIAN_POINT('',(-0.1,-2.54,3.911477598424));
#13233 = DIRECTION('',(-1.,1.110223024625E-16,0.));
#13234 = DIRECTION('',(0.,0.,1.));
#13235 = ADVANCED_FACE('',(#13236),#13254,.T.);
#13236 = FACE_BOUND('',#13237,.T.);
#13237 = EDGE_LOOP('',(#13238,#13246,#13252,#13253));
#13238 = ORIENTED_EDGE('',*,*,#13239,.T.);
#13239 = EDGE_CURVE('',#13216,#13240,#13242,.T.);
#13240 = VERTEX_POINT('',#13241);
#13241 = CARTESIAN_POINT('',(0.1,-2.29,7.35));
#13242 = LINE('',#13243,#13244);
#13243 = CARTESIAN_POINT('',(-0.1,-2.29,7.35));
#13244 = VECTOR('',#13245,1.);
#13245 = DIRECTION('',(1.,-1.110223024625E-16,0.));
#13246 = ORIENTED_EDGE('',*,*,#13247,.T.);
#13247 = EDGE_CURVE('',#13240,#11242,#13248,.T.);
#13248 = LINE('',#13249,#13250);
#13249 = CARTESIAN_POINT('',(0.1,-2.29,7.35));
#13250 = VECTOR('',#13251,1.);
#13251 = DIRECTION('',(7.850462293414E-17,0.707106781187,0.707106781187)
  );
#13252 = ORIENTED_EDGE('',*,*,#11249,.F.);
#13253 = ORIENTED_EDGE('',*,*,#13223,.F.);
#13254 = PLANE('',#13255);
#13255 = AXIS2_PLACEMENT_3D('',#13256,#13257,#13258);
#13256 = CARTESIAN_POINT('',(-0.1,-2.29,7.35));
#13257 = DIRECTION('',(-7.850462293414E-17,-0.707106781187,
    0.707106781187));
#13258 = DIRECTION('',(7.850462293414E-17,0.707106781187,0.707106781187)
  );
#13259 = ADVANCED_FACE('',(#13260),#13296,.F.);
#13260 = FACE_BOUND('',#13261,.F.);
#13261 = EDGE_LOOP('',(#13262,#13263,#13271,#13279,#13287,#13293,#13294,
    #13295));
#13262 = ORIENTED_EDGE('',*,*,#11337,.F.);
#13263 = ORIENTED_EDGE('',*,*,#13264,.T.);
#13264 = EDGE_CURVE('',#11330,#13265,#13267,.T.);
#13265 = VERTEX_POINT('',#13266);
#13266 = CARTESIAN_POINT('',(0.1,-2.79,7.35));
#13267 = LINE('',#13268,#13269);
#13268 = CARTESIAN_POINT('',(0.1,-2.84,7.4));
#13269 = VECTOR('',#13270,1.);
#13270 = DIRECTION('',(7.850462293414E-17,0.707106781187,-0.707106781187
    ));
#13271 = ORIENTED_EDGE('',*,*,#13272,.T.);
#13272 = EDGE_CURVE('',#13265,#13273,#13275,.T.);
#13273 = VERTEX_POINT('',#13274);
#13274 = CARTESIAN_POINT('',(0.1,-2.79,1.25));
#13275 = LINE('',#13276,#13277);
#13276 = CARTESIAN_POINT('',(0.1,-2.79,7.35));
#13277 = VECTOR('',#13278,1.);
#13278 = DIRECTION('',(0.,0.,-1.));
#13279 = ORIENTED_EDGE('',*,*,#13280,.T.);
#13280 = EDGE_CURVE('',#13273,#13281,#13283,.T.);
#13281 = VERTEX_POINT('',#13282);
#13282 = CARTESIAN_POINT('',(0.1,-2.29,1.25));
#13283 = LINE('',#13284,#13285);
#13284 = CARTESIAN_POINT('',(0.1,-2.79,1.25));
#13285 = VECTOR('',#13286,1.);
#13286 = DIRECTION('',(1.110223024625E-16,1.,0.));
#13287 = ORIENTED_EDGE('',*,*,#13288,.T.);
#13288 = EDGE_CURVE('',#13281,#13240,#13289,.T.);
#13289 = LINE('',#13290,#13291);
#13290 = CARTESIAN_POINT('',(0.1,-2.29,1.25));
#13291 = VECTOR('',#13292,1.);
#13292 = DIRECTION('',(0.,0.,1.));
#13293 = ORIENTED_EDGE('',*,*,#13247,.T.);
#13294 = ORIENTED_EDGE('',*,*,#11241,.F.);
#13295 = ORIENTED_EDGE('',*,*,#13159,.T.);
#13296 = PLANE('',#13297);
#13297 = AXIS2_PLACEMENT_3D('',#13298,#13299,#13300);
#13298 = CARTESIAN_POINT('',(0.1,-2.54,3.911477598424));
#13299 = DIRECTION('',(-1.,1.110223024625E-16,0.));
#13300 = DIRECTION('',(0.,0.,1.));
#13301 = ADVANCED_FACE('',(#13302),#13313,.T.);
#13302 = FACE_BOUND('',#13303,.T.);
#13303 = EDGE_LOOP('',(#13304,#13305,#13306,#13312));
#13304 = ORIENTED_EDGE('',*,*,#11329,.T.);
#13305 = ORIENTED_EDGE('',*,*,#13264,.T.);
#13306 = ORIENTED_EDGE('',*,*,#13307,.F.);
#13307 = EDGE_CURVE('',#13192,#13265,#13308,.T.);
#13308 = LINE('',#13309,#13310);
#13309 = CARTESIAN_POINT('',(-0.1,-2.79,7.35));
#13310 = VECTOR('',#13311,1.);
#13311 = DIRECTION('',(1.,-1.110223024625E-16,0.));
#13312 = ORIENTED_EDGE('',*,*,#13191,.F.);
#13313 = PLANE('',#13314);
#13314 = AXIS2_PLACEMENT_3D('',#13315,#13316,#13317);
#13315 = CARTESIAN_POINT('',(-0.1,-2.84,7.4));
#13316 = DIRECTION('',(7.850462293414E-17,0.707106781187,0.707106781187)
  );
#13317 = DIRECTION('',(7.850462293414E-17,0.707106781187,-0.707106781187
    ));
#13318 = ADVANCED_FACE('',(#13319),#13330,.T.);
#13319 = FACE_BOUND('',#13320,.T.);
#13320 = EDGE_LOOP('',(#13321,#13322,#13323,#13324));
#13321 = ORIENTED_EDGE('',*,*,#11505,.T.);
#13322 = ORIENTED_EDGE('',*,*,#11368,.T.);
#13323 = ORIENTED_EDGE('',*,*,#11393,.T.);
#13324 = ORIENTED_EDGE('',*,*,#13325,.T.);
#13325 = EDGE_CURVE('',#11394,#11498,#13326,.T.);
#13326 = LINE('',#13327,#13328);
#13327 = CARTESIAN_POINT('',(0.1,8.770761894539E-16,0.9));
#13328 = VECTOR('',#13329,1.);
#13329 = DIRECTION('',(-1.110223024625E-16,-1.,0.));
#13330 = PLANE('',#13331);
#13331 = AXIS2_PLACEMENT_3D('',#13332,#13333,#13334);
#13332 = CARTESIAN_POINT('',(-9.367506770275E-17,1.7763568394E-15,0.9));
#13333 = DIRECTION('',(0.,0.,1.));
#13334 = DIRECTION('',(1.110223024625E-16,1.,-0.));
#13335 = ADVANCED_FACE('',(#13336),#13347,.T.);
#13336 = FACE_BOUND('',#13337,.T.);
#13337 = EDGE_LOOP('',(#13338,#13339,#13345,#13346));
#13338 = ORIENTED_EDGE('',*,*,#11473,.T.);
#13339 = ORIENTED_EDGE('',*,*,#13340,.F.);
#13340 = EDGE_CURVE('',#11418,#11474,#13341,.T.);
#13341 = LINE('',#13342,#13343);
#13342 = CARTESIAN_POINT('',(-0.1,8.992806499464E-16,0.9));
#13343 = VECTOR('',#13344,1.);
#13344 = DIRECTION('',(-1.110223024625E-16,-1.,0.));
#13345 = ORIENTED_EDGE('',*,*,#11425,.T.);
#13346 = ORIENTED_EDGE('',*,*,#11448,.T.);
#13347 = PLANE('',#13348);
#13348 = AXIS2_PLACEMENT_3D('',#13349,#13350,#13351);
#13349 = CARTESIAN_POINT('',(-9.367506770275E-17,1.7763568394E-15,0.9));
#13350 = DIRECTION('',(0.,0.,1.));
#13351 = DIRECTION('',(1.110223024625E-16,1.,-0.));
#13352 = ADVANCED_FACE('',(#13353),#13396,.T.);
#13353 = FACE_BOUND('',#13354,.T.);
#13354 = EDGE_LOOP('',(#13355,#13356,#13364,#13372,#13380,#13388,#13394,
    #13395));
#13355 = ORIENTED_EDGE('',*,*,#11481,.F.);
#13356 = ORIENTED_EDGE('',*,*,#13357,.T.);
#13357 = EDGE_CURVE('',#11482,#13358,#13360,.T.);
#13358 = VERTEX_POINT('',#13359);
#13359 = CARTESIAN_POINT('',(-0.1,-0.25,7.35));
#13360 = LINE('',#13361,#13362);
#13361 = CARTESIAN_POINT('',(-0.1,-0.3,7.4));
#13362 = VECTOR('',#13363,1.);
#13363 = DIRECTION('',(7.850462293414E-17,0.707106781187,-0.707106781187
    ));
#13364 = ORIENTED_EDGE('',*,*,#13365,.T.);
#13365 = EDGE_CURVE('',#13358,#13366,#13368,.T.);
#13366 = VERTEX_POINT('',#13367);
#13367 = CARTESIAN_POINT('',(-0.1,-0.25,1.25));
#13368 = LINE('',#13369,#13370);
#13369 = CARTESIAN_POINT('',(-0.1,-0.25,7.35));
#13370 = VECTOR('',#13371,1.);
#13371 = DIRECTION('',(0.,0.,-1.));
#13372 = ORIENTED_EDGE('',*,*,#13373,.T.);
#13373 = EDGE_CURVE('',#13366,#13374,#13376,.T.);
#13374 = VERTEX_POINT('',#13375);
#13375 = CARTESIAN_POINT('',(-0.1,0.25,1.25));
#13376 = LINE('',#13377,#13378);
#13377 = CARTESIAN_POINT('',(-0.1,-0.25,1.25));
#13378 = VECTOR('',#13379,1.);
#13379 = DIRECTION('',(1.110223024625E-16,1.,0.));
#13380 = ORIENTED_EDGE('',*,*,#13381,.T.);
#13381 = EDGE_CURVE('',#13374,#13382,#13384,.T.);
#13382 = VERTEX_POINT('',#13383);
#13383 = CARTESIAN_POINT('',(-0.1,0.25,7.35));
#13384 = LINE('',#13385,#13386);
#13385 = CARTESIAN_POINT('',(-0.1,0.25,1.25));
#13386 = VECTOR('',#13387,1.);
#13387 = DIRECTION('',(0.,0.,1.));
#13388 = ORIENTED_EDGE('',*,*,#13389,.T.);
#13389 = EDGE_CURVE('',#13382,#11410,#13390,.T.);
#13390 = LINE('',#13391,#13392);
#13391 = CARTESIAN_POINT('',(-0.1,0.25,7.35));
#13392 = VECTOR('',#13393,1.);
#13393 = DIRECTION('',(7.850462293414E-17,0.707106781187,0.707106781187)
  );
#13394 = ORIENTED_EDGE('',*,*,#11417,.F.);
#13395 = ORIENTED_EDGE('',*,*,#13340,.T.);
#13396 = PLANE('',#13397);
#13397 = AXIS2_PLACEMENT_3D('',#13398,#13399,#13400);
#13398 = CARTESIAN_POINT('',(-0.1,1.110223024625E-17,3.911477598424));
#13399 = DIRECTION('',(-1.,1.110223024625E-16,0.));
#13400 = DIRECTION('',(0.,0.,1.));
#13401 = ADVANCED_FACE('',(#13402),#13420,.T.);
#13402 = FACE_BOUND('',#13403,.T.);
#13403 = EDGE_LOOP('',(#13404,#13412,#13418,#13419));
#13404 = ORIENTED_EDGE('',*,*,#13405,.T.);
#13405 = EDGE_CURVE('',#13382,#13406,#13408,.T.);
#13406 = VERTEX_POINT('',#13407);
#13407 = CARTESIAN_POINT('',(0.1,0.25,7.35));
#13408 = LINE('',#13409,#13410);
#13409 = CARTESIAN_POINT('',(-0.1,0.25,7.35));
#13410 = VECTOR('',#13411,1.);
#13411 = DIRECTION('',(1.,-1.110223024625E-16,0.));
#13412 = ORIENTED_EDGE('',*,*,#13413,.T.);
#13413 = EDGE_CURVE('',#13406,#11402,#13414,.T.);
#13414 = LINE('',#13415,#13416);
#13415 = CARTESIAN_POINT('',(0.1,0.25,7.35));
#13416 = VECTOR('',#13417,1.);
#13417 = DIRECTION('',(7.850462293414E-17,0.707106781187,0.707106781187)
  );
#13418 = ORIENTED_EDGE('',*,*,#11409,.F.);
#13419 = ORIENTED_EDGE('',*,*,#13389,.F.);
#13420 = PLANE('',#13421);
#13421 = AXIS2_PLACEMENT_3D('',#13422,#13423,#13424);
#13422 = CARTESIAN_POINT('',(-0.1,0.25,7.35));
#13423 = DIRECTION('',(-7.850462293414E-17,-0.707106781187,
    0.707106781187));
#13424 = DIRECTION('',(7.850462293414E-17,0.707106781187,0.707106781187)
  );
#13425 = ADVANCED_FACE('',(#13426),#13462,.F.);
#13426 = FACE_BOUND('',#13427,.F.);
#13427 = EDGE_LOOP('',(#13428,#13429,#13437,#13445,#13453,#13459,#13460,
    #13461));
#13428 = ORIENTED_EDGE('',*,*,#11497,.F.);
#13429 = ORIENTED_EDGE('',*,*,#13430,.T.);
#13430 = EDGE_CURVE('',#11490,#13431,#13433,.T.);
#13431 = VERTEX_POINT('',#13432);
#13432 = CARTESIAN_POINT('',(0.1,-0.25,7.35));
#13433 = LINE('',#13434,#13435);
#13434 = CARTESIAN_POINT('',(0.1,-0.3,7.4));
#13435 = VECTOR('',#13436,1.);
#13436 = DIRECTION('',(7.850462293414E-17,0.707106781187,-0.707106781187
    ));
#13437 = ORIENTED_EDGE('',*,*,#13438,.T.);
#13438 = EDGE_CURVE('',#13431,#13439,#13441,.T.);
#13439 = VERTEX_POINT('',#13440);
#13440 = CARTESIAN_POINT('',(0.1,-0.25,1.25));
#13441 = LINE('',#13442,#13443);
#13442 = CARTESIAN_POINT('',(0.1,-0.25,7.35));
#13443 = VECTOR('',#13444,1.);
#13444 = DIRECTION('',(0.,0.,-1.));
#13445 = ORIENTED_EDGE('',*,*,#13446,.T.);
#13446 = EDGE_CURVE('',#13439,#13447,#13449,.T.);
#13447 = VERTEX_POINT('',#13448);
#13448 = CARTESIAN_POINT('',(0.1,0.25,1.25));
#13449 = LINE('',#13450,#13451);
#13450 = CARTESIAN_POINT('',(0.1,-0.25,1.25));
#13451 = VECTOR('',#13452,1.);
#13452 = DIRECTION('',(1.110223024625E-16,1.,0.));
#13453 = ORIENTED_EDGE('',*,*,#13454,.T.);
#13454 = EDGE_CURVE('',#13447,#13406,#13455,.T.);
#13455 = LINE('',#13456,#13457);
#13456 = CARTESIAN_POINT('',(0.1,0.25,1.25));
#13457 = VECTOR('',#13458,1.);
#13458 = DIRECTION('',(0.,0.,1.));
#13459 = ORIENTED_EDGE('',*,*,#13413,.T.);
#13460 = ORIENTED_EDGE('',*,*,#11401,.F.);
#13461 = ORIENTED_EDGE('',*,*,#13325,.T.);
#13462 = PLANE('',#13463);
#13463 = AXIS2_PLACEMENT_3D('',#13464,#13465,#13466);
#13464 = CARTESIAN_POINT('',(0.1,-1.110223024625E-17,3.911477598424));
#13465 = DIRECTION('',(-1.,1.110223024625E-16,0.));
#13466 = DIRECTION('',(0.,0.,1.));
#13467 = ADVANCED_FACE('',(#13468),#13479,.T.);
#13468 = FACE_BOUND('',#13469,.T.);
#13469 = EDGE_LOOP('',(#13470,#13471,#13472,#13478));
#13470 = ORIENTED_EDGE('',*,*,#11489,.T.);
#13471 = ORIENTED_EDGE('',*,*,#13430,.T.);
#13472 = ORIENTED_EDGE('',*,*,#13473,.F.);
#13473 = EDGE_CURVE('',#13358,#13431,#13474,.T.);
#13474 = LINE('',#13475,#13476);
#13475 = CARTESIAN_POINT('',(-0.1,-0.25,7.35));
#13476 = VECTOR('',#13477,1.);
#13477 = DIRECTION('',(1.,-1.110223024625E-16,0.));
#13478 = ORIENTED_EDGE('',*,*,#13357,.F.);
#13479 = PLANE('',#13480);
#13480 = AXIS2_PLACEMENT_3D('',#13481,#13482,#13483);
#13481 = CARTESIAN_POINT('',(-0.1,-0.3,7.4));
#13482 = DIRECTION('',(7.850462293414E-17,0.707106781187,0.707106781187)
  );
#13483 = DIRECTION('',(7.850462293414E-17,0.707106781187,-0.707106781187
    ));
#13484 = ADVANCED_FACE('',(#13485),#13496,.T.);
#13485 = FACE_BOUND('',#13486,.T.);
#13486 = EDGE_LOOP('',(#13487,#13493,#13494,#13495));
#13487 = ORIENTED_EDGE('',*,*,#13488,.T.);
#13488 = EDGE_CURVE('',#12212,#12285,#13489,.T.);
#13489 = LINE('',#13490,#13491);
#13490 = CARTESIAN_POINT('',(-0.1,-17.53,1.25));
#13491 = VECTOR('',#13492,1.);
#13492 = DIRECTION('',(1.,-1.110223024625E-16,0.));
#13493 = ORIENTED_EDGE('',*,*,#12292,.T.);
#13494 = ORIENTED_EDGE('',*,*,#12243,.F.);
#13495 = ORIENTED_EDGE('',*,*,#12219,.F.);
#13496 = PLANE('',#13497);
#13497 = AXIS2_PLACEMENT_3D('',#13498,#13499,#13500);
#13498 = CARTESIAN_POINT('',(-0.1,-17.53,1.25));
#13499 = DIRECTION('',(-1.110223024625E-16,-1.,0.));
#13500 = DIRECTION('',(0.,0.,1.));
#13501 = ADVANCED_FACE('',(#13502),#13513,.T.);
#13502 = FACE_BOUND('',#13503,.T.);
#13503 = EDGE_LOOP('',(#13504,#13510,#13511,#13512));
#13504 = ORIENTED_EDGE('',*,*,#13505,.T.);
#13505 = EDGE_CURVE('',#12204,#12277,#13506,.T.);
#13506 = LINE('',#13507,#13508);
#13507 = CARTESIAN_POINT('',(-0.1,-18.03,1.25));
#13508 = VECTOR('',#13509,1.);
#13509 = DIRECTION('',(1.,-1.110223024625E-16,0.));
#13510 = ORIENTED_EDGE('',*,*,#12284,.T.);
#13511 = ORIENTED_EDGE('',*,*,#13488,.F.);
#13512 = ORIENTED_EDGE('',*,*,#12211,.F.);
#13513 = PLANE('',#13514);
#13514 = AXIS2_PLACEMENT_3D('',#13515,#13516,#13517);
#13515 = CARTESIAN_POINT('',(-0.1,-18.03,1.25));
#13516 = DIRECTION('',(0.,0.,1.));
#13517 = DIRECTION('',(1.110223024625E-16,1.,-0.));
#13518 = ADVANCED_FACE('',(#13519),#13525,.T.);
#13519 = FACE_BOUND('',#13520,.T.);
#13520 = EDGE_LOOP('',(#13521,#13522,#13523,#13524));
#13521 = ORIENTED_EDGE('',*,*,#12311,.T.);
#13522 = ORIENTED_EDGE('',*,*,#12276,.T.);
#13523 = ORIENTED_EDGE('',*,*,#13505,.F.);
#13524 = ORIENTED_EDGE('',*,*,#12203,.F.);
#13525 = PLANE('',#13526);
#13526 = AXIS2_PLACEMENT_3D('',#13527,#13528,#13529);
#13527 = CARTESIAN_POINT('',(-0.1,-18.03,7.35));
#13528 = DIRECTION('',(1.110223024625E-16,1.,0.));
#13529 = DIRECTION('',(0.,0.,-1.));
#13530 = ADVANCED_FACE('',(#13531),#13542,.T.);
#13531 = FACE_BOUND('',#13532,.T.);
#13532 = EDGE_LOOP('',(#13533,#13539,#13540,#13541));
#13533 = ORIENTED_EDGE('',*,*,#13534,.T.);
#13534 = EDGE_CURVE('',#12378,#12451,#13535,.T.);
#13535 = LINE('',#13536,#13537);
#13536 = CARTESIAN_POINT('',(-0.1,-14.99,1.25));
#13537 = VECTOR('',#13538,1.);
#13538 = DIRECTION('',(1.,-1.110223024625E-16,0.));
#13539 = ORIENTED_EDGE('',*,*,#12458,.T.);
#13540 = ORIENTED_EDGE('',*,*,#12409,.F.);
#13541 = ORIENTED_EDGE('',*,*,#12385,.F.);
#13542 = PLANE('',#13543);
#13543 = AXIS2_PLACEMENT_3D('',#13544,#13545,#13546);
#13544 = CARTESIAN_POINT('',(-0.1,-14.99,1.25));
#13545 = DIRECTION('',(-1.110223024625E-16,-1.,0.));
#13546 = DIRECTION('',(0.,0.,1.));
#13547 = ADVANCED_FACE('',(#13548),#13559,.T.);
#13548 = FACE_BOUND('',#13549,.T.);
#13549 = EDGE_LOOP('',(#13550,#13556,#13557,#13558));
#13550 = ORIENTED_EDGE('',*,*,#13551,.T.);
#13551 = EDGE_CURVE('',#12370,#12443,#13552,.T.);
#13552 = LINE('',#13553,#13554);
#13553 = CARTESIAN_POINT('',(-0.1,-15.49,1.25));
#13554 = VECTOR('',#13555,1.);
#13555 = DIRECTION('',(1.,-1.110223024625E-16,0.));
#13556 = ORIENTED_EDGE('',*,*,#12450,.T.);
#13557 = ORIENTED_EDGE('',*,*,#13534,.F.);
#13558 = ORIENTED_EDGE('',*,*,#12377,.F.);
#13559 = PLANE('',#13560);
#13560 = AXIS2_PLACEMENT_3D('',#13561,#13562,#13563);
#13561 = CARTESIAN_POINT('',(-0.1,-15.49,1.25));
#13562 = DIRECTION('',(0.,0.,1.));
#13563 = DIRECTION('',(1.110223024625E-16,1.,-0.));
#13564 = ADVANCED_FACE('',(#13565),#13571,.T.);
#13565 = FACE_BOUND('',#13566,.T.);
#13566 = EDGE_LOOP('',(#13567,#13568,#13569,#13570));
#13567 = ORIENTED_EDGE('',*,*,#12477,.T.);
#13568 = ORIENTED_EDGE('',*,*,#12442,.T.);
#13569 = ORIENTED_EDGE('',*,*,#13551,.F.);
#13570 = ORIENTED_EDGE('',*,*,#12369,.F.);
#13571 = PLANE('',#13572);
#13572 = AXIS2_PLACEMENT_3D('',#13573,#13574,#13575);
#13573 = CARTESIAN_POINT('',(-0.1,-15.49,7.35));
#13574 = DIRECTION('',(1.110223024625E-16,1.,0.));
#13575 = DIRECTION('',(0.,0.,-1.));
#13576 = ADVANCED_FACE('',(#13577),#13588,.T.);
#13577 = FACE_BOUND('',#13578,.T.);
#13578 = EDGE_LOOP('',(#13579,#13585,#13586,#13587));
#13579 = ORIENTED_EDGE('',*,*,#13580,.T.);
#13580 = EDGE_CURVE('',#12544,#12617,#13581,.T.);
#13581 = LINE('',#13582,#13583);
#13582 = CARTESIAN_POINT('',(-0.1,-12.45,1.25));
#13583 = VECTOR('',#13584,1.);
#13584 = DIRECTION('',(1.,-1.110223024625E-16,0.));
#13585 = ORIENTED_EDGE('',*,*,#12624,.T.);
#13586 = ORIENTED_EDGE('',*,*,#12575,.F.);
#13587 = ORIENTED_EDGE('',*,*,#12551,.F.);
#13588 = PLANE('',#13589);
#13589 = AXIS2_PLACEMENT_3D('',#13590,#13591,#13592);
#13590 = CARTESIAN_POINT('',(-0.1,-12.45,1.25));
#13591 = DIRECTION('',(-1.110223024625E-16,-1.,0.));
#13592 = DIRECTION('',(0.,0.,1.));
#13593 = ADVANCED_FACE('',(#13594),#13605,.T.);
#13594 = FACE_BOUND('',#13595,.T.);
#13595 = EDGE_LOOP('',(#13596,#13602,#13603,#13604));
#13596 = ORIENTED_EDGE('',*,*,#13597,.T.);
#13597 = EDGE_CURVE('',#12536,#12609,#13598,.T.);
#13598 = LINE('',#13599,#13600);
#13599 = CARTESIAN_POINT('',(-0.1,-12.95,1.25));
#13600 = VECTOR('',#13601,1.);
#13601 = DIRECTION('',(1.,-1.110223024625E-16,0.));
#13602 = ORIENTED_EDGE('',*,*,#12616,.T.);
#13603 = ORIENTED_EDGE('',*,*,#13580,.F.);
#13604 = ORIENTED_EDGE('',*,*,#12543,.F.);
#13605 = PLANE('',#13606);
#13606 = AXIS2_PLACEMENT_3D('',#13607,#13608,#13609);
#13607 = CARTESIAN_POINT('',(-0.1,-12.95,1.25));
#13608 = DIRECTION('',(0.,0.,1.));
#13609 = DIRECTION('',(1.110223024625E-16,1.,-0.));
#13610 = ADVANCED_FACE('',(#13611),#13617,.T.);
#13611 = FACE_BOUND('',#13612,.T.);
#13612 = EDGE_LOOP('',(#13613,#13614,#13615,#13616));
#13613 = ORIENTED_EDGE('',*,*,#12643,.T.);
#13614 = ORIENTED_EDGE('',*,*,#12608,.T.);
#13615 = ORIENTED_EDGE('',*,*,#13597,.F.);
#13616 = ORIENTED_EDGE('',*,*,#12535,.F.);
#13617 = PLANE('',#13618);
#13618 = AXIS2_PLACEMENT_3D('',#13619,#13620,#13621);
#13619 = CARTESIAN_POINT('',(-0.1,-12.95,7.35));
#13620 = DIRECTION('',(1.110223024625E-16,1.,0.));
#13621 = DIRECTION('',(0.,0.,-1.));
#13622 = ADVANCED_FACE('',(#13623),#13634,.T.);
#13623 = FACE_BOUND('',#13624,.T.);
#13624 = EDGE_LOOP('',(#13625,#13631,#13632,#13633));
#13625 = ORIENTED_EDGE('',*,*,#13626,.T.);
#13626 = EDGE_CURVE('',#12710,#12783,#13627,.T.);
#13627 = LINE('',#13628,#13629);
#13628 = CARTESIAN_POINT('',(-0.1,-9.91,1.25));
#13629 = VECTOR('',#13630,1.);
#13630 = DIRECTION('',(1.,-1.110223024625E-16,0.));
#13631 = ORIENTED_EDGE('',*,*,#12790,.T.);
#13632 = ORIENTED_EDGE('',*,*,#12741,.F.);
#13633 = ORIENTED_EDGE('',*,*,#12717,.F.);
#13634 = PLANE('',#13635);
#13635 = AXIS2_PLACEMENT_3D('',#13636,#13637,#13638);
#13636 = CARTESIAN_POINT('',(-0.1,-9.91,1.25));
#13637 = DIRECTION('',(-1.110223024625E-16,-1.,0.));
#13638 = DIRECTION('',(0.,0.,1.));
#13639 = ADVANCED_FACE('',(#13640),#13651,.T.);
#13640 = FACE_BOUND('',#13641,.T.);
#13641 = EDGE_LOOP('',(#13642,#13648,#13649,#13650));
#13642 = ORIENTED_EDGE('',*,*,#13643,.T.);
#13643 = EDGE_CURVE('',#12702,#12775,#13644,.T.);
#13644 = LINE('',#13645,#13646);
#13645 = CARTESIAN_POINT('',(-0.1,-10.41,1.25));
#13646 = VECTOR('',#13647,1.);
#13647 = DIRECTION('',(1.,-1.110223024625E-16,0.));
#13648 = ORIENTED_EDGE('',*,*,#12782,.T.);
#13649 = ORIENTED_EDGE('',*,*,#13626,.F.);
#13650 = ORIENTED_EDGE('',*,*,#12709,.F.);
#13651 = PLANE('',#13652);
#13652 = AXIS2_PLACEMENT_3D('',#13653,#13654,#13655);
#13653 = CARTESIAN_POINT('',(-0.1,-10.41,1.25));
#13654 = DIRECTION('',(0.,0.,1.));
#13655 = DIRECTION('',(1.110223024625E-16,1.,-0.));
#13656 = ADVANCED_FACE('',(#13657),#13663,.T.);
#13657 = FACE_BOUND('',#13658,.T.);
#13658 = EDGE_LOOP('',(#13659,#13660,#13661,#13662));
#13659 = ORIENTED_EDGE('',*,*,#12809,.T.);
#13660 = ORIENTED_EDGE('',*,*,#12774,.T.);
#13661 = ORIENTED_EDGE('',*,*,#13643,.F.);
#13662 = ORIENTED_EDGE('',*,*,#12701,.F.);
#13663 = PLANE('',#13664);
#13664 = AXIS2_PLACEMENT_3D('',#13665,#13666,#13667);
#13665 = CARTESIAN_POINT('',(-0.1,-10.41,7.35));
#13666 = DIRECTION('',(1.110223024625E-16,1.,0.));
#13667 = DIRECTION('',(0.,0.,-1.));
#13668 = ADVANCED_FACE('',(#13669),#13680,.T.);
#13669 = FACE_BOUND('',#13670,.T.);
#13670 = EDGE_LOOP('',(#13671,#13677,#13678,#13679));
#13671 = ORIENTED_EDGE('',*,*,#13672,.T.);
#13672 = EDGE_CURVE('',#12876,#12949,#13673,.T.);
#13673 = LINE('',#13674,#13675);
#13674 = CARTESIAN_POINT('',(-0.1,-7.37,1.25));
#13675 = VECTOR('',#13676,1.);
#13676 = DIRECTION('',(1.,-1.110223024625E-16,0.));
#13677 = ORIENTED_EDGE('',*,*,#12956,.T.);
#13678 = ORIENTED_EDGE('',*,*,#12907,.F.);
#13679 = ORIENTED_EDGE('',*,*,#12883,.F.);
#13680 = PLANE('',#13681);
#13681 = AXIS2_PLACEMENT_3D('',#13682,#13683,#13684);
#13682 = CARTESIAN_POINT('',(-0.1,-7.37,1.25));
#13683 = DIRECTION('',(-1.110223024625E-16,-1.,0.));
#13684 = DIRECTION('',(0.,0.,1.));
#13685 = ADVANCED_FACE('',(#13686),#13697,.T.);
#13686 = FACE_BOUND('',#13687,.T.);
#13687 = EDGE_LOOP('',(#13688,#13694,#13695,#13696));
#13688 = ORIENTED_EDGE('',*,*,#13689,.T.);
#13689 = EDGE_CURVE('',#12868,#12941,#13690,.T.);
#13690 = LINE('',#13691,#13692);
#13691 = CARTESIAN_POINT('',(-0.1,-7.87,1.25));
#13692 = VECTOR('',#13693,1.);
#13693 = DIRECTION('',(1.,-1.110223024625E-16,0.));
#13694 = ORIENTED_EDGE('',*,*,#12948,.T.);
#13695 = ORIENTED_EDGE('',*,*,#13672,.F.);
#13696 = ORIENTED_EDGE('',*,*,#12875,.F.);
#13697 = PLANE('',#13698);
#13698 = AXIS2_PLACEMENT_3D('',#13699,#13700,#13701);
#13699 = CARTESIAN_POINT('',(-0.1,-7.87,1.25));
#13700 = DIRECTION('',(0.,0.,1.));
#13701 = DIRECTION('',(1.110223024625E-16,1.,-0.));
#13702 = ADVANCED_FACE('',(#13703),#13709,.T.);
#13703 = FACE_BOUND('',#13704,.T.);
#13704 = EDGE_LOOP('',(#13705,#13706,#13707,#13708));
#13705 = ORIENTED_EDGE('',*,*,#12975,.T.);
#13706 = ORIENTED_EDGE('',*,*,#12940,.T.);
#13707 = ORIENTED_EDGE('',*,*,#13689,.F.);
#13708 = ORIENTED_EDGE('',*,*,#12867,.F.);
#13709 = PLANE('',#13710);
#13710 = AXIS2_PLACEMENT_3D('',#13711,#13712,#13713);
#13711 = CARTESIAN_POINT('',(-0.1,-7.87,7.35));
#13712 = DIRECTION('',(1.110223024625E-16,1.,0.));
#13713 = DIRECTION('',(0.,0.,-1.));
#13714 = ADVANCED_FACE('',(#13715),#13726,.T.);
#13715 = FACE_BOUND('',#13716,.T.);
#13716 = EDGE_LOOP('',(#13717,#13723,#13724,#13725));
#13717 = ORIENTED_EDGE('',*,*,#13718,.T.);
#13718 = EDGE_CURVE('',#13042,#13115,#13719,.T.);
#13719 = LINE('',#13720,#13721);
#13720 = CARTESIAN_POINT('',(-0.1,-4.83,1.25));
#13721 = VECTOR('',#13722,1.);
#13722 = DIRECTION('',(1.,-1.110223024625E-16,0.));
#13723 = ORIENTED_EDGE('',*,*,#13122,.T.);
#13724 = ORIENTED_EDGE('',*,*,#13073,.F.);
#13725 = ORIENTED_EDGE('',*,*,#13049,.F.);
#13726 = PLANE('',#13727);
#13727 = AXIS2_PLACEMENT_3D('',#13728,#13729,#13730);
#13728 = CARTESIAN_POINT('',(-0.1,-4.83,1.25));
#13729 = DIRECTION('',(-1.110223024625E-16,-1.,0.));
#13730 = DIRECTION('',(0.,0.,1.));
#13731 = ADVANCED_FACE('',(#13732),#13743,.T.);
#13732 = FACE_BOUND('',#13733,.T.);
#13733 = EDGE_LOOP('',(#13734,#13740,#13741,#13742));
#13734 = ORIENTED_EDGE('',*,*,#13735,.T.);
#13735 = EDGE_CURVE('',#13034,#13107,#13736,.T.);
#13736 = LINE('',#13737,#13738);
#13737 = CARTESIAN_POINT('',(-0.1,-5.33,1.25));
#13738 = VECTOR('',#13739,1.);
#13739 = DIRECTION('',(1.,-1.110223024625E-16,0.));
#13740 = ORIENTED_EDGE('',*,*,#13114,.T.);
#13741 = ORIENTED_EDGE('',*,*,#13718,.F.);
#13742 = ORIENTED_EDGE('',*,*,#13041,.F.);
#13743 = PLANE('',#13744);
#13744 = AXIS2_PLACEMENT_3D('',#13745,#13746,#13747);
#13745 = CARTESIAN_POINT('',(-0.1,-5.33,1.25));
#13746 = DIRECTION('',(0.,0.,1.));
#13747 = DIRECTION('',(1.110223024625E-16,1.,-0.));
#13748 = ADVANCED_FACE('',(#13749),#13755,.T.);
#13749 = FACE_BOUND('',#13750,.T.);
#13750 = EDGE_LOOP('',(#13751,#13752,#13753,#13754));
#13751 = ORIENTED_EDGE('',*,*,#13141,.T.);
#13752 = ORIENTED_EDGE('',*,*,#13106,.T.);
#13753 = ORIENTED_EDGE('',*,*,#13735,.F.);
#13754 = ORIENTED_EDGE('',*,*,#13033,.F.);
#13755 = PLANE('',#13756);
#13756 = AXIS2_PLACEMENT_3D('',#13757,#13758,#13759);
#13757 = CARTESIAN_POINT('',(-0.1,-5.33,7.35));
#13758 = DIRECTION('',(1.110223024625E-16,1.,0.));
#13759 = DIRECTION('',(0.,0.,-1.));
#13760 = ADVANCED_FACE('',(#13761),#13772,.T.);
#13761 = FACE_BOUND('',#13762,.T.);
#13762 = EDGE_LOOP('',(#13763,#13769,#13770,#13771));
#13763 = ORIENTED_EDGE('',*,*,#13764,.T.);
#13764 = EDGE_CURVE('',#13208,#13281,#13765,.T.);
#13765 = LINE('',#13766,#13767);
#13766 = CARTESIAN_POINT('',(-0.1,-2.29,1.25));
#13767 = VECTOR('',#13768,1.);
#13768 = DIRECTION('',(1.,-1.110223024625E-16,0.));
#13769 = ORIENTED_EDGE('',*,*,#13288,.T.);
#13770 = ORIENTED_EDGE('',*,*,#13239,.F.);
#13771 = ORIENTED_EDGE('',*,*,#13215,.F.);
#13772 = PLANE('',#13773);
#13773 = AXIS2_PLACEMENT_3D('',#13774,#13775,#13776);
#13774 = CARTESIAN_POINT('',(-0.1,-2.29,1.25));
#13775 = DIRECTION('',(-1.110223024625E-16,-1.,0.));
#13776 = DIRECTION('',(0.,0.,1.));
#13777 = ADVANCED_FACE('',(#13778),#13789,.T.);
#13778 = FACE_BOUND('',#13779,.T.);
#13779 = EDGE_LOOP('',(#13780,#13786,#13787,#13788));
#13780 = ORIENTED_EDGE('',*,*,#13781,.T.);
#13781 = EDGE_CURVE('',#13200,#13273,#13782,.T.);
#13782 = LINE('',#13783,#13784);
#13783 = CARTESIAN_POINT('',(-0.1,-2.79,1.25));
#13784 = VECTOR('',#13785,1.);
#13785 = DIRECTION('',(1.,-1.110223024625E-16,0.));
#13786 = ORIENTED_EDGE('',*,*,#13280,.T.);
#13787 = ORIENTED_EDGE('',*,*,#13764,.F.);
#13788 = ORIENTED_EDGE('',*,*,#13207,.F.);
#13789 = PLANE('',#13790);
#13790 = AXIS2_PLACEMENT_3D('',#13791,#13792,#13793);
#13791 = CARTESIAN_POINT('',(-0.1,-2.79,1.25));
#13792 = DIRECTION('',(0.,0.,1.));
#13793 = DIRECTION('',(1.110223024625E-16,1.,-0.));
#13794 = ADVANCED_FACE('',(#13795),#13801,.T.);
#13795 = FACE_BOUND('',#13796,.T.);
#13796 = EDGE_LOOP('',(#13797,#13798,#13799,#13800));
#13797 = ORIENTED_EDGE('',*,*,#13307,.T.);
#13798 = ORIENTED_EDGE('',*,*,#13272,.T.);
#13799 = ORIENTED_EDGE('',*,*,#13781,.F.);
#13800 = ORIENTED_EDGE('',*,*,#13199,.F.);
#13801 = PLANE('',#13802);
#13802 = AXIS2_PLACEMENT_3D('',#13803,#13804,#13805);
#13803 = CARTESIAN_POINT('',(-0.1,-2.79,7.35));
#13804 = DIRECTION('',(1.110223024625E-16,1.,0.));
#13805 = DIRECTION('',(0.,0.,-1.));
#13806 = ADVANCED_FACE('',(#13807),#13818,.T.);
#13807 = FACE_BOUND('',#13808,.T.);
#13808 = EDGE_LOOP('',(#13809,#13815,#13816,#13817));
#13809 = ORIENTED_EDGE('',*,*,#13810,.T.);
#13810 = EDGE_CURVE('',#13374,#13447,#13811,.T.);
#13811 = LINE('',#13812,#13813);
#13812 = CARTESIAN_POINT('',(-0.1,0.25,1.25));
#13813 = VECTOR('',#13814,1.);
#13814 = DIRECTION('',(1.,-1.110223024625E-16,0.));
#13815 = ORIENTED_EDGE('',*,*,#13454,.T.);
#13816 = ORIENTED_EDGE('',*,*,#13405,.F.);
#13817 = ORIENTED_EDGE('',*,*,#13381,.F.);
#13818 = PLANE('',#13819);
#13819 = AXIS2_PLACEMENT_3D('',#13820,#13821,#13822);
#13820 = CARTESIAN_POINT('',(-0.1,0.25,1.25));
#13821 = DIRECTION('',(-1.110223024625E-16,-1.,0.));
#13822 = DIRECTION('',(0.,0.,1.));
#13823 = ADVANCED_FACE('',(#13824),#13835,.T.);
#13824 = FACE_BOUND('',#13825,.T.);
#13825 = EDGE_LOOP('',(#13826,#13832,#13833,#13834));
#13826 = ORIENTED_EDGE('',*,*,#13827,.T.);
#13827 = EDGE_CURVE('',#13366,#13439,#13828,.T.);
#13828 = LINE('',#13829,#13830);
#13829 = CARTESIAN_POINT('',(-0.1,-0.25,1.25));
#13830 = VECTOR('',#13831,1.);
#13831 = DIRECTION('',(1.,-1.110223024625E-16,0.));
#13832 = ORIENTED_EDGE('',*,*,#13446,.T.);
#13833 = ORIENTED_EDGE('',*,*,#13810,.F.);
#13834 = ORIENTED_EDGE('',*,*,#13373,.F.);
#13835 = PLANE('',#13836);
#13836 = AXIS2_PLACEMENT_3D('',#13837,#13838,#13839);
#13837 = CARTESIAN_POINT('',(-0.1,-0.25,1.25));
#13838 = DIRECTION('',(0.,0.,1.));
#13839 = DIRECTION('',(1.110223024625E-16,1.,-0.));
#13840 = ADVANCED_FACE('',(#13841),#13847,.T.);
#13841 = FACE_BOUND('',#13842,.T.);
#13842 = EDGE_LOOP('',(#13843,#13844,#13845,#13846));
#13843 = ORIENTED_EDGE('',*,*,#13473,.T.);
#13844 = ORIENTED_EDGE('',*,*,#13438,.T.);
#13845 = ORIENTED_EDGE('',*,*,#13827,.F.);
#13846 = ORIENTED_EDGE('',*,*,#13365,.F.);
#13847 = PLANE('',#13848);
#13848 = AXIS2_PLACEMENT_3D('',#13849,#13850,#13851);
#13849 = CARTESIAN_POINT('',(-0.1,-0.25,7.35));
#13850 = DIRECTION('',(1.110223024625E-16,1.,0.));
#13851 = DIRECTION('',(0.,0.,-1.));
#13852 = ( GEOMETRIC_REPRESENTATION_CONTEXT(3) 
GLOBAL_UNCERTAINTY_ASSIGNED_CONTEXT((#13856)) 
GLOBAL_UNIT_ASSIGNED_CONTEXT((#13853,#13854,#13855)) 
REPRESENTATION_CONTEXT('Context #1',
  '3D Context with UNIT and UNCERTAINTY') );
#13853 = ( LENGTH_UNIT() NAMED_UNIT(*) SI_UNIT(.MILLI.,.METRE.) );
#13854 = ( NAMED_UNIT(*) PLANE_ANGLE_UNIT() SI_UNIT($,.RADIAN.) );
#13855 = ( NAMED_UNIT(*) SI_UNIT($,.STERADIAN.) SOLID_ANGLE_UNIT() );
#13856 = UNCERTAINTY_MEASURE_WITH_UNIT(LENGTH_MEASURE(1.E-07),#13853,
  'distance_accuracy_value','confusion accuracy');
#13857 = CONTEXT_DEPENDENT_SHAPE_REPRESENTATION(#13858,#13860);
#13858 = ( REPRESENTATION_RELATIONSHIP('','',#7361,#7338) 
REPRESENTATION_RELATIONSHIP_WITH_TRANSFORMATION(#13859) 
SHAPE_REPRESENTATION_RELATIONSHIP() );
#13859 = ITEM_DEFINED_TRANSFORMATION('','',#11,#7339);
#13860 = PRODUCT_DEFINITION_SHAPE('Placement','Placement of an item',
  #13861);
#13861 = NEXT_ASSEMBLY_USAGE_OCCURRENCE('7','=>[0:1:1:7]','',#7333,#7356
  ,$);
#13862 = PRODUCT_RELATED_PRODUCT_CATEGORY('part',$,(#7358));
#13863 = SHAPE_DEFINITION_REPRESENTATION(#13864,#13870);
#13864 = PRODUCT_DEFINITION_SHAPE('','',#13865);
#13865 = PRODUCT_DEFINITION('design','',#13866,#13869);
#13866 = PRODUCT_DEFINITION_FORMATION('','',#13867);
#13867 = PRODUCT('maratui-unsaved-export-jdJ9cw_PCB',
  'maratui-unsaved-export-jdJ9cw_PCB','',(#13868));
#13868 = PRODUCT_CONTEXT('',#2,'mechanical');
#13869 = PRODUCT_DEFINITION_CONTEXT('part definition',#2,'design');
#13870 = ADVANCED_BREP_SHAPE_REPRESENTATION('',(#11,#13871),#16205);
#13871 = MANIFOLD_SOLID_BREP('',#13872);
#13872 = CLOSED_SHELL('',(#13873,#13913,#13944,#13975,#14608,#15241,
    #15253,#15270,#15287,#15304,#15321,#15338,#15355,#15372,#15389,
    #15406,#15423,#15440,#15457,#15474,#15491,#15508,#15525,#15542,
    #15559,#15576,#15593,#15610,#15627,#15644,#15661,#15678,#15695,
    #15712,#15729,#15746,#15763,#15780,#15797,#15814,#15831,#15848,
    #15865,#15882,#15899,#15916,#15933,#15950,#15967,#15984,#16001,
    #16018,#16035,#16052,#16069,#16086,#16103,#16120,#16137,#16154,
    #16171,#16188));
#13873 = ADVANCED_FACE('',(#13874),#13908,.T.);
#13874 = FACE_BOUND('',#13875,.T.);
#13875 = EDGE_LOOP('',(#13876,#13886,#13894,#13902));
#13876 = ORIENTED_EDGE('',*,*,#13877,.T.);
#13877 = EDGE_CURVE('',#13878,#13880,#13882,.T.);
#13878 = VERTEX_POINT('',#13879);
#13879 = CARTESIAN_POINT('',(174.499999,-101.499999,0.));
#13880 = VERTEX_POINT('',#13881);
#13881 = CARTESIAN_POINT('',(174.499999,-101.499999,1.51));
#13882 = LINE('',#13883,#13884);
#13883 = CARTESIAN_POINT('',(174.499999,-101.499999,0.));
#13884 = VECTOR('',#13885,1.);
#13885 = DIRECTION('',(0.,0.,1.));
#13886 = ORIENTED_EDGE('',*,*,#13887,.T.);
#13887 = EDGE_CURVE('',#13880,#13888,#13890,.T.);
#13888 = VERTEX_POINT('',#13889);
#13889 = CARTESIAN_POINT('',(84.5,-101.499999,1.51));
#13890 = LINE('',#13891,#13892);
#13891 = CARTESIAN_POINT('',(174.499999,-101.499999,1.51));
#13892 = VECTOR('',#13893,1.);
#13893 = DIRECTION('',(-1.,0.,0.));
#13894 = ORIENTED_EDGE('',*,*,#13895,.F.);
#13895 = EDGE_CURVE('',#13896,#13888,#13898,.T.);
#13896 = VERTEX_POINT('',#13897);
#13897 = CARTESIAN_POINT('',(84.5,-101.499999,0.));
#13898 = LINE('',#13899,#13900);
#13899 = CARTESIAN_POINT('',(84.5,-101.499999,0.));
#13900 = VECTOR('',#13901,1.);
#13901 = DIRECTION('',(0.,0.,1.));
#13902 = ORIENTED_EDGE('',*,*,#13903,.F.);
#13903 = EDGE_CURVE('',#13878,#13896,#13904,.T.);
#13904 = LINE('',#13905,#13906);
#13905 = CARTESIAN_POINT('',(174.499999,-101.499999,0.));
#13906 = VECTOR('',#13907,1.);
#13907 = DIRECTION('',(-1.,0.,0.));
#13908 = PLANE('',#13909);
#13909 = AXIS2_PLACEMENT_3D('',#13910,#13911,#13912);
#13910 = CARTESIAN_POINT('',(174.499999,-101.499999,0.));
#13911 = DIRECTION('',(0.,-1.,0.));
#13912 = DIRECTION('',(-1.,0.,0.));
#13913 = ADVANCED_FACE('',(#13914),#13939,.T.);
#13914 = FACE_BOUND('',#13915,.T.);
#13915 = EDGE_LOOP('',(#13916,#13926,#13932,#13933));
#13916 = ORIENTED_EDGE('',*,*,#13917,.T.);
#13917 = EDGE_CURVE('',#13918,#13920,#13922,.T.);
#13918 = VERTEX_POINT('',#13919);
#13919 = CARTESIAN_POINT('',(174.499999,-48.5,0.));
#13920 = VERTEX_POINT('',#13921);
#13921 = CARTESIAN_POINT('',(174.499999,-48.5,1.51));
#13922 = LINE('',#13923,#13924);
#13923 = CARTESIAN_POINT('',(174.499999,-48.5,0.));
#13924 = VECTOR('',#13925,1.);
#13925 = DIRECTION('',(0.,0.,1.));
#13926 = ORIENTED_EDGE('',*,*,#13927,.T.);
#13927 = EDGE_CURVE('',#13920,#13880,#13928,.T.);
#13928 = LINE('',#13929,#13930);
#13929 = CARTESIAN_POINT('',(174.499999,-48.5,1.51));
#13930 = VECTOR('',#13931,1.);
#13931 = DIRECTION('',(0.,-1.,0.));
#13932 = ORIENTED_EDGE('',*,*,#13877,.F.);
#13933 = ORIENTED_EDGE('',*,*,#13934,.F.);
#13934 = EDGE_CURVE('',#13918,#13878,#13935,.T.);
#13935 = LINE('',#13936,#13937);
#13936 = CARTESIAN_POINT('',(174.499999,-48.5,0.));
#13937 = VECTOR('',#13938,1.);
#13938 = DIRECTION('',(0.,-1.,0.));
#13939 = PLANE('',#13940);
#13940 = AXIS2_PLACEMENT_3D('',#13941,#13942,#13943);
#13941 = CARTESIAN_POINT('',(174.499999,-48.5,0.));
#13942 = DIRECTION('',(1.,0.,-0.));
#13943 = DIRECTION('',(0.,-1.,0.));
#13944 = ADVANCED_FACE('',(#13945),#13970,.T.);
#13945 = FACE_BOUND('',#13946,.T.);
#13946 = EDGE_LOOP('',(#13947,#13948,#13956,#13964));
#13947 = ORIENTED_EDGE('',*,*,#13895,.T.);
#13948 = ORIENTED_EDGE('',*,*,#13949,.T.);
#13949 = EDGE_CURVE('',#13888,#13950,#13952,.T.);
#13950 = VERTEX_POINT('',#13951);
#13951 = CARTESIAN_POINT('',(84.5,-48.5,1.51));
#13952 = LINE('',#13953,#13954);
#13953 = CARTESIAN_POINT('',(84.5,-101.499999,1.51));
#13954 = VECTOR('',#13955,1.);
#13955 = DIRECTION('',(0.,1.,0.));
#13956 = ORIENTED_EDGE('',*,*,#13957,.F.);
#13957 = EDGE_CURVE('',#13958,#13950,#13960,.T.);
#13958 = VERTEX_POINT('',#13959);
#13959 = CARTESIAN_POINT('',(84.5,-48.5,0.));
#13960 = LINE('',#13961,#13962);
#13961 = CARTESIAN_POINT('',(84.5,-48.5,0.));
#13962 = VECTOR('',#13963,1.);
#13963 = DIRECTION('',(0.,0.,1.));
#13964 = ORIENTED_EDGE('',*,*,#13965,.F.);
#13965 = EDGE_CURVE('',#13896,#13958,#13966,.T.);
#13966 = LINE('',#13967,#13968);
#13967 = CARTESIAN_POINT('',(84.5,-101.499999,0.));
#13968 = VECTOR('',#13969,1.);
#13969 = DIRECTION('',(0.,1.,0.));
#13970 = PLANE('',#13971);
#13971 = AXIS2_PLACEMENT_3D('',#13972,#13973,#13974);
#13972 = CARTESIAN_POINT('',(84.5,-101.499999,0.));
#13973 = DIRECTION('',(-1.,0.,0.));
#13974 = DIRECTION('',(0.,1.,0.));
#13975 = ADVANCED_FACE('',(#13976,#13987,#13998,#14009,#14020,#14031,
    #14042,#14053,#14064,#14075,#14086,#14097,#14108,#14119,#14130,
    #14141,#14152,#14163,#14174,#14185,#14196,#14207,#14218,#14229,
    #14240,#14251,#14262,#14273,#14284,#14295,#14306,#14317,#14328,
    #14339,#14350,#14361,#14372,#14383,#14394,#14405,#14416,#14427,
    #14438,#14449,#14460,#14471,#14482,#14493,#14504,#14515,#14526,
    #14537,#14548,#14559,#14570,#14581,#14592),#14603,.F.);
#13976 = FACE_BOUND('',#13977,.F.);
#13977 = EDGE_LOOP('',(#13978,#13979,#13980,#13986));
#13978 = ORIENTED_EDGE('',*,*,#13903,.F.);
#13979 = ORIENTED_EDGE('',*,*,#13934,.F.);
#13980 = ORIENTED_EDGE('',*,*,#13981,.F.);
#13981 = EDGE_CURVE('',#13958,#13918,#13982,.T.);
#13982 = LINE('',#13983,#13984);
#13983 = CARTESIAN_POINT('',(84.5,-48.5,0.));
#13984 = VECTOR('',#13985,1.);
#13985 = DIRECTION('',(1.,0.,0.));
#13986 = ORIENTED_EDGE('',*,*,#13965,.F.);
#13987 = FACE_BOUND('',#13988,.F.);
#13988 = EDGE_LOOP('',(#13989));
#13989 = ORIENTED_EDGE('',*,*,#13990,.T.);
#13990 = EDGE_CURVE('',#13991,#13991,#13993,.T.);
#13991 = VERTEX_POINT('',#13992);
#13992 = CARTESIAN_POINT('',(89.5,-93.,0.));
#13993 = CIRCLE('',#13994,0.5);
#13994 = AXIS2_PLACEMENT_3D('',#13995,#13996,#13997);
#13995 = CARTESIAN_POINT('',(89.5,-92.5,0.));
#13996 = DIRECTION('',(-0.,0.,-1.));
#13997 = DIRECTION('',(-0.,-1.,0.));
#13998 = FACE_BOUND('',#13999,.F.);
#13999 = EDGE_LOOP('',(#14000));
#14000 = ORIENTED_EDGE('',*,*,#14001,.T.);
#14001 = EDGE_CURVE('',#14002,#14002,#14004,.T.);
#14002 = VERTEX_POINT('',#14003);
#14003 = CARTESIAN_POINT('',(99.5,-98.,0.));
#14004 = CIRCLE('',#14005,0.5);
#14005 = AXIS2_PLACEMENT_3D('',#14006,#14007,#14008);
#14006 = CARTESIAN_POINT('',(99.5,-97.5,0.));
#14007 = DIRECTION('',(-0.,0.,-1.));
#14008 = DIRECTION('',(-0.,-1.,0.));
#14009 = FACE_BOUND('',#14010,.F.);
#14010 = EDGE_LOOP('',(#14011));
#14011 = ORIENTED_EDGE('',*,*,#14012,.T.);
#14012 = EDGE_CURVE('',#14013,#14013,#14015,.T.);
#14013 = VERTEX_POINT('',#14014);
#14014 = CARTESIAN_POINT('',(99.5,-95.46,0.));
#14015 = CIRCLE('',#14016,0.5);
#14016 = AXIS2_PLACEMENT_3D('',#14017,#14018,#14019);
#14017 = CARTESIAN_POINT('',(99.5,-94.96,0.));
#14018 = DIRECTION('',(-0.,0.,-1.));
#14019 = DIRECTION('',(-0.,-1.,0.));
#14020 = FACE_BOUND('',#14021,.F.);
#14021 = EDGE_LOOP('',(#14022));
#14022 = ORIENTED_EDGE('',*,*,#14023,.T.);
#14023 = EDGE_CURVE('',#14024,#14024,#14026,.T.);
#14024 = VERTEX_POINT('',#14025);
#14025 = CARTESIAN_POINT('',(99.5,-92.92,0.));
#14026 = CIRCLE('',#14027,0.5);
#14027 = AXIS2_PLACEMENT_3D('',#14028,#14029,#14030);
#14028 = CARTESIAN_POINT('',(99.5,-92.42,0.));
#14029 = DIRECTION('',(-0.,0.,-1.));
#14030 = DIRECTION('',(-0.,-1.,0.));
#14031 = FACE_BOUND('',#14032,.F.);
#14032 = EDGE_LOOP('',(#14033));
#14033 = ORIENTED_EDGE('',*,*,#14034,.T.);
#14034 = EDGE_CURVE('',#14035,#14035,#14037,.T.);
#14035 = VERTEX_POINT('',#14036);
#14036 = CARTESIAN_POINT('',(89.5,-90.46,0.));
#14037 = CIRCLE('',#14038,0.5);
#14038 = AXIS2_PLACEMENT_3D('',#14039,#14040,#14041);
#14039 = CARTESIAN_POINT('',(89.5,-89.96,0.));
#14040 = DIRECTION('',(-0.,0.,-1.));
#14041 = DIRECTION('',(-0.,-1.,0.));
#14042 = FACE_BOUND('',#14043,.F.);
#14043 = EDGE_LOOP('',(#14044));
#14044 = ORIENTED_EDGE('',*,*,#14045,.T.);
#14045 = EDGE_CURVE('',#14046,#14046,#14048,.T.);
#14046 = VERTEX_POINT('',#14047);
#14047 = CARTESIAN_POINT('',(89.5,-87.92,0.));
#14048 = CIRCLE('',#14049,0.5);
#14049 = AXIS2_PLACEMENT_3D('',#14050,#14051,#14052);
#14050 = CARTESIAN_POINT('',(89.5,-87.42,0.));
#14051 = DIRECTION('',(-0.,0.,-1.));
#14052 = DIRECTION('',(-0.,-1.,0.));
#14053 = FACE_BOUND('',#14054,.F.);
#14054 = EDGE_LOOP('',(#14055));
#14055 = ORIENTED_EDGE('',*,*,#14056,.T.);
#14056 = EDGE_CURVE('',#14057,#14057,#14059,.T.);
#14057 = VERTEX_POINT('',#14058);
#14058 = CARTESIAN_POINT('',(99.5,-90.38,0.));
#14059 = CIRCLE('',#14060,0.5);
#14060 = AXIS2_PLACEMENT_3D('',#14061,#14062,#14063);
#14061 = CARTESIAN_POINT('',(99.5,-89.88,0.));
#14062 = DIRECTION('',(-0.,0.,-1.));
#14063 = DIRECTION('',(-0.,-1.,0.));
#14064 = FACE_BOUND('',#14065,.F.);
#14065 = EDGE_LOOP('',(#14066));
#14066 = ORIENTED_EDGE('',*,*,#14067,.T.);
#14067 = EDGE_CURVE('',#14068,#14068,#14070,.T.);
#14068 = VERTEX_POINT('',#14069);
#14069 = CARTESIAN_POINT('',(99.5,-87.84,0.));
#14070 = CIRCLE('',#14071,0.5);
#14071 = AXIS2_PLACEMENT_3D('',#14072,#14073,#14074);
#14072 = CARTESIAN_POINT('',(99.5,-87.34,0.));
#14073 = DIRECTION('',(-0.,0.,-1.));
#14074 = DIRECTION('',(-0.,-1.,0.));
#14075 = FACE_BOUND('',#14076,.F.);
#14076 = EDGE_LOOP('',(#14077));
#14077 = ORIENTED_EDGE('',*,*,#14078,.T.);
#14078 = EDGE_CURVE('',#14079,#14079,#14081,.T.);
#14079 = VERTEX_POINT('',#14080);
#14080 = CARTESIAN_POINT('',(89.5,-85.38,0.));
#14081 = CIRCLE('',#14082,0.5);
#14082 = AXIS2_PLACEMENT_3D('',#14083,#14084,#14085);
#14083 = CARTESIAN_POINT('',(89.5,-84.88,0.));
#14084 = DIRECTION('',(-0.,0.,-1.));
#14085 = DIRECTION('',(-0.,-1.,0.));
#14086 = FACE_BOUND('',#14087,.F.);
#14087 = EDGE_LOOP('',(#14088));
#14088 = ORIENTED_EDGE('',*,*,#14089,.T.);
#14089 = EDGE_CURVE('',#14090,#14090,#14092,.T.);
#14090 = VERTEX_POINT('',#14091);
#14091 = CARTESIAN_POINT('',(89.5,-82.84,0.));
#14092 = CIRCLE('',#14093,0.5);
#14093 = AXIS2_PLACEMENT_3D('',#14094,#14095,#14096);
#14094 = CARTESIAN_POINT('',(89.5,-82.34,0.));
#14095 = DIRECTION('',(-0.,0.,-1.));
#14096 = DIRECTION('',(-0.,-1.,0.));
#14097 = FACE_BOUND('',#14098,.F.);
#14098 = EDGE_LOOP('',(#14099));
#14099 = ORIENTED_EDGE('',*,*,#14100,.T.);
#14100 = EDGE_CURVE('',#14101,#14101,#14103,.T.);
#14101 = VERTEX_POINT('',#14102);
#14102 = CARTESIAN_POINT('',(89.5,-80.3,0.));
#14103 = CIRCLE('',#14104,0.5);
#14104 = AXIS2_PLACEMENT_3D('',#14105,#14106,#14107);
#14105 = CARTESIAN_POINT('',(89.5,-79.8,0.));
#14106 = DIRECTION('',(-0.,0.,-1.));
#14107 = DIRECTION('',(-0.,-1.,0.));
#14108 = FACE_BOUND('',#14109,.F.);
#14109 = EDGE_LOOP('',(#14110));
#14110 = ORIENTED_EDGE('',*,*,#14111,.T.);
#14111 = EDGE_CURVE('',#14112,#14112,#14114,.T.);
#14112 = VERTEX_POINT('',#14113);
#14113 = CARTESIAN_POINT('',(89.5,-77.76,0.));
#14114 = CIRCLE('',#14115,0.5);
#14115 = AXIS2_PLACEMENT_3D('',#14116,#14117,#14118);
#14116 = CARTESIAN_POINT('',(89.5,-77.26,0.));
#14117 = DIRECTION('',(-0.,0.,-1.));
#14118 = DIRECTION('',(-0.,-1.,0.));
#14119 = FACE_BOUND('',#14120,.F.);
#14120 = EDGE_LOOP('',(#14121));
#14121 = ORIENTED_EDGE('',*,*,#14122,.T.);
#14122 = EDGE_CURVE('',#14123,#14123,#14125,.T.);
#14123 = VERTEX_POINT('',#14124);
#14124 = CARTESIAN_POINT('',(103.56,-78.9,0.));
#14125 = CIRCLE('',#14126,0.4);
#14126 = AXIS2_PLACEMENT_3D('',#14127,#14128,#14129);
#14127 = CARTESIAN_POINT('',(103.56,-78.5,0.));
#14128 = DIRECTION('',(-0.,0.,-1.));
#14129 = DIRECTION('',(-0.,-1.,0.));
#14130 = FACE_BOUND('',#14131,.F.);
#14131 = EDGE_LOOP('',(#14132));
#14132 = ORIENTED_EDGE('',*,*,#14133,.F.);
#14133 = EDGE_CURVE('',#14134,#14134,#14136,.T.);
#14134 = VERTEX_POINT('',#14135);
#14135 = CARTESIAN_POINT('',(99.939813,-77.45754,0.));
#14136 = CIRCLE('',#14137,1.5);
#14137 = AXIS2_PLACEMENT_3D('',#14138,#14139,#14140);
#14138 = CARTESIAN_POINT('',(98.439813,-77.45754,0.));
#14139 = DIRECTION('',(0.,0.,1.));
#14140 = DIRECTION('',(1.,0.,-0.));
#14141 = FACE_BOUND('',#14142,.F.);
#14142 = EDGE_LOOP('',(#14143));
#14143 = ORIENTED_EDGE('',*,*,#14144,.T.);
#14144 = EDGE_CURVE('',#14145,#14145,#14147,.T.);
#14145 = VERTEX_POINT('',#14146);
#14146 = CARTESIAN_POINT('',(106.1,-78.9,0.));
#14147 = CIRCLE('',#14148,0.4);
#14148 = AXIS2_PLACEMENT_3D('',#14149,#14150,#14151);
#14149 = CARTESIAN_POINT('',(106.1,-78.5,0.));
#14150 = DIRECTION('',(-0.,0.,-1.));
#14151 = DIRECTION('',(-0.,-1.,0.));
#14152 = FACE_BOUND('',#14153,.F.);
#14153 = EDGE_LOOP('',(#14154));
#14154 = ORIENTED_EDGE('',*,*,#14155,.T.);
#14155 = EDGE_CURVE('',#14156,#14156,#14158,.T.);
#14156 = VERTEX_POINT('',#14157);
#14157 = CARTESIAN_POINT('',(108.64,-78.9,0.));
#14158 = CIRCLE('',#14159,0.4);
#14159 = AXIS2_PLACEMENT_3D('',#14160,#14161,#14162);
#14160 = CARTESIAN_POINT('',(108.64,-78.5,0.));
#14161 = DIRECTION('',(-0.,0.,-1.));
#14162 = DIRECTION('',(-0.,-1.,0.));
#14163 = FACE_BOUND('',#14164,.F.);
#14164 = EDGE_LOOP('',(#14165));
#14165 = ORIENTED_EDGE('',*,*,#14166,.T.);
#14166 = EDGE_CURVE('',#14167,#14167,#14169,.T.);
#14167 = VERTEX_POINT('',#14168);
#14168 = CARTESIAN_POINT('',(111.18,-78.9,0.));
#14169 = CIRCLE('',#14170,0.4);
#14170 = AXIS2_PLACEMENT_3D('',#14171,#14172,#14173);
#14171 = CARTESIAN_POINT('',(111.18,-78.5,0.));
#14172 = DIRECTION('',(-0.,0.,-1.));
#14173 = DIRECTION('',(-0.,-1.,0.));
#14174 = FACE_BOUND('',#14175,.F.);
#14175 = EDGE_LOOP('',(#14176));
#14176 = ORIENTED_EDGE('',*,*,#14177,.T.);
#14177 = EDGE_CURVE('',#14178,#14178,#14180,.T.);
#14178 = VERTEX_POINT('',#14179);
#14179 = CARTESIAN_POINT('',(113.72,-78.9,0.));
#14180 = CIRCLE('',#14181,0.4);
#14181 = AXIS2_PLACEMENT_3D('',#14182,#14183,#14184);
#14182 = CARTESIAN_POINT('',(113.72,-78.5,0.));
#14183 = DIRECTION('',(-0.,0.,-1.));
#14184 = DIRECTION('',(-0.,-1.,0.));
#14185 = FACE_BOUND('',#14186,.F.);
#14186 = EDGE_LOOP('',(#14187));
#14187 = ORIENTED_EDGE('',*,*,#14188,.T.);
#14188 = EDGE_CURVE('',#14189,#14189,#14191,.T.);
#14189 = VERTEX_POINT('',#14190);
#14190 = CARTESIAN_POINT('',(116.26,-78.9,0.));
#14191 = CIRCLE('',#14192,0.4);
#14192 = AXIS2_PLACEMENT_3D('',#14193,#14194,#14195);
#14193 = CARTESIAN_POINT('',(116.26,-78.5,0.));
#14194 = DIRECTION('',(-0.,0.,-1.));
#14195 = DIRECTION('',(3.5527136788E-14,-1.,-0.));
#14196 = FACE_BOUND('',#14197,.F.);
#14197 = EDGE_LOOP('',(#14198));
#14198 = ORIENTED_EDGE('',*,*,#14199,.T.);
#14199 = EDGE_CURVE('',#14200,#14200,#14202,.T.);
#14200 = VERTEX_POINT('',#14201);
#14201 = CARTESIAN_POINT('',(118.8,-78.9,0.));
#14202 = CIRCLE('',#14203,0.4);
#14203 = AXIS2_PLACEMENT_3D('',#14204,#14205,#14206);
#14204 = CARTESIAN_POINT('',(118.8,-78.5,0.));
#14205 = DIRECTION('',(-0.,0.,-1.));
#14206 = DIRECTION('',(-3.552713678801E-14,-1.,0.));
#14207 = FACE_BOUND('',#14208,.F.);
#14208 = EDGE_LOOP('',(#14209));
#14209 = ORIENTED_EDGE('',*,*,#14210,.T.);
#14210 = EDGE_CURVE('',#14211,#14211,#14213,.T.);
#14211 = VERTEX_POINT('',#14212);
#14212 = CARTESIAN_POINT('',(121.34,-78.9,0.));
#14213 = CIRCLE('',#14214,0.4);
#14214 = AXIS2_PLACEMENT_3D('',#14215,#14216,#14217);
#14215 = CARTESIAN_POINT('',(121.34,-78.5,0.));
#14216 = DIRECTION('',(-0.,0.,-1.));
#14217 = DIRECTION('',(-0.,-1.,0.));
#14218 = FACE_BOUND('',#14219,.F.);
#14219 = EDGE_LOOP('',(#14220));
#14220 = ORIENTED_EDGE('',*,*,#14221,.T.);
#14221 = EDGE_CURVE('',#14222,#14222,#14224,.T.);
#14222 = VERTEX_POINT('',#14223);
#14223 = CARTESIAN_POINT('',(135.5,-97.66,0.));
#14224 = CIRCLE('',#14225,0.5);
#14225 = AXIS2_PLACEMENT_3D('',#14226,#14227,#14228);
#14226 = CARTESIAN_POINT('',(135.5,-97.16,0.));
#14227 = DIRECTION('',(-0.,0.,-1.));
#14228 = DIRECTION('',(-0.,-1.,0.));
#14229 = FACE_BOUND('',#14230,.F.);
#14230 = EDGE_LOOP('',(#14231));
#14231 = ORIENTED_EDGE('',*,*,#14232,.T.);
#14232 = EDGE_CURVE('',#14233,#14233,#14235,.T.);
#14233 = VERTEX_POINT('',#14234);
#14234 = CARTESIAN_POINT('',(135.5,-95.12,0.));
#14235 = CIRCLE('',#14236,0.5);
#14236 = AXIS2_PLACEMENT_3D('',#14237,#14238,#14239);
#14237 = CARTESIAN_POINT('',(135.5,-94.62,0.));
#14238 = DIRECTION('',(-0.,0.,-1.));
#14239 = DIRECTION('',(-0.,-1.,0.));
#14240 = FACE_BOUND('',#14241,.F.);
#14241 = EDGE_LOOP('',(#14242));
#14242 = ORIENTED_EDGE('',*,*,#14243,.T.);
#14243 = EDGE_CURVE('',#14244,#14244,#14246,.T.);
#14244 = VERTEX_POINT('',#14245);
#14245 = CARTESIAN_POINT('',(135.5,-92.58,0.));
#14246 = CIRCLE('',#14247,0.5);
#14247 = AXIS2_PLACEMENT_3D('',#14248,#14249,#14250);
#14248 = CARTESIAN_POINT('',(135.5,-92.08,0.));
#14249 = DIRECTION('',(-0.,0.,-1.));
#14250 = DIRECTION('',(-0.,-1.,0.));
#14251 = FACE_BOUND('',#14252,.F.);
#14252 = EDGE_LOOP('',(#14253));
#14253 = ORIENTED_EDGE('',*,*,#14254,.T.);
#14254 = EDGE_CURVE('',#14255,#14255,#14257,.T.);
#14255 = VERTEX_POINT('',#14256);
#14256 = CARTESIAN_POINT('',(135.5,-90.04,0.));
#14257 = CIRCLE('',#14258,0.5);
#14258 = AXIS2_PLACEMENT_3D('',#14259,#14260,#14261);
#14259 = CARTESIAN_POINT('',(135.5,-89.54,0.));
#14260 = DIRECTION('',(-0.,0.,-1.));
#14261 = DIRECTION('',(-0.,-1.,0.));
#14262 = FACE_BOUND('',#14263,.F.);
#14263 = EDGE_LOOP('',(#14264));
#14264 = ORIENTED_EDGE('',*,*,#14265,.T.);
#14265 = EDGE_CURVE('',#14266,#14266,#14268,.T.);
#14266 = VERTEX_POINT('',#14267);
#14267 = CARTESIAN_POINT('',(135.5,-87.5,0.));
#14268 = CIRCLE('',#14269,0.5);
#14269 = AXIS2_PLACEMENT_3D('',#14270,#14271,#14272);
#14270 = CARTESIAN_POINT('',(135.5,-87.,0.));
#14271 = DIRECTION('',(-0.,0.,-1.));
#14272 = DIRECTION('',(-0.,-1.,0.));
#14273 = FACE_BOUND('',#14274,.F.);
#14274 = EDGE_LOOP('',(#14275));
#14275 = ORIENTED_EDGE('',*,*,#14276,.T.);
#14276 = EDGE_CURVE('',#14277,#14277,#14279,.T.);
#14277 = VERTEX_POINT('',#14278);
#14278 = CARTESIAN_POINT('',(123.88,-78.9,0.));
#14279 = CIRCLE('',#14280,0.4);
#14280 = AXIS2_PLACEMENT_3D('',#14281,#14282,#14283);
#14281 = CARTESIAN_POINT('',(123.88,-78.5,0.));
#14282 = DIRECTION('',(-0.,0.,-1.));
#14283 = DIRECTION('',(-0.,-1.,0.));
#14284 = FACE_BOUND('',#14285,.F.);
#14285 = EDGE_LOOP('',(#14286));
#14286 = ORIENTED_EDGE('',*,*,#14287,.T.);
#14287 = EDGE_CURVE('',#14288,#14288,#14290,.T.);
#14288 = VERTEX_POINT('',#14289);
#14289 = CARTESIAN_POINT('',(126.42,-78.9,0.));
#14290 = CIRCLE('',#14291,0.4);
#14291 = AXIS2_PLACEMENT_3D('',#14292,#14293,#14294);
#14292 = CARTESIAN_POINT('',(126.42,-78.5,0.));
#14293 = DIRECTION('',(-0.,0.,-1.));
#14294 = DIRECTION('',(3.5527136788E-14,-1.,-0.));
#14295 = FACE_BOUND('',#14296,.F.);
#14296 = EDGE_LOOP('',(#14297));
#14297 = ORIENTED_EDGE('',*,*,#14298,.T.);
#14298 = EDGE_CURVE('',#14299,#14299,#14301,.T.);
#14299 = VERTEX_POINT('',#14300);
#14300 = CARTESIAN_POINT('',(128.96,-78.9,0.));
#14301 = CIRCLE('',#14302,0.4);
#14302 = AXIS2_PLACEMENT_3D('',#14303,#14304,#14305);
#14303 = CARTESIAN_POINT('',(128.96,-78.5,0.));
#14304 = DIRECTION('',(-0.,0.,-1.));
#14305 = DIRECTION('',(-0.,-1.,0.));
#14306 = FACE_BOUND('',#14307,.F.);
#14307 = EDGE_LOOP('',(#14308));
#14308 = ORIENTED_EDGE('',*,*,#14309,.T.);
#14309 = EDGE_CURVE('',#14310,#14310,#14312,.T.);
#14310 = VERTEX_POINT('',#14311);
#14311 = CARTESIAN_POINT('',(131.5,-78.9,0.));
#14312 = CIRCLE('',#14313,0.4);
#14313 = AXIS2_PLACEMENT_3D('',#14314,#14315,#14316);
#14314 = CARTESIAN_POINT('',(131.5,-78.5,0.));
#14315 = DIRECTION('',(-0.,0.,-1.));
#14316 = DIRECTION('',(-0.,-1.,0.));
#14317 = FACE_BOUND('',#14318,.F.);
#14318 = EDGE_LOOP('',(#14319));
#14319 = ORIENTED_EDGE('',*,*,#14320,.T.);
#14320 = EDGE_CURVE('',#14321,#14321,#14323,.T.);
#14321 = VERTEX_POINT('',#14322);
#14322 = CARTESIAN_POINT('',(134.04,-78.9,0.));
#14323 = CIRCLE('',#14324,0.4);
#14324 = AXIS2_PLACEMENT_3D('',#14325,#14326,#14327);
#14325 = CARTESIAN_POINT('',(134.04,-78.5,0.));
#14326 = DIRECTION('',(-0.,0.,-1.));
#14327 = DIRECTION('',(-0.,-1.,0.));
#14328 = FACE_BOUND('',#14329,.F.);
#14329 = EDGE_LOOP('',(#14330));
#14330 = ORIENTED_EDGE('',*,*,#14331,.T.);
#14331 = EDGE_CURVE('',#14332,#14332,#14334,.T.);
#14332 = VERTEX_POINT('',#14333);
#14333 = CARTESIAN_POINT('',(136.58,-78.9,0.));
#14334 = CIRCLE('',#14335,0.4);
#14335 = AXIS2_PLACEMENT_3D('',#14336,#14337,#14338);
#14336 = CARTESIAN_POINT('',(136.58,-78.5,0.));
#14337 = DIRECTION('',(-0.,0.,-1.));
#14338 = DIRECTION('',(7.105427357601E-14,-1.,-0.));
#14339 = FACE_BOUND('',#14340,.F.);
#14340 = EDGE_LOOP('',(#14341));
#14341 = ORIENTED_EDGE('',*,*,#14342,.T.);
#14342 = EDGE_CURVE('',#14343,#14343,#14345,.T.);
#14343 = VERTEX_POINT('',#14344);
#14344 = CARTESIAN_POINT('',(139.12,-78.9,0.));
#14345 = CIRCLE('',#14346,0.4);
#14346 = AXIS2_PLACEMENT_3D('',#14347,#14348,#14349);
#14347 = CARTESIAN_POINT('',(139.12,-78.5,0.));
#14348 = DIRECTION('',(-0.,0.,-1.));
#14349 = DIRECTION('',(-0.,-1.,0.));
#14350 = FACE_BOUND('',#14351,.F.);
#14351 = EDGE_LOOP('',(#14352));
#14352 = ORIENTED_EDGE('',*,*,#14353,.F.);
#14353 = EDGE_CURVE('',#14354,#14354,#14356,.T.);
#14354 = VERTEX_POINT('',#14355);
#14355 = CARTESIAN_POINT('',(145.939813,-77.45754,0.));
#14356 = CIRCLE('',#14357,1.5);
#14357 = AXIS2_PLACEMENT_3D('',#14358,#14359,#14360);
#14358 = CARTESIAN_POINT('',(144.439813,-77.45754,0.));
#14359 = DIRECTION('',(0.,0.,1.));
#14360 = DIRECTION('',(1.,0.,-0.));
#14361 = FACE_BOUND('',#14362,.F.);
#14362 = EDGE_LOOP('',(#14363));
#14363 = ORIENTED_EDGE('',*,*,#14364,.T.);
#14364 = EDGE_CURVE('',#14365,#14365,#14367,.T.);
#14365 = VERTEX_POINT('',#14366);
#14366 = CARTESIAN_POINT('',(156.5,-79.,0.));
#14367 = CIRCLE('',#14368,0.5);
#14368 = AXIS2_PLACEMENT_3D('',#14369,#14370,#14371);
#14369 = CARTESIAN_POINT('',(156.5,-78.5,0.));
#14370 = DIRECTION('',(-0.,0.,-1.));
#14371 = DIRECTION('',(-0.,-1.,0.));
#14372 = FACE_BOUND('',#14373,.F.);
#14373 = EDGE_LOOP('',(#14374));
#14374 = ORIENTED_EDGE('',*,*,#14375,.T.);
#14375 = EDGE_CURVE('',#14376,#14376,#14378,.T.);
#14376 = VERTEX_POINT('',#14377);
#14377 = CARTESIAN_POINT('',(156.5,-76.5,0.));
#14378 = CIRCLE('',#14379,0.5);
#14379 = AXIS2_PLACEMENT_3D('',#14380,#14381,#14382);
#14380 = CARTESIAN_POINT('',(156.5,-76.,0.));
#14381 = DIRECTION('',(-0.,0.,-1.));
#14382 = DIRECTION('',(-0.,-1.,0.));
#14383 = FACE_BOUND('',#14384,.F.);
#14384 = EDGE_LOOP('',(#14385));
#14385 = ORIENTED_EDGE('',*,*,#14386,.T.);
#14386 = EDGE_CURVE('',#14387,#14387,#14389,.T.);
#14387 = VERTEX_POINT('',#14388);
#14388 = CARTESIAN_POINT('',(89.5,-75.22,0.));
#14389 = CIRCLE('',#14390,0.5);
#14390 = AXIS2_PLACEMENT_3D('',#14391,#14392,#14393);
#14391 = CARTESIAN_POINT('',(89.5,-74.72,0.));
#14392 = DIRECTION('',(-0.,0.,-1.));
#14393 = DIRECTION('',(-0.,-1.,0.));
#14394 = FACE_BOUND('',#14395,.F.);
#14395 = EDGE_LOOP('',(#14396));
#14396 = ORIENTED_EDGE('',*,*,#14397,.F.);
#14397 = EDGE_CURVE('',#14398,#14398,#14400,.T.);
#14398 = VERTEX_POINT('',#14399);
#14399 = CARTESIAN_POINT('',(99.939813,-54.45754,0.));
#14400 = CIRCLE('',#14401,1.5);
#14401 = AXIS2_PLACEMENT_3D('',#14402,#14403,#14404);
#14402 = CARTESIAN_POINT('',(98.439813,-54.45754,0.));
#14403 = DIRECTION('',(0.,0.,1.));
#14404 = DIRECTION('',(1.,0.,-0.));
#14405 = FACE_BOUND('',#14406,.F.);
#14406 = EDGE_LOOP('',(#14407));
#14407 = ORIENTED_EDGE('',*,*,#14408,.T.);
#14408 = EDGE_CURVE('',#14409,#14409,#14411,.T.);
#14409 = VERTEX_POINT('',#14410);
#14410 = CARTESIAN_POINT('',(103.56,-53.5,0.));
#14411 = CIRCLE('',#14412,0.4);
#14412 = AXIS2_PLACEMENT_3D('',#14413,#14414,#14415);
#14413 = CARTESIAN_POINT('',(103.56,-53.1,0.));
#14414 = DIRECTION('',(-0.,0.,-1.));
#14415 = DIRECTION('',(-0.,-1.,0.));
#14416 = FACE_BOUND('',#14417,.F.);
#14417 = EDGE_LOOP('',(#14418));
#14418 = ORIENTED_EDGE('',*,*,#14419,.T.);
#14419 = EDGE_CURVE('',#14420,#14420,#14422,.T.);
#14420 = VERTEX_POINT('',#14421);
#14421 = CARTESIAN_POINT('',(106.1,-53.5,0.));
#14422 = CIRCLE('',#14423,0.4);
#14423 = AXIS2_PLACEMENT_3D('',#14424,#14425,#14426);
#14424 = CARTESIAN_POINT('',(106.1,-53.1,0.));
#14425 = DIRECTION('',(-0.,0.,-1.));
#14426 = DIRECTION('',(-0.,-1.,0.));
#14427 = FACE_BOUND('',#14428,.F.);
#14428 = EDGE_LOOP('',(#14429));
#14429 = ORIENTED_EDGE('',*,*,#14430,.T.);
#14430 = EDGE_CURVE('',#14431,#14431,#14433,.T.);
#14431 = VERTEX_POINT('',#14432);
#14432 = CARTESIAN_POINT('',(108.64,-53.5,0.));
#14433 = CIRCLE('',#14434,0.4);
#14434 = AXIS2_PLACEMENT_3D('',#14435,#14436,#14437);
#14435 = CARTESIAN_POINT('',(108.64,-53.1,0.));
#14436 = DIRECTION('',(-0.,0.,-1.));
#14437 = DIRECTION('',(-0.,-1.,0.));
#14438 = FACE_BOUND('',#14439,.F.);
#14439 = EDGE_LOOP('',(#14440));
#14440 = ORIENTED_EDGE('',*,*,#14441,.T.);
#14441 = EDGE_CURVE('',#14442,#14442,#14444,.T.);
#14442 = VERTEX_POINT('',#14443);
#14443 = CARTESIAN_POINT('',(111.18,-53.5,0.));
#14444 = CIRCLE('',#14445,0.4);
#14445 = AXIS2_PLACEMENT_3D('',#14446,#14447,#14448);
#14446 = CARTESIAN_POINT('',(111.18,-53.1,0.));
#14447 = DIRECTION('',(-0.,0.,-1.));
#14448 = DIRECTION('',(-0.,-1.,0.));
#14449 = FACE_BOUND('',#14450,.F.);
#14450 = EDGE_LOOP('',(#14451));
#14451 = ORIENTED_EDGE('',*,*,#14452,.T.);
#14452 = EDGE_CURVE('',#14453,#14453,#14455,.T.);
#14453 = VERTEX_POINT('',#14454);
#14454 = CARTESIAN_POINT('',(113.72,-53.5,0.));
#14455 = CIRCLE('',#14456,0.4);
#14456 = AXIS2_PLACEMENT_3D('',#14457,#14458,#14459);
#14457 = CARTESIAN_POINT('',(113.72,-53.1,0.));
#14458 = DIRECTION('',(-0.,0.,-1.));
#14459 = DIRECTION('',(-0.,-1.,0.));
#14460 = FACE_BOUND('',#14461,.F.);
#14461 = EDGE_LOOP('',(#14462));
#14462 = ORIENTED_EDGE('',*,*,#14463,.T.);
#14463 = EDGE_CURVE('',#14464,#14464,#14466,.T.);
#14464 = VERTEX_POINT('',#14465);
#14465 = CARTESIAN_POINT('',(116.26,-53.5,0.));
#14466 = CIRCLE('',#14467,0.4);
#14467 = AXIS2_PLACEMENT_3D('',#14468,#14469,#14470);
#14468 = CARTESIAN_POINT('',(116.26,-53.1,0.));
#14469 = DIRECTION('',(-0.,0.,-1.));
#14470 = DIRECTION('',(3.5527136788E-14,-1.,-0.));
#14471 = FACE_BOUND('',#14472,.F.);
#14472 = EDGE_LOOP('',(#14473));
#14473 = ORIENTED_EDGE('',*,*,#14474,.T.);
#14474 = EDGE_CURVE('',#14475,#14475,#14477,.T.);
#14475 = VERTEX_POINT('',#14476);
#14476 = CARTESIAN_POINT('',(118.8,-53.5,0.));
#14477 = CIRCLE('',#14478,0.4);
#14478 = AXIS2_PLACEMENT_3D('',#14479,#14480,#14481);
#14479 = CARTESIAN_POINT('',(118.8,-53.1,0.));
#14480 = DIRECTION('',(-0.,0.,-1.));
#14481 = DIRECTION('',(-3.552713678801E-14,-1.,0.));
#14482 = FACE_BOUND('',#14483,.F.);
#14483 = EDGE_LOOP('',(#14484));
#14484 = ORIENTED_EDGE('',*,*,#14485,.T.);
#14485 = EDGE_CURVE('',#14486,#14486,#14488,.T.);
#14486 = VERTEX_POINT('',#14487);
#14487 = CARTESIAN_POINT('',(121.34,-53.5,0.));
#14488 = CIRCLE('',#14489,0.4);
#14489 = AXIS2_PLACEMENT_3D('',#14490,#14491,#14492);
#14490 = CARTESIAN_POINT('',(121.34,-53.1,0.));
#14491 = DIRECTION('',(-0.,0.,-1.));
#14492 = DIRECTION('',(-0.,-1.,0.));
#14493 = FACE_BOUND('',#14494,.F.);
#14494 = EDGE_LOOP('',(#14495));
#14495 = ORIENTED_EDGE('',*,*,#14496,.T.);
#14496 = EDGE_CURVE('',#14497,#14497,#14499,.T.);
#14497 = VERTEX_POINT('',#14498);
#14498 = CARTESIAN_POINT('',(123.88,-53.5,0.));
#14499 = CIRCLE('',#14500,0.4);
#14500 = AXIS2_PLACEMENT_3D('',#14501,#14502,#14503);
#14501 = CARTESIAN_POINT('',(123.88,-53.1,0.));
#14502 = DIRECTION('',(-0.,0.,-1.));
#14503 = DIRECTION('',(-0.,-1.,0.));
#14504 = FACE_BOUND('',#14505,.F.);
#14505 = EDGE_LOOP('',(#14506));
#14506 = ORIENTED_EDGE('',*,*,#14507,.T.);
#14507 = EDGE_CURVE('',#14508,#14508,#14510,.T.);
#14508 = VERTEX_POINT('',#14509);
#14509 = CARTESIAN_POINT('',(126.42,-53.5,0.));
#14510 = CIRCLE('',#14511,0.4);
#14511 = AXIS2_PLACEMENT_3D('',#14512,#14513,#14514);
#14512 = CARTESIAN_POINT('',(126.42,-53.1,0.));
#14513 = DIRECTION('',(-0.,0.,-1.));
#14514 = DIRECTION('',(3.5527136788E-14,-1.,-0.));
#14515 = FACE_BOUND('',#14516,.F.);
#14516 = EDGE_LOOP('',(#14517));
#14517 = ORIENTED_EDGE('',*,*,#14518,.T.);
#14518 = EDGE_CURVE('',#14519,#14519,#14521,.T.);
#14519 = VERTEX_POINT('',#14520);
#14520 = CARTESIAN_POINT('',(128.96,-53.5,0.));
#14521 = CIRCLE('',#14522,0.4);
#14522 = AXIS2_PLACEMENT_3D('',#14523,#14524,#14525);
#14523 = CARTESIAN_POINT('',(128.96,-53.1,0.));
#14524 = DIRECTION('',(-0.,0.,-1.));
#14525 = DIRECTION('',(-0.,-1.,0.));
#14526 = FACE_BOUND('',#14527,.F.);
#14527 = EDGE_LOOP('',(#14528));
#14528 = ORIENTED_EDGE('',*,*,#14529,.T.);
#14529 = EDGE_CURVE('',#14530,#14530,#14532,.T.);
#14530 = VERTEX_POINT('',#14531);
#14531 = CARTESIAN_POINT('',(131.5,-53.5,0.));
#14532 = CIRCLE('',#14533,0.4);
#14533 = AXIS2_PLACEMENT_3D('',#14534,#14535,#14536);
#14534 = CARTESIAN_POINT('',(131.5,-53.1,0.));
#14535 = DIRECTION('',(-0.,0.,-1.));
#14536 = DIRECTION('',(-0.,-1.,0.));
#14537 = FACE_BOUND('',#14538,.F.);
#14538 = EDGE_LOOP('',(#14539));
#14539 = ORIENTED_EDGE('',*,*,#14540,.T.);
#14540 = EDGE_CURVE('',#14541,#14541,#14543,.T.);
#14541 = VERTEX_POINT('',#14542);
#14542 = CARTESIAN_POINT('',(134.04,-53.5,0.));
#14543 = CIRCLE('',#14544,0.4);
#14544 = AXIS2_PLACEMENT_3D('',#14545,#14546,#14547);
#14545 = CARTESIAN_POINT('',(134.04,-53.1,0.));
#14546 = DIRECTION('',(-0.,0.,-1.));
#14547 = DIRECTION('',(-0.,-1.,0.));
#14548 = FACE_BOUND('',#14549,.F.);
#14549 = EDGE_LOOP('',(#14550));
#14550 = ORIENTED_EDGE('',*,*,#14551,.T.);
#14551 = EDGE_CURVE('',#14552,#14552,#14554,.T.);
#14552 = VERTEX_POINT('',#14553);
#14553 = CARTESIAN_POINT('',(136.58,-53.5,0.));
#14554 = CIRCLE('',#14555,0.4);
#14555 = AXIS2_PLACEMENT_3D('',#14556,#14557,#14558);
#14556 = CARTESIAN_POINT('',(136.58,-53.1,0.));
#14557 = DIRECTION('',(-0.,0.,-1.));
#14558 = DIRECTION('',(7.105427357601E-14,-1.,-0.));
#14559 = FACE_BOUND('',#14560,.F.);
#14560 = EDGE_LOOP('',(#14561));
#14561 = ORIENTED_EDGE('',*,*,#14562,.T.);
#14562 = EDGE_CURVE('',#14563,#14563,#14565,.T.);
#14563 = VERTEX_POINT('',#14564);
#14564 = CARTESIAN_POINT('',(139.12,-53.5,0.));
#14565 = CIRCLE('',#14566,0.4);
#14566 = AXIS2_PLACEMENT_3D('',#14567,#14568,#14569);
#14567 = CARTESIAN_POINT('',(139.12,-53.1,0.));
#14568 = DIRECTION('',(-0.,0.,-1.));
#14569 = DIRECTION('',(-0.,-1.,0.));
#14570 = FACE_BOUND('',#14571,.F.);
#14571 = EDGE_LOOP('',(#14572));
#14572 = ORIENTED_EDGE('',*,*,#14573,.T.);
#14573 = EDGE_CURVE('',#14574,#14574,#14576,.T.);
#14574 = VERTEX_POINT('',#14575);
#14575 = CARTESIAN_POINT('',(156.4675,-59.25,0.));
#14576 = CIRCLE('',#14577,0.5);
#14577 = AXIS2_PLACEMENT_3D('',#14578,#14579,#14580);
#14578 = CARTESIAN_POINT('',(156.4675,-58.75,0.));
#14579 = DIRECTION('',(-0.,0.,-1.));
#14580 = DIRECTION('',(-0.,-1.,0.));
#14581 = FACE_BOUND('',#14582,.F.);
#14582 = EDGE_LOOP('',(#14583));
#14583 = ORIENTED_EDGE('',*,*,#14584,.F.);
#14584 = EDGE_CURVE('',#14585,#14585,#14587,.T.);
#14585 = VERTEX_POINT('',#14586);
#14586 = CARTESIAN_POINT('',(145.939813,-54.45754,0.));
#14587 = CIRCLE('',#14588,1.5);
#14588 = AXIS2_PLACEMENT_3D('',#14589,#14590,#14591);
#14589 = CARTESIAN_POINT('',(144.439813,-54.45754,0.));
#14590 = DIRECTION('',(0.,0.,1.));
#14591 = DIRECTION('',(1.,0.,-0.));
#14592 = FACE_BOUND('',#14593,.F.);
#14593 = EDGE_LOOP('',(#14594));
#14594 = ORIENTED_EDGE('',*,*,#14595,.T.);
#14595 = EDGE_CURVE('',#14596,#14596,#14598,.T.);
#14596 = VERTEX_POINT('',#14597);
#14597 = CARTESIAN_POINT('',(156.4675,-56.75,0.));
#14598 = CIRCLE('',#14599,0.5);
#14599 = AXIS2_PLACEMENT_3D('',#14600,#14601,#14602);
#14600 = CARTESIAN_POINT('',(156.4675,-56.25,0.));
#14601 = DIRECTION('',(-0.,0.,-1.));
#14602 = DIRECTION('',(-0.,-1.,0.));
#14603 = PLANE('',#14604);
#14604 = AXIS2_PLACEMENT_3D('',#14605,#14606,#14607);
#14605 = CARTESIAN_POINT('',(0.,0.,0.));
#14606 = DIRECTION('',(0.,0.,1.));
#14607 = DIRECTION('',(1.,0.,-0.));
#14608 = ADVANCED_FACE('',(#14609,#14620,#14631,#14642,#14653,#14664,
    #14675,#14686,#14697,#14708,#14719,#14730,#14741,#14752,#14763,
    #14774,#14785,#14796,#14807,#14818,#14829,#14840,#14851,#14862,
    #14873,#14884,#14895,#14906,#14917,#14928,#14939,#14950,#14961,
    #14972,#14983,#14994,#15005,#15016,#15027,#15038,#15049,#15060,
    #15071,#15082,#15093,#15104,#15115,#15126,#15137,#15148,#15159,
    #15170,#15181,#15192,#15203,#15214,#15225),#15236,.T.);
#14609 = FACE_BOUND('',#14610,.T.);
#14610 = EDGE_LOOP('',(#14611,#14612,#14613,#14619));
#14611 = ORIENTED_EDGE('',*,*,#13887,.F.);
#14612 = ORIENTED_EDGE('',*,*,#13927,.F.);
#14613 = ORIENTED_EDGE('',*,*,#14614,.F.);
#14614 = EDGE_CURVE('',#13950,#13920,#14615,.T.);
#14615 = LINE('',#14616,#14617);
#14616 = CARTESIAN_POINT('',(84.5,-48.5,1.51));
#14617 = VECTOR('',#14618,1.);
#14618 = DIRECTION('',(1.,0.,0.));
#14619 = ORIENTED_EDGE('',*,*,#13949,.F.);
#14620 = FACE_BOUND('',#14621,.T.);
#14621 = EDGE_LOOP('',(#14622));
#14622 = ORIENTED_EDGE('',*,*,#14623,.T.);
#14623 = EDGE_CURVE('',#14624,#14624,#14626,.T.);
#14624 = VERTEX_POINT('',#14625);
#14625 = CARTESIAN_POINT('',(89.5,-93.,1.51));
#14626 = CIRCLE('',#14627,0.5);
#14627 = AXIS2_PLACEMENT_3D('',#14628,#14629,#14630);
#14628 = CARTESIAN_POINT('',(89.5,-92.5,1.51));
#14629 = DIRECTION('',(-0.,0.,-1.));
#14630 = DIRECTION('',(-0.,-1.,0.));
#14631 = FACE_BOUND('',#14632,.T.);
#14632 = EDGE_LOOP('',(#14633));
#14633 = ORIENTED_EDGE('',*,*,#14634,.T.);
#14634 = EDGE_CURVE('',#14635,#14635,#14637,.T.);
#14635 = VERTEX_POINT('',#14636);
#14636 = CARTESIAN_POINT('',(99.5,-98.,1.51));
#14637 = CIRCLE('',#14638,0.5);
#14638 = AXIS2_PLACEMENT_3D('',#14639,#14640,#14641);
#14639 = CARTESIAN_POINT('',(99.5,-97.5,1.51));
#14640 = DIRECTION('',(-0.,0.,-1.));
#14641 = DIRECTION('',(-0.,-1.,0.));
#14642 = FACE_BOUND('',#14643,.T.);
#14643 = EDGE_LOOP('',(#14644));
#14644 = ORIENTED_EDGE('',*,*,#14645,.T.);
#14645 = EDGE_CURVE('',#14646,#14646,#14648,.T.);
#14646 = VERTEX_POINT('',#14647);
#14647 = CARTESIAN_POINT('',(99.5,-95.46,1.51));
#14648 = CIRCLE('',#14649,0.5);
#14649 = AXIS2_PLACEMENT_3D('',#14650,#14651,#14652);
#14650 = CARTESIAN_POINT('',(99.5,-94.96,1.51));
#14651 = DIRECTION('',(-0.,0.,-1.));
#14652 = DIRECTION('',(-0.,-1.,0.));
#14653 = FACE_BOUND('',#14654,.T.);
#14654 = EDGE_LOOP('',(#14655));
#14655 = ORIENTED_EDGE('',*,*,#14656,.T.);
#14656 = EDGE_CURVE('',#14657,#14657,#14659,.T.);
#14657 = VERTEX_POINT('',#14658);
#14658 = CARTESIAN_POINT('',(99.5,-92.92,1.51));
#14659 = CIRCLE('',#14660,0.5);
#14660 = AXIS2_PLACEMENT_3D('',#14661,#14662,#14663);
#14661 = CARTESIAN_POINT('',(99.5,-92.42,1.51));
#14662 = DIRECTION('',(-0.,0.,-1.));
#14663 = DIRECTION('',(-0.,-1.,0.));
#14664 = FACE_BOUND('',#14665,.T.);
#14665 = EDGE_LOOP('',(#14666));
#14666 = ORIENTED_EDGE('',*,*,#14667,.T.);
#14667 = EDGE_CURVE('',#14668,#14668,#14670,.T.);
#14668 = VERTEX_POINT('',#14669);
#14669 = CARTESIAN_POINT('',(89.5,-90.46,1.51));
#14670 = CIRCLE('',#14671,0.5);
#14671 = AXIS2_PLACEMENT_3D('',#14672,#14673,#14674);
#14672 = CARTESIAN_POINT('',(89.5,-89.96,1.51));
#14673 = DIRECTION('',(-0.,0.,-1.));
#14674 = DIRECTION('',(-0.,-1.,0.));
#14675 = FACE_BOUND('',#14676,.T.);
#14676 = EDGE_LOOP('',(#14677));
#14677 = ORIENTED_EDGE('',*,*,#14678,.T.);
#14678 = EDGE_CURVE('',#14679,#14679,#14681,.T.);
#14679 = VERTEX_POINT('',#14680);
#14680 = CARTESIAN_POINT('',(89.5,-87.92,1.51));
#14681 = CIRCLE('',#14682,0.5);
#14682 = AXIS2_PLACEMENT_3D('',#14683,#14684,#14685);
#14683 = CARTESIAN_POINT('',(89.5,-87.42,1.51));
#14684 = DIRECTION('',(-0.,0.,-1.));
#14685 = DIRECTION('',(-0.,-1.,0.));
#14686 = FACE_BOUND('',#14687,.T.);
#14687 = EDGE_LOOP('',(#14688));
#14688 = ORIENTED_EDGE('',*,*,#14689,.T.);
#14689 = EDGE_CURVE('',#14690,#14690,#14692,.T.);
#14690 = VERTEX_POINT('',#14691);
#14691 = CARTESIAN_POINT('',(99.5,-90.38,1.51));
#14692 = CIRCLE('',#14693,0.5);
#14693 = AXIS2_PLACEMENT_3D('',#14694,#14695,#14696);
#14694 = CARTESIAN_POINT('',(99.5,-89.88,1.51));
#14695 = DIRECTION('',(-0.,0.,-1.));
#14696 = DIRECTION('',(-0.,-1.,0.));
#14697 = FACE_BOUND('',#14698,.T.);
#14698 = EDGE_LOOP('',(#14699));
#14699 = ORIENTED_EDGE('',*,*,#14700,.T.);
#14700 = EDGE_CURVE('',#14701,#14701,#14703,.T.);
#14701 = VERTEX_POINT('',#14702);
#14702 = CARTESIAN_POINT('',(99.5,-87.84,1.51));
#14703 = CIRCLE('',#14704,0.5);
#14704 = AXIS2_PLACEMENT_3D('',#14705,#14706,#14707);
#14705 = CARTESIAN_POINT('',(99.5,-87.34,1.51));
#14706 = DIRECTION('',(-0.,0.,-1.));
#14707 = DIRECTION('',(-0.,-1.,0.));
#14708 = FACE_BOUND('',#14709,.T.);
#14709 = EDGE_LOOP('',(#14710));
#14710 = ORIENTED_EDGE('',*,*,#14711,.T.);
#14711 = EDGE_CURVE('',#14712,#14712,#14714,.T.);
#14712 = VERTEX_POINT('',#14713);
#14713 = CARTESIAN_POINT('',(89.5,-85.38,1.51));
#14714 = CIRCLE('',#14715,0.5);
#14715 = AXIS2_PLACEMENT_3D('',#14716,#14717,#14718);
#14716 = CARTESIAN_POINT('',(89.5,-84.88,1.51));
#14717 = DIRECTION('',(-0.,0.,-1.));
#14718 = DIRECTION('',(-0.,-1.,0.));
#14719 = FACE_BOUND('',#14720,.T.);
#14720 = EDGE_LOOP('',(#14721));
#14721 = ORIENTED_EDGE('',*,*,#14722,.T.);
#14722 = EDGE_CURVE('',#14723,#14723,#14725,.T.);
#14723 = VERTEX_POINT('',#14724);
#14724 = CARTESIAN_POINT('',(89.5,-82.84,1.51));
#14725 = CIRCLE('',#14726,0.5);
#14726 = AXIS2_PLACEMENT_3D('',#14727,#14728,#14729);
#14727 = CARTESIAN_POINT('',(89.5,-82.34,1.51));
#14728 = DIRECTION('',(-0.,0.,-1.));
#14729 = DIRECTION('',(-0.,-1.,0.));
#14730 = FACE_BOUND('',#14731,.T.);
#14731 = EDGE_LOOP('',(#14732));
#14732 = ORIENTED_EDGE('',*,*,#14733,.T.);
#14733 = EDGE_CURVE('',#14734,#14734,#14736,.T.);
#14734 = VERTEX_POINT('',#14735);
#14735 = CARTESIAN_POINT('',(89.5,-80.3,1.51));
#14736 = CIRCLE('',#14737,0.5);
#14737 = AXIS2_PLACEMENT_3D('',#14738,#14739,#14740);
#14738 = CARTESIAN_POINT('',(89.5,-79.8,1.51));
#14739 = DIRECTION('',(-0.,0.,-1.));
#14740 = DIRECTION('',(-0.,-1.,0.));
#14741 = FACE_BOUND('',#14742,.T.);
#14742 = EDGE_LOOP('',(#14743));
#14743 = ORIENTED_EDGE('',*,*,#14744,.T.);
#14744 = EDGE_CURVE('',#14745,#14745,#14747,.T.);
#14745 = VERTEX_POINT('',#14746);
#14746 = CARTESIAN_POINT('',(89.5,-77.76,1.51));
#14747 = CIRCLE('',#14748,0.5);
#14748 = AXIS2_PLACEMENT_3D('',#14749,#14750,#14751);
#14749 = CARTESIAN_POINT('',(89.5,-77.26,1.51));
#14750 = DIRECTION('',(-0.,0.,-1.));
#14751 = DIRECTION('',(-0.,-1.,0.));
#14752 = FACE_BOUND('',#14753,.T.);
#14753 = EDGE_LOOP('',(#14754));
#14754 = ORIENTED_EDGE('',*,*,#14755,.T.);
#14755 = EDGE_CURVE('',#14756,#14756,#14758,.T.);
#14756 = VERTEX_POINT('',#14757);
#14757 = CARTESIAN_POINT('',(103.56,-78.9,1.51));
#14758 = CIRCLE('',#14759,0.4);
#14759 = AXIS2_PLACEMENT_3D('',#14760,#14761,#14762);
#14760 = CARTESIAN_POINT('',(103.56,-78.5,1.51));
#14761 = DIRECTION('',(-0.,0.,-1.));
#14762 = DIRECTION('',(-0.,-1.,0.));
#14763 = FACE_BOUND('',#14764,.T.);
#14764 = EDGE_LOOP('',(#14765));
#14765 = ORIENTED_EDGE('',*,*,#14766,.F.);
#14766 = EDGE_CURVE('',#14767,#14767,#14769,.T.);
#14767 = VERTEX_POINT('',#14768);
#14768 = CARTESIAN_POINT('',(99.939813,-77.45754,1.51));
#14769 = CIRCLE('',#14770,1.5);
#14770 = AXIS2_PLACEMENT_3D('',#14771,#14772,#14773);
#14771 = CARTESIAN_POINT('',(98.439813,-77.45754,1.51));
#14772 = DIRECTION('',(0.,0.,1.));
#14773 = DIRECTION('',(1.,0.,-0.));
#14774 = FACE_BOUND('',#14775,.T.);
#14775 = EDGE_LOOP('',(#14776));
#14776 = ORIENTED_EDGE('',*,*,#14777,.T.);
#14777 = EDGE_CURVE('',#14778,#14778,#14780,.T.);
#14778 = VERTEX_POINT('',#14779);
#14779 = CARTESIAN_POINT('',(106.1,-78.9,1.51));
#14780 = CIRCLE('',#14781,0.4);
#14781 = AXIS2_PLACEMENT_3D('',#14782,#14783,#14784);
#14782 = CARTESIAN_POINT('',(106.1,-78.5,1.51));
#14783 = DIRECTION('',(-0.,0.,-1.));
#14784 = DIRECTION('',(-0.,-1.,0.));
#14785 = FACE_BOUND('',#14786,.T.);
#14786 = EDGE_LOOP('',(#14787));
#14787 = ORIENTED_EDGE('',*,*,#14788,.T.);
#14788 = EDGE_CURVE('',#14789,#14789,#14791,.T.);
#14789 = VERTEX_POINT('',#14790);
#14790 = CARTESIAN_POINT('',(108.64,-78.9,1.51));
#14791 = CIRCLE('',#14792,0.4);
#14792 = AXIS2_PLACEMENT_3D('',#14793,#14794,#14795);
#14793 = CARTESIAN_POINT('',(108.64,-78.5,1.51));
#14794 = DIRECTION('',(-0.,0.,-1.));
#14795 = DIRECTION('',(-0.,-1.,0.));
#14796 = FACE_BOUND('',#14797,.T.);
#14797 = EDGE_LOOP('',(#14798));
#14798 = ORIENTED_EDGE('',*,*,#14799,.T.);
#14799 = EDGE_CURVE('',#14800,#14800,#14802,.T.);
#14800 = VERTEX_POINT('',#14801);
#14801 = CARTESIAN_POINT('',(111.18,-78.9,1.51));
#14802 = CIRCLE('',#14803,0.4);
#14803 = AXIS2_PLACEMENT_3D('',#14804,#14805,#14806);
#14804 = CARTESIAN_POINT('',(111.18,-78.5,1.51));
#14805 = DIRECTION('',(-0.,0.,-1.));
#14806 = DIRECTION('',(-0.,-1.,0.));
#14807 = FACE_BOUND('',#14808,.T.);
#14808 = EDGE_LOOP('',(#14809));
#14809 = ORIENTED_EDGE('',*,*,#14810,.T.);
#14810 = EDGE_CURVE('',#14811,#14811,#14813,.T.);
#14811 = VERTEX_POINT('',#14812);
#14812 = CARTESIAN_POINT('',(113.72,-78.9,1.51));
#14813 = CIRCLE('',#14814,0.4);
#14814 = AXIS2_PLACEMENT_3D('',#14815,#14816,#14817);
#14815 = CARTESIAN_POINT('',(113.72,-78.5,1.51));
#14816 = DIRECTION('',(-0.,0.,-1.));
#14817 = DIRECTION('',(-0.,-1.,0.));
#14818 = FACE_BOUND('',#14819,.T.);
#14819 = EDGE_LOOP('',(#14820));
#14820 = ORIENTED_EDGE('',*,*,#14821,.T.);
#14821 = EDGE_CURVE('',#14822,#14822,#14824,.T.);
#14822 = VERTEX_POINT('',#14823);
#14823 = CARTESIAN_POINT('',(116.26,-78.9,1.51));
#14824 = CIRCLE('',#14825,0.4);
#14825 = AXIS2_PLACEMENT_3D('',#14826,#14827,#14828);
#14826 = CARTESIAN_POINT('',(116.26,-78.5,1.51));
#14827 = DIRECTION('',(-0.,0.,-1.));
#14828 = DIRECTION('',(3.5527136788E-14,-1.,-0.));
#14829 = FACE_BOUND('',#14830,.T.);
#14830 = EDGE_LOOP('',(#14831));
#14831 = ORIENTED_EDGE('',*,*,#14832,.T.);
#14832 = EDGE_CURVE('',#14833,#14833,#14835,.T.);
#14833 = VERTEX_POINT('',#14834);
#14834 = CARTESIAN_POINT('',(118.8,-78.9,1.51));
#14835 = CIRCLE('',#14836,0.4);
#14836 = AXIS2_PLACEMENT_3D('',#14837,#14838,#14839);
#14837 = CARTESIAN_POINT('',(118.8,-78.5,1.51));
#14838 = DIRECTION('',(-0.,0.,-1.));
#14839 = DIRECTION('',(-3.552713678801E-14,-1.,0.));
#14840 = FACE_BOUND('',#14841,.T.);
#14841 = EDGE_LOOP('',(#14842));
#14842 = ORIENTED_EDGE('',*,*,#14843,.T.);
#14843 = EDGE_CURVE('',#14844,#14844,#14846,.T.);
#14844 = VERTEX_POINT('',#14845);
#14845 = CARTESIAN_POINT('',(121.34,-78.9,1.51));
#14846 = CIRCLE('',#14847,0.4);
#14847 = AXIS2_PLACEMENT_3D('',#14848,#14849,#14850);
#14848 = CARTESIAN_POINT('',(121.34,-78.5,1.51));
#14849 = DIRECTION('',(-0.,0.,-1.));
#14850 = DIRECTION('',(-0.,-1.,0.));
#14851 = FACE_BOUND('',#14852,.T.);
#14852 = EDGE_LOOP('',(#14853));
#14853 = ORIENTED_EDGE('',*,*,#14854,.T.);
#14854 = EDGE_CURVE('',#14855,#14855,#14857,.T.);
#14855 = VERTEX_POINT('',#14856);
#14856 = CARTESIAN_POINT('',(135.5,-97.66,1.51));
#14857 = CIRCLE('',#14858,0.5);
#14858 = AXIS2_PLACEMENT_3D('',#14859,#14860,#14861);
#14859 = CARTESIAN_POINT('',(135.5,-97.16,1.51));
#14860 = DIRECTION('',(-0.,0.,-1.));
#14861 = DIRECTION('',(-0.,-1.,0.));
#14862 = FACE_BOUND('',#14863,.T.);
#14863 = EDGE_LOOP('',(#14864));
#14864 = ORIENTED_EDGE('',*,*,#14865,.T.);
#14865 = EDGE_CURVE('',#14866,#14866,#14868,.T.);
#14866 = VERTEX_POINT('',#14867);
#14867 = CARTESIAN_POINT('',(135.5,-95.12,1.51));
#14868 = CIRCLE('',#14869,0.5);
#14869 = AXIS2_PLACEMENT_3D('',#14870,#14871,#14872);
#14870 = CARTESIAN_POINT('',(135.5,-94.62,1.51));
#14871 = DIRECTION('',(-0.,0.,-1.));
#14872 = DIRECTION('',(-0.,-1.,0.));
#14873 = FACE_BOUND('',#14874,.T.);
#14874 = EDGE_LOOP('',(#14875));
#14875 = ORIENTED_EDGE('',*,*,#14876,.T.);
#14876 = EDGE_CURVE('',#14877,#14877,#14879,.T.);
#14877 = VERTEX_POINT('',#14878);
#14878 = CARTESIAN_POINT('',(135.5,-92.58,1.51));
#14879 = CIRCLE('',#14880,0.5);
#14880 = AXIS2_PLACEMENT_3D('',#14881,#14882,#14883);
#14881 = CARTESIAN_POINT('',(135.5,-92.08,1.51));
#14882 = DIRECTION('',(-0.,0.,-1.));
#14883 = DIRECTION('',(-0.,-1.,0.));
#14884 = FACE_BOUND('',#14885,.T.);
#14885 = EDGE_LOOP('',(#14886));
#14886 = ORIENTED_EDGE('',*,*,#14887,.T.);
#14887 = EDGE_CURVE('',#14888,#14888,#14890,.T.);
#14888 = VERTEX_POINT('',#14889);
#14889 = CARTESIAN_POINT('',(135.5,-90.04,1.51));
#14890 = CIRCLE('',#14891,0.5);
#14891 = AXIS2_PLACEMENT_3D('',#14892,#14893,#14894);
#14892 = CARTESIAN_POINT('',(135.5,-89.54,1.51));
#14893 = DIRECTION('',(-0.,0.,-1.));
#14894 = DIRECTION('',(-0.,-1.,0.));
#14895 = FACE_BOUND('',#14896,.T.);
#14896 = EDGE_LOOP('',(#14897));
#14897 = ORIENTED_EDGE('',*,*,#14898,.T.);
#14898 = EDGE_CURVE('',#14899,#14899,#14901,.T.);
#14899 = VERTEX_POINT('',#14900);
#14900 = CARTESIAN_POINT('',(135.5,-87.5,1.51));
#14901 = CIRCLE('',#14902,0.5);
#14902 = AXIS2_PLACEMENT_3D('',#14903,#14904,#14905);
#14903 = CARTESIAN_POINT('',(135.5,-87.,1.51));
#14904 = DIRECTION('',(-0.,0.,-1.));
#14905 = DIRECTION('',(-0.,-1.,0.));
#14906 = FACE_BOUND('',#14907,.T.);
#14907 = EDGE_LOOP('',(#14908));
#14908 = ORIENTED_EDGE('',*,*,#14909,.T.);
#14909 = EDGE_CURVE('',#14910,#14910,#14912,.T.);
#14910 = VERTEX_POINT('',#14911);
#14911 = CARTESIAN_POINT('',(123.88,-78.9,1.51));
#14912 = CIRCLE('',#14913,0.4);
#14913 = AXIS2_PLACEMENT_3D('',#14914,#14915,#14916);
#14914 = CARTESIAN_POINT('',(123.88,-78.5,1.51));
#14915 = DIRECTION('',(-0.,0.,-1.));
#14916 = DIRECTION('',(-0.,-1.,0.));
#14917 = FACE_BOUND('',#14918,.T.);
#14918 = EDGE_LOOP('',(#14919));
#14919 = ORIENTED_EDGE('',*,*,#14920,.T.);
#14920 = EDGE_CURVE('',#14921,#14921,#14923,.T.);
#14921 = VERTEX_POINT('',#14922);
#14922 = CARTESIAN_POINT('',(126.42,-78.9,1.51));
#14923 = CIRCLE('',#14924,0.4);
#14924 = AXIS2_PLACEMENT_3D('',#14925,#14926,#14927);
#14925 = CARTESIAN_POINT('',(126.42,-78.5,1.51));
#14926 = DIRECTION('',(-0.,0.,-1.));
#14927 = DIRECTION('',(3.5527136788E-14,-1.,-0.));
#14928 = FACE_BOUND('',#14929,.T.);
#14929 = EDGE_LOOP('',(#14930));
#14930 = ORIENTED_EDGE('',*,*,#14931,.T.);
#14931 = EDGE_CURVE('',#14932,#14932,#14934,.T.);
#14932 = VERTEX_POINT('',#14933);
#14933 = CARTESIAN_POINT('',(128.96,-78.9,1.51));
#14934 = CIRCLE('',#14935,0.4);
#14935 = AXIS2_PLACEMENT_3D('',#14936,#14937,#14938);
#14936 = CARTESIAN_POINT('',(128.96,-78.5,1.51));
#14937 = DIRECTION('',(-0.,0.,-1.));
#14938 = DIRECTION('',(-0.,-1.,0.));
#14939 = FACE_BOUND('',#14940,.T.);
#14940 = EDGE_LOOP('',(#14941));
#14941 = ORIENTED_EDGE('',*,*,#14942,.T.);
#14942 = EDGE_CURVE('',#14943,#14943,#14945,.T.);
#14943 = VERTEX_POINT('',#14944);
#14944 = CARTESIAN_POINT('',(131.5,-78.9,1.51));
#14945 = CIRCLE('',#14946,0.4);
#14946 = AXIS2_PLACEMENT_3D('',#14947,#14948,#14949);
#14947 = CARTESIAN_POINT('',(131.5,-78.5,1.51));
#14948 = DIRECTION('',(-0.,0.,-1.));
#14949 = DIRECTION('',(-0.,-1.,0.));
#14950 = FACE_BOUND('',#14951,.T.);
#14951 = EDGE_LOOP('',(#14952));
#14952 = ORIENTED_EDGE('',*,*,#14953,.T.);
#14953 = EDGE_CURVE('',#14954,#14954,#14956,.T.);
#14954 = VERTEX_POINT('',#14955);
#14955 = CARTESIAN_POINT('',(134.04,-78.9,1.51));
#14956 = CIRCLE('',#14957,0.4);
#14957 = AXIS2_PLACEMENT_3D('',#14958,#14959,#14960);
#14958 = CARTESIAN_POINT('',(134.04,-78.5,1.51));
#14959 = DIRECTION('',(-0.,0.,-1.));
#14960 = DIRECTION('',(-0.,-1.,0.));
#14961 = FACE_BOUND('',#14962,.T.);
#14962 = EDGE_LOOP('',(#14963));
#14963 = ORIENTED_EDGE('',*,*,#14964,.T.);
#14964 = EDGE_CURVE('',#14965,#14965,#14967,.T.);
#14965 = VERTEX_POINT('',#14966);
#14966 = CARTESIAN_POINT('',(136.58,-78.9,1.51));
#14967 = CIRCLE('',#14968,0.4);
#14968 = AXIS2_PLACEMENT_3D('',#14969,#14970,#14971);
#14969 = CARTESIAN_POINT('',(136.58,-78.5,1.51));
#14970 = DIRECTION('',(-0.,0.,-1.));
#14971 = DIRECTION('',(7.105427357601E-14,-1.,-0.));
#14972 = FACE_BOUND('',#14973,.T.);
#14973 = EDGE_LOOP('',(#14974));
#14974 = ORIENTED_EDGE('',*,*,#14975,.T.);
#14975 = EDGE_CURVE('',#14976,#14976,#14978,.T.);
#14976 = VERTEX_POINT('',#14977);
#14977 = CARTESIAN_POINT('',(139.12,-78.9,1.51));
#14978 = CIRCLE('',#14979,0.4);
#14979 = AXIS2_PLACEMENT_3D('',#14980,#14981,#14982);
#14980 = CARTESIAN_POINT('',(139.12,-78.5,1.51));
#14981 = DIRECTION('',(-0.,0.,-1.));
#14982 = DIRECTION('',(-0.,-1.,0.));
#14983 = FACE_BOUND('',#14984,.T.);
#14984 = EDGE_LOOP('',(#14985));
#14985 = ORIENTED_EDGE('',*,*,#14986,.F.);
#14986 = EDGE_CURVE('',#14987,#14987,#14989,.T.);
#14987 = VERTEX_POINT('',#14988);
#14988 = CARTESIAN_POINT('',(145.939813,-77.45754,1.51));
#14989 = CIRCLE('',#14990,1.5);
#14990 = AXIS2_PLACEMENT_3D('',#14991,#14992,#14993);
#14991 = CARTESIAN_POINT('',(144.439813,-77.45754,1.51));
#14992 = DIRECTION('',(0.,0.,1.));
#14993 = DIRECTION('',(1.,0.,-0.));
#14994 = FACE_BOUND('',#14995,.T.);
#14995 = EDGE_LOOP('',(#14996));
#14996 = ORIENTED_EDGE('',*,*,#14997,.T.);
#14997 = EDGE_CURVE('',#14998,#14998,#15000,.T.);
#14998 = VERTEX_POINT('',#14999);
#14999 = CARTESIAN_POINT('',(156.5,-79.,1.51));
#15000 = CIRCLE('',#15001,0.5);
#15001 = AXIS2_PLACEMENT_3D('',#15002,#15003,#15004);
#15002 = CARTESIAN_POINT('',(156.5,-78.5,1.51));
#15003 = DIRECTION('',(-0.,0.,-1.));
#15004 = DIRECTION('',(-0.,-1.,0.));
#15005 = FACE_BOUND('',#15006,.T.);
#15006 = EDGE_LOOP('',(#15007));
#15007 = ORIENTED_EDGE('',*,*,#15008,.T.);
#15008 = EDGE_CURVE('',#15009,#15009,#15011,.T.);
#15009 = VERTEX_POINT('',#15010);
#15010 = CARTESIAN_POINT('',(156.5,-76.5,1.51));
#15011 = CIRCLE('',#15012,0.5);
#15012 = AXIS2_PLACEMENT_3D('',#15013,#15014,#15015);
#15013 = CARTESIAN_POINT('',(156.5,-76.,1.51));
#15014 = DIRECTION('',(-0.,0.,-1.));
#15015 = DIRECTION('',(-0.,-1.,0.));
#15016 = FACE_BOUND('',#15017,.T.);
#15017 = EDGE_LOOP('',(#15018));
#15018 = ORIENTED_EDGE('',*,*,#15019,.T.);
#15019 = EDGE_CURVE('',#15020,#15020,#15022,.T.);
#15020 = VERTEX_POINT('',#15021);
#15021 = CARTESIAN_POINT('',(89.5,-75.22,1.51));
#15022 = CIRCLE('',#15023,0.5);
#15023 = AXIS2_PLACEMENT_3D('',#15024,#15025,#15026);
#15024 = CARTESIAN_POINT('',(89.5,-74.72,1.51));
#15025 = DIRECTION('',(-0.,0.,-1.));
#15026 = DIRECTION('',(-0.,-1.,0.));
#15027 = FACE_BOUND('',#15028,.T.);
#15028 = EDGE_LOOP('',(#15029));
#15029 = ORIENTED_EDGE('',*,*,#15030,.F.);
#15030 = EDGE_CURVE('',#15031,#15031,#15033,.T.);
#15031 = VERTEX_POINT('',#15032);
#15032 = CARTESIAN_POINT('',(99.939813,-54.45754,1.51));
#15033 = CIRCLE('',#15034,1.5);
#15034 = AXIS2_PLACEMENT_3D('',#15035,#15036,#15037);
#15035 = CARTESIAN_POINT('',(98.439813,-54.45754,1.51));
#15036 = DIRECTION('',(0.,0.,1.));
#15037 = DIRECTION('',(1.,0.,-0.));
#15038 = FACE_BOUND('',#15039,.T.);
#15039 = EDGE_LOOP('',(#15040));
#15040 = ORIENTED_EDGE('',*,*,#15041,.T.);
#15041 = EDGE_CURVE('',#15042,#15042,#15044,.T.);
#15042 = VERTEX_POINT('',#15043);
#15043 = CARTESIAN_POINT('',(103.56,-53.5,1.51));
#15044 = CIRCLE('',#15045,0.4);
#15045 = AXIS2_PLACEMENT_3D('',#15046,#15047,#15048);
#15046 = CARTESIAN_POINT('',(103.56,-53.1,1.51));
#15047 = DIRECTION('',(-0.,0.,-1.));
#15048 = DIRECTION('',(-0.,-1.,0.));
#15049 = FACE_BOUND('',#15050,.T.);
#15050 = EDGE_LOOP('',(#15051));
#15051 = ORIENTED_EDGE('',*,*,#15052,.T.);
#15052 = EDGE_CURVE('',#15053,#15053,#15055,.T.);
#15053 = VERTEX_POINT('',#15054);
#15054 = CARTESIAN_POINT('',(106.1,-53.5,1.51));
#15055 = CIRCLE('',#15056,0.4);
#15056 = AXIS2_PLACEMENT_3D('',#15057,#15058,#15059);
#15057 = CARTESIAN_POINT('',(106.1,-53.1,1.51));
#15058 = DIRECTION('',(-0.,0.,-1.));
#15059 = DIRECTION('',(-0.,-1.,0.));
#15060 = FACE_BOUND('',#15061,.T.);
#15061 = EDGE_LOOP('',(#15062));
#15062 = ORIENTED_EDGE('',*,*,#15063,.T.);
#15063 = EDGE_CURVE('',#15064,#15064,#15066,.T.);
#15064 = VERTEX_POINT('',#15065);
#15065 = CARTESIAN_POINT('',(108.64,-53.5,1.51));
#15066 = CIRCLE('',#15067,0.4);
#15067 = AXIS2_PLACEMENT_3D('',#15068,#15069,#15070);
#15068 = CARTESIAN_POINT('',(108.64,-53.1,1.51));
#15069 = DIRECTION('',(-0.,0.,-1.));
#15070 = DIRECTION('',(-0.,-1.,0.));
#15071 = FACE_BOUND('',#15072,.T.);
#15072 = EDGE_LOOP('',(#15073));
#15073 = ORIENTED_EDGE('',*,*,#15074,.T.);
#15074 = EDGE_CURVE('',#15075,#15075,#15077,.T.);
#15075 = VERTEX_POINT('',#15076);
#15076 = CARTESIAN_POINT('',(111.18,-53.5,1.51));
#15077 = CIRCLE('',#15078,0.4);
#15078 = AXIS2_PLACEMENT_3D('',#15079,#15080,#15081);
#15079 = CARTESIAN_POINT('',(111.18,-53.1,1.51));
#15080 = DIRECTION('',(-0.,0.,-1.));
#15081 = DIRECTION('',(-0.,-1.,0.));
#15082 = FACE_BOUND('',#15083,.T.);
#15083 = EDGE_LOOP('',(#15084));
#15084 = ORIENTED_EDGE('',*,*,#15085,.T.);
#15085 = EDGE_CURVE('',#15086,#15086,#15088,.T.);
#15086 = VERTEX_POINT('',#15087);
#15087 = CARTESIAN_POINT('',(113.72,-53.5,1.51));
#15088 = CIRCLE('',#15089,0.4);
#15089 = AXIS2_PLACEMENT_3D('',#15090,#15091,#15092);
#15090 = CARTESIAN_POINT('',(113.72,-53.1,1.51));
#15091 = DIRECTION('',(-0.,0.,-1.));
#15092 = DIRECTION('',(-0.,-1.,0.));
#15093 = FACE_BOUND('',#15094,.T.);
#15094 = EDGE_LOOP('',(#15095));
#15095 = ORIENTED_EDGE('',*,*,#15096,.T.);
#15096 = EDGE_CURVE('',#15097,#15097,#15099,.T.);
#15097 = VERTEX_POINT('',#15098);
#15098 = CARTESIAN_POINT('',(116.26,-53.5,1.51));
#15099 = CIRCLE('',#15100,0.4);
#15100 = AXIS2_PLACEMENT_3D('',#15101,#15102,#15103);
#15101 = CARTESIAN_POINT('',(116.26,-53.1,1.51));
#15102 = DIRECTION('',(-0.,0.,-1.));
#15103 = DIRECTION('',(3.5527136788E-14,-1.,-0.));
#15104 = FACE_BOUND('',#15105,.T.);
#15105 = EDGE_LOOP('',(#15106));
#15106 = ORIENTED_EDGE('',*,*,#15107,.T.);
#15107 = EDGE_CURVE('',#15108,#15108,#15110,.T.);
#15108 = VERTEX_POINT('',#15109);
#15109 = CARTESIAN_POINT('',(118.8,-53.5,1.51));
#15110 = CIRCLE('',#15111,0.4);
#15111 = AXIS2_PLACEMENT_3D('',#15112,#15113,#15114);
#15112 = CARTESIAN_POINT('',(118.8,-53.1,1.51));
#15113 = DIRECTION('',(-0.,0.,-1.));
#15114 = DIRECTION('',(-3.552713678801E-14,-1.,0.));
#15115 = FACE_BOUND('',#15116,.T.);
#15116 = EDGE_LOOP('',(#15117));
#15117 = ORIENTED_EDGE('',*,*,#15118,.T.);
#15118 = EDGE_CURVE('',#15119,#15119,#15121,.T.);
#15119 = VERTEX_POINT('',#15120);
#15120 = CARTESIAN_POINT('',(121.34,-53.5,1.51));
#15121 = CIRCLE('',#15122,0.4);
#15122 = AXIS2_PLACEMENT_3D('',#15123,#15124,#15125);
#15123 = CARTESIAN_POINT('',(121.34,-53.1,1.51));
#15124 = DIRECTION('',(-0.,0.,-1.));
#15125 = DIRECTION('',(-0.,-1.,0.));
#15126 = FACE_BOUND('',#15127,.T.);
#15127 = EDGE_LOOP('',(#15128));
#15128 = ORIENTED_EDGE('',*,*,#15129,.T.);
#15129 = EDGE_CURVE('',#15130,#15130,#15132,.T.);
#15130 = VERTEX_POINT('',#15131);
#15131 = CARTESIAN_POINT('',(123.88,-53.5,1.51));
#15132 = CIRCLE('',#15133,0.4);
#15133 = AXIS2_PLACEMENT_3D('',#15134,#15135,#15136);
#15134 = CARTESIAN_POINT('',(123.88,-53.1,1.51));
#15135 = DIRECTION('',(-0.,0.,-1.));
#15136 = DIRECTION('',(-0.,-1.,0.));
#15137 = FACE_BOUND('',#15138,.T.);
#15138 = EDGE_LOOP('',(#15139));
#15139 = ORIENTED_EDGE('',*,*,#15140,.T.);
#15140 = EDGE_CURVE('',#15141,#15141,#15143,.T.);
#15141 = VERTEX_POINT('',#15142);
#15142 = CARTESIAN_POINT('',(126.42,-53.5,1.51));
#15143 = CIRCLE('',#15144,0.4);
#15144 = AXIS2_PLACEMENT_3D('',#15145,#15146,#15147);
#15145 = CARTESIAN_POINT('',(126.42,-53.1,1.51));
#15146 = DIRECTION('',(-0.,0.,-1.));
#15147 = DIRECTION('',(3.5527136788E-14,-1.,-0.));
#15148 = FACE_BOUND('',#15149,.T.);
#15149 = EDGE_LOOP('',(#15150));
#15150 = ORIENTED_EDGE('',*,*,#15151,.T.);
#15151 = EDGE_CURVE('',#15152,#15152,#15154,.T.);
#15152 = VERTEX_POINT('',#15153);
#15153 = CARTESIAN_POINT('',(128.96,-53.5,1.51));
#15154 = CIRCLE('',#15155,0.4);
#15155 = AXIS2_PLACEMENT_3D('',#15156,#15157,#15158);
#15156 = CARTESIAN_POINT('',(128.96,-53.1,1.51));
#15157 = DIRECTION('',(-0.,0.,-1.));
#15158 = DIRECTION('',(-0.,-1.,0.));
#15159 = FACE_BOUND('',#15160,.T.);
#15160 = EDGE_LOOP('',(#15161));
#15161 = ORIENTED_EDGE('',*,*,#15162,.T.);
#15162 = EDGE_CURVE('',#15163,#15163,#15165,.T.);
#15163 = VERTEX_POINT('',#15164);
#15164 = CARTESIAN_POINT('',(131.5,-53.5,1.51));
#15165 = CIRCLE('',#15166,0.4);
#15166 = AXIS2_PLACEMENT_3D('',#15167,#15168,#15169);
#15167 = CARTESIAN_POINT('',(131.5,-53.1,1.51));
#15168 = DIRECTION('',(-0.,0.,-1.));
#15169 = DIRECTION('',(-0.,-1.,0.));
#15170 = FACE_BOUND('',#15171,.T.);
#15171 = EDGE_LOOP('',(#15172));
#15172 = ORIENTED_EDGE('',*,*,#15173,.T.);
#15173 = EDGE_CURVE('',#15174,#15174,#15176,.T.);
#15174 = VERTEX_POINT('',#15175);
#15175 = CARTESIAN_POINT('',(134.04,-53.5,1.51));
#15176 = CIRCLE('',#15177,0.4);
#15177 = AXIS2_PLACEMENT_3D('',#15178,#15179,#15180);
#15178 = CARTESIAN_POINT('',(134.04,-53.1,1.51));
#15179 = DIRECTION('',(-0.,0.,-1.));
#15180 = DIRECTION('',(-0.,-1.,0.));
#15181 = FACE_BOUND('',#15182,.T.);
#15182 = EDGE_LOOP('',(#15183));
#15183 = ORIENTED_EDGE('',*,*,#15184,.T.);
#15184 = EDGE_CURVE('',#15185,#15185,#15187,.T.);
#15185 = VERTEX_POINT('',#15186);
#15186 = CARTESIAN_POINT('',(136.58,-53.5,1.51));
#15187 = CIRCLE('',#15188,0.4);
#15188 = AXIS2_PLACEMENT_3D('',#15189,#15190,#15191);
#15189 = CARTESIAN_POINT('',(136.58,-53.1,1.51));
#15190 = DIRECTION('',(-0.,0.,-1.));
#15191 = DIRECTION('',(7.105427357601E-14,-1.,-0.));
#15192 = FACE_BOUND('',#15193,.T.);
#15193 = EDGE_LOOP('',(#15194));
#15194 = ORIENTED_EDGE('',*,*,#15195,.T.);
#15195 = EDGE_CURVE('',#15196,#15196,#15198,.T.);
#15196 = VERTEX_POINT('',#15197);
#15197 = CARTESIAN_POINT('',(139.12,-53.5,1.51));
#15198 = CIRCLE('',#15199,0.4);
#15199 = AXIS2_PLACEMENT_3D('',#15200,#15201,#15202);
#15200 = CARTESIAN_POINT('',(139.12,-53.1,1.51));
#15201 = DIRECTION('',(-0.,0.,-1.));
#15202 = DIRECTION('',(-0.,-1.,0.));
#15203 = FACE_BOUND('',#15204,.T.);
#15204 = EDGE_LOOP('',(#15205));
#15205 = ORIENTED_EDGE('',*,*,#15206,.T.);
#15206 = EDGE_CURVE('',#15207,#15207,#15209,.T.);
#15207 = VERTEX_POINT('',#15208);
#15208 = CARTESIAN_POINT('',(156.4675,-59.25,1.51));
#15209 = CIRCLE('',#15210,0.5);
#15210 = AXIS2_PLACEMENT_3D('',#15211,#15212,#15213);
#15211 = CARTESIAN_POINT('',(156.4675,-58.75,1.51));
#15212 = DIRECTION('',(-0.,0.,-1.));
#15213 = DIRECTION('',(-0.,-1.,0.));
#15214 = FACE_BOUND('',#15215,.T.);
#15215 = EDGE_LOOP('',(#15216));
#15216 = ORIENTED_EDGE('',*,*,#15217,.F.);
#15217 = EDGE_CURVE('',#15218,#15218,#15220,.T.);
#15218 = VERTEX_POINT('',#15219);
#15219 = CARTESIAN_POINT('',(145.939813,-54.45754,1.51));
#15220 = CIRCLE('',#15221,1.5);
#15221 = AXIS2_PLACEMENT_3D('',#15222,#15223,#15224);
#15222 = CARTESIAN_POINT('',(144.439813,-54.45754,1.51));
#15223 = DIRECTION('',(0.,0.,1.));
#15224 = DIRECTION('',(1.,0.,-0.));
#15225 = FACE_BOUND('',#15226,.T.);
#15226 = EDGE_LOOP('',(#15227));
#15227 = ORIENTED_EDGE('',*,*,#15228,.T.);
#15228 = EDGE_CURVE('',#15229,#15229,#15231,.T.);
#15229 = VERTEX_POINT('',#15230);
#15230 = CARTESIAN_POINT('',(156.4675,-56.75,1.51));
#15231 = CIRCLE('',#15232,0.5);
#15232 = AXIS2_PLACEMENT_3D('',#15233,#15234,#15235);
#15233 = CARTESIAN_POINT('',(156.4675,-56.25,1.51));
#15234 = DIRECTION('',(-0.,0.,-1.));
#15235 = DIRECTION('',(-0.,-1.,0.));
#15236 = PLANE('',#15237);
#15237 = AXIS2_PLACEMENT_3D('',#15238,#15239,#15240);
#15238 = CARTESIAN_POINT('',(0.,0.,1.51));
#15239 = DIRECTION('',(0.,0.,1.));
#15240 = DIRECTION('',(1.,0.,-0.));
#15241 = ADVANCED_FACE('',(#15242),#15248,.T.);
#15242 = FACE_BOUND('',#15243,.T.);
#15243 = EDGE_LOOP('',(#15244,#15245,#15246,#15247));
#15244 = ORIENTED_EDGE('',*,*,#13957,.T.);
#15245 = ORIENTED_EDGE('',*,*,#14614,.T.);
#15246 = ORIENTED_EDGE('',*,*,#13917,.F.);
#15247 = ORIENTED_EDGE('',*,*,#13981,.F.);
#15248 = PLANE('',#15249);
#15249 = AXIS2_PLACEMENT_3D('',#15250,#15251,#15252);
#15250 = CARTESIAN_POINT('',(84.5,-48.5,0.));
#15251 = DIRECTION('',(0.,1.,0.));
#15252 = DIRECTION('',(1.,0.,0.));
#15253 = ADVANCED_FACE('',(#15254),#15265,.F.);
#15254 = FACE_BOUND('',#15255,.T.);
#15255 = EDGE_LOOP('',(#15256,#15257,#15263,#15264));
#15256 = ORIENTED_EDGE('',*,*,#13990,.T.);
#15257 = ORIENTED_EDGE('',*,*,#15258,.T.);
#15258 = EDGE_CURVE('',#13991,#14624,#15259,.T.);
#15259 = LINE('',#15260,#15261);
#15260 = CARTESIAN_POINT('',(89.5,-93.,-4.6E-02));
#15261 = VECTOR('',#15262,1.);
#15262 = DIRECTION('',(0.,0.,1.));
#15263 = ORIENTED_EDGE('',*,*,#14623,.F.);
#15264 = ORIENTED_EDGE('',*,*,#15258,.F.);
#15265 = CYLINDRICAL_SURFACE('',#15266,0.5);
#15266 = AXIS2_PLACEMENT_3D('',#15267,#15268,#15269);
#15267 = CARTESIAN_POINT('',(89.5,-92.5,-4.6E-02));
#15268 = DIRECTION('',(-0.,-0.,-1.));
#15269 = DIRECTION('',(-0.,-1.,0.));
#15270 = ADVANCED_FACE('',(#15271),#15282,.F.);
#15271 = FACE_BOUND('',#15272,.T.);
#15272 = EDGE_LOOP('',(#15273,#15274,#15280,#15281));
#15273 = ORIENTED_EDGE('',*,*,#14001,.T.);
#15274 = ORIENTED_EDGE('',*,*,#15275,.T.);
#15275 = EDGE_CURVE('',#14002,#14635,#15276,.T.);
#15276 = LINE('',#15277,#15278);
#15277 = CARTESIAN_POINT('',(99.5,-98.,-4.6E-02));
#15278 = VECTOR('',#15279,1.);
#15279 = DIRECTION('',(0.,0.,1.));
#15280 = ORIENTED_EDGE('',*,*,#14634,.F.);
#15281 = ORIENTED_EDGE('',*,*,#15275,.F.);
#15282 = CYLINDRICAL_SURFACE('',#15283,0.5);
#15283 = AXIS2_PLACEMENT_3D('',#15284,#15285,#15286);
#15284 = CARTESIAN_POINT('',(99.5,-97.5,-4.6E-02));
#15285 = DIRECTION('',(-0.,-0.,-1.));
#15286 = DIRECTION('',(-0.,-1.,0.));
#15287 = ADVANCED_FACE('',(#15288),#15299,.F.);
#15288 = FACE_BOUND('',#15289,.T.);
#15289 = EDGE_LOOP('',(#15290,#15291,#15297,#15298));
#15290 = ORIENTED_EDGE('',*,*,#14012,.T.);
#15291 = ORIENTED_EDGE('',*,*,#15292,.T.);
#15292 = EDGE_CURVE('',#14013,#14646,#15293,.T.);
#15293 = LINE('',#15294,#15295);
#15294 = CARTESIAN_POINT('',(99.5,-95.46,-4.6E-02));
#15295 = VECTOR('',#15296,1.);
#15296 = DIRECTION('',(0.,0.,1.));
#15297 = ORIENTED_EDGE('',*,*,#14645,.F.);
#15298 = ORIENTED_EDGE('',*,*,#15292,.F.);
#15299 = CYLINDRICAL_SURFACE('',#15300,0.5);
#15300 = AXIS2_PLACEMENT_3D('',#15301,#15302,#15303);
#15301 = CARTESIAN_POINT('',(99.5,-94.96,-4.6E-02));
#15302 = DIRECTION('',(-0.,-0.,-1.));
#15303 = DIRECTION('',(-0.,-1.,0.));
#15304 = ADVANCED_FACE('',(#15305),#15316,.F.);
#15305 = FACE_BOUND('',#15306,.T.);
#15306 = EDGE_LOOP('',(#15307,#15308,#15314,#15315));
#15307 = ORIENTED_EDGE('',*,*,#14023,.T.);
#15308 = ORIENTED_EDGE('',*,*,#15309,.T.);
#15309 = EDGE_CURVE('',#14024,#14657,#15310,.T.);
#15310 = LINE('',#15311,#15312);
#15311 = CARTESIAN_POINT('',(99.5,-92.92,-4.6E-02));
#15312 = VECTOR('',#15313,1.);
#15313 = DIRECTION('',(0.,0.,1.));
#15314 = ORIENTED_EDGE('',*,*,#14656,.F.);
#15315 = ORIENTED_EDGE('',*,*,#15309,.F.);
#15316 = CYLINDRICAL_SURFACE('',#15317,0.5);
#15317 = AXIS2_PLACEMENT_3D('',#15318,#15319,#15320);
#15318 = CARTESIAN_POINT('',(99.5,-92.42,-4.6E-02));
#15319 = DIRECTION('',(-0.,-0.,-1.));
#15320 = DIRECTION('',(-0.,-1.,0.));
#15321 = ADVANCED_FACE('',(#15322),#15333,.F.);
#15322 = FACE_BOUND('',#15323,.T.);
#15323 = EDGE_LOOP('',(#15324,#15325,#15331,#15332));
#15324 = ORIENTED_EDGE('',*,*,#14034,.T.);
#15325 = ORIENTED_EDGE('',*,*,#15326,.T.);
#15326 = EDGE_CURVE('',#14035,#14668,#15327,.T.);
#15327 = LINE('',#15328,#15329);
#15328 = CARTESIAN_POINT('',(89.5,-90.46,-4.6E-02));
#15329 = VECTOR('',#15330,1.);
#15330 = DIRECTION('',(0.,0.,1.));
#15331 = ORIENTED_EDGE('',*,*,#14667,.F.);
#15332 = ORIENTED_EDGE('',*,*,#15326,.F.);
#15333 = CYLINDRICAL_SURFACE('',#15334,0.5);
#15334 = AXIS2_PLACEMENT_3D('',#15335,#15336,#15337);
#15335 = CARTESIAN_POINT('',(89.5,-89.96,-4.6E-02));
#15336 = DIRECTION('',(-0.,-0.,-1.));
#15337 = DIRECTION('',(-0.,-1.,0.));
#15338 = ADVANCED_FACE('',(#15339),#15350,.F.);
#15339 = FACE_BOUND('',#15340,.T.);
#15340 = EDGE_LOOP('',(#15341,#15342,#15348,#15349));
#15341 = ORIENTED_EDGE('',*,*,#14045,.T.);
#15342 = ORIENTED_EDGE('',*,*,#15343,.T.);
#15343 = EDGE_CURVE('',#14046,#14679,#15344,.T.);
#15344 = LINE('',#15345,#15346);
#15345 = CARTESIAN_POINT('',(89.5,-87.92,-4.6E-02));
#15346 = VECTOR('',#15347,1.);
#15347 = DIRECTION('',(0.,0.,1.));
#15348 = ORIENTED_EDGE('',*,*,#14678,.F.);
#15349 = ORIENTED_EDGE('',*,*,#15343,.F.);
#15350 = CYLINDRICAL_SURFACE('',#15351,0.5);
#15351 = AXIS2_PLACEMENT_3D('',#15352,#15353,#15354);
#15352 = CARTESIAN_POINT('',(89.5,-87.42,-4.6E-02));
#15353 = DIRECTION('',(-0.,-0.,-1.));
#15354 = DIRECTION('',(-0.,-1.,0.));
#15355 = ADVANCED_FACE('',(#15356),#15367,.F.);
#15356 = FACE_BOUND('',#15357,.T.);
#15357 = EDGE_LOOP('',(#15358,#15359,#15365,#15366));
#15358 = ORIENTED_EDGE('',*,*,#14056,.T.);
#15359 = ORIENTED_EDGE('',*,*,#15360,.T.);
#15360 = EDGE_CURVE('',#14057,#14690,#15361,.T.);
#15361 = LINE('',#15362,#15363);
#15362 = CARTESIAN_POINT('',(99.5,-90.38,-4.6E-02));
#15363 = VECTOR('',#15364,1.);
#15364 = DIRECTION('',(0.,0.,1.));
#15365 = ORIENTED_EDGE('',*,*,#14689,.F.);
#15366 = ORIENTED_EDGE('',*,*,#15360,.F.);
#15367 = CYLINDRICAL_SURFACE('',#15368,0.5);
#15368 = AXIS2_PLACEMENT_3D('',#15369,#15370,#15371);
#15369 = CARTESIAN_POINT('',(99.5,-89.88,-4.6E-02));
#15370 = DIRECTION('',(-0.,-0.,-1.));
#15371 = DIRECTION('',(-0.,-1.,0.));
#15372 = ADVANCED_FACE('',(#15373),#15384,.F.);
#15373 = FACE_BOUND('',#15374,.T.);
#15374 = EDGE_LOOP('',(#15375,#15376,#15382,#15383));
#15375 = ORIENTED_EDGE('',*,*,#14067,.T.);
#15376 = ORIENTED_EDGE('',*,*,#15377,.T.);
#15377 = EDGE_CURVE('',#14068,#14701,#15378,.T.);
#15378 = LINE('',#15379,#15380);
#15379 = CARTESIAN_POINT('',(99.5,-87.84,-4.6E-02));
#15380 = VECTOR('',#15381,1.);
#15381 = DIRECTION('',(0.,0.,1.));
#15382 = ORIENTED_EDGE('',*,*,#14700,.F.);
#15383 = ORIENTED_EDGE('',*,*,#15377,.F.);
#15384 = CYLINDRICAL_SURFACE('',#15385,0.5);
#15385 = AXIS2_PLACEMENT_3D('',#15386,#15387,#15388);
#15386 = CARTESIAN_POINT('',(99.5,-87.34,-4.6E-02));
#15387 = DIRECTION('',(-0.,-0.,-1.));
#15388 = DIRECTION('',(-0.,-1.,0.));
#15389 = ADVANCED_FACE('',(#15390),#15401,.F.);
#15390 = FACE_BOUND('',#15391,.T.);
#15391 = EDGE_LOOP('',(#15392,#15393,#15399,#15400));
#15392 = ORIENTED_EDGE('',*,*,#14078,.T.);
#15393 = ORIENTED_EDGE('',*,*,#15394,.T.);
#15394 = EDGE_CURVE('',#14079,#14712,#15395,.T.);
#15395 = LINE('',#15396,#15397);
#15396 = CARTESIAN_POINT('',(89.5,-85.38,-4.6E-02));
#15397 = VECTOR('',#15398,1.);
#15398 = DIRECTION('',(0.,0.,1.));
#15399 = ORIENTED_EDGE('',*,*,#14711,.F.);
#15400 = ORIENTED_EDGE('',*,*,#15394,.F.);
#15401 = CYLINDRICAL_SURFACE('',#15402,0.5);
#15402 = AXIS2_PLACEMENT_3D('',#15403,#15404,#15405);
#15403 = CARTESIAN_POINT('',(89.5,-84.88,-4.6E-02));
#15404 = DIRECTION('',(-0.,-0.,-1.));
#15405 = DIRECTION('',(-0.,-1.,0.));
#15406 = ADVANCED_FACE('',(#15407),#15418,.F.);
#15407 = FACE_BOUND('',#15408,.T.);
#15408 = EDGE_LOOP('',(#15409,#15410,#15416,#15417));
#15409 = ORIENTED_EDGE('',*,*,#14089,.T.);
#15410 = ORIENTED_EDGE('',*,*,#15411,.T.);
#15411 = EDGE_CURVE('',#14090,#14723,#15412,.T.);
#15412 = LINE('',#15413,#15414);
#15413 = CARTESIAN_POINT('',(89.5,-82.84,-4.6E-02));
#15414 = VECTOR('',#15415,1.);
#15415 = DIRECTION('',(0.,0.,1.));
#15416 = ORIENTED_EDGE('',*,*,#14722,.F.);
#15417 = ORIENTED_EDGE('',*,*,#15411,.F.);
#15418 = CYLINDRICAL_SURFACE('',#15419,0.5);
#15419 = AXIS2_PLACEMENT_3D('',#15420,#15421,#15422);
#15420 = CARTESIAN_POINT('',(89.5,-82.34,-4.6E-02));
#15421 = DIRECTION('',(-0.,-0.,-1.));
#15422 = DIRECTION('',(-0.,-1.,0.));
#15423 = ADVANCED_FACE('',(#15424),#15435,.F.);
#15424 = FACE_BOUND('',#15425,.T.);
#15425 = EDGE_LOOP('',(#15426,#15427,#15433,#15434));
#15426 = ORIENTED_EDGE('',*,*,#14100,.T.);
#15427 = ORIENTED_EDGE('',*,*,#15428,.T.);
#15428 = EDGE_CURVE('',#14101,#14734,#15429,.T.);
#15429 = LINE('',#15430,#15431);
#15430 = CARTESIAN_POINT('',(89.5,-80.3,-4.6E-02));
#15431 = VECTOR('',#15432,1.);
#15432 = DIRECTION('',(0.,0.,1.));
#15433 = ORIENTED_EDGE('',*,*,#14733,.F.);
#15434 = ORIENTED_EDGE('',*,*,#15428,.F.);
#15435 = CYLINDRICAL_SURFACE('',#15436,0.5);
#15436 = AXIS2_PLACEMENT_3D('',#15437,#15438,#15439);
#15437 = CARTESIAN_POINT('',(89.5,-79.8,-4.6E-02));
#15438 = DIRECTION('',(-0.,-0.,-1.));
#15439 = DIRECTION('',(-0.,-1.,0.));
#15440 = ADVANCED_FACE('',(#15441),#15452,.F.);
#15441 = FACE_BOUND('',#15442,.T.);
#15442 = EDGE_LOOP('',(#15443,#15444,#15450,#15451));
#15443 = ORIENTED_EDGE('',*,*,#14111,.T.);
#15444 = ORIENTED_EDGE('',*,*,#15445,.T.);
#15445 = EDGE_CURVE('',#14112,#14745,#15446,.T.);
#15446 = LINE('',#15447,#15448);
#15447 = CARTESIAN_POINT('',(89.5,-77.76,-4.6E-02));
#15448 = VECTOR('',#15449,1.);
#15449 = DIRECTION('',(0.,0.,1.));
#15450 = ORIENTED_EDGE('',*,*,#14744,.F.);
#15451 = ORIENTED_EDGE('',*,*,#15445,.F.);
#15452 = CYLINDRICAL_SURFACE('',#15453,0.5);
#15453 = AXIS2_PLACEMENT_3D('',#15454,#15455,#15456);
#15454 = CARTESIAN_POINT('',(89.5,-77.26,-4.6E-02));
#15455 = DIRECTION('',(-0.,-0.,-1.));
#15456 = DIRECTION('',(-0.,-1.,0.));
#15457 = ADVANCED_FACE('',(#15458),#15469,.F.);
#15458 = FACE_BOUND('',#15459,.T.);
#15459 = EDGE_LOOP('',(#15460,#15461,#15467,#15468));
#15460 = ORIENTED_EDGE('',*,*,#14122,.T.);
#15461 = ORIENTED_EDGE('',*,*,#15462,.T.);
#15462 = EDGE_CURVE('',#14123,#14756,#15463,.T.);
#15463 = LINE('',#15464,#15465);
#15464 = CARTESIAN_POINT('',(103.56,-78.9,-4.6E-02));
#15465 = VECTOR('',#15466,1.);
#15466 = DIRECTION('',(0.,0.,1.));
#15467 = ORIENTED_EDGE('',*,*,#14755,.F.);
#15468 = ORIENTED_EDGE('',*,*,#15462,.F.);
#15469 = CYLINDRICAL_SURFACE('',#15470,0.4);
#15470 = AXIS2_PLACEMENT_3D('',#15471,#15472,#15473);
#15471 = CARTESIAN_POINT('',(103.56,-78.5,-4.6E-02));
#15472 = DIRECTION('',(-0.,-0.,-1.));
#15473 = DIRECTION('',(-0.,-1.,0.));
#15474 = ADVANCED_FACE('',(#15475),#15486,.F.);
#15475 = FACE_BOUND('',#15476,.T.);
#15476 = EDGE_LOOP('',(#15477,#15483,#15484,#15485));
#15477 = ORIENTED_EDGE('',*,*,#15478,.T.);
#15478 = EDGE_CURVE('',#14134,#14767,#15479,.T.);
#15479 = LINE('',#15480,#15481);
#15480 = CARTESIAN_POINT('',(99.939813,-77.45754,0.));
#15481 = VECTOR('',#15482,1.);
#15482 = DIRECTION('',(0.,0.,1.));
#15483 = ORIENTED_EDGE('',*,*,#14766,.T.);
#15484 = ORIENTED_EDGE('',*,*,#15478,.F.);
#15485 = ORIENTED_EDGE('',*,*,#14133,.F.);
#15486 = CYLINDRICAL_SURFACE('',#15487,1.5);
#15487 = AXIS2_PLACEMENT_3D('',#15488,#15489,#15490);
#15488 = CARTESIAN_POINT('',(98.439813,-77.45754,0.));
#15489 = DIRECTION('',(-0.,-0.,-1.));
#15490 = DIRECTION('',(1.,0.,-0.));
#15491 = ADVANCED_FACE('',(#15492),#15503,.F.);
#15492 = FACE_BOUND('',#15493,.T.);
#15493 = EDGE_LOOP('',(#15494,#15495,#15501,#15502));
#15494 = ORIENTED_EDGE('',*,*,#14144,.T.);
#15495 = ORIENTED_EDGE('',*,*,#15496,.T.);
#15496 = EDGE_CURVE('',#14145,#14778,#15497,.T.);
#15497 = LINE('',#15498,#15499);
#15498 = CARTESIAN_POINT('',(106.1,-78.9,-4.6E-02));
#15499 = VECTOR('',#15500,1.);
#15500 = DIRECTION('',(0.,0.,1.));
#15501 = ORIENTED_EDGE('',*,*,#14777,.F.);
#15502 = ORIENTED_EDGE('',*,*,#15496,.F.);
#15503 = CYLINDRICAL_SURFACE('',#15504,0.4);
#15504 = AXIS2_PLACEMENT_3D('',#15505,#15506,#15507);
#15505 = CARTESIAN_POINT('',(106.1,-78.5,-4.6E-02));
#15506 = DIRECTION('',(-0.,-0.,-1.));
#15507 = DIRECTION('',(-0.,-1.,0.));
#15508 = ADVANCED_FACE('',(#15509),#15520,.F.);
#15509 = FACE_BOUND('',#15510,.T.);
#15510 = EDGE_LOOP('',(#15511,#15512,#15518,#15519));
#15511 = ORIENTED_EDGE('',*,*,#14155,.T.);
#15512 = ORIENTED_EDGE('',*,*,#15513,.T.);
#15513 = EDGE_CURVE('',#14156,#14789,#15514,.T.);
#15514 = LINE('',#15515,#15516);
#15515 = CARTESIAN_POINT('',(108.64,-78.9,-4.6E-02));
#15516 = VECTOR('',#15517,1.);
#15517 = DIRECTION('',(0.,0.,1.));
#15518 = ORIENTED_EDGE('',*,*,#14788,.F.);
#15519 = ORIENTED_EDGE('',*,*,#15513,.F.);
#15520 = CYLINDRICAL_SURFACE('',#15521,0.4);
#15521 = AXIS2_PLACEMENT_3D('',#15522,#15523,#15524);
#15522 = CARTESIAN_POINT('',(108.64,-78.5,-4.6E-02));
#15523 = DIRECTION('',(-0.,-0.,-1.));
#15524 = DIRECTION('',(-0.,-1.,0.));
#15525 = ADVANCED_FACE('',(#15526),#15537,.F.);
#15526 = FACE_BOUND('',#15527,.T.);
#15527 = EDGE_LOOP('',(#15528,#15529,#15535,#15536));
#15528 = ORIENTED_EDGE('',*,*,#14166,.T.);
#15529 = ORIENTED_EDGE('',*,*,#15530,.T.);
#15530 = EDGE_CURVE('',#14167,#14800,#15531,.T.);
#15531 = LINE('',#15532,#15533);
#15532 = CARTESIAN_POINT('',(111.18,-78.9,-4.6E-02));
#15533 = VECTOR('',#15534,1.);
#15534 = DIRECTION('',(0.,0.,1.));
#15535 = ORIENTED_EDGE('',*,*,#14799,.F.);
#15536 = ORIENTED_EDGE('',*,*,#15530,.F.);
#15537 = CYLINDRICAL_SURFACE('',#15538,0.4);
#15538 = AXIS2_PLACEMENT_3D('',#15539,#15540,#15541);
#15539 = CARTESIAN_POINT('',(111.18,-78.5,-4.6E-02));
#15540 = DIRECTION('',(-0.,-0.,-1.));
#15541 = DIRECTION('',(-0.,-1.,0.));
#15542 = ADVANCED_FACE('',(#15543),#15554,.F.);
#15543 = FACE_BOUND('',#15544,.T.);
#15544 = EDGE_LOOP('',(#15545,#15546,#15552,#15553));
#15545 = ORIENTED_EDGE('',*,*,#14177,.T.);
#15546 = ORIENTED_EDGE('',*,*,#15547,.T.);
#15547 = EDGE_CURVE('',#14178,#14811,#15548,.T.);
#15548 = LINE('',#15549,#15550);
#15549 = CARTESIAN_POINT('',(113.72,-78.9,-4.6E-02));
#15550 = VECTOR('',#15551,1.);
#15551 = DIRECTION('',(0.,0.,1.));
#15552 = ORIENTED_EDGE('',*,*,#14810,.F.);
#15553 = ORIENTED_EDGE('',*,*,#15547,.F.);
#15554 = CYLINDRICAL_SURFACE('',#15555,0.4);
#15555 = AXIS2_PLACEMENT_3D('',#15556,#15557,#15558);
#15556 = CARTESIAN_POINT('',(113.72,-78.5,-4.6E-02));
#15557 = DIRECTION('',(-0.,-0.,-1.));
#15558 = DIRECTION('',(-0.,-1.,0.));
#15559 = ADVANCED_FACE('',(#15560),#15571,.F.);
#15560 = FACE_BOUND('',#15561,.T.);
#15561 = EDGE_LOOP('',(#15562,#15563,#15569,#15570));
#15562 = ORIENTED_EDGE('',*,*,#14188,.T.);
#15563 = ORIENTED_EDGE('',*,*,#15564,.T.);
#15564 = EDGE_CURVE('',#14189,#14822,#15565,.T.);
#15565 = LINE('',#15566,#15567);
#15566 = CARTESIAN_POINT('',(116.26,-78.9,-4.6E-02));
#15567 = VECTOR('',#15568,1.);
#15568 = DIRECTION('',(0.,0.,1.));
#15569 = ORIENTED_EDGE('',*,*,#14821,.F.);
#15570 = ORIENTED_EDGE('',*,*,#15564,.F.);
#15571 = CYLINDRICAL_SURFACE('',#15572,0.4);
#15572 = AXIS2_PLACEMENT_3D('',#15573,#15574,#15575);
#15573 = CARTESIAN_POINT('',(116.26,-78.5,-4.6E-02));
#15574 = DIRECTION('',(-0.,0.,-1.));
#15575 = DIRECTION('',(3.5527136788E-14,-1.,-0.));
#15576 = ADVANCED_FACE('',(#15577),#15588,.F.);
#15577 = FACE_BOUND('',#15578,.T.);
#15578 = EDGE_LOOP('',(#15579,#15580,#15586,#15587));
#15579 = ORIENTED_EDGE('',*,*,#14199,.T.);
#15580 = ORIENTED_EDGE('',*,*,#15581,.T.);
#15581 = EDGE_CURVE('',#14200,#14833,#15582,.T.);
#15582 = LINE('',#15583,#15584);
#15583 = CARTESIAN_POINT('',(118.8,-78.9,-4.6E-02));
#15584 = VECTOR('',#15585,1.);
#15585 = DIRECTION('',(0.,0.,1.));
#15586 = ORIENTED_EDGE('',*,*,#14832,.F.);
#15587 = ORIENTED_EDGE('',*,*,#15581,.F.);
#15588 = CYLINDRICAL_SURFACE('',#15589,0.4);
#15589 = AXIS2_PLACEMENT_3D('',#15590,#15591,#15592);
#15590 = CARTESIAN_POINT('',(118.8,-78.5,-4.6E-02));
#15591 = DIRECTION('',(-0.,-0.,-1.));
#15592 = DIRECTION('',(-3.552713678801E-14,-1.,0.));
#15593 = ADVANCED_FACE('',(#15594),#15605,.F.);
#15594 = FACE_BOUND('',#15595,.T.);
#15595 = EDGE_LOOP('',(#15596,#15597,#15603,#15604));
#15596 = ORIENTED_EDGE('',*,*,#14210,.T.);
#15597 = ORIENTED_EDGE('',*,*,#15598,.T.);
#15598 = EDGE_CURVE('',#14211,#14844,#15599,.T.);
#15599 = LINE('',#15600,#15601);
#15600 = CARTESIAN_POINT('',(121.34,-78.9,-4.6E-02));
#15601 = VECTOR('',#15602,1.);
#15602 = DIRECTION('',(0.,0.,1.));
#15603 = ORIENTED_EDGE('',*,*,#14843,.F.);
#15604 = ORIENTED_EDGE('',*,*,#15598,.F.);
#15605 = CYLINDRICAL_SURFACE('',#15606,0.4);
#15606 = AXIS2_PLACEMENT_3D('',#15607,#15608,#15609);
#15607 = CARTESIAN_POINT('',(121.34,-78.5,-4.6E-02));
#15608 = DIRECTION('',(-0.,-0.,-1.));
#15609 = DIRECTION('',(-0.,-1.,0.));
#15610 = ADVANCED_FACE('',(#15611),#15622,.F.);
#15611 = FACE_BOUND('',#15612,.T.);
#15612 = EDGE_LOOP('',(#15613,#15614,#15620,#15621));
#15613 = ORIENTED_EDGE('',*,*,#14221,.T.);
#15614 = ORIENTED_EDGE('',*,*,#15615,.T.);
#15615 = EDGE_CURVE('',#14222,#14855,#15616,.T.);
#15616 = LINE('',#15617,#15618);
#15617 = CARTESIAN_POINT('',(135.5,-97.66,-4.6E-02));
#15618 = VECTOR('',#15619,1.);
#15619 = DIRECTION('',(0.,0.,1.));
#15620 = ORIENTED_EDGE('',*,*,#14854,.F.);
#15621 = ORIENTED_EDGE('',*,*,#15615,.F.);
#15622 = CYLINDRICAL_SURFACE('',#15623,0.5);
#15623 = AXIS2_PLACEMENT_3D('',#15624,#15625,#15626);
#15624 = CARTESIAN_POINT('',(135.5,-97.16,-4.6E-02));
#15625 = DIRECTION('',(-0.,-0.,-1.));
#15626 = DIRECTION('',(-0.,-1.,0.));
#15627 = ADVANCED_FACE('',(#15628),#15639,.F.);
#15628 = FACE_BOUND('',#15629,.T.);
#15629 = EDGE_LOOP('',(#15630,#15631,#15637,#15638));
#15630 = ORIENTED_EDGE('',*,*,#14232,.T.);
#15631 = ORIENTED_EDGE('',*,*,#15632,.T.);
#15632 = EDGE_CURVE('',#14233,#14866,#15633,.T.);
#15633 = LINE('',#15634,#15635);
#15634 = CARTESIAN_POINT('',(135.5,-95.12,-4.6E-02));
#15635 = VECTOR('',#15636,1.);
#15636 = DIRECTION('',(0.,0.,1.));
#15637 = ORIENTED_EDGE('',*,*,#14865,.F.);
#15638 = ORIENTED_EDGE('',*,*,#15632,.F.);
#15639 = CYLINDRICAL_SURFACE('',#15640,0.5);
#15640 = AXIS2_PLACEMENT_3D('',#15641,#15642,#15643);
#15641 = CARTESIAN_POINT('',(135.5,-94.62,-4.6E-02));
#15642 = DIRECTION('',(-0.,-0.,-1.));
#15643 = DIRECTION('',(-0.,-1.,0.));
#15644 = ADVANCED_FACE('',(#15645),#15656,.F.);
#15645 = FACE_BOUND('',#15646,.T.);
#15646 = EDGE_LOOP('',(#15647,#15648,#15654,#15655));
#15647 = ORIENTED_EDGE('',*,*,#14243,.T.);
#15648 = ORIENTED_EDGE('',*,*,#15649,.T.);
#15649 = EDGE_CURVE('',#14244,#14877,#15650,.T.);
#15650 = LINE('',#15651,#15652);
#15651 = CARTESIAN_POINT('',(135.5,-92.58,-4.6E-02));
#15652 = VECTOR('',#15653,1.);
#15653 = DIRECTION('',(0.,0.,1.));
#15654 = ORIENTED_EDGE('',*,*,#14876,.F.);
#15655 = ORIENTED_EDGE('',*,*,#15649,.F.);
#15656 = CYLINDRICAL_SURFACE('',#15657,0.5);
#15657 = AXIS2_PLACEMENT_3D('',#15658,#15659,#15660);
#15658 = CARTESIAN_POINT('',(135.5,-92.08,-4.6E-02));
#15659 = DIRECTION('',(-0.,-0.,-1.));
#15660 = DIRECTION('',(-0.,-1.,0.));
#15661 = ADVANCED_FACE('',(#15662),#15673,.F.);
#15662 = FACE_BOUND('',#15663,.T.);
#15663 = EDGE_LOOP('',(#15664,#15665,#15671,#15672));
#15664 = ORIENTED_EDGE('',*,*,#14254,.T.);
#15665 = ORIENTED_EDGE('',*,*,#15666,.T.);
#15666 = EDGE_CURVE('',#14255,#14888,#15667,.T.);
#15667 = LINE('',#15668,#15669);
#15668 = CARTESIAN_POINT('',(135.5,-90.04,-4.6E-02));
#15669 = VECTOR('',#15670,1.);
#15670 = DIRECTION('',(0.,0.,1.));
#15671 = ORIENTED_EDGE('',*,*,#14887,.F.);
#15672 = ORIENTED_EDGE('',*,*,#15666,.F.);
#15673 = CYLINDRICAL_SURFACE('',#15674,0.5);
#15674 = AXIS2_PLACEMENT_3D('',#15675,#15676,#15677);
#15675 = CARTESIAN_POINT('',(135.5,-89.54,-4.6E-02));
#15676 = DIRECTION('',(-0.,-0.,-1.));
#15677 = DIRECTION('',(-0.,-1.,0.));
#15678 = ADVANCED_FACE('',(#15679),#15690,.F.);
#15679 = FACE_BOUND('',#15680,.T.);
#15680 = EDGE_LOOP('',(#15681,#15682,#15688,#15689));
#15681 = ORIENTED_EDGE('',*,*,#14265,.T.);
#15682 = ORIENTED_EDGE('',*,*,#15683,.T.);
#15683 = EDGE_CURVE('',#14266,#14899,#15684,.T.);
#15684 = LINE('',#15685,#15686);
#15685 = CARTESIAN_POINT('',(135.5,-87.5,-4.6E-02));
#15686 = VECTOR('',#15687,1.);
#15687 = DIRECTION('',(0.,0.,1.));
#15688 = ORIENTED_EDGE('',*,*,#14898,.F.);
#15689 = ORIENTED_EDGE('',*,*,#15683,.F.);
#15690 = CYLINDRICAL_SURFACE('',#15691,0.5);
#15691 = AXIS2_PLACEMENT_3D('',#15692,#15693,#15694);
#15692 = CARTESIAN_POINT('',(135.5,-87.,-4.6E-02));
#15693 = DIRECTION('',(-0.,-0.,-1.));
#15694 = DIRECTION('',(-0.,-1.,0.));
#15695 = ADVANCED_FACE('',(#15696),#15707,.F.);
#15696 = FACE_BOUND('',#15697,.T.);
#15697 = EDGE_LOOP('',(#15698,#15699,#15705,#15706));
#15698 = ORIENTED_EDGE('',*,*,#14276,.T.);
#15699 = ORIENTED_EDGE('',*,*,#15700,.T.);
#15700 = EDGE_CURVE('',#14277,#14910,#15701,.T.);
#15701 = LINE('',#15702,#15703);
#15702 = CARTESIAN_POINT('',(123.88,-78.9,-4.6E-02));
#15703 = VECTOR('',#15704,1.);
#15704 = DIRECTION('',(0.,0.,1.));
#15705 = ORIENTED_EDGE('',*,*,#14909,.F.);
#15706 = ORIENTED_EDGE('',*,*,#15700,.F.);
#15707 = CYLINDRICAL_SURFACE('',#15708,0.4);
#15708 = AXIS2_PLACEMENT_3D('',#15709,#15710,#15711);
#15709 = CARTESIAN_POINT('',(123.88,-78.5,-4.6E-02));
#15710 = DIRECTION('',(-0.,-0.,-1.));
#15711 = DIRECTION('',(-0.,-1.,0.));
#15712 = ADVANCED_FACE('',(#15713),#15724,.F.);
#15713 = FACE_BOUND('',#15714,.T.);
#15714 = EDGE_LOOP('',(#15715,#15716,#15722,#15723));
#15715 = ORIENTED_EDGE('',*,*,#14287,.T.);
#15716 = ORIENTED_EDGE('',*,*,#15717,.T.);
#15717 = EDGE_CURVE('',#14288,#14921,#15718,.T.);
#15718 = LINE('',#15719,#15720);
#15719 = CARTESIAN_POINT('',(126.42,-78.9,-4.6E-02));
#15720 = VECTOR('',#15721,1.);
#15721 = DIRECTION('',(0.,0.,1.));
#15722 = ORIENTED_EDGE('',*,*,#14920,.F.);
#15723 = ORIENTED_EDGE('',*,*,#15717,.F.);
#15724 = CYLINDRICAL_SURFACE('',#15725,0.4);
#15725 = AXIS2_PLACEMENT_3D('',#15726,#15727,#15728);
#15726 = CARTESIAN_POINT('',(126.42,-78.5,-4.6E-02));
#15727 = DIRECTION('',(-0.,0.,-1.));
#15728 = DIRECTION('',(3.5527136788E-14,-1.,-0.));
#15729 = ADVANCED_FACE('',(#15730),#15741,.F.);
#15730 = FACE_BOUND('',#15731,.T.);
#15731 = EDGE_LOOP('',(#15732,#15733,#15739,#15740));
#15732 = ORIENTED_EDGE('',*,*,#14298,.T.);
#15733 = ORIENTED_EDGE('',*,*,#15734,.T.);
#15734 = EDGE_CURVE('',#14299,#14932,#15735,.T.);
#15735 = LINE('',#15736,#15737);
#15736 = CARTESIAN_POINT('',(128.96,-78.9,-4.6E-02));
#15737 = VECTOR('',#15738,1.);
#15738 = DIRECTION('',(0.,0.,1.));
#15739 = ORIENTED_EDGE('',*,*,#14931,.F.);
#15740 = ORIENTED_EDGE('',*,*,#15734,.F.);
#15741 = CYLINDRICAL_SURFACE('',#15742,0.4);
#15742 = AXIS2_PLACEMENT_3D('',#15743,#15744,#15745);
#15743 = CARTESIAN_POINT('',(128.96,-78.5,-4.6E-02));
#15744 = DIRECTION('',(-0.,-0.,-1.));
#15745 = DIRECTION('',(-0.,-1.,0.));
#15746 = ADVANCED_FACE('',(#15747),#15758,.F.);
#15747 = FACE_BOUND('',#15748,.T.);
#15748 = EDGE_LOOP('',(#15749,#15750,#15756,#15757));
#15749 = ORIENTED_EDGE('',*,*,#14309,.T.);
#15750 = ORIENTED_EDGE('',*,*,#15751,.T.);
#15751 = EDGE_CURVE('',#14310,#14943,#15752,.T.);
#15752 = LINE('',#15753,#15754);
#15753 = CARTESIAN_POINT('',(131.5,-78.9,-4.6E-02));
#15754 = VECTOR('',#15755,1.);
#15755 = DIRECTION('',(0.,0.,1.));
#15756 = ORIENTED_EDGE('',*,*,#14942,.F.);
#15757 = ORIENTED_EDGE('',*,*,#15751,.F.);
#15758 = CYLINDRICAL_SURFACE('',#15759,0.4);
#15759 = AXIS2_PLACEMENT_3D('',#15760,#15761,#15762);
#15760 = CARTESIAN_POINT('',(131.5,-78.5,-4.6E-02));
#15761 = DIRECTION('',(-0.,-0.,-1.));
#15762 = DIRECTION('',(-0.,-1.,0.));
#15763 = ADVANCED_FACE('',(#15764),#15775,.F.);
#15764 = FACE_BOUND('',#15765,.T.);
#15765 = EDGE_LOOP('',(#15766,#15767,#15773,#15774));
#15766 = ORIENTED_EDGE('',*,*,#14320,.T.);
#15767 = ORIENTED_EDGE('',*,*,#15768,.T.);
#15768 = EDGE_CURVE('',#14321,#14954,#15769,.T.);
#15769 = LINE('',#15770,#15771);
#15770 = CARTESIAN_POINT('',(134.04,-78.9,-4.6E-02));
#15771 = VECTOR('',#15772,1.);
#15772 = DIRECTION('',(0.,0.,1.));
#15773 = ORIENTED_EDGE('',*,*,#14953,.F.);
#15774 = ORIENTED_EDGE('',*,*,#15768,.F.);
#15775 = CYLINDRICAL_SURFACE('',#15776,0.4);
#15776 = AXIS2_PLACEMENT_3D('',#15777,#15778,#15779);
#15777 = CARTESIAN_POINT('',(134.04,-78.5,-4.6E-02));
#15778 = DIRECTION('',(-0.,-0.,-1.));
#15779 = DIRECTION('',(-0.,-1.,0.));
#15780 = ADVANCED_FACE('',(#15781),#15792,.F.);
#15781 = FACE_BOUND('',#15782,.T.);
#15782 = EDGE_LOOP('',(#15783,#15784,#15790,#15791));
#15783 = ORIENTED_EDGE('',*,*,#14331,.T.);
#15784 = ORIENTED_EDGE('',*,*,#15785,.T.);
#15785 = EDGE_CURVE('',#14332,#14965,#15786,.T.);
#15786 = LINE('',#15787,#15788);
#15787 = CARTESIAN_POINT('',(136.58,-78.9,-4.6E-02));
#15788 = VECTOR('',#15789,1.);
#15789 = DIRECTION('',(0.,0.,1.));
#15790 = ORIENTED_EDGE('',*,*,#14964,.F.);
#15791 = ORIENTED_EDGE('',*,*,#15785,.F.);
#15792 = CYLINDRICAL_SURFACE('',#15793,0.4);
#15793 = AXIS2_PLACEMENT_3D('',#15794,#15795,#15796);
#15794 = CARTESIAN_POINT('',(136.58,-78.5,-4.6E-02));
#15795 = DIRECTION('',(-0.,0.,-1.));
#15796 = DIRECTION('',(7.105427357601E-14,-1.,-0.));
#15797 = ADVANCED_FACE('',(#15798),#15809,.F.);
#15798 = FACE_BOUND('',#15799,.T.);
#15799 = EDGE_LOOP('',(#15800,#15801,#15807,#15808));
#15800 = ORIENTED_EDGE('',*,*,#14342,.T.);
#15801 = ORIENTED_EDGE('',*,*,#15802,.T.);
#15802 = EDGE_CURVE('',#14343,#14976,#15803,.T.);
#15803 = LINE('',#15804,#15805);
#15804 = CARTESIAN_POINT('',(139.12,-78.9,-4.6E-02));
#15805 = VECTOR('',#15806,1.);
#15806 = DIRECTION('',(0.,0.,1.));
#15807 = ORIENTED_EDGE('',*,*,#14975,.F.);
#15808 = ORIENTED_EDGE('',*,*,#15802,.F.);
#15809 = CYLINDRICAL_SURFACE('',#15810,0.4);
#15810 = AXIS2_PLACEMENT_3D('',#15811,#15812,#15813);
#15811 = CARTESIAN_POINT('',(139.12,-78.5,-4.6E-02));
#15812 = DIRECTION('',(-0.,-0.,-1.));
#15813 = DIRECTION('',(-0.,-1.,0.));
#15814 = ADVANCED_FACE('',(#15815),#15826,.F.);
#15815 = FACE_BOUND('',#15816,.T.);
#15816 = EDGE_LOOP('',(#15817,#15823,#15824,#15825));
#15817 = ORIENTED_EDGE('',*,*,#15818,.T.);
#15818 = EDGE_CURVE('',#14354,#14987,#15819,.T.);
#15819 = LINE('',#15820,#15821);
#15820 = CARTESIAN_POINT('',(145.939813,-77.45754,0.));
#15821 = VECTOR('',#15822,1.);
#15822 = DIRECTION('',(0.,0.,1.));
#15823 = ORIENTED_EDGE('',*,*,#14986,.T.);
#15824 = ORIENTED_EDGE('',*,*,#15818,.F.);
#15825 = ORIENTED_EDGE('',*,*,#14353,.F.);
#15826 = CYLINDRICAL_SURFACE('',#15827,1.5);
#15827 = AXIS2_PLACEMENT_3D('',#15828,#15829,#15830);
#15828 = CARTESIAN_POINT('',(144.439813,-77.45754,0.));
#15829 = DIRECTION('',(-0.,-0.,-1.));
#15830 = DIRECTION('',(1.,0.,-0.));
#15831 = ADVANCED_FACE('',(#15832),#15843,.F.);
#15832 = FACE_BOUND('',#15833,.T.);
#15833 = EDGE_LOOP('',(#15834,#15835,#15841,#15842));
#15834 = ORIENTED_EDGE('',*,*,#14364,.T.);
#15835 = ORIENTED_EDGE('',*,*,#15836,.T.);
#15836 = EDGE_CURVE('',#14365,#14998,#15837,.T.);
#15837 = LINE('',#15838,#15839);
#15838 = CARTESIAN_POINT('',(156.5,-79.,-4.6E-02));
#15839 = VECTOR('',#15840,1.);
#15840 = DIRECTION('',(0.,0.,1.));
#15841 = ORIENTED_EDGE('',*,*,#14997,.F.);
#15842 = ORIENTED_EDGE('',*,*,#15836,.F.);
#15843 = CYLINDRICAL_SURFACE('',#15844,0.5);
#15844 = AXIS2_PLACEMENT_3D('',#15845,#15846,#15847);
#15845 = CARTESIAN_POINT('',(156.5,-78.5,-4.6E-02));
#15846 = DIRECTION('',(-0.,-0.,-1.));
#15847 = DIRECTION('',(-0.,-1.,0.));
#15848 = ADVANCED_FACE('',(#15849),#15860,.F.);
#15849 = FACE_BOUND('',#15850,.T.);
#15850 = EDGE_LOOP('',(#15851,#15852,#15858,#15859));
#15851 = ORIENTED_EDGE('',*,*,#14375,.T.);
#15852 = ORIENTED_EDGE('',*,*,#15853,.T.);
#15853 = EDGE_CURVE('',#14376,#15009,#15854,.T.);
#15854 = LINE('',#15855,#15856);
#15855 = CARTESIAN_POINT('',(156.5,-76.5,-4.6E-02));
#15856 = VECTOR('',#15857,1.);
#15857 = DIRECTION('',(0.,0.,1.));
#15858 = ORIENTED_EDGE('',*,*,#15008,.F.);
#15859 = ORIENTED_EDGE('',*,*,#15853,.F.);
#15860 = CYLINDRICAL_SURFACE('',#15861,0.5);
#15861 = AXIS2_PLACEMENT_3D('',#15862,#15863,#15864);
#15862 = CARTESIAN_POINT('',(156.5,-76.,-4.6E-02));
#15863 = DIRECTION('',(-0.,-0.,-1.));
#15864 = DIRECTION('',(-0.,-1.,0.));
#15865 = ADVANCED_FACE('',(#15866),#15877,.F.);
#15866 = FACE_BOUND('',#15867,.T.);
#15867 = EDGE_LOOP('',(#15868,#15869,#15875,#15876));
#15868 = ORIENTED_EDGE('',*,*,#14386,.T.);
#15869 = ORIENTED_EDGE('',*,*,#15870,.T.);
#15870 = EDGE_CURVE('',#14387,#15020,#15871,.T.);
#15871 = LINE('',#15872,#15873);
#15872 = CARTESIAN_POINT('',(89.5,-75.22,-4.6E-02));
#15873 = VECTOR('',#15874,1.);
#15874 = DIRECTION('',(0.,0.,1.));
#15875 = ORIENTED_EDGE('',*,*,#15019,.F.);
#15876 = ORIENTED_EDGE('',*,*,#15870,.F.);
#15877 = CYLINDRICAL_SURFACE('',#15878,0.5);
#15878 = AXIS2_PLACEMENT_3D('',#15879,#15880,#15881);
#15879 = CARTESIAN_POINT('',(89.5,-74.72,-4.6E-02));
#15880 = DIRECTION('',(-0.,-0.,-1.));
#15881 = DIRECTION('',(-0.,-1.,0.));
#15882 = ADVANCED_FACE('',(#15883),#15894,.F.);
#15883 = FACE_BOUND('',#15884,.T.);
#15884 = EDGE_LOOP('',(#15885,#15891,#15892,#15893));
#15885 = ORIENTED_EDGE('',*,*,#15886,.T.);
#15886 = EDGE_CURVE('',#14398,#15031,#15887,.T.);
#15887 = LINE('',#15888,#15889);
#15888 = CARTESIAN_POINT('',(99.939813,-54.45754,0.));
#15889 = VECTOR('',#15890,1.);
#15890 = DIRECTION('',(0.,0.,1.));
#15891 = ORIENTED_EDGE('',*,*,#15030,.T.);
#15892 = ORIENTED_EDGE('',*,*,#15886,.F.);
#15893 = ORIENTED_EDGE('',*,*,#14397,.F.);
#15894 = CYLINDRICAL_SURFACE('',#15895,1.5);
#15895 = AXIS2_PLACEMENT_3D('',#15896,#15897,#15898);
#15896 = CARTESIAN_POINT('',(98.439813,-54.45754,0.));
#15897 = DIRECTION('',(-0.,-0.,-1.));
#15898 = DIRECTION('',(1.,0.,-0.));
#15899 = ADVANCED_FACE('',(#15900),#15911,.F.);
#15900 = FACE_BOUND('',#15901,.T.);
#15901 = EDGE_LOOP('',(#15902,#15903,#15909,#15910));
#15902 = ORIENTED_EDGE('',*,*,#14408,.T.);
#15903 = ORIENTED_EDGE('',*,*,#15904,.T.);
#15904 = EDGE_CURVE('',#14409,#15042,#15905,.T.);
#15905 = LINE('',#15906,#15907);
#15906 = CARTESIAN_POINT('',(103.56,-53.5,-4.6E-02));
#15907 = VECTOR('',#15908,1.);
#15908 = DIRECTION('',(0.,0.,1.));
#15909 = ORIENTED_EDGE('',*,*,#15041,.F.);
#15910 = ORIENTED_EDGE('',*,*,#15904,.F.);
#15911 = CYLINDRICAL_SURFACE('',#15912,0.4);
#15912 = AXIS2_PLACEMENT_3D('',#15913,#15914,#15915);
#15913 = CARTESIAN_POINT('',(103.56,-53.1,-4.6E-02));
#15914 = DIRECTION('',(-0.,-0.,-1.));
#15915 = DIRECTION('',(-0.,-1.,0.));
#15916 = ADVANCED_FACE('',(#15917),#15928,.F.);
#15917 = FACE_BOUND('',#15918,.T.);
#15918 = EDGE_LOOP('',(#15919,#15920,#15926,#15927));
#15919 = ORIENTED_EDGE('',*,*,#14419,.T.);
#15920 = ORIENTED_EDGE('',*,*,#15921,.T.);
#15921 = EDGE_CURVE('',#14420,#15053,#15922,.T.);
#15922 = LINE('',#15923,#15924);
#15923 = CARTESIAN_POINT('',(106.1,-53.5,-4.6E-02));
#15924 = VECTOR('',#15925,1.);
#15925 = DIRECTION('',(0.,0.,1.));
#15926 = ORIENTED_EDGE('',*,*,#15052,.F.);
#15927 = ORIENTED_EDGE('',*,*,#15921,.F.);
#15928 = CYLINDRICAL_SURFACE('',#15929,0.4);
#15929 = AXIS2_PLACEMENT_3D('',#15930,#15931,#15932);
#15930 = CARTESIAN_POINT('',(106.1,-53.1,-4.6E-02));
#15931 = DIRECTION('',(-0.,-0.,-1.));
#15932 = DIRECTION('',(-0.,-1.,0.));
#15933 = ADVANCED_FACE('',(#15934),#15945,.F.);
#15934 = FACE_BOUND('',#15935,.T.);
#15935 = EDGE_LOOP('',(#15936,#15937,#15943,#15944));
#15936 = ORIENTED_EDGE('',*,*,#14430,.T.);
#15937 = ORIENTED_EDGE('',*,*,#15938,.T.);
#15938 = EDGE_CURVE('',#14431,#15064,#15939,.T.);
#15939 = LINE('',#15940,#15941);
#15940 = CARTESIAN_POINT('',(108.64,-53.5,-4.6E-02));
#15941 = VECTOR('',#15942,1.);
#15942 = DIRECTION('',(0.,0.,1.));
#15943 = ORIENTED_EDGE('',*,*,#15063,.F.);
#15944 = ORIENTED_EDGE('',*,*,#15938,.F.);
#15945 = CYLINDRICAL_SURFACE('',#15946,0.4);
#15946 = AXIS2_PLACEMENT_3D('',#15947,#15948,#15949);
#15947 = CARTESIAN_POINT('',(108.64,-53.1,-4.6E-02));
#15948 = DIRECTION('',(-0.,-0.,-1.));
#15949 = DIRECTION('',(-0.,-1.,0.));
#15950 = ADVANCED_FACE('',(#15951),#15962,.F.);
#15951 = FACE_BOUND('',#15952,.T.);
#15952 = EDGE_LOOP('',(#15953,#15954,#15960,#15961));
#15953 = ORIENTED_EDGE('',*,*,#14441,.T.);
#15954 = ORIENTED_EDGE('',*,*,#15955,.T.);
#15955 = EDGE_CURVE('',#14442,#15075,#15956,.T.);
#15956 = LINE('',#15957,#15958);
#15957 = CARTESIAN_POINT('',(111.18,-53.5,-4.6E-02));
#15958 = VECTOR('',#15959,1.);
#15959 = DIRECTION('',(0.,0.,1.));
#15960 = ORIENTED_EDGE('',*,*,#15074,.F.);
#15961 = ORIENTED_EDGE('',*,*,#15955,.F.);
#15962 = CYLINDRICAL_SURFACE('',#15963,0.4);
#15963 = AXIS2_PLACEMENT_3D('',#15964,#15965,#15966);
#15964 = CARTESIAN_POINT('',(111.18,-53.1,-4.6E-02));
#15965 = DIRECTION('',(-0.,-0.,-1.));
#15966 = DIRECTION('',(-0.,-1.,0.));
#15967 = ADVANCED_FACE('',(#15968),#15979,.F.);
#15968 = FACE_BOUND('',#15969,.T.);
#15969 = EDGE_LOOP('',(#15970,#15971,#15977,#15978));
#15970 = ORIENTED_EDGE('',*,*,#14452,.T.);
#15971 = ORIENTED_EDGE('',*,*,#15972,.T.);
#15972 = EDGE_CURVE('',#14453,#15086,#15973,.T.);
#15973 = LINE('',#15974,#15975);
#15974 = CARTESIAN_POINT('',(113.72,-53.5,-4.6E-02));
#15975 = VECTOR('',#15976,1.);
#15976 = DIRECTION('',(0.,0.,1.));
#15977 = ORIENTED_EDGE('',*,*,#15085,.F.);
#15978 = ORIENTED_EDGE('',*,*,#15972,.F.);
#15979 = CYLINDRICAL_SURFACE('',#15980,0.4);
#15980 = AXIS2_PLACEMENT_3D('',#15981,#15982,#15983);
#15981 = CARTESIAN_POINT('',(113.72,-53.1,-4.6E-02));
#15982 = DIRECTION('',(-0.,-0.,-1.));
#15983 = DIRECTION('',(-0.,-1.,0.));
#15984 = ADVANCED_FACE('',(#15985),#15996,.F.);
#15985 = FACE_BOUND('',#15986,.T.);
#15986 = EDGE_LOOP('',(#15987,#15988,#15994,#15995));
#15987 = ORIENTED_EDGE('',*,*,#14463,.T.);
#15988 = ORIENTED_EDGE('',*,*,#15989,.T.);
#15989 = EDGE_CURVE('',#14464,#15097,#15990,.T.);
#15990 = LINE('',#15991,#15992);
#15991 = CARTESIAN_POINT('',(116.26,-53.5,-4.6E-02));
#15992 = VECTOR('',#15993,1.);
#15993 = DIRECTION('',(0.,0.,1.));
#15994 = ORIENTED_EDGE('',*,*,#15096,.F.);
#15995 = ORIENTED_EDGE('',*,*,#15989,.F.);
#15996 = CYLINDRICAL_SURFACE('',#15997,0.4);
#15997 = AXIS2_PLACEMENT_3D('',#15998,#15999,#16000);
#15998 = CARTESIAN_POINT('',(116.26,-53.1,-4.6E-02));
#15999 = DIRECTION('',(-0.,0.,-1.));
#16000 = DIRECTION('',(3.5527136788E-14,-1.,-0.));
#16001 = ADVANCED_FACE('',(#16002),#16013,.F.);
#16002 = FACE_BOUND('',#16003,.T.);
#16003 = EDGE_LOOP('',(#16004,#16005,#16011,#16012));
#16004 = ORIENTED_EDGE('',*,*,#14474,.T.);
#16005 = ORIENTED_EDGE('',*,*,#16006,.T.);
#16006 = EDGE_CURVE('',#14475,#15108,#16007,.T.);
#16007 = LINE('',#16008,#16009);
#16008 = CARTESIAN_POINT('',(118.8,-53.5,-4.6E-02));
#16009 = VECTOR('',#16010,1.);
#16010 = DIRECTION('',(0.,0.,1.));
#16011 = ORIENTED_EDGE('',*,*,#15107,.F.);
#16012 = ORIENTED_EDGE('',*,*,#16006,.F.);
#16013 = CYLINDRICAL_SURFACE('',#16014,0.4);
#16014 = AXIS2_PLACEMENT_3D('',#16015,#16016,#16017);
#16015 = CARTESIAN_POINT('',(118.8,-53.1,-4.6E-02));
#16016 = DIRECTION('',(-0.,-0.,-1.));
#16017 = DIRECTION('',(-3.552713678801E-14,-1.,0.));
#16018 = ADVANCED_FACE('',(#16019),#16030,.F.);
#16019 = FACE_BOUND('',#16020,.T.);
#16020 = EDGE_LOOP('',(#16021,#16022,#16028,#16029));
#16021 = ORIENTED_EDGE('',*,*,#14485,.T.);
#16022 = ORIENTED_EDGE('',*,*,#16023,.T.);
#16023 = EDGE_CURVE('',#14486,#15119,#16024,.T.);
#16024 = LINE('',#16025,#16026);
#16025 = CARTESIAN_POINT('',(121.34,-53.5,-4.6E-02));
#16026 = VECTOR('',#16027,1.);
#16027 = DIRECTION('',(0.,0.,1.));
#16028 = ORIENTED_EDGE('',*,*,#15118,.F.);
#16029 = ORIENTED_EDGE('',*,*,#16023,.F.);
#16030 = CYLINDRICAL_SURFACE('',#16031,0.4);
#16031 = AXIS2_PLACEMENT_3D('',#16032,#16033,#16034);
#16032 = CARTESIAN_POINT('',(121.34,-53.1,-4.6E-02));
#16033 = DIRECTION('',(-0.,-0.,-1.));
#16034 = DIRECTION('',(-0.,-1.,0.));
#16035 = ADVANCED_FACE('',(#16036),#16047,.F.);
#16036 = FACE_BOUND('',#16037,.T.);
#16037 = EDGE_LOOP('',(#16038,#16039,#16045,#16046));
#16038 = ORIENTED_EDGE('',*,*,#14496,.T.);
#16039 = ORIENTED_EDGE('',*,*,#16040,.T.);
#16040 = EDGE_CURVE('',#14497,#15130,#16041,.T.);
#16041 = LINE('',#16042,#16043);
#16042 = CARTESIAN_POINT('',(123.88,-53.5,-4.6E-02));
#16043 = VECTOR('',#16044,1.);
#16044 = DIRECTION('',(0.,0.,1.));
#16045 = ORIENTED_EDGE('',*,*,#15129,.F.);
#16046 = ORIENTED_EDGE('',*,*,#16040,.F.);
#16047 = CYLINDRICAL_SURFACE('',#16048,0.4);
#16048 = AXIS2_PLACEMENT_3D('',#16049,#16050,#16051);
#16049 = CARTESIAN_POINT('',(123.88,-53.1,-4.6E-02));
#16050 = DIRECTION('',(-0.,-0.,-1.));
#16051 = DIRECTION('',(-0.,-1.,0.));
#16052 = ADVANCED_FACE('',(#16053),#16064,.F.);
#16053 = FACE_BOUND('',#16054,.T.);
#16054 = EDGE_LOOP('',(#16055,#16056,#16062,#16063));
#16055 = ORIENTED_EDGE('',*,*,#14507,.T.);
#16056 = ORIENTED_EDGE('',*,*,#16057,.T.);
#16057 = EDGE_CURVE('',#14508,#15141,#16058,.T.);
#16058 = LINE('',#16059,#16060);
#16059 = CARTESIAN_POINT('',(126.42,-53.5,-4.6E-02));
#16060 = VECTOR('',#16061,1.);
#16061 = DIRECTION('',(0.,0.,1.));
#16062 = ORIENTED_EDGE('',*,*,#15140,.F.);
#16063 = ORIENTED_EDGE('',*,*,#16057,.F.);
#16064 = CYLINDRICAL_SURFACE('',#16065,0.4);
#16065 = AXIS2_PLACEMENT_3D('',#16066,#16067,#16068);
#16066 = CARTESIAN_POINT('',(126.42,-53.1,-4.6E-02));
#16067 = DIRECTION('',(-0.,0.,-1.));
#16068 = DIRECTION('',(3.5527136788E-14,-1.,-0.));
#16069 = ADVANCED_FACE('',(#16070),#16081,.F.);
#16070 = FACE_BOUND('',#16071,.T.);
#16071 = EDGE_LOOP('',(#16072,#16073,#16079,#16080));
#16072 = ORIENTED_EDGE('',*,*,#14518,.T.);
#16073 = ORIENTED_EDGE('',*,*,#16074,.T.);
#16074 = EDGE_CURVE('',#14519,#15152,#16075,.T.);
#16075 = LINE('',#16076,#16077);
#16076 = CARTESIAN_POINT('',(128.96,-53.5,-4.6E-02));
#16077 = VECTOR('',#16078,1.);
#16078 = DIRECTION('',(0.,0.,1.));
#16079 = ORIENTED_EDGE('',*,*,#15151,.F.);
#16080 = ORIENTED_EDGE('',*,*,#16074,.F.);
#16081 = CYLINDRICAL_SURFACE('',#16082,0.4);
#16082 = AXIS2_PLACEMENT_3D('',#16083,#16084,#16085);
#16083 = CARTESIAN_POINT('',(128.96,-53.1,-4.6E-02));
#16084 = DIRECTION('',(-0.,-0.,-1.));
#16085 = DIRECTION('',(-0.,-1.,0.));
#16086 = ADVANCED_FACE('',(#16087),#16098,.F.);
#16087 = FACE_BOUND('',#16088,.T.);
#16088 = EDGE_LOOP('',(#16089,#16090,#16096,#16097));
#16089 = ORIENTED_EDGE('',*,*,#14529,.T.);
#16090 = ORIENTED_EDGE('',*,*,#16091,.T.);
#16091 = EDGE_CURVE('',#14530,#15163,#16092,.T.);
#16092 = LINE('',#16093,#16094);
#16093 = CARTESIAN_POINT('',(131.5,-53.5,-4.6E-02));
#16094 = VECTOR('',#16095,1.);
#16095 = DIRECTION('',(0.,0.,1.));
#16096 = ORIENTED_EDGE('',*,*,#15162,.F.);
#16097 = ORIENTED_EDGE('',*,*,#16091,.F.);
#16098 = CYLINDRICAL_SURFACE('',#16099,0.4);
#16099 = AXIS2_PLACEMENT_3D('',#16100,#16101,#16102);
#16100 = CARTESIAN_POINT('',(131.5,-53.1,-4.6E-02));
#16101 = DIRECTION('',(-0.,-0.,-1.));
#16102 = DIRECTION('',(-0.,-1.,0.));
#16103 = ADVANCED_FACE('',(#16104),#16115,.F.);
#16104 = FACE_BOUND('',#16105,.T.);
#16105 = EDGE_LOOP('',(#16106,#16107,#16113,#16114));
#16106 = ORIENTED_EDGE('',*,*,#14540,.T.);
#16107 = ORIENTED_EDGE('',*,*,#16108,.T.);
#16108 = EDGE_CURVE('',#14541,#15174,#16109,.T.);
#16109 = LINE('',#16110,#16111);
#16110 = CARTESIAN_POINT('',(134.04,-53.5,-4.6E-02));
#16111 = VECTOR('',#16112,1.);
#16112 = DIRECTION('',(0.,0.,1.));
#16113 = ORIENTED_EDGE('',*,*,#15173,.F.);
#16114 = ORIENTED_EDGE('',*,*,#16108,.F.);
#16115 = CYLINDRICAL_SURFACE('',#16116,0.4);
#16116 = AXIS2_PLACEMENT_3D('',#16117,#16118,#16119);
#16117 = CARTESIAN_POINT('',(134.04,-53.1,-4.6E-02));
#16118 = DIRECTION('',(-0.,-0.,-1.));
#16119 = DIRECTION('',(-0.,-1.,0.));
#16120 = ADVANCED_FACE('',(#16121),#16132,.F.);
#16121 = FACE_BOUND('',#16122,.T.);
#16122 = EDGE_LOOP('',(#16123,#16124,#16130,#16131));
#16123 = ORIENTED_EDGE('',*,*,#14551,.T.);
#16124 = ORIENTED_EDGE('',*,*,#16125,.T.);
#16125 = EDGE_CURVE('',#14552,#15185,#16126,.T.);
#16126 = LINE('',#16127,#16128);
#16127 = CARTESIAN_POINT('',(136.58,-53.5,-4.6E-02));
#16128 = VECTOR('',#16129,1.);
#16129 = DIRECTION('',(0.,0.,1.));
#16130 = ORIENTED_EDGE('',*,*,#15184,.F.);
#16131 = ORIENTED_EDGE('',*,*,#16125,.F.);
#16132 = CYLINDRICAL_SURFACE('',#16133,0.4);
#16133 = AXIS2_PLACEMENT_3D('',#16134,#16135,#16136);
#16134 = CARTESIAN_POINT('',(136.58,-53.1,-4.6E-02));
#16135 = DIRECTION('',(-0.,0.,-1.));
#16136 = DIRECTION('',(7.105427357601E-14,-1.,-0.));
#16137 = ADVANCED_FACE('',(#16138),#16149,.F.);
#16138 = FACE_BOUND('',#16139,.T.);
#16139 = EDGE_LOOP('',(#16140,#16141,#16147,#16148));
#16140 = ORIENTED_EDGE('',*,*,#14562,.T.);
#16141 = ORIENTED_EDGE('',*,*,#16142,.T.);
#16142 = EDGE_CURVE('',#14563,#15196,#16143,.T.);
#16143 = LINE('',#16144,#16145);
#16144 = CARTESIAN_POINT('',(139.12,-53.5,-4.6E-02));
#16145 = VECTOR('',#16146,1.);
#16146 = DIRECTION('',(0.,0.,1.));
#16147 = ORIENTED_EDGE('',*,*,#15195,.F.);
#16148 = ORIENTED_EDGE('',*,*,#16142,.F.);
#16149 = CYLINDRICAL_SURFACE('',#16150,0.4);
#16150 = AXIS2_PLACEMENT_3D('',#16151,#16152,#16153);
#16151 = CARTESIAN_POINT('',(139.12,-53.1,-4.6E-02));
#16152 = DIRECTION('',(-0.,-0.,-1.));
#16153 = DIRECTION('',(-0.,-1.,0.));
#16154 = ADVANCED_FACE('',(#16155),#16166,.F.);
#16155 = FACE_BOUND('',#16156,.T.);
#16156 = EDGE_LOOP('',(#16157,#16158,#16164,#16165));
#16157 = ORIENTED_EDGE('',*,*,#14573,.T.);
#16158 = ORIENTED_EDGE('',*,*,#16159,.T.);
#16159 = EDGE_CURVE('',#14574,#15207,#16160,.T.);
#16160 = LINE('',#16161,#16162);
#16161 = CARTESIAN_POINT('',(156.4675,-59.25,-4.6E-02));
#16162 = VECTOR('',#16163,1.);
#16163 = DIRECTION('',(0.,0.,1.));
#16164 = ORIENTED_EDGE('',*,*,#15206,.F.);
#16165 = ORIENTED_EDGE('',*,*,#16159,.F.);
#16166 = CYLINDRICAL_SURFACE('',#16167,0.5);
#16167 = AXIS2_PLACEMENT_3D('',#16168,#16169,#16170);
#16168 = CARTESIAN_POINT('',(156.4675,-58.75,-4.6E-02));
#16169 = DIRECTION('',(-0.,-0.,-1.));
#16170 = DIRECTION('',(-0.,-1.,0.));
#16171 = ADVANCED_FACE('',(#16172),#16183,.F.);
#16172 = FACE_BOUND('',#16173,.T.);
#16173 = EDGE_LOOP('',(#16174,#16180,#16181,#16182));
#16174 = ORIENTED_EDGE('',*,*,#16175,.T.);
#16175 = EDGE_CURVE('',#14585,#15218,#16176,.T.);
#16176 = LINE('',#16177,#16178);
#16177 = CARTESIAN_POINT('',(145.939813,-54.45754,0.));
#16178 = VECTOR('',#16179,1.);
#16179 = DIRECTION('',(0.,0.,1.));
#16180 = ORIENTED_EDGE('',*,*,#15217,.T.);
#16181 = ORIENTED_EDGE('',*,*,#16175,.F.);
#16182 = ORIENTED_EDGE('',*,*,#14584,.F.);
#16183 = CYLINDRICAL_SURFACE('',#16184,1.5);
#16184 = AXIS2_PLACEMENT_3D('',#16185,#16186,#16187);
#16185 = CARTESIAN_POINT('',(144.439813,-54.45754,0.));
#16186 = DIRECTION('',(-0.,-0.,-1.));
#16187 = DIRECTION('',(1.,0.,-0.));
#16188 = ADVANCED_FACE('',(#16189),#16200,.F.);
#16189 = FACE_BOUND('',#16190,.T.);
#16190 = EDGE_LOOP('',(#16191,#16192,#16198,#16199));
#16191 = ORIENTED_EDGE('',*,*,#14595,.T.);
#16192 = ORIENTED_EDGE('',*,*,#16193,.T.);
#16193 = EDGE_CURVE('',#14596,#15229,#16194,.T.);
#16194 = LINE('',#16195,#16196);
#16195 = CARTESIAN_POINT('',(156.4675,-56.75,-4.6E-02));
#16196 = VECTOR('',#16197,1.);
#16197 = DIRECTION('',(0.,0.,1.));
#16198 = ORIENTED_EDGE('',*,*,#15228,.F.);
#16199 = ORIENTED_EDGE('',*,*,#16193,.F.);
#16200 = CYLINDRICAL_SURFACE('',#16201,0.5);
#16201 = AXIS2_PLACEMENT_3D('',#16202,#16203,#16204);
#16202 = CARTESIAN_POINT('',(156.4675,-56.25,-4.6E-02));
#16203 = DIRECTION('',(-0.,-0.,-1.));
#16204 = DIRECTION('',(-0.,-1.,0.));
#16205 = ( GEOMETRIC_REPRESENTATION_CONTEXT(3) 
GLOBAL_UNCERTAINTY_ASSIGNED_CONTEXT((#16209)) 
GLOBAL_UNIT_ASSIGNED_CONTEXT((#16206,#16207,#16208)) 
REPRESENTATION_CONTEXT('Context #1',
  '3D Context with UNIT and UNCERTAINTY') );
#16206 = ( LENGTH_UNIT() NAMED_UNIT(*) SI_UNIT(.MILLI.,.METRE.) );
#16207 = ( NAMED_UNIT(*) PLANE_ANGLE_UNIT() SI_UNIT($,.RADIAN.) );
#16208 = ( NAMED_UNIT(*) SI_UNIT($,.STERADIAN.) SOLID_ANGLE_UNIT() );
#16209 = UNCERTAINTY_MEASURE_WITH_UNIT(LENGTH_MEASURE(1.E-07),#16206,
  'distance_accuracy_value','confusion accuracy');
#16210 = CONTEXT_DEPENDENT_SHAPE_REPRESENTATION(#16211,#16213);
#16211 = ( REPRESENTATION_RELATIONSHIP('','',#13870,#10) 
REPRESENTATION_RELATIONSHIP_WITH_TRANSFORMATION(#16212) 
SHAPE_REPRESENTATION_RELATIONSHIP() );
#16212 = ITEM_DEFINED_TRANSFORMATION('','',#11,#35);
#16213 = PRODUCT_DEFINITION_SHAPE('Placement','Placement of an item',
  #16214);
#16214 = NEXT_ASSEMBLY_USAGE_OCCURRENCE('9','=>[0:1:1:8]','',#5,#13865,$
  );
#16215 = PRODUCT_RELATED_PRODUCT_CATEGORY('part',$,(#13867));
#16216 = MECHANICAL_DESIGN_GEOMETRIC_PRESENTATION_REPRESENTATION('',(
    #16217,#16225,#16232,#16239,#16246,#16253,#16260,#16267,#16274,
    #16281,#16288,#16295,#16302,#16309,#16316,#16323,#16330,#16337,
    #16344,#16352,#16359,#16366,#16373,#16380,#16387,#16394,#16401,
    #16408,#16415,#16422,#16429,#16436,#16443,#16450,#16457,#16464,
    #16471,#16478,#16485,#16492,#16499,#16506,#16513,#16520,#16527,
    #16534,#16541,#16548,#16555,#16562,#16569,#16576,#16583,#16590,
    #16597,#16604,#16611,#16618,#16625,#16632,#16639,#16646,#16653,
    #16660,#16667,#16674,#16681,#16688,#16695,#16702,#16709,#16716,
    #16723,#16730,#16737,#16744,#16751,#16758,#16765,#16772,#16779,
    #16786,#16793,#16800,#16807,#16814,#16821,#16828,#16835,#16842,
    #16849,#16856,#16863,#16870,#16877,#16884,#16891,#16898),#7310);
#16217 = STYLED_ITEM('color',(#16218),#4282);
#16218 = PRESENTATION_STYLE_ASSIGNMENT((#16219));
#16219 = SURFACE_STYLE_USAGE(.BOTH.,#16220);
#16220 = SURFACE_SIDE_STYLE('',(#16221));
#16221 = SURFACE_STYLE_FILL_AREA(#16222);
#16222 = FILL_AREA_STYLE('',(#16223));
#16223 = FILL_AREA_STYLE_COLOUR('',#16224);
#16224 = COLOUR_RGB('',0.894117649055,0.890196087049,0.811764731185);
#16225 = STYLED_ITEM('color',(#16226),#4322);
#16226 = PRESENTATION_STYLE_ASSIGNMENT((#16227));
#16227 = SURFACE_STYLE_USAGE(.BOTH.,#16228);
#16228 = SURFACE_SIDE_STYLE('',(#16229));
#16229 = SURFACE_STYLE_FILL_AREA(#16230);
#16230 = FILL_AREA_STYLE('',(#16231));
#16231 = FILL_AREA_STYLE_COLOUR('',#16224);
#16232 = STYLED_ITEM('color',(#16233),#4353);
#16233 = PRESENTATION_STYLE_ASSIGNMENT((#16234));
#16234 = SURFACE_STYLE_USAGE(.BOTH.,#16235);
#16235 = SURFACE_SIDE_STYLE('',(#16236));
#16236 = SURFACE_STYLE_FILL_AREA(#16237);
#16237 = FILL_AREA_STYLE('',(#16238));
#16238 = FILL_AREA_STYLE_COLOUR('',#16224);
#16239 = STYLED_ITEM('color',(#16240),#4541);
#16240 = PRESENTATION_STYLE_ASSIGNMENT((#16241));
#16241 = SURFACE_STYLE_USAGE(.BOTH.,#16242);
#16242 = SURFACE_SIDE_STYLE('',(#16243));
#16243 = SURFACE_STYLE_FILL_AREA(#16244);
#16244 = FILL_AREA_STYLE('',(#16245));
#16245 = FILL_AREA_STYLE_COLOUR('',#16224);
#16246 = STYLED_ITEM('color',(#16247),#4637);
#16247 = PRESENTATION_STYLE_ASSIGNMENT((#16248));
#16248 = SURFACE_STYLE_USAGE(.BOTH.,#16249);
#16249 = SURFACE_SIDE_STYLE('',(#16250));
#16250 = SURFACE_STYLE_FILL_AREA(#16251);
#16251 = FILL_AREA_STYLE('',(#16252));
#16252 = FILL_AREA_STYLE_COLOUR('',#16224);
#16253 = STYLED_ITEM('color',(#16254),#4750);
#16254 = PRESENTATION_STYLE_ASSIGNMENT((#16255));
#16255 = SURFACE_STYLE_USAGE(.BOTH.,#16256);
#16256 = SURFACE_SIDE_STYLE('',(#16257));
#16257 = SURFACE_STYLE_FILL_AREA(#16258);
#16258 = FILL_AREA_STYLE('',(#16259));
#16259 = FILL_AREA_STYLE_COLOUR('',#16224);
#16260 = STYLED_ITEM('color',(#16261),#4767);
#16261 = PRESENTATION_STYLE_ASSIGNMENT((#16262));
#16262 = SURFACE_STYLE_USAGE(.BOTH.,#16263);
#16263 = SURFACE_SIDE_STYLE('',(#16264));
#16264 = SURFACE_STYLE_FILL_AREA(#16265);
#16265 = FILL_AREA_STYLE('',(#16266));
#16266 = FILL_AREA_STYLE_COLOUR('',#16224);
#16267 = STYLED_ITEM('color',(#16268),#4791);
#16268 = PRESENTATION_STYLE_ASSIGNMENT((#16269));
#16269 = SURFACE_STYLE_USAGE(.BOTH.,#16270);
#16270 = SURFACE_SIDE_STYLE('',(#16271));
#16271 = SURFACE_STYLE_FILL_AREA(#16272);
#16272 = FILL_AREA_STYLE('',(#16273));
#16273 = FILL_AREA_STYLE_COLOUR('',#16224);
#16274 = STYLED_ITEM('color',(#16275),#4855);
#16275 = PRESENTATION_STYLE_ASSIGNMENT((#16276));
#16276 = SURFACE_STYLE_USAGE(.BOTH.,#16277);
#16277 = SURFACE_SIDE_STYLE('',(#16278));
#16278 = SURFACE_STYLE_FILL_AREA(#16279);
#16279 = FILL_AREA_STYLE('',(#16280));
#16280 = FILL_AREA_STYLE_COLOUR('',#16224);
#16281 = STYLED_ITEM('color',(#16282),#4879);
#16282 = PRESENTATION_STYLE_ASSIGNMENT((#16283));
#16283 = SURFACE_STYLE_USAGE(.BOTH.,#16284);
#16284 = SURFACE_SIDE_STYLE('',(#16285));
#16285 = SURFACE_STYLE_FILL_AREA(#16286);
#16286 = FILL_AREA_STYLE('',(#16287));
#16287 = FILL_AREA_STYLE_COLOUR('',#16224);
#16288 = STYLED_ITEM('color',(#16289),#4943);
#16289 = PRESENTATION_STYLE_ASSIGNMENT((#16290));
#16290 = SURFACE_STYLE_USAGE(.BOTH.,#16291);
#16291 = SURFACE_SIDE_STYLE('',(#16292));
#16292 = SURFACE_STYLE_FILL_AREA(#16293);
#16293 = FILL_AREA_STYLE('',(#16294));
#16294 = FILL_AREA_STYLE_COLOUR('',#16224);
#16295 = STYLED_ITEM('color',(#16296),#4967);
#16296 = PRESENTATION_STYLE_ASSIGNMENT((#16297));
#16297 = SURFACE_STYLE_USAGE(.BOTH.,#16298);
#16298 = SURFACE_SIDE_STYLE('',(#16299));
#16299 = SURFACE_STYLE_FILL_AREA(#16300);
#16300 = FILL_AREA_STYLE('',(#16301));
#16301 = FILL_AREA_STYLE_COLOUR('',#16224);
#16302 = STYLED_ITEM('color',(#16303),#5054);
#16303 = PRESENTATION_STYLE_ASSIGNMENT((#16304));
#16304 = SURFACE_STYLE_USAGE(.BOTH.,#16305);
#16305 = SURFACE_SIDE_STYLE('',(#16306));
#16306 = SURFACE_STYLE_FILL_AREA(#16307);
#16307 = FILL_AREA_STYLE('',(#16308));
#16308 = FILL_AREA_STYLE_COLOUR('',#16224);
#16309 = STYLED_ITEM('color',(#16310),#5071);
#16310 = PRESENTATION_STYLE_ASSIGNMENT((#16311));
#16311 = SURFACE_STYLE_USAGE(.BOTH.,#16312);
#16312 = SURFACE_SIDE_STYLE('',(#16313));
#16313 = SURFACE_STYLE_FILL_AREA(#16314);
#16314 = FILL_AREA_STYLE('',(#16315));
#16315 = FILL_AREA_STYLE_COLOUR('',#16224);
#16316 = STYLED_ITEM('color',(#16317),#5088);
#16317 = PRESENTATION_STYLE_ASSIGNMENT((#16318));
#16318 = SURFACE_STYLE_USAGE(.BOTH.,#16319);
#16319 = SURFACE_SIDE_STYLE('',(#16320));
#16320 = SURFACE_STYLE_FILL_AREA(#16321);
#16321 = FILL_AREA_STYLE('',(#16322));
#16322 = FILL_AREA_STYLE_COLOUR('',#16224);
#16323 = STYLED_ITEM('color',(#16324),#5105);
#16324 = PRESENTATION_STYLE_ASSIGNMENT((#16325));
#16325 = SURFACE_STYLE_USAGE(.BOTH.,#16326);
#16326 = SURFACE_SIDE_STYLE('',(#16327));
#16327 = SURFACE_STYLE_FILL_AREA(#16328);
#16328 = FILL_AREA_STYLE('',(#16329));
#16329 = FILL_AREA_STYLE_COLOUR('',#16224);
#16330 = STYLED_ITEM('color',(#16331),#5122);
#16331 = PRESENTATION_STYLE_ASSIGNMENT((#16332));
#16332 = SURFACE_STYLE_USAGE(.BOTH.,#16333);
#16333 = SURFACE_SIDE_STYLE('',(#16334));
#16334 = SURFACE_STYLE_FILL_AREA(#16335);
#16335 = FILL_AREA_STYLE('',(#16336));
#16336 = FILL_AREA_STYLE_COLOUR('',#16224);
#16337 = STYLED_ITEM('color',(#16338),#5139);
#16338 = PRESENTATION_STYLE_ASSIGNMENT((#16339));
#16339 = SURFACE_STYLE_USAGE(.BOTH.,#16340);
#16340 = SURFACE_SIDE_STYLE('',(#16341));
#16341 = SURFACE_STYLE_FILL_AREA(#16342);
#16342 = FILL_AREA_STYLE('',(#16343));
#16343 = FILL_AREA_STYLE_COLOUR('',#16224);
#16344 = STYLED_ITEM('color',(#16345),#5151);
#16345 = PRESENTATION_STYLE_ASSIGNMENT((#16346));
#16346 = SURFACE_STYLE_USAGE(.BOTH.,#16347);
#16347 = SURFACE_SIDE_STYLE('',(#16348));
#16348 = SURFACE_STYLE_FILL_AREA(#16349);
#16349 = FILL_AREA_STYLE('',(#16350));
#16350 = FILL_AREA_STYLE_COLOUR('',#16351);
#16351 = COLOUR_RGB('',0.823529417451,0.819607860991,0.780392170416);
#16352 = STYLED_ITEM('color',(#16353),#5182);
#16353 = PRESENTATION_STYLE_ASSIGNMENT((#16354));
#16354 = SURFACE_STYLE_USAGE(.BOTH.,#16355);
#16355 = SURFACE_SIDE_STYLE('',(#16356));
#16356 = SURFACE_STYLE_FILL_AREA(#16357);
#16357 = FILL_AREA_STYLE('',(#16358));
#16358 = FILL_AREA_STYLE_COLOUR('',#16351);
#16359 = STYLED_ITEM('color',(#16360),#5206);
#16360 = PRESENTATION_STYLE_ASSIGNMENT((#16361));
#16361 = SURFACE_STYLE_USAGE(.BOTH.,#16362);
#16362 = SURFACE_SIDE_STYLE('',(#16363));
#16363 = SURFACE_STYLE_FILL_AREA(#16364);
#16364 = FILL_AREA_STYLE('',(#16365));
#16365 = FILL_AREA_STYLE_COLOUR('',#16351);
#16366 = STYLED_ITEM('color',(#16367),#5230);
#16367 = PRESENTATION_STYLE_ASSIGNMENT((#16368));
#16368 = SURFACE_STYLE_USAGE(.BOTH.,#16369);
#16369 = SURFACE_SIDE_STYLE('',(#16370));
#16370 = SURFACE_STYLE_FILL_AREA(#16371);
#16371 = FILL_AREA_STYLE('',(#16372));
#16372 = FILL_AREA_STYLE_COLOUR('',#16351);
#16373 = STYLED_ITEM('color',(#16374),#5247);
#16374 = PRESENTATION_STYLE_ASSIGNMENT((#16375));
#16375 = SURFACE_STYLE_USAGE(.BOTH.,#16376);
#16376 = SURFACE_SIDE_STYLE('',(#16377));
#16377 = SURFACE_STYLE_FILL_AREA(#16378);
#16378 = FILL_AREA_STYLE('',(#16379));
#16379 = FILL_AREA_STYLE_COLOUR('',#16351);
#16380 = STYLED_ITEM('color',(#16381),#5278);
#16381 = PRESENTATION_STYLE_ASSIGNMENT((#16382));
#16382 = SURFACE_STYLE_USAGE(.BOTH.,#16383);
#16383 = SURFACE_SIDE_STYLE('',(#16384));
#16384 = SURFACE_STYLE_FILL_AREA(#16385);
#16385 = FILL_AREA_STYLE('',(#16386));
#16386 = FILL_AREA_STYLE_COLOUR('',#16351);
#16387 = STYLED_ITEM('color',(#16388),#5302);
#16388 = PRESENTATION_STYLE_ASSIGNMENT((#16389));
#16389 = SURFACE_STYLE_USAGE(.BOTH.,#16390);
#16390 = SURFACE_SIDE_STYLE('',(#16391));
#16391 = SURFACE_STYLE_FILL_AREA(#16392);
#16392 = FILL_AREA_STYLE('',(#16393));
#16393 = FILL_AREA_STYLE_COLOUR('',#16351);
#16394 = STYLED_ITEM('color',(#16395),#5326);
#16395 = PRESENTATION_STYLE_ASSIGNMENT((#16396));
#16396 = SURFACE_STYLE_USAGE(.BOTH.,#16397);
#16397 = SURFACE_SIDE_STYLE('',(#16398));
#16398 = SURFACE_STYLE_FILL_AREA(#16399);
#16399 = FILL_AREA_STYLE('',(#16400));
#16400 = FILL_AREA_STYLE_COLOUR('',#16351);
#16401 = STYLED_ITEM('color',(#16402),#5343);
#16402 = PRESENTATION_STYLE_ASSIGNMENT((#16403));
#16403 = SURFACE_STYLE_USAGE(.BOTH.,#16404);
#16404 = SURFACE_SIDE_STYLE('',(#16405));
#16405 = SURFACE_STYLE_FILL_AREA(#16406);
#16406 = FILL_AREA_STYLE('',(#16407));
#16407 = FILL_AREA_STYLE_COLOUR('',#16224);
#16408 = STYLED_ITEM('color',(#16409),#5390);
#16409 = PRESENTATION_STYLE_ASSIGNMENT((#16410));
#16410 = SURFACE_STYLE_USAGE(.BOTH.,#16411);
#16411 = SURFACE_SIDE_STYLE('',(#16412));
#16412 = SURFACE_STYLE_FILL_AREA(#16413);
#16413 = FILL_AREA_STYLE('',(#16414));
#16414 = FILL_AREA_STYLE_COLOUR('',#16224);
#16415 = STYLED_ITEM('color',(#16416),#5414);
#16416 = PRESENTATION_STYLE_ASSIGNMENT((#16417));
#16417 = SURFACE_STYLE_USAGE(.BOTH.,#16418);
#16418 = SURFACE_SIDE_STYLE('',(#16419));
#16419 = SURFACE_STYLE_FILL_AREA(#16420);
#16420 = FILL_AREA_STYLE('',(#16421));
#16421 = FILL_AREA_STYLE_COLOUR('',#16224);
#16422 = STYLED_ITEM('color',(#16423),#5438);
#16423 = PRESENTATION_STYLE_ASSIGNMENT((#16424));
#16424 = SURFACE_STYLE_USAGE(.BOTH.,#16425);
#16425 = SURFACE_SIDE_STYLE('',(#16426));
#16426 = SURFACE_STYLE_FILL_AREA(#16427);
#16427 = FILL_AREA_STYLE('',(#16428));
#16428 = FILL_AREA_STYLE_COLOUR('',#16224);
#16429 = STYLED_ITEM('color',(#16430),#5455);
#16430 = PRESENTATION_STYLE_ASSIGNMENT((#16431));
#16431 = SURFACE_STYLE_USAGE(.BOTH.,#16432);
#16432 = SURFACE_SIDE_STYLE('',(#16433));
#16433 = SURFACE_STYLE_FILL_AREA(#16434);
#16434 = FILL_AREA_STYLE('',(#16435));
#16435 = FILL_AREA_STYLE_COLOUR('',#16224);
#16436 = STYLED_ITEM('color',(#16437),#5472);
#16437 = PRESENTATION_STYLE_ASSIGNMENT((#16438));
#16438 = SURFACE_STYLE_USAGE(.BOTH.,#16439);
#16439 = SURFACE_SIDE_STYLE('',(#16440));
#16440 = SURFACE_STYLE_FILL_AREA(#16441);
#16441 = FILL_AREA_STYLE('',(#16442));
#16442 = FILL_AREA_STYLE_COLOUR('',#16224);
#16443 = STYLED_ITEM('color',(#16444),#5489);
#16444 = PRESENTATION_STYLE_ASSIGNMENT((#16445));
#16445 = SURFACE_STYLE_USAGE(.BOTH.,#16446);
#16446 = SURFACE_SIDE_STYLE('',(#16447));
#16447 = SURFACE_STYLE_FILL_AREA(#16448);
#16448 = FILL_AREA_STYLE('',(#16449));
#16449 = FILL_AREA_STYLE_COLOUR('',#16224);
#16450 = STYLED_ITEM('color',(#16451),#5506);
#16451 = PRESENTATION_STYLE_ASSIGNMENT((#16452));
#16452 = SURFACE_STYLE_USAGE(.BOTH.,#16453);
#16453 = SURFACE_SIDE_STYLE('',(#16454));
#16454 = SURFACE_STYLE_FILL_AREA(#16455);
#16455 = FILL_AREA_STYLE('',(#16456));
#16456 = FILL_AREA_STYLE_COLOUR('',#16224);
#16457 = STYLED_ITEM('color',(#16458),#5523);
#16458 = PRESENTATION_STYLE_ASSIGNMENT((#16459));
#16459 = SURFACE_STYLE_USAGE(.BOTH.,#16460);
#16460 = SURFACE_SIDE_STYLE('',(#16461));
#16461 = SURFACE_STYLE_FILL_AREA(#16462);
#16462 = FILL_AREA_STYLE('',(#16463));
#16463 = FILL_AREA_STYLE_COLOUR('',#16224);
#16464 = STYLED_ITEM('color',(#16465),#5611);
#16465 = PRESENTATION_STYLE_ASSIGNMENT((#16466));
#16466 = SURFACE_STYLE_USAGE(.BOTH.,#16467);
#16467 = SURFACE_SIDE_STYLE('',(#16468));
#16468 = SURFACE_STYLE_FILL_AREA(#16469);
#16469 = FILL_AREA_STYLE('',(#16470));
#16470 = FILL_AREA_STYLE_COLOUR('',#16224);
#16471 = STYLED_ITEM('color',(#16472),#5630);
#16472 = PRESENTATION_STYLE_ASSIGNMENT((#16473));
#16473 = SURFACE_STYLE_USAGE(.BOTH.,#16474);
#16474 = SURFACE_SIDE_STYLE('',(#16475));
#16475 = SURFACE_STYLE_FILL_AREA(#16476);
#16476 = FILL_AREA_STYLE('',(#16477));
#16477 = FILL_AREA_STYLE_COLOUR('',#16224);
#16478 = STYLED_ITEM('color',(#16479),#5711);
#16479 = PRESENTATION_STYLE_ASSIGNMENT((#16480));
#16480 = SURFACE_STYLE_USAGE(.BOTH.,#16481);
#16481 = SURFACE_SIDE_STYLE('',(#16482));
#16482 = SURFACE_STYLE_FILL_AREA(#16483);
#16483 = FILL_AREA_STYLE('',(#16484));
#16484 = FILL_AREA_STYLE_COLOUR('',#16224);
#16485 = STYLED_ITEM('color',(#16486),#5751);
#16486 = PRESENTATION_STYLE_ASSIGNMENT((#16487));
#16487 = SURFACE_STYLE_USAGE(.BOTH.,#16488);
#16488 = SURFACE_SIDE_STYLE('',(#16489));
#16489 = SURFACE_STYLE_FILL_AREA(#16490);
#16490 = FILL_AREA_STYLE('',(#16491));
#16491 = FILL_AREA_STYLE_COLOUR('',#16224);
#16492 = STYLED_ITEM('color',(#16493),#5768);
#16493 = PRESENTATION_STYLE_ASSIGNMENT((#16494));
#16494 = SURFACE_STYLE_USAGE(.BOTH.,#16495);
#16495 = SURFACE_SIDE_STYLE('',(#16496));
#16496 = SURFACE_STYLE_FILL_AREA(#16497);
#16497 = FILL_AREA_STYLE('',(#16498));
#16498 = FILL_AREA_STYLE_COLOUR('',#16224);
#16499 = STYLED_ITEM('color',(#16500),#5780);
#16500 = PRESENTATION_STYLE_ASSIGNMENT((#16501));
#16501 = SURFACE_STYLE_USAGE(.BOTH.,#16502);
#16502 = SURFACE_SIDE_STYLE('',(#16503));
#16503 = SURFACE_STYLE_FILL_AREA(#16504);
#16504 = FILL_AREA_STYLE('',(#16505));
#16505 = FILL_AREA_STYLE_COLOUR('',#16224);
#16506 = STYLED_ITEM('color',(#16507),#5797);
#16507 = PRESENTATION_STYLE_ASSIGNMENT((#16508));
#16508 = SURFACE_STYLE_USAGE(.BOTH.,#16509);
#16509 = SURFACE_SIDE_STYLE('',(#16510));
#16510 = SURFACE_STYLE_FILL_AREA(#16511);
#16511 = FILL_AREA_STYLE('',(#16512));
#16512 = FILL_AREA_STYLE_COLOUR('',#16224);
#16513 = STYLED_ITEM('color',(#16514),#5814);
#16514 = PRESENTATION_STYLE_ASSIGNMENT((#16515));
#16515 = SURFACE_STYLE_USAGE(.BOTH.,#16516);
#16516 = SURFACE_SIDE_STYLE('',(#16517));
#16517 = SURFACE_STYLE_FILL_AREA(#16518);
#16518 = FILL_AREA_STYLE('',(#16519));
#16519 = FILL_AREA_STYLE_COLOUR('',#16224);
#16520 = STYLED_ITEM('color',(#16521),#5831);
#16521 = PRESENTATION_STYLE_ASSIGNMENT((#16522));
#16522 = SURFACE_STYLE_USAGE(.BOTH.,#16523);
#16523 = SURFACE_SIDE_STYLE('',(#16524));
#16524 = SURFACE_STYLE_FILL_AREA(#16525);
#16525 = FILL_AREA_STYLE('',(#16526));
#16526 = FILL_AREA_STYLE_COLOUR('',#16224);
#16527 = STYLED_ITEM('color',(#16528),#5843);
#16528 = PRESENTATION_STYLE_ASSIGNMENT((#16529));
#16529 = SURFACE_STYLE_USAGE(.BOTH.,#16530);
#16530 = SURFACE_SIDE_STYLE('',(#16531));
#16531 = SURFACE_STYLE_FILL_AREA(#16532);
#16532 = FILL_AREA_STYLE('',(#16533));
#16533 = FILL_AREA_STYLE_COLOUR('',#16224);
#16534 = STYLED_ITEM('color',(#16535),#5860);
#16535 = PRESENTATION_STYLE_ASSIGNMENT((#16536));
#16536 = SURFACE_STYLE_USAGE(.BOTH.,#16537);
#16537 = SURFACE_SIDE_STYLE('',(#16538));
#16538 = SURFACE_STYLE_FILL_AREA(#16539);
#16539 = FILL_AREA_STYLE('',(#16540));
#16540 = FILL_AREA_STYLE_COLOUR('',#16224);
#16541 = STYLED_ITEM('color',(#16542),#5877);
#16542 = PRESENTATION_STYLE_ASSIGNMENT((#16543));
#16543 = SURFACE_STYLE_USAGE(.BOTH.,#16544);
#16544 = SURFACE_SIDE_STYLE('',(#16545));
#16545 = SURFACE_STYLE_FILL_AREA(#16546);
#16546 = FILL_AREA_STYLE('',(#16547));
#16547 = FILL_AREA_STYLE_COLOUR('',#16224);
#16548 = STYLED_ITEM('color',(#16549),#5896);
#16549 = PRESENTATION_STYLE_ASSIGNMENT((#16550));
#16550 = SURFACE_STYLE_USAGE(.BOTH.,#16551);
#16551 = SURFACE_SIDE_STYLE('',(#16552));
#16552 = SURFACE_STYLE_FILL_AREA(#16553);
#16553 = FILL_AREA_STYLE('',(#16554));
#16554 = FILL_AREA_STYLE_COLOUR('',#16351);
#16555 = STYLED_ITEM('color',(#16556),#5927);
#16556 = PRESENTATION_STYLE_ASSIGNMENT((#16557));
#16557 = SURFACE_STYLE_USAGE(.BOTH.,#16558);
#16558 = SURFACE_SIDE_STYLE('',(#16559));
#16559 = SURFACE_STYLE_FILL_AREA(#16560);
#16560 = FILL_AREA_STYLE('',(#16561));
#16561 = FILL_AREA_STYLE_COLOUR('',#16351);
#16562 = STYLED_ITEM('color',(#16563),#5951);
#16563 = PRESENTATION_STYLE_ASSIGNMENT((#16564));
#16564 = SURFACE_STYLE_USAGE(.BOTH.,#16565);
#16565 = SURFACE_SIDE_STYLE('',(#16566));
#16566 = SURFACE_STYLE_FILL_AREA(#16567);
#16567 = FILL_AREA_STYLE('',(#16568));
#16568 = FILL_AREA_STYLE_COLOUR('',#16351);
#16569 = STYLED_ITEM('color',(#16570),#5975);
#16570 = PRESENTATION_STYLE_ASSIGNMENT((#16571));
#16571 = SURFACE_STYLE_USAGE(.BOTH.,#16572);
#16572 = SURFACE_SIDE_STYLE('',(#16573));
#16573 = SURFACE_STYLE_FILL_AREA(#16574);
#16574 = FILL_AREA_STYLE('',(#16575));
#16575 = FILL_AREA_STYLE_COLOUR('',#16351);
#16576 = STYLED_ITEM('color',(#16577),#5992);
#16577 = PRESENTATION_STYLE_ASSIGNMENT((#16578));
#16578 = SURFACE_STYLE_USAGE(.BOTH.,#16579);
#16579 = SURFACE_SIDE_STYLE('',(#16580));
#16580 = SURFACE_STYLE_FILL_AREA(#16581);
#16581 = FILL_AREA_STYLE('',(#16582));
#16582 = FILL_AREA_STYLE_COLOUR('',#16351);
#16583 = STYLED_ITEM('color',(#16584),#6023);
#16584 = PRESENTATION_STYLE_ASSIGNMENT((#16585));
#16585 = SURFACE_STYLE_USAGE(.BOTH.,#16586);
#16586 = SURFACE_SIDE_STYLE('',(#16587));
#16587 = SURFACE_STYLE_FILL_AREA(#16588);
#16588 = FILL_AREA_STYLE('',(#16589));
#16589 = FILL_AREA_STYLE_COLOUR('',#16351);
#16590 = STYLED_ITEM('color',(#16591),#6047);
#16591 = PRESENTATION_STYLE_ASSIGNMENT((#16592));
#16592 = SURFACE_STYLE_USAGE(.BOTH.,#16593);
#16593 = SURFACE_SIDE_STYLE('',(#16594));
#16594 = SURFACE_STYLE_FILL_AREA(#16595);
#16595 = FILL_AREA_STYLE('',(#16596));
#16596 = FILL_AREA_STYLE_COLOUR('',#16351);
#16597 = STYLED_ITEM('color',(#16598),#6071);
#16598 = PRESENTATION_STYLE_ASSIGNMENT((#16599));
#16599 = SURFACE_STYLE_USAGE(.BOTH.,#16600);
#16600 = SURFACE_SIDE_STYLE('',(#16601));
#16601 = SURFACE_STYLE_FILL_AREA(#16602);
#16602 = FILL_AREA_STYLE('',(#16603));
#16603 = FILL_AREA_STYLE_COLOUR('',#16351);
#16604 = STYLED_ITEM('color',(#16605),#6088);
#16605 = PRESENTATION_STYLE_ASSIGNMENT((#16606));
#16606 = SURFACE_STYLE_USAGE(.BOTH.,#16607);
#16607 = SURFACE_SIDE_STYLE('',(#16608));
#16608 = SURFACE_STYLE_FILL_AREA(#16609);
#16609 = FILL_AREA_STYLE('',(#16610));
#16610 = FILL_AREA_STYLE_COLOUR('',#16224);
#16611 = STYLED_ITEM('color',(#16612),#6105);
#16612 = PRESENTATION_STYLE_ASSIGNMENT((#16613));
#16613 = SURFACE_STYLE_USAGE(.BOTH.,#16614);
#16614 = SURFACE_SIDE_STYLE('',(#16615));
#16615 = SURFACE_STYLE_FILL_AREA(#16616);
#16616 = FILL_AREA_STYLE('',(#16617));
#16617 = FILL_AREA_STYLE_COLOUR('',#16224);
#16618 = STYLED_ITEM('color',(#16619),#6122);
#16619 = PRESENTATION_STYLE_ASSIGNMENT((#16620));
#16620 = SURFACE_STYLE_USAGE(.BOTH.,#16621);
#16621 = SURFACE_SIDE_STYLE('',(#16622));
#16622 = SURFACE_STYLE_FILL_AREA(#16623);
#16623 = FILL_AREA_STYLE('',(#16624));
#16624 = FILL_AREA_STYLE_COLOUR('',#16224);
#16625 = STYLED_ITEM('color',(#16626),#6173);
#16626 = PRESENTATION_STYLE_ASSIGNMENT((#16627));
#16627 = SURFACE_STYLE_USAGE(.BOTH.,#16628);
#16628 = SURFACE_SIDE_STYLE('',(#16629));
#16629 = SURFACE_STYLE_FILL_AREA(#16630);
#16630 = FILL_AREA_STYLE('',(#16631));
#16631 = FILL_AREA_STYLE_COLOUR('',#16224);
#16632 = STYLED_ITEM('color',(#16633),#6190);
#16633 = PRESENTATION_STYLE_ASSIGNMENT((#16634));
#16634 = SURFACE_STYLE_USAGE(.BOTH.,#16635);
#16635 = SURFACE_SIDE_STYLE('',(#16636));
#16636 = SURFACE_STYLE_FILL_AREA(#16637);
#16637 = FILL_AREA_STYLE('',(#16638));
#16638 = FILL_AREA_STYLE_COLOUR('',#16224);
#16639 = STYLED_ITEM('color',(#16640),#6207);
#16640 = PRESENTATION_STYLE_ASSIGNMENT((#16641));
#16641 = SURFACE_STYLE_USAGE(.BOTH.,#16642);
#16642 = SURFACE_SIDE_STYLE('',(#16643));
#16643 = SURFACE_STYLE_FILL_AREA(#16644);
#16644 = FILL_AREA_STYLE('',(#16645));
#16645 = FILL_AREA_STYLE_COLOUR('',#16224);
#16646 = STYLED_ITEM('color',(#16647),#6224);
#16647 = PRESENTATION_STYLE_ASSIGNMENT((#16648));
#16648 = SURFACE_STYLE_USAGE(.BOTH.,#16649);
#16649 = SURFACE_SIDE_STYLE('',(#16650));
#16650 = SURFACE_STYLE_FILL_AREA(#16651);
#16651 = FILL_AREA_STYLE('',(#16652));
#16652 = FILL_AREA_STYLE_COLOUR('',#16224);
#16653 = STYLED_ITEM('color',(#16654),#6270);
#16654 = PRESENTATION_STYLE_ASSIGNMENT((#16655));
#16655 = SURFACE_STYLE_USAGE(.BOTH.,#16656);
#16656 = SURFACE_SIDE_STYLE('',(#16657));
#16657 = SURFACE_STYLE_FILL_AREA(#16658);
#16658 = FILL_AREA_STYLE('',(#16659));
#16659 = FILL_AREA_STYLE_COLOUR('',#16351);
#16660 = STYLED_ITEM('color',(#16661),#6282);
#16661 = PRESENTATION_STYLE_ASSIGNMENT((#16662));
#16662 = SURFACE_STYLE_USAGE(.BOTH.,#16663);
#16663 = SURFACE_SIDE_STYLE('',(#16664));
#16664 = SURFACE_STYLE_FILL_AREA(#16665);
#16665 = FILL_AREA_STYLE('',(#16666));
#16666 = FILL_AREA_STYLE_COLOUR('',#16351);
#16667 = STYLED_ITEM('color',(#16668),#6294);
#16668 = PRESENTATION_STYLE_ASSIGNMENT((#16669));
#16669 = SURFACE_STYLE_USAGE(.BOTH.,#16670);
#16670 = SURFACE_SIDE_STYLE('',(#16671));
#16671 = SURFACE_STYLE_FILL_AREA(#16672);
#16672 = FILL_AREA_STYLE('',(#16673));
#16673 = FILL_AREA_STYLE_COLOUR('',#16351);
#16674 = STYLED_ITEM('color',(#16675),#6391);
#16675 = PRESENTATION_STYLE_ASSIGNMENT((#16676));
#16676 = SURFACE_STYLE_USAGE(.BOTH.,#16677);
#16677 = SURFACE_SIDE_STYLE('',(#16678));
#16678 = SURFACE_STYLE_FILL_AREA(#16679);
#16679 = FILL_AREA_STYLE('',(#16680));
#16680 = FILL_AREA_STYLE_COLOUR('',#16351);
#16681 = STYLED_ITEM('color',(#16682),#6415);
#16682 = PRESENTATION_STYLE_ASSIGNMENT((#16683));
#16683 = SURFACE_STYLE_USAGE(.BOTH.,#16684);
#16684 = SURFACE_SIDE_STYLE('',(#16685));
#16685 = SURFACE_STYLE_FILL_AREA(#16686);
#16686 = FILL_AREA_STYLE('',(#16687));
#16687 = FILL_AREA_STYLE_COLOUR('',#16351);
#16688 = STYLED_ITEM('color',(#16689),#6505);
#16689 = PRESENTATION_STYLE_ASSIGNMENT((#16690));
#16690 = SURFACE_STYLE_USAGE(.BOTH.,#16691);
#16691 = SURFACE_SIDE_STYLE('',(#16692));
#16692 = SURFACE_STYLE_FILL_AREA(#16693);
#16693 = FILL_AREA_STYLE('',(#16694));
#16694 = FILL_AREA_STYLE_COLOUR('',#16351);
#16695 = STYLED_ITEM('color',(#16696),#6522);
#16696 = PRESENTATION_STYLE_ASSIGNMENT((#16697));
#16697 = SURFACE_STYLE_USAGE(.BOTH.,#16698);
#16698 = SURFACE_SIDE_STYLE('',(#16699));
#16699 = SURFACE_STYLE_FILL_AREA(#16700);
#16700 = FILL_AREA_STYLE('',(#16701));
#16701 = FILL_AREA_STYLE_COLOUR('',#16351);
#16702 = STYLED_ITEM('color',(#16703),#6619);
#16703 = PRESENTATION_STYLE_ASSIGNMENT((#16704));
#16704 = SURFACE_STYLE_USAGE(.BOTH.,#16705);
#16705 = SURFACE_SIDE_STYLE('',(#16706));
#16706 = SURFACE_STYLE_FILL_AREA(#16707);
#16707 = FILL_AREA_STYLE('',(#16708));
#16708 = FILL_AREA_STYLE_COLOUR('',#16351);
#16709 = STYLED_ITEM('color',(#16710),#6643);
#16710 = PRESENTATION_STYLE_ASSIGNMENT((#16711));
#16711 = SURFACE_STYLE_USAGE(.BOTH.,#16712);
#16712 = SURFACE_SIDE_STYLE('',(#16713));
#16713 = SURFACE_STYLE_FILL_AREA(#16714);
#16714 = FILL_AREA_STYLE('',(#16715));
#16715 = FILL_AREA_STYLE_COLOUR('',#16351);
#16716 = STYLED_ITEM('color',(#16717),#6733);
#16717 = PRESENTATION_STYLE_ASSIGNMENT((#16718));
#16718 = SURFACE_STYLE_USAGE(.BOTH.,#16719);
#16719 = SURFACE_SIDE_STYLE('',(#16720));
#16720 = SURFACE_STYLE_FILL_AREA(#16721);
#16721 = FILL_AREA_STYLE('',(#16722));
#16722 = FILL_AREA_STYLE_COLOUR('',#16351);
#16723 = STYLED_ITEM('color',(#16724),#6750);
#16724 = PRESENTATION_STYLE_ASSIGNMENT((#16725));
#16725 = SURFACE_STYLE_USAGE(.BOTH.,#16726);
#16726 = SURFACE_SIDE_STYLE('',(#16727));
#16727 = SURFACE_STYLE_FILL_AREA(#16728);
#16728 = FILL_AREA_STYLE('',(#16729));
#16729 = FILL_AREA_STYLE_COLOUR('',#16351);
#16730 = STYLED_ITEM('color',(#16731),#6767);
#16731 = PRESENTATION_STYLE_ASSIGNMENT((#16732));
#16732 = SURFACE_STYLE_USAGE(.BOTH.,#16733);
#16733 = SURFACE_SIDE_STYLE('',(#16734));
#16734 = SURFACE_STYLE_FILL_AREA(#16735);
#16735 = FILL_AREA_STYLE('',(#16736));
#16736 = FILL_AREA_STYLE_COLOUR('',#16351);
#16737 = STYLED_ITEM('color',(#16738),#6784);
#16738 = PRESENTATION_STYLE_ASSIGNMENT((#16739));
#16739 = SURFACE_STYLE_USAGE(.BOTH.,#16740);
#16740 = SURFACE_SIDE_STYLE('',(#16741));
#16741 = SURFACE_STYLE_FILL_AREA(#16742);
#16742 = FILL_AREA_STYLE('',(#16743));
#16743 = FILL_AREA_STYLE_COLOUR('',#16351);
#16744 = STYLED_ITEM('color',(#16745),#6801);
#16745 = PRESENTATION_STYLE_ASSIGNMENT((#16746));
#16746 = SURFACE_STYLE_USAGE(.BOTH.,#16747);
#16747 = SURFACE_SIDE_STYLE('',(#16748));
#16748 = SURFACE_STYLE_FILL_AREA(#16749);
#16749 = FILL_AREA_STYLE('',(#16750));
#16750 = FILL_AREA_STYLE_COLOUR('',#16351);
#16751 = STYLED_ITEM('color',(#16752),#6834);
#16752 = PRESENTATION_STYLE_ASSIGNMENT((#16753));
#16753 = SURFACE_STYLE_USAGE(.BOTH.,#16754);
#16754 = SURFACE_SIDE_STYLE('',(#16755));
#16755 = SURFACE_STYLE_FILL_AREA(#16756);
#16756 = FILL_AREA_STYLE('',(#16757));
#16757 = FILL_AREA_STYLE_COLOUR('',#16351);
#16758 = STYLED_ITEM('color',(#16759),#6874);
#16759 = PRESENTATION_STYLE_ASSIGNMENT((#16760));
#16760 = SURFACE_STYLE_USAGE(.BOTH.,#16761);
#16761 = SURFACE_SIDE_STYLE('',(#16762));
#16762 = SURFACE_STYLE_FILL_AREA(#16763);
#16763 = FILL_AREA_STYLE('',(#16764));
#16764 = FILL_AREA_STYLE_COLOUR('',#16351);
#16765 = STYLED_ITEM('color',(#16766),#6905);
#16766 = PRESENTATION_STYLE_ASSIGNMENT((#16767));
#16767 = SURFACE_STYLE_USAGE(.BOTH.,#16768);
#16768 = SURFACE_SIDE_STYLE('',(#16769));
#16769 = SURFACE_STYLE_FILL_AREA(#16770);
#16770 = FILL_AREA_STYLE('',(#16771));
#16771 = FILL_AREA_STYLE_COLOUR('',#16351);
#16772 = STYLED_ITEM('color',(#16773),#6922);
#16773 = PRESENTATION_STYLE_ASSIGNMENT((#16774));
#16774 = SURFACE_STYLE_USAGE(.BOTH.,#16775);
#16775 = SURFACE_SIDE_STYLE('',(#16776));
#16776 = SURFACE_STYLE_FILL_AREA(#16777);
#16777 = FILL_AREA_STYLE('',(#16778));
#16778 = FILL_AREA_STYLE_COLOUR('',#16351);
#16779 = STYLED_ITEM('color',(#16780),#6939);
#16780 = PRESENTATION_STYLE_ASSIGNMENT((#16781));
#16781 = SURFACE_STYLE_USAGE(.BOTH.,#16782);
#16782 = SURFACE_SIDE_STYLE('',(#16783));
#16783 = SURFACE_STYLE_FILL_AREA(#16784);
#16784 = FILL_AREA_STYLE('',(#16785));
#16785 = FILL_AREA_STYLE_COLOUR('',#16351);
#16786 = STYLED_ITEM('color',(#16787),#6951);
#16787 = PRESENTATION_STYLE_ASSIGNMENT((#16788));
#16788 = SURFACE_STYLE_USAGE(.BOTH.,#16789);
#16789 = SURFACE_SIDE_STYLE('',(#16790));
#16790 = SURFACE_STYLE_FILL_AREA(#16791);
#16791 = FILL_AREA_STYLE('',(#16792));
#16792 = FILL_AREA_STYLE_COLOUR('',#16351);
#16793 = STYLED_ITEM('color',(#16794),#6984);
#16794 = PRESENTATION_STYLE_ASSIGNMENT((#16795));
#16795 = SURFACE_STYLE_USAGE(.BOTH.,#16796);
#16796 = SURFACE_SIDE_STYLE('',(#16797));
#16797 = SURFACE_STYLE_FILL_AREA(#16798);
#16798 = FILL_AREA_STYLE('',(#16799));
#16799 = FILL_AREA_STYLE_COLOUR('',#16351);
#16800 = STYLED_ITEM('color',(#16801),#7001);
#16801 = PRESENTATION_STYLE_ASSIGNMENT((#16802));
#16802 = SURFACE_STYLE_USAGE(.BOTH.,#16803);
#16803 = SURFACE_SIDE_STYLE('',(#16804));
#16804 = SURFACE_STYLE_FILL_AREA(#16805);
#16805 = FILL_AREA_STYLE('',(#16806));
#16806 = FILL_AREA_STYLE_COLOUR('',#16351);
#16807 = STYLED_ITEM('color',(#16808),#7018);
#16808 = PRESENTATION_STYLE_ASSIGNMENT((#16809));
#16809 = SURFACE_STYLE_USAGE(.BOTH.,#16810);
#16810 = SURFACE_SIDE_STYLE('',(#16811));
#16811 = SURFACE_STYLE_FILL_AREA(#16812);
#16812 = FILL_AREA_STYLE('',(#16813));
#16813 = FILL_AREA_STYLE_COLOUR('',#16351);
#16814 = STYLED_ITEM('color',(#16815),#7035);
#16815 = PRESENTATION_STYLE_ASSIGNMENT((#16816));
#16816 = SURFACE_STYLE_USAGE(.BOTH.,#16817);
#16817 = SURFACE_SIDE_STYLE('',(#16818));
#16818 = SURFACE_STYLE_FILL_AREA(#16819);
#16819 = FILL_AREA_STYLE('',(#16820));
#16820 = FILL_AREA_STYLE_COLOUR('',#16351);
#16821 = STYLED_ITEM('color',(#16822),#7068);
#16822 = PRESENTATION_STYLE_ASSIGNMENT((#16823));
#16823 = SURFACE_STYLE_USAGE(.BOTH.,#16824);
#16824 = SURFACE_SIDE_STYLE('',(#16825));
#16825 = SURFACE_STYLE_FILL_AREA(#16826);
#16826 = FILL_AREA_STYLE('',(#16827));
#16827 = FILL_AREA_STYLE_COLOUR('',#16351);
#16828 = STYLED_ITEM('color',(#16829),#7108);
#16829 = PRESENTATION_STYLE_ASSIGNMENT((#16830));
#16830 = SURFACE_STYLE_USAGE(.BOTH.,#16831);
#16831 = SURFACE_SIDE_STYLE('',(#16832));
#16832 = SURFACE_STYLE_FILL_AREA(#16833);
#16833 = FILL_AREA_STYLE('',(#16834));
#16834 = FILL_AREA_STYLE_COLOUR('',#16351);
#16835 = STYLED_ITEM('color',(#16836),#7139);
#16836 = PRESENTATION_STYLE_ASSIGNMENT((#16837));
#16837 = SURFACE_STYLE_USAGE(.BOTH.,#16838);
#16838 = SURFACE_SIDE_STYLE('',(#16839));
#16839 = SURFACE_STYLE_FILL_AREA(#16840);
#16840 = FILL_AREA_STYLE('',(#16841));
#16841 = FILL_AREA_STYLE_COLOUR('',#16351);
#16842 = STYLED_ITEM('color',(#16843),#7156);
#16843 = PRESENTATION_STYLE_ASSIGNMENT((#16844));
#16844 = SURFACE_STYLE_USAGE(.BOTH.,#16845);
#16845 = SURFACE_SIDE_STYLE('',(#16846));
#16846 = SURFACE_STYLE_FILL_AREA(#16847);
#16847 = FILL_AREA_STYLE('',(#16848));
#16848 = FILL_AREA_STYLE_COLOUR('',#16351);
#16849 = STYLED_ITEM('color',(#16850),#7173);
#16850 = PRESENTATION_STYLE_ASSIGNMENT((#16851));
#16851 = SURFACE_STYLE_USAGE(.BOTH.,#16852);
#16852 = SURFACE_SIDE_STYLE('',(#16853));
#16853 = SURFACE_STYLE_FILL_AREA(#16854);
#16854 = FILL_AREA_STYLE('',(#16855));
#16855 = FILL_AREA_STYLE_COLOUR('',#16351);
#16856 = STYLED_ITEM('color',(#16857),#7185);
#16857 = PRESENTATION_STYLE_ASSIGNMENT((#16858));
#16858 = SURFACE_STYLE_USAGE(.BOTH.,#16859);
#16859 = SURFACE_SIDE_STYLE('',(#16860));
#16860 = SURFACE_STYLE_FILL_AREA(#16861);
#16861 = FILL_AREA_STYLE('',(#16862));
#16862 = FILL_AREA_STYLE_COLOUR('',#16351);
#16863 = STYLED_ITEM('color',(#16864),#7218);
#16864 = PRESENTATION_STYLE_ASSIGNMENT((#16865));
#16865 = SURFACE_STYLE_USAGE(.BOTH.,#16866);
#16866 = SURFACE_SIDE_STYLE('',(#16867));
#16867 = SURFACE_STYLE_FILL_AREA(#16868);
#16868 = FILL_AREA_STYLE('',(#16869));
#16869 = FILL_AREA_STYLE_COLOUR('',#16351);
#16870 = STYLED_ITEM('color',(#16871),#7235);
#16871 = PRESENTATION_STYLE_ASSIGNMENT((#16872));
#16872 = SURFACE_STYLE_USAGE(.BOTH.,#16873);
#16873 = SURFACE_SIDE_STYLE('',(#16874));
#16874 = SURFACE_STYLE_FILL_AREA(#16875);
#16875 = FILL_AREA_STYLE('',(#16876));
#16876 = FILL_AREA_STYLE_COLOUR('',#16351);
#16877 = STYLED_ITEM('color',(#16878),#7252);
#16878 = PRESENTATION_STYLE_ASSIGNMENT((#16879));
#16879 = SURFACE_STYLE_USAGE(.BOTH.,#16880);
#16880 = SURFACE_SIDE_STYLE('',(#16881));
#16881 = SURFACE_STYLE_FILL_AREA(#16882);
#16882 = FILL_AREA_STYLE('',(#16883));
#16883 = FILL_AREA_STYLE_COLOUR('',#16351);
#16884 = STYLED_ITEM('color',(#16885),#7264);
#16885 = PRESENTATION_STYLE_ASSIGNMENT((#16886));
#16886 = SURFACE_STYLE_USAGE(.BOTH.,#16887);
#16887 = SURFACE_SIDE_STYLE('',(#16888));
#16888 = SURFACE_STYLE_FILL_AREA(#16889);
#16889 = FILL_AREA_STYLE('',(#16890));
#16890 = FILL_AREA_STYLE_COLOUR('',#16351);
#16891 = STYLED_ITEM('color',(#16892),#7281);
#16892 = PRESENTATION_STYLE_ASSIGNMENT((#16893));
#16893 = SURFACE_STYLE_USAGE(.BOTH.,#16894);
#16894 = SURFACE_SIDE_STYLE('',(#16895));
#16895 = SURFACE_STYLE_FILL_AREA(#16896);
#16896 = FILL_AREA_STYLE('',(#16897));
#16897 = FILL_AREA_STYLE_COLOUR('',#16351);
#16898 = STYLED_ITEM('color',(#16899),#7298);
#16899 = PRESENTATION_STYLE_ASSIGNMENT((#16900));
#16900 = SURFACE_STYLE_USAGE(.BOTH.,#16901);
#16901 = SURFACE_SIDE_STYLE('',(#16902));
#16902 = SURFACE_STYLE_FILL_AREA(#16903);
#16903 = FILL_AREA_STYLE('',(#16904));
#16904 = FILL_AREA_STYLE_COLOUR('',#16351);
#16905 = MECHANICAL_DESIGN_GEOMETRIC_PRESENTATION_REPRESENTATION('',(
    #16906,#16916,#16925,#16934,#16943,#16952,#16961,#16970,#16979,
    #16989,#16998,#17007,#17016,#17025,#17034,#17043,#17052,#17061,
    #17070,#17079,#17088,#17097,#17106,#17115,#17124,#17133,#17142,
    #17151,#17160,#17169,#17178,#17187,#17196,#17205,#17214,#17223,
    #17232,#17241,#17250,#17259,#17268,#17277,#17286,#17295,#17304,
    #17313,#17322,#17331,#17340,#17349,#17358,#17367,#17376,#17385,
    #17394,#17403,#17412,#17421,#17430,#17439,#17448,#17457,#17466,
    #17475,#17484,#17493,#17502,#17511,#17520,#17529,#17538,#17547,
    #17556,#17565,#17574,#17583,#17592,#17601,#17610,#17619,#17628,
    #17637,#17646,#17655,#17664,#17673,#17682,#17691,#17700,#17709,
    #17718,#17727,#17736,#17745,#17754,#17763,#17772,#17781,#17790,
    #17799,#17808,#17817,#17826,#17835,#17844,#17853,#17862,#17871,
    #17880,#17889,#17898,#17907,#17916,#17925,#17934,#17943,#17952,
    #17961,#17970,#17979,#17988,#17997,#18006,#18015,#18024,#18033,
    #18042,#18051,#18060,#18069,#18078,#18087,#18096,#18105,#18114,
    #18123,#18132,#18141,#18150,#18159,#18168,#18177,#18186,#18195,
    #18204,#18213,#18222,#18231,#18240,#18249,#18258,#18267,#18276,
    #18285,#18294,#18303,#18312,#18321,#18330,#18339,#18348,#18357,
    #18366,#18375,#18384,#18393,#18402,#18411,#18420,#18429,#18438,
    #18447,#18456,#18465,#18474,#18483,#18492,#18501,#18510,#18519),
  #4238);
#16906 = STYLED_ITEM('color',(#16907),#78);
#16907 = PRESENTATION_STYLE_ASSIGNMENT((#16908,#16914));
#16908 = SURFACE_STYLE_USAGE(.BOTH.,#16909);
#16909 = SURFACE_SIDE_STYLE('',(#16910));
#16910 = SURFACE_STYLE_FILL_AREA(#16911);
#16911 = FILL_AREA_STYLE('',(#16912));
#16912 = FILL_AREA_STYLE_COLOUR('',#16913);
#16913 = COLOUR_RGB('',0.147999998088,0.145000001626,0.145000001626);
#16914 = CURVE_STYLE('',#16915,POSITIVE_LENGTH_MEASURE(0.1),#16913);
#16915 = DRAUGHTING_PRE_DEFINED_CURVE_FONT('continuous');
#16916 = STYLED_ITEM('color',(#16917),#118);
#16917 = PRESENTATION_STYLE_ASSIGNMENT((#16918,#16923));
#16918 = SURFACE_STYLE_USAGE(.BOTH.,#16919);
#16919 = SURFACE_SIDE_STYLE('',(#16920));
#16920 = SURFACE_STYLE_FILL_AREA(#16921);
#16921 = FILL_AREA_STYLE('',(#16922));
#16922 = FILL_AREA_STYLE_COLOUR('',#16913);
#16923 = CURVE_STYLE('',#16924,POSITIVE_LENGTH_MEASURE(0.1),#16913);
#16924 = DRAUGHTING_PRE_DEFINED_CURVE_FONT('continuous');
#16925 = STYLED_ITEM('color',(#16926),#181);
#16926 = PRESENTATION_STYLE_ASSIGNMENT((#16927,#16932));
#16927 = SURFACE_STYLE_USAGE(.BOTH.,#16928);
#16928 = SURFACE_SIDE_STYLE('',(#16929));
#16929 = SURFACE_STYLE_FILL_AREA(#16930);
#16930 = FILL_AREA_STYLE('',(#16931));
#16931 = FILL_AREA_STYLE_COLOUR('',#16913);
#16932 = CURVE_STYLE('',#16933,POSITIVE_LENGTH_MEASURE(0.1),#16913);
#16933 = DRAUGHTING_PRE_DEFINED_CURVE_FONT('continuous');
#16934 = STYLED_ITEM('color',(#16935),#244);
#16935 = PRESENTATION_STYLE_ASSIGNMENT((#16936,#16941));
#16936 = SURFACE_STYLE_USAGE(.BOTH.,#16937);
#16937 = SURFACE_SIDE_STYLE('',(#16938));
#16938 = SURFACE_STYLE_FILL_AREA(#16939);
#16939 = FILL_AREA_STYLE('',(#16940));
#16940 = FILL_AREA_STYLE_COLOUR('',#16913);
#16941 = CURVE_STYLE('',#16942,POSITIVE_LENGTH_MEASURE(0.1),#16913);
#16942 = DRAUGHTING_PRE_DEFINED_CURVE_FONT('continuous');
#16943 = STYLED_ITEM('color',(#16944),#261);
#16944 = PRESENTATION_STYLE_ASSIGNMENT((#16945,#16950));
#16945 = SURFACE_STYLE_USAGE(.BOTH.,#16946);
#16946 = SURFACE_SIDE_STYLE('',(#16947));
#16947 = SURFACE_STYLE_FILL_AREA(#16948);
#16948 = FILL_AREA_STYLE('',(#16949));
#16949 = FILL_AREA_STYLE_COLOUR('',#16913);
#16950 = CURVE_STYLE('',#16951,POSITIVE_LENGTH_MEASURE(0.1),#16913);
#16951 = DRAUGHTING_PRE_DEFINED_CURVE_FONT('continuous');
#16952 = STYLED_ITEM('color',(#16953),#448);
#16953 = PRESENTATION_STYLE_ASSIGNMENT((#16954,#16959));
#16954 = SURFACE_STYLE_USAGE(.BOTH.,#16955);
#16955 = SURFACE_SIDE_STYLE('',(#16956));
#16956 = SURFACE_STYLE_FILL_AREA(#16957);
#16957 = FILL_AREA_STYLE('',(#16958));
#16958 = FILL_AREA_STYLE_COLOUR('',#16913);
#16959 = CURVE_STYLE('',#16960,POSITIVE_LENGTH_MEASURE(0.1),#16913);
#16960 = DRAUGHTING_PRE_DEFINED_CURVE_FONT('continuous');
#16961 = STYLED_ITEM('color',(#16962),#470);
#16962 = PRESENTATION_STYLE_ASSIGNMENT((#16963,#16968));
#16963 = SURFACE_STYLE_USAGE(.BOTH.,#16964);
#16964 = SURFACE_SIDE_STYLE('',(#16965));
#16965 = SURFACE_STYLE_FILL_AREA(#16966);
#16966 = FILL_AREA_STYLE('',(#16967));
#16967 = FILL_AREA_STYLE_COLOUR('',#16913);
#16968 = CURVE_STYLE('',#16969,POSITIVE_LENGTH_MEASURE(0.1),#16913);
#16969 = DRAUGHTING_PRE_DEFINED_CURVE_FONT('continuous');
#16970 = STYLED_ITEM('color',(#16971),#487);
#16971 = PRESENTATION_STYLE_ASSIGNMENT((#16972,#16977));
#16972 = SURFACE_STYLE_USAGE(.BOTH.,#16973);
#16973 = SURFACE_SIDE_STYLE('',(#16974));
#16974 = SURFACE_STYLE_FILL_AREA(#16975);
#16975 = FILL_AREA_STYLE('',(#16976));
#16976 = FILL_AREA_STYLE_COLOUR('',#16913);
#16977 = CURVE_STYLE('',#16978,POSITIVE_LENGTH_MEASURE(0.1),#16913);
#16978 = DRAUGHTING_PRE_DEFINED_CURVE_FONT('continuous');
#16979 = OVER_RIDING_STYLED_ITEM('overriding color',(#16980),#520,#16970
  );
#16980 = PRESENTATION_STYLE_ASSIGNMENT((#16981,#16987));
#16981 = SURFACE_STYLE_USAGE(.BOTH.,#16982);
#16982 = SURFACE_SIDE_STYLE('',(#16983));
#16983 = SURFACE_STYLE_FILL_AREA(#16984);
#16984 = FILL_AREA_STYLE('',(#16985));
#16985 = FILL_AREA_STYLE_COLOUR('',#16986);
#16986 = COLOUR_RGB('',0.858999988747,0.738000004258,0.496000005009);
#16987 = CURVE_STYLE('',#16988,POSITIVE_LENGTH_MEASURE(0.1),#16986);
#16988 = DRAUGHTING_PRE_DEFINED_CURVE_FONT('continuous');
#16989 = OVER_RIDING_STYLED_ITEM('overriding color',(#16990),#552,#16970
  );
#16990 = PRESENTATION_STYLE_ASSIGNMENT((#16991,#16996));
#16991 = SURFACE_STYLE_USAGE(.BOTH.,#16992);
#16992 = SURFACE_SIDE_STYLE('',(#16993));
#16993 = SURFACE_STYLE_FILL_AREA(#16994);
#16994 = FILL_AREA_STYLE('',(#16995));
#16995 = FILL_AREA_STYLE_COLOUR('',#16986);
#16996 = CURVE_STYLE('',#16997,POSITIVE_LENGTH_MEASURE(0.1),#16986);
#16997 = DRAUGHTING_PRE_DEFINED_CURVE_FONT('continuous');
#16998 = OVER_RIDING_STYLED_ITEM('overriding color',(#16999),#586,#16970
  );
#16999 = PRESENTATION_STYLE_ASSIGNMENT((#17000,#17005));
#17000 = SURFACE_STYLE_USAGE(.BOTH.,#17001);
#17001 = SURFACE_SIDE_STYLE('',(#17002));
#17002 = SURFACE_STYLE_FILL_AREA(#17003);
#17003 = FILL_AREA_STYLE('',(#17004));
#17004 = FILL_AREA_STYLE_COLOUR('',#16986);
#17005 = CURVE_STYLE('',#17006,POSITIVE_LENGTH_MEASURE(0.1),#16986);
#17006 = DRAUGHTING_PRE_DEFINED_CURVE_FONT('continuous');
#17007 = OVER_RIDING_STYLED_ITEM('overriding color',(#17008),#618,#16970
  );
#17008 = PRESENTATION_STYLE_ASSIGNMENT((#17009,#17014));
#17009 = SURFACE_STYLE_USAGE(.BOTH.,#17010);
#17010 = SURFACE_SIDE_STYLE('',(#17011));
#17011 = SURFACE_STYLE_FILL_AREA(#17012);
#17012 = FILL_AREA_STYLE('',(#17013));
#17013 = FILL_AREA_STYLE_COLOUR('',#16986);
#17014 = CURVE_STYLE('',#17015,POSITIVE_LENGTH_MEASURE(0.1),#16986);
#17015 = DRAUGHTING_PRE_DEFINED_CURVE_FONT('continuous');
#17016 = OVER_RIDING_STYLED_ITEM('overriding color',(#17017),#652,#16970
  );
#17017 = PRESENTATION_STYLE_ASSIGNMENT((#17018,#17023));
#17018 = SURFACE_STYLE_USAGE(.BOTH.,#17019);
#17019 = SURFACE_SIDE_STYLE('',(#17020));
#17020 = SURFACE_STYLE_FILL_AREA(#17021);
#17021 = FILL_AREA_STYLE('',(#17022));
#17022 = FILL_AREA_STYLE_COLOUR('',#16986);
#17023 = CURVE_STYLE('',#17024,POSITIVE_LENGTH_MEASURE(0.1),#16986);
#17024 = DRAUGHTING_PRE_DEFINED_CURVE_FONT('continuous');
#17025 = OVER_RIDING_STYLED_ITEM('overriding color',(#17026),#684,#16970
  );
#17026 = PRESENTATION_STYLE_ASSIGNMENT((#17027,#17032));
#17027 = SURFACE_STYLE_USAGE(.BOTH.,#17028);
#17028 = SURFACE_SIDE_STYLE('',(#17029));
#17029 = SURFACE_STYLE_FILL_AREA(#17030);
#17030 = FILL_AREA_STYLE('',(#17031));
#17031 = FILL_AREA_STYLE_COLOUR('',#16986);
#17032 = CURVE_STYLE('',#17033,POSITIVE_LENGTH_MEASURE(0.1),#16986);
#17033 = DRAUGHTING_PRE_DEFINED_CURVE_FONT('continuous');
#17034 = OVER_RIDING_STYLED_ITEM('overriding color',(#17035),#718,#16970
  );
#17035 = PRESENTATION_STYLE_ASSIGNMENT((#17036,#17041));
#17036 = SURFACE_STYLE_USAGE(.BOTH.,#17037);
#17037 = SURFACE_SIDE_STYLE('',(#17038));
#17038 = SURFACE_STYLE_FILL_AREA(#17039);
#17039 = FILL_AREA_STYLE('',(#17040));
#17040 = FILL_AREA_STYLE_COLOUR('',#16986);
#17041 = CURVE_STYLE('',#17042,POSITIVE_LENGTH_MEASURE(0.1),#16986);
#17042 = DRAUGHTING_PRE_DEFINED_CURVE_FONT('continuous');
#17043 = OVER_RIDING_STYLED_ITEM('overriding color',(#17044),#750,#16970
  );
#17044 = PRESENTATION_STYLE_ASSIGNMENT((#17045,#17050));
#17045 = SURFACE_STYLE_USAGE(.BOTH.,#17046);
#17046 = SURFACE_SIDE_STYLE('',(#17047));
#17047 = SURFACE_STYLE_FILL_AREA(#17048);
#17048 = FILL_AREA_STYLE('',(#17049));
#17049 = FILL_AREA_STYLE_COLOUR('',#16986);
#17050 = CURVE_STYLE('',#17051,POSITIVE_LENGTH_MEASURE(0.1),#16986);
#17051 = DRAUGHTING_PRE_DEFINED_CURVE_FONT('continuous');
#17052 = OVER_RIDING_STYLED_ITEM('overriding color',(#17053),#784,#16970
  );
#17053 = PRESENTATION_STYLE_ASSIGNMENT((#17054,#17059));
#17054 = SURFACE_STYLE_USAGE(.BOTH.,#17055);
#17055 = SURFACE_SIDE_STYLE('',(#17056));
#17056 = SURFACE_STYLE_FILL_AREA(#17057);
#17057 = FILL_AREA_STYLE('',(#17058));
#17058 = FILL_AREA_STYLE_COLOUR('',#16986);
#17059 = CURVE_STYLE('',#17060,POSITIVE_LENGTH_MEASURE(0.1),#16986);
#17060 = DRAUGHTING_PRE_DEFINED_CURVE_FONT('continuous');
#17061 = OVER_RIDING_STYLED_ITEM('overriding color',(#17062),#816,#16970
  );
#17062 = PRESENTATION_STYLE_ASSIGNMENT((#17063,#17068));
#17063 = SURFACE_STYLE_USAGE(.BOTH.,#17064);
#17064 = SURFACE_SIDE_STYLE('',(#17065));
#17065 = SURFACE_STYLE_FILL_AREA(#17066);
#17066 = FILL_AREA_STYLE('',(#17067));
#17067 = FILL_AREA_STYLE_COLOUR('',#16986);
#17068 = CURVE_STYLE('',#17069,POSITIVE_LENGTH_MEASURE(0.1),#16986);
#17069 = DRAUGHTING_PRE_DEFINED_CURVE_FONT('continuous');
#17070 = STYLED_ITEM('color',(#17071),#834);
#17071 = PRESENTATION_STYLE_ASSIGNMENT((#17072,#17077));
#17072 = SURFACE_STYLE_USAGE(.BOTH.,#17073);
#17073 = SURFACE_SIDE_STYLE('',(#17074));
#17074 = SURFACE_STYLE_FILL_AREA(#17075);
#17075 = FILL_AREA_STYLE('',(#17076));
#17076 = FILL_AREA_STYLE_COLOUR('',#16913);
#17077 = CURVE_STYLE('',#17078,POSITIVE_LENGTH_MEASURE(0.1),#16913);
#17078 = DRAUGHTING_PRE_DEFINED_CURVE_FONT('continuous');
#17079 = STYLED_ITEM('color',(#17080),#846);
#17080 = PRESENTATION_STYLE_ASSIGNMENT((#17081,#17086));
#17081 = SURFACE_STYLE_USAGE(.BOTH.,#17082);
#17082 = SURFACE_SIDE_STYLE('',(#17083));
#17083 = SURFACE_STYLE_FILL_AREA(#17084);
#17084 = FILL_AREA_STYLE('',(#17085));
#17085 = FILL_AREA_STYLE_COLOUR('',#16913);
#17086 = CURVE_STYLE('',#17087,POSITIVE_LENGTH_MEASURE(0.1),#16913);
#17087 = DRAUGHTING_PRE_DEFINED_CURVE_FONT('continuous');
#17088 = STYLED_ITEM('color',(#17089),#858);
#17089 = PRESENTATION_STYLE_ASSIGNMENT((#17090,#17095));
#17090 = SURFACE_STYLE_USAGE(.BOTH.,#17091);
#17091 = SURFACE_SIDE_STYLE('',(#17092));
#17092 = SURFACE_STYLE_FILL_AREA(#17093);
#17093 = FILL_AREA_STYLE('',(#17094));
#17094 = FILL_AREA_STYLE_COLOUR('',#16913);
#17095 = CURVE_STYLE('',#17096,POSITIVE_LENGTH_MEASURE(0.1),#16913);
#17096 = DRAUGHTING_PRE_DEFINED_CURVE_FONT('continuous');
#17097 = STYLED_ITEM('color',(#17098),#889);
#17098 = PRESENTATION_STYLE_ASSIGNMENT((#17099,#17104));
#17099 = SURFACE_STYLE_USAGE(.BOTH.,#17100);
#17100 = SURFACE_SIDE_STYLE('',(#17101));
#17101 = SURFACE_STYLE_FILL_AREA(#17102);
#17102 = FILL_AREA_STYLE('',(#17103));
#17103 = FILL_AREA_STYLE_COLOUR('',#16913);
#17104 = CURVE_STYLE('',#17105,POSITIVE_LENGTH_MEASURE(0.1),#16913);
#17105 = DRAUGHTING_PRE_DEFINED_CURVE_FONT('continuous');
#17106 = STYLED_ITEM('color',(#17107),#913);
#17107 = PRESENTATION_STYLE_ASSIGNMENT((#17108,#17113));
#17108 = SURFACE_STYLE_USAGE(.BOTH.,#17109);
#17109 = SURFACE_SIDE_STYLE('',(#17110));
#17110 = SURFACE_STYLE_FILL_AREA(#17111);
#17111 = FILL_AREA_STYLE('',(#17112));
#17112 = FILL_AREA_STYLE_COLOUR('',#16913);
#17113 = CURVE_STYLE('',#17114,POSITIVE_LENGTH_MEASURE(0.1),#16913);
#17114 = DRAUGHTING_PRE_DEFINED_CURVE_FONT('continuous');
#17115 = STYLED_ITEM('color',(#17116),#937);
#17116 = PRESENTATION_STYLE_ASSIGNMENT((#17117,#17122));
#17117 = SURFACE_STYLE_USAGE(.BOTH.,#17118);
#17118 = SURFACE_SIDE_STYLE('',(#17119));
#17119 = SURFACE_STYLE_FILL_AREA(#17120);
#17120 = FILL_AREA_STYLE('',(#17121));
#17121 = FILL_AREA_STYLE_COLOUR('',#16913);
#17122 = CURVE_STYLE('',#17123,POSITIVE_LENGTH_MEASURE(0.1),#16913);
#17123 = DRAUGHTING_PRE_DEFINED_CURVE_FONT('continuous');
#17124 = STYLED_ITEM('color',(#17125),#954);
#17125 = PRESENTATION_STYLE_ASSIGNMENT((#17126,#17131));
#17126 = SURFACE_STYLE_USAGE(.BOTH.,#17127);
#17127 = SURFACE_SIDE_STYLE('',(#17128));
#17128 = SURFACE_STYLE_FILL_AREA(#17129);
#17129 = FILL_AREA_STYLE('',(#17130));
#17130 = FILL_AREA_STYLE_COLOUR('',#16913);
#17131 = CURVE_STYLE('',#17132,POSITIVE_LENGTH_MEASURE(0.1),#16913);
#17132 = DRAUGHTING_PRE_DEFINED_CURVE_FONT('continuous');
#17133 = STYLED_ITEM('color',(#17134),#985);
#17134 = PRESENTATION_STYLE_ASSIGNMENT((#17135,#17140));
#17135 = SURFACE_STYLE_USAGE(.BOTH.,#17136);
#17136 = SURFACE_SIDE_STYLE('',(#17137));
#17137 = SURFACE_STYLE_FILL_AREA(#17138);
#17138 = FILL_AREA_STYLE('',(#17139));
#17139 = FILL_AREA_STYLE_COLOUR('',#16913);
#17140 = CURVE_STYLE('',#17141,POSITIVE_LENGTH_MEASURE(0.1),#16913);
#17141 = DRAUGHTING_PRE_DEFINED_CURVE_FONT('continuous');
#17142 = STYLED_ITEM('color',(#17143),#1009);
#17143 = PRESENTATION_STYLE_ASSIGNMENT((#17144,#17149));
#17144 = SURFACE_STYLE_USAGE(.BOTH.,#17145);
#17145 = SURFACE_SIDE_STYLE('',(#17146));
#17146 = SURFACE_STYLE_FILL_AREA(#17147);
#17147 = FILL_AREA_STYLE('',(#17148));
#17148 = FILL_AREA_STYLE_COLOUR('',#16913);
#17149 = CURVE_STYLE('',#17150,POSITIVE_LENGTH_MEASURE(0.1),#16913);
#17150 = DRAUGHTING_PRE_DEFINED_CURVE_FONT('continuous');
#17151 = STYLED_ITEM('color',(#17152),#1033);
#17152 = PRESENTATION_STYLE_ASSIGNMENT((#17153,#17158));
#17153 = SURFACE_STYLE_USAGE(.BOTH.,#17154);
#17154 = SURFACE_SIDE_STYLE('',(#17155));
#17155 = SURFACE_STYLE_FILL_AREA(#17156);
#17156 = FILL_AREA_STYLE('',(#17157));
#17157 = FILL_AREA_STYLE_COLOUR('',#16913);
#17158 = CURVE_STYLE('',#17159,POSITIVE_LENGTH_MEASURE(0.1),#16913);
#17159 = DRAUGHTING_PRE_DEFINED_CURVE_FONT('continuous');
#17160 = STYLED_ITEM('color',(#17161),#1050);
#17161 = PRESENTATION_STYLE_ASSIGNMENT((#17162,#17167));
#17162 = SURFACE_STYLE_USAGE(.BOTH.,#17163);
#17163 = SURFACE_SIDE_STYLE('',(#17164));
#17164 = SURFACE_STYLE_FILL_AREA(#17165);
#17165 = FILL_AREA_STYLE('',(#17166));
#17166 = FILL_AREA_STYLE_COLOUR('',#16913);
#17167 = CURVE_STYLE('',#17168,POSITIVE_LENGTH_MEASURE(0.1),#16913);
#17168 = DRAUGHTING_PRE_DEFINED_CURVE_FONT('continuous');
#17169 = STYLED_ITEM('color',(#17170),#1081);
#17170 = PRESENTATION_STYLE_ASSIGNMENT((#17171,#17176));
#17171 = SURFACE_STYLE_USAGE(.BOTH.,#17172);
#17172 = SURFACE_SIDE_STYLE('',(#17173));
#17173 = SURFACE_STYLE_FILL_AREA(#17174);
#17174 = FILL_AREA_STYLE('',(#17175));
#17175 = FILL_AREA_STYLE_COLOUR('',#16913);
#17176 = CURVE_STYLE('',#17177,POSITIVE_LENGTH_MEASURE(0.1),#16913);
#17177 = DRAUGHTING_PRE_DEFINED_CURVE_FONT('continuous');
#17178 = STYLED_ITEM('color',(#17179),#1105);
#17179 = PRESENTATION_STYLE_ASSIGNMENT((#17180,#17185));
#17180 = SURFACE_STYLE_USAGE(.BOTH.,#17181);
#17181 = SURFACE_SIDE_STYLE('',(#17182));
#17182 = SURFACE_STYLE_FILL_AREA(#17183);
#17183 = FILL_AREA_STYLE('',(#17184));
#17184 = FILL_AREA_STYLE_COLOUR('',#16913);
#17185 = CURVE_STYLE('',#17186,POSITIVE_LENGTH_MEASURE(0.1),#16913);
#17186 = DRAUGHTING_PRE_DEFINED_CURVE_FONT('continuous');
#17187 = STYLED_ITEM('color',(#17188),#1129);
#17188 = PRESENTATION_STYLE_ASSIGNMENT((#17189,#17194));
#17189 = SURFACE_STYLE_USAGE(.BOTH.,#17190);
#17190 = SURFACE_SIDE_STYLE('',(#17191));
#17191 = SURFACE_STYLE_FILL_AREA(#17192);
#17192 = FILL_AREA_STYLE('',(#17193));
#17193 = FILL_AREA_STYLE_COLOUR('',#16913);
#17194 = CURVE_STYLE('',#17195,POSITIVE_LENGTH_MEASURE(0.1),#16913);
#17195 = DRAUGHTING_PRE_DEFINED_CURVE_FONT('continuous');
#17196 = STYLED_ITEM('color',(#17197),#1146);
#17197 = PRESENTATION_STYLE_ASSIGNMENT((#17198,#17203));
#17198 = SURFACE_STYLE_USAGE(.BOTH.,#17199);
#17199 = SURFACE_SIDE_STYLE('',(#17200));
#17200 = SURFACE_STYLE_FILL_AREA(#17201);
#17201 = FILL_AREA_STYLE('',(#17202));
#17202 = FILL_AREA_STYLE_COLOUR('',#16913);
#17203 = CURVE_STYLE('',#17204,POSITIVE_LENGTH_MEASURE(0.1),#16913);
#17204 = DRAUGHTING_PRE_DEFINED_CURVE_FONT('continuous');
#17205 = STYLED_ITEM('color',(#17206),#1177);
#17206 = PRESENTATION_STYLE_ASSIGNMENT((#17207,#17212));
#17207 = SURFACE_STYLE_USAGE(.BOTH.,#17208);
#17208 = SURFACE_SIDE_STYLE('',(#17209));
#17209 = SURFACE_STYLE_FILL_AREA(#17210);
#17210 = FILL_AREA_STYLE('',(#17211));
#17211 = FILL_AREA_STYLE_COLOUR('',#16913);
#17212 = CURVE_STYLE('',#17213,POSITIVE_LENGTH_MEASURE(0.1),#16913);
#17213 = DRAUGHTING_PRE_DEFINED_CURVE_FONT('continuous');
#17214 = STYLED_ITEM('color',(#17215),#1201);
#17215 = PRESENTATION_STYLE_ASSIGNMENT((#17216,#17221));
#17216 = SURFACE_STYLE_USAGE(.BOTH.,#17217);
#17217 = SURFACE_SIDE_STYLE('',(#17218));
#17218 = SURFACE_STYLE_FILL_AREA(#17219);
#17219 = FILL_AREA_STYLE('',(#17220));
#17220 = FILL_AREA_STYLE_COLOUR('',#16913);
#17221 = CURVE_STYLE('',#17222,POSITIVE_LENGTH_MEASURE(0.1),#16913);
#17222 = DRAUGHTING_PRE_DEFINED_CURVE_FONT('continuous');
#17223 = STYLED_ITEM('color',(#17224),#1225);
#17224 = PRESENTATION_STYLE_ASSIGNMENT((#17225,#17230));
#17225 = SURFACE_STYLE_USAGE(.BOTH.,#17226);
#17226 = SURFACE_SIDE_STYLE('',(#17227));
#17227 = SURFACE_STYLE_FILL_AREA(#17228);
#17228 = FILL_AREA_STYLE('',(#17229));
#17229 = FILL_AREA_STYLE_COLOUR('',#16913);
#17230 = CURVE_STYLE('',#17231,POSITIVE_LENGTH_MEASURE(0.1),#16913);
#17231 = DRAUGHTING_PRE_DEFINED_CURVE_FONT('continuous');
#17232 = STYLED_ITEM('color',(#17233),#1242);
#17233 = PRESENTATION_STYLE_ASSIGNMENT((#17234,#17239));
#17234 = SURFACE_STYLE_USAGE(.BOTH.,#17235);
#17235 = SURFACE_SIDE_STYLE('',(#17236));
#17236 = SURFACE_STYLE_FILL_AREA(#17237);
#17237 = FILL_AREA_STYLE('',(#17238));
#17238 = FILL_AREA_STYLE_COLOUR('',#16913);
#17239 = CURVE_STYLE('',#17240,POSITIVE_LENGTH_MEASURE(0.1),#16913);
#17240 = DRAUGHTING_PRE_DEFINED_CURVE_FONT('continuous');
#17241 = STYLED_ITEM('color',(#17242),#1273);
#17242 = PRESENTATION_STYLE_ASSIGNMENT((#17243,#17248));
#17243 = SURFACE_STYLE_USAGE(.BOTH.,#17244);
#17244 = SURFACE_SIDE_STYLE('',(#17245));
#17245 = SURFACE_STYLE_FILL_AREA(#17246);
#17246 = FILL_AREA_STYLE('',(#17247));
#17247 = FILL_AREA_STYLE_COLOUR('',#16913);
#17248 = CURVE_STYLE('',#17249,POSITIVE_LENGTH_MEASURE(0.1),#16913);
#17249 = DRAUGHTING_PRE_DEFINED_CURVE_FONT('continuous');
#17250 = STYLED_ITEM('color',(#17251),#1297);
#17251 = PRESENTATION_STYLE_ASSIGNMENT((#17252,#17257));
#17252 = SURFACE_STYLE_USAGE(.BOTH.,#17253);
#17253 = SURFACE_SIDE_STYLE('',(#17254));
#17254 = SURFACE_STYLE_FILL_AREA(#17255);
#17255 = FILL_AREA_STYLE('',(#17256));
#17256 = FILL_AREA_STYLE_COLOUR('',#16913);
#17257 = CURVE_STYLE('',#17258,POSITIVE_LENGTH_MEASURE(0.1),#16913);
#17258 = DRAUGHTING_PRE_DEFINED_CURVE_FONT('continuous');
#17259 = STYLED_ITEM('color',(#17260),#1321);
#17260 = PRESENTATION_STYLE_ASSIGNMENT((#17261,#17266));
#17261 = SURFACE_STYLE_USAGE(.BOTH.,#17262);
#17262 = SURFACE_SIDE_STYLE('',(#17263));
#17263 = SURFACE_STYLE_FILL_AREA(#17264);
#17264 = FILL_AREA_STYLE('',(#17265));
#17265 = FILL_AREA_STYLE_COLOUR('',#16913);
#17266 = CURVE_STYLE('',#17267,POSITIVE_LENGTH_MEASURE(0.1),#16913);
#17267 = DRAUGHTING_PRE_DEFINED_CURVE_FONT('continuous');
#17268 = STYLED_ITEM('color',(#17269),#1338);
#17269 = PRESENTATION_STYLE_ASSIGNMENT((#17270,#17275));
#17270 = SURFACE_STYLE_USAGE(.BOTH.,#17271);
#17271 = SURFACE_SIDE_STYLE('',(#17272));
#17272 = SURFACE_STYLE_FILL_AREA(#17273);
#17273 = FILL_AREA_STYLE('',(#17274));
#17274 = FILL_AREA_STYLE_COLOUR('',#16986);
#17275 = CURVE_STYLE('',#17276,POSITIVE_LENGTH_MEASURE(0.1),#16986);
#17276 = DRAUGHTING_PRE_DEFINED_CURVE_FONT('continuous');
#17277 = STYLED_ITEM('color',(#17278),#1355);
#17278 = PRESENTATION_STYLE_ASSIGNMENT((#17279,#17284));
#17279 = SURFACE_STYLE_USAGE(.BOTH.,#17280);
#17280 = SURFACE_SIDE_STYLE('',(#17281));
#17281 = SURFACE_STYLE_FILL_AREA(#17282);
#17282 = FILL_AREA_STYLE('',(#17283));
#17283 = FILL_AREA_STYLE_COLOUR('',#16986);
#17284 = CURVE_STYLE('',#17285,POSITIVE_LENGTH_MEASURE(0.1),#16986);
#17285 = DRAUGHTING_PRE_DEFINED_CURVE_FONT('continuous');
#17286 = STYLED_ITEM('color',(#17287),#1402);
#17287 = PRESENTATION_STYLE_ASSIGNMENT((#17288,#17293));
#17288 = SURFACE_STYLE_USAGE(.BOTH.,#17289);
#17289 = SURFACE_SIDE_STYLE('',(#17290));
#17290 = SURFACE_STYLE_FILL_AREA(#17291);
#17291 = FILL_AREA_STYLE('',(#17292));
#17292 = FILL_AREA_STYLE_COLOUR('',#16986);
#17293 = CURVE_STYLE('',#17294,POSITIVE_LENGTH_MEASURE(0.1),#16986);
#17294 = DRAUGHTING_PRE_DEFINED_CURVE_FONT('continuous');
#17295 = STYLED_ITEM('color',(#17296),#1419);
#17296 = PRESENTATION_STYLE_ASSIGNMENT((#17297,#17302));
#17297 = SURFACE_STYLE_USAGE(.BOTH.,#17298);
#17298 = SURFACE_SIDE_STYLE('',(#17299));
#17299 = SURFACE_STYLE_FILL_AREA(#17300);
#17300 = FILL_AREA_STYLE('',(#17301));
#17301 = FILL_AREA_STYLE_COLOUR('',#16986);
#17302 = CURVE_STYLE('',#17303,POSITIVE_LENGTH_MEASURE(0.1),#16986);
#17303 = DRAUGHTING_PRE_DEFINED_CURVE_FONT('continuous');
#17304 = STYLED_ITEM('color',(#17305),#1466);
#17305 = PRESENTATION_STYLE_ASSIGNMENT((#17306,#17311));
#17306 = SURFACE_STYLE_USAGE(.BOTH.,#17307);
#17307 = SURFACE_SIDE_STYLE('',(#17308));
#17308 = SURFACE_STYLE_FILL_AREA(#17309);
#17309 = FILL_AREA_STYLE('',(#17310));
#17310 = FILL_AREA_STYLE_COLOUR('',#16986);
#17311 = CURVE_STYLE('',#17312,POSITIVE_LENGTH_MEASURE(0.1),#16986);
#17312 = DRAUGHTING_PRE_DEFINED_CURVE_FONT('continuous');
#17313 = STYLED_ITEM('color',(#17314),#1483);
#17314 = PRESENTATION_STYLE_ASSIGNMENT((#17315,#17320));
#17315 = SURFACE_STYLE_USAGE(.BOTH.,#17316);
#17316 = SURFACE_SIDE_STYLE('',(#17317));
#17317 = SURFACE_STYLE_FILL_AREA(#17318);
#17318 = FILL_AREA_STYLE('',(#17319));
#17319 = FILL_AREA_STYLE_COLOUR('',#16986);
#17320 = CURVE_STYLE('',#17321,POSITIVE_LENGTH_MEASURE(0.1),#16986);
#17321 = DRAUGHTING_PRE_DEFINED_CURVE_FONT('continuous');
#17322 = STYLED_ITEM('color',(#17323),#1530);
#17323 = PRESENTATION_STYLE_ASSIGNMENT((#17324,#17329));
#17324 = SURFACE_STYLE_USAGE(.BOTH.,#17325);
#17325 = SURFACE_SIDE_STYLE('',(#17326));
#17326 = SURFACE_STYLE_FILL_AREA(#17327);
#17327 = FILL_AREA_STYLE('',(#17328));
#17328 = FILL_AREA_STYLE_COLOUR('',#16986);
#17329 = CURVE_STYLE('',#17330,POSITIVE_LENGTH_MEASURE(0.1),#16986);
#17330 = DRAUGHTING_PRE_DEFINED_CURVE_FONT('continuous');
#17331 = STYLED_ITEM('color',(#17332),#1547);
#17332 = PRESENTATION_STYLE_ASSIGNMENT((#17333,#17338));
#17333 = SURFACE_STYLE_USAGE(.BOTH.,#17334);
#17334 = SURFACE_SIDE_STYLE('',(#17335));
#17335 = SURFACE_STYLE_FILL_AREA(#17336);
#17336 = FILL_AREA_STYLE('',(#17337));
#17337 = FILL_AREA_STYLE_COLOUR('',#16986);
#17338 = CURVE_STYLE('',#17339,POSITIVE_LENGTH_MEASURE(0.1),#16986);
#17339 = DRAUGHTING_PRE_DEFINED_CURVE_FONT('continuous');
#17340 = STYLED_ITEM('color',(#17341),#1594);
#17341 = PRESENTATION_STYLE_ASSIGNMENT((#17342,#17347));
#17342 = SURFACE_STYLE_USAGE(.BOTH.,#17343);
#17343 = SURFACE_SIDE_STYLE('',(#17344));
#17344 = SURFACE_STYLE_FILL_AREA(#17345);
#17345 = FILL_AREA_STYLE('',(#17346));
#17346 = FILL_AREA_STYLE_COLOUR('',#16986);
#17347 = CURVE_STYLE('',#17348,POSITIVE_LENGTH_MEASURE(0.1),#16986);
#17348 = DRAUGHTING_PRE_DEFINED_CURVE_FONT('continuous');
#17349 = STYLED_ITEM('color',(#17350),#1611);
#17350 = PRESENTATION_STYLE_ASSIGNMENT((#17351,#17356));
#17351 = SURFACE_STYLE_USAGE(.BOTH.,#17352);
#17352 = SURFACE_SIDE_STYLE('',(#17353));
#17353 = SURFACE_STYLE_FILL_AREA(#17354);
#17354 = FILL_AREA_STYLE('',(#17355));
#17355 = FILL_AREA_STYLE_COLOUR('',#16986);
#17356 = CURVE_STYLE('',#17357,POSITIVE_LENGTH_MEASURE(0.1),#16986);
#17357 = DRAUGHTING_PRE_DEFINED_CURVE_FONT('continuous');
#17358 = STYLED_ITEM('color',(#17359),#1658);
#17359 = PRESENTATION_STYLE_ASSIGNMENT((#17360,#17365));
#17360 = SURFACE_STYLE_USAGE(.BOTH.,#17361);
#17361 = SURFACE_SIDE_STYLE('',(#17362));
#17362 = SURFACE_STYLE_FILL_AREA(#17363);
#17363 = FILL_AREA_STYLE('',(#17364));
#17364 = FILL_AREA_STYLE_COLOUR('',#16986);
#17365 = CURVE_STYLE('',#17366,POSITIVE_LENGTH_MEASURE(0.1),#16986);
#17366 = DRAUGHTING_PRE_DEFINED_CURVE_FONT('continuous');
#17367 = STYLED_ITEM('color',(#17368),#1675);
#17368 = PRESENTATION_STYLE_ASSIGNMENT((#17369,#17374));
#17369 = SURFACE_STYLE_USAGE(.BOTH.,#17370);
#17370 = SURFACE_SIDE_STYLE('',(#17371));
#17371 = SURFACE_STYLE_FILL_AREA(#17372);
#17372 = FILL_AREA_STYLE('',(#17373));
#17373 = FILL_AREA_STYLE_COLOUR('',#16986);
#17374 = CURVE_STYLE('',#17375,POSITIVE_LENGTH_MEASURE(0.1),#16986);
#17375 = DRAUGHTING_PRE_DEFINED_CURVE_FONT('continuous');
#17376 = STYLED_ITEM('color',(#17377),#1722);
#17377 = PRESENTATION_STYLE_ASSIGNMENT((#17378,#17383));
#17378 = SURFACE_STYLE_USAGE(.BOTH.,#17379);
#17379 = SURFACE_SIDE_STYLE('',(#17380));
#17380 = SURFACE_STYLE_FILL_AREA(#17381);
#17381 = FILL_AREA_STYLE('',(#17382));
#17382 = FILL_AREA_STYLE_COLOUR('',#16986);
#17383 = CURVE_STYLE('',#17384,POSITIVE_LENGTH_MEASURE(0.1),#16986);
#17384 = DRAUGHTING_PRE_DEFINED_CURVE_FONT('continuous');
#17385 = STYLED_ITEM('color',(#17386),#1739);
#17386 = PRESENTATION_STYLE_ASSIGNMENT((#17387,#17392));
#17387 = SURFACE_STYLE_USAGE(.BOTH.,#17388);
#17388 = SURFACE_SIDE_STYLE('',(#17389));
#17389 = SURFACE_STYLE_FILL_AREA(#17390);
#17390 = FILL_AREA_STYLE('',(#17391));
#17391 = FILL_AREA_STYLE_COLOUR('',#16986);
#17392 = CURVE_STYLE('',#17393,POSITIVE_LENGTH_MEASURE(0.1),#16986);
#17393 = DRAUGHTING_PRE_DEFINED_CURVE_FONT('continuous');
#17394 = STYLED_ITEM('color',(#17395),#1786);
#17395 = PRESENTATION_STYLE_ASSIGNMENT((#17396,#17401));
#17396 = SURFACE_STYLE_USAGE(.BOTH.,#17397);
#17397 = SURFACE_SIDE_STYLE('',(#17398));
#17398 = SURFACE_STYLE_FILL_AREA(#17399);
#17399 = FILL_AREA_STYLE('',(#17400));
#17400 = FILL_AREA_STYLE_COLOUR('',#16986);
#17401 = CURVE_STYLE('',#17402,POSITIVE_LENGTH_MEASURE(0.1),#16986);
#17402 = DRAUGHTING_PRE_DEFINED_CURVE_FONT('continuous');
#17403 = STYLED_ITEM('color',(#17404),#1803);
#17404 = PRESENTATION_STYLE_ASSIGNMENT((#17405,#17410));
#17405 = SURFACE_STYLE_USAGE(.BOTH.,#17406);
#17406 = SURFACE_SIDE_STYLE('',(#17407));
#17407 = SURFACE_STYLE_FILL_AREA(#17408);
#17408 = FILL_AREA_STYLE('',(#17409));
#17409 = FILL_AREA_STYLE_COLOUR('',#16986);
#17410 = CURVE_STYLE('',#17411,POSITIVE_LENGTH_MEASURE(0.1),#16986);
#17411 = DRAUGHTING_PRE_DEFINED_CURVE_FONT('continuous');
#17412 = STYLED_ITEM('color',(#17413),#1850);
#17413 = PRESENTATION_STYLE_ASSIGNMENT((#17414,#17419));
#17414 = SURFACE_STYLE_USAGE(.BOTH.,#17415);
#17415 = SURFACE_SIDE_STYLE('',(#17416));
#17416 = SURFACE_STYLE_FILL_AREA(#17417);
#17417 = FILL_AREA_STYLE('',(#17418));
#17418 = FILL_AREA_STYLE_COLOUR('',#16986);
#17419 = CURVE_STYLE('',#17420,POSITIVE_LENGTH_MEASURE(0.1),#16986);
#17420 = DRAUGHTING_PRE_DEFINED_CURVE_FONT('continuous');
#17421 = STYLED_ITEM('color',(#17422),#1867);
#17422 = PRESENTATION_STYLE_ASSIGNMENT((#17423,#17428));
#17423 = SURFACE_STYLE_USAGE(.BOTH.,#17424);
#17424 = SURFACE_SIDE_STYLE('',(#17425));
#17425 = SURFACE_STYLE_FILL_AREA(#17426);
#17426 = FILL_AREA_STYLE('',(#17427));
#17427 = FILL_AREA_STYLE_COLOUR('',#16986);
#17428 = CURVE_STYLE('',#17429,POSITIVE_LENGTH_MEASURE(0.1),#16986);
#17429 = DRAUGHTING_PRE_DEFINED_CURVE_FONT('continuous');
#17430 = STYLED_ITEM('color',(#17431),#1914);
#17431 = PRESENTATION_STYLE_ASSIGNMENT((#17432,#17437));
#17432 = SURFACE_STYLE_USAGE(.BOTH.,#17433);
#17433 = SURFACE_SIDE_STYLE('',(#17434));
#17434 = SURFACE_STYLE_FILL_AREA(#17435);
#17435 = FILL_AREA_STYLE('',(#17436));
#17436 = FILL_AREA_STYLE_COLOUR('',#16986);
#17437 = CURVE_STYLE('',#17438,POSITIVE_LENGTH_MEASURE(0.1),#16986);
#17438 = DRAUGHTING_PRE_DEFINED_CURVE_FONT('continuous');
#17439 = STYLED_ITEM('color',(#17440),#1931);
#17440 = PRESENTATION_STYLE_ASSIGNMENT((#17441,#17446));
#17441 = SURFACE_STYLE_USAGE(.BOTH.,#17442);
#17442 = SURFACE_SIDE_STYLE('',(#17443));
#17443 = SURFACE_STYLE_FILL_AREA(#17444);
#17444 = FILL_AREA_STYLE('',(#17445));
#17445 = FILL_AREA_STYLE_COLOUR('',#16986);
#17446 = CURVE_STYLE('',#17447,POSITIVE_LENGTH_MEASURE(0.1),#16986);
#17447 = DRAUGHTING_PRE_DEFINED_CURVE_FONT('continuous');
#17448 = STYLED_ITEM('color',(#17449),#1978);
#17449 = PRESENTATION_STYLE_ASSIGNMENT((#17450,#17455));
#17450 = SURFACE_STYLE_USAGE(.BOTH.,#17451);
#17451 = SURFACE_SIDE_STYLE('',(#17452));
#17452 = SURFACE_STYLE_FILL_AREA(#17453);
#17453 = FILL_AREA_STYLE('',(#17454));
#17454 = FILL_AREA_STYLE_COLOUR('',#16913);
#17455 = CURVE_STYLE('',#17456,POSITIVE_LENGTH_MEASURE(0.1),#16913);
#17456 = DRAUGHTING_PRE_DEFINED_CURVE_FONT('continuous');
#17457 = STYLED_ITEM('color',(#17458),#2009);
#17458 = PRESENTATION_STYLE_ASSIGNMENT((#17459,#17464));
#17459 = SURFACE_STYLE_USAGE(.BOTH.,#17460);
#17460 = SURFACE_SIDE_STYLE('',(#17461));
#17461 = SURFACE_STYLE_FILL_AREA(#17462);
#17462 = FILL_AREA_STYLE('',(#17463));
#17463 = FILL_AREA_STYLE_COLOUR('',#16913);
#17464 = CURVE_STYLE('',#17465,POSITIVE_LENGTH_MEASURE(0.1),#16913);
#17465 = DRAUGHTING_PRE_DEFINED_CURVE_FONT('continuous');
#17466 = OVER_RIDING_STYLED_ITEM('overriding color',(#17467),#2023,
  #17457);
#17467 = PRESENTATION_STYLE_ASSIGNMENT((#17468,#17473));
#17468 = SURFACE_STYLE_USAGE(.BOTH.,#17469);
#17469 = SURFACE_SIDE_STYLE('',(#17470));
#17470 = SURFACE_STYLE_FILL_AREA(#17471);
#17471 = FILL_AREA_STYLE('',(#17472));
#17472 = FILL_AREA_STYLE_COLOUR('',#16986);
#17473 = CURVE_STYLE('',#17474,POSITIVE_LENGTH_MEASURE(0.1),#16986);
#17474 = DRAUGHTING_PRE_DEFINED_CURVE_FONT('continuous');
#17475 = OVER_RIDING_STYLED_ITEM('overriding color',(#17476),#2039,
  #17457);
#17476 = PRESENTATION_STYLE_ASSIGNMENT((#17477,#17482));
#17477 = SURFACE_STYLE_USAGE(.BOTH.,#17478);
#17478 = SURFACE_SIDE_STYLE('',(#17479));
#17479 = SURFACE_STYLE_FILL_AREA(#17480);
#17480 = FILL_AREA_STYLE('',(#17481));
#17481 = FILL_AREA_STYLE_COLOUR('',#16986);
#17482 = CURVE_STYLE('',#17483,POSITIVE_LENGTH_MEASURE(0.1),#16986);
#17483 = DRAUGHTING_PRE_DEFINED_CURVE_FONT('continuous');
#17484 = STYLED_ITEM('color',(#17485),#2065);
#17485 = PRESENTATION_STYLE_ASSIGNMENT((#17486,#17491));
#17486 = SURFACE_STYLE_USAGE(.BOTH.,#17487);
#17487 = SURFACE_SIDE_STYLE('',(#17488));
#17488 = SURFACE_STYLE_FILL_AREA(#17489);
#17489 = FILL_AREA_STYLE('',(#17490));
#17490 = FILL_AREA_STYLE_COLOUR('',#16913);
#17491 = CURVE_STYLE('',#17492,POSITIVE_LENGTH_MEASURE(0.1),#16913);
#17492 = DRAUGHTING_PRE_DEFINED_CURVE_FONT('continuous');
#17493 = STYLED_ITEM('color',(#17494),#2089);
#17494 = PRESENTATION_STYLE_ASSIGNMENT((#17495,#17500));
#17495 = SURFACE_STYLE_USAGE(.BOTH.,#17496);
#17496 = SURFACE_SIDE_STYLE('',(#17497));
#17497 = SURFACE_STYLE_FILL_AREA(#17498);
#17498 = FILL_AREA_STYLE('',(#17499));
#17499 = FILL_AREA_STYLE_COLOUR('',#16913);
#17500 = CURVE_STYLE('',#17501,POSITIVE_LENGTH_MEASURE(0.1),#16913);
#17501 = DRAUGHTING_PRE_DEFINED_CURVE_FONT('continuous');
#17502 = OVER_RIDING_STYLED_ITEM('overriding color',(#17503),#2103,
  #17493);
#17503 = PRESENTATION_STYLE_ASSIGNMENT((#17504,#17509));
#17504 = SURFACE_STYLE_USAGE(.BOTH.,#17505);
#17505 = SURFACE_SIDE_STYLE('',(#17506));
#17506 = SURFACE_STYLE_FILL_AREA(#17507);
#17507 = FILL_AREA_STYLE('',(#17508));
#17508 = FILL_AREA_STYLE_COLOUR('',#16986);
#17509 = CURVE_STYLE('',#17510,POSITIVE_LENGTH_MEASURE(0.1),#16986);
#17510 = DRAUGHTING_PRE_DEFINED_CURVE_FONT('continuous');
#17511 = OVER_RIDING_STYLED_ITEM('overriding color',(#17512),#2119,
  #17493);
#17512 = PRESENTATION_STYLE_ASSIGNMENT((#17513,#17518));
#17513 = SURFACE_STYLE_USAGE(.BOTH.,#17514);
#17514 = SURFACE_SIDE_STYLE('',(#17515));
#17515 = SURFACE_STYLE_FILL_AREA(#17516);
#17516 = FILL_AREA_STYLE('',(#17517));
#17517 = FILL_AREA_STYLE_COLOUR('',#16986);
#17518 = CURVE_STYLE('',#17519,POSITIVE_LENGTH_MEASURE(0.1),#16986);
#17519 = DRAUGHTING_PRE_DEFINED_CURVE_FONT('continuous');
#17520 = STYLED_ITEM('color',(#17521),#2138);
#17521 = PRESENTATION_STYLE_ASSIGNMENT((#17522,#17527));
#17522 = SURFACE_STYLE_USAGE(.BOTH.,#17523);
#17523 = SURFACE_SIDE_STYLE('',(#17524));
#17524 = SURFACE_STYLE_FILL_AREA(#17525);
#17525 = FILL_AREA_STYLE('',(#17526));
#17526 = FILL_AREA_STYLE_COLOUR('',#16913);
#17527 = CURVE_STYLE('',#17528,POSITIVE_LENGTH_MEASURE(0.1),#16913);
#17528 = DRAUGHTING_PRE_DEFINED_CURVE_FONT('continuous');
#17529 = STYLED_ITEM('color',(#17530),#2169);
#17530 = PRESENTATION_STYLE_ASSIGNMENT((#17531,#17536));
#17531 = SURFACE_STYLE_USAGE(.BOTH.,#17532);
#17532 = SURFACE_SIDE_STYLE('',(#17533));
#17533 = SURFACE_STYLE_FILL_AREA(#17534);
#17534 = FILL_AREA_STYLE('',(#17535));
#17535 = FILL_AREA_STYLE_COLOUR('',#16913);
#17536 = CURVE_STYLE('',#17537,POSITIVE_LENGTH_MEASURE(0.1),#16913);
#17537 = DRAUGHTING_PRE_DEFINED_CURVE_FONT('continuous');
#17538 = OVER_RIDING_STYLED_ITEM('overriding color',(#17539),#2183,
  #17529);
#17539 = PRESENTATION_STYLE_ASSIGNMENT((#17540,#17545));
#17540 = SURFACE_STYLE_USAGE(.BOTH.,#17541);
#17541 = SURFACE_SIDE_STYLE('',(#17542));
#17542 = SURFACE_STYLE_FILL_AREA(#17543);
#17543 = FILL_AREA_STYLE('',(#17544));
#17544 = FILL_AREA_STYLE_COLOUR('',#16986);
#17545 = CURVE_STYLE('',#17546,POSITIVE_LENGTH_MEASURE(0.1),#16986);
#17546 = DRAUGHTING_PRE_DEFINED_CURVE_FONT('continuous');
#17547 = OVER_RIDING_STYLED_ITEM('overriding color',(#17548),#2199,
  #17529);
#17548 = PRESENTATION_STYLE_ASSIGNMENT((#17549,#17554));
#17549 = SURFACE_STYLE_USAGE(.BOTH.,#17550);
#17550 = SURFACE_SIDE_STYLE('',(#17551));
#17551 = SURFACE_STYLE_FILL_AREA(#17552);
#17552 = FILL_AREA_STYLE('',(#17553));
#17553 = FILL_AREA_STYLE_COLOUR('',#16986);
#17554 = CURVE_STYLE('',#17555,POSITIVE_LENGTH_MEASURE(0.1),#16986);
#17555 = DRAUGHTING_PRE_DEFINED_CURVE_FONT('continuous');
#17556 = STYLED_ITEM('color',(#17557),#2225);
#17557 = PRESENTATION_STYLE_ASSIGNMENT((#17558,#17563));
#17558 = SURFACE_STYLE_USAGE(.BOTH.,#17559);
#17559 = SURFACE_SIDE_STYLE('',(#17560));
#17560 = SURFACE_STYLE_FILL_AREA(#17561);
#17561 = FILL_AREA_STYLE('',(#17562));
#17562 = FILL_AREA_STYLE_COLOUR('',#16913);
#17563 = CURVE_STYLE('',#17564,POSITIVE_LENGTH_MEASURE(0.1),#16913);
#17564 = DRAUGHTING_PRE_DEFINED_CURVE_FONT('continuous');
#17565 = STYLED_ITEM('color',(#17566),#2249);
#17566 = PRESENTATION_STYLE_ASSIGNMENT((#17567,#17572));
#17567 = SURFACE_STYLE_USAGE(.BOTH.,#17568);
#17568 = SURFACE_SIDE_STYLE('',(#17569));
#17569 = SURFACE_STYLE_FILL_AREA(#17570);
#17570 = FILL_AREA_STYLE('',(#17571));
#17571 = FILL_AREA_STYLE_COLOUR('',#16913);
#17572 = CURVE_STYLE('',#17573,POSITIVE_LENGTH_MEASURE(0.1),#16913);
#17573 = DRAUGHTING_PRE_DEFINED_CURVE_FONT('continuous');
#17574 = OVER_RIDING_STYLED_ITEM('overriding color',(#17575),#2263,
  #17565);
#17575 = PRESENTATION_STYLE_ASSIGNMENT((#17576,#17581));
#17576 = SURFACE_STYLE_USAGE(.BOTH.,#17577);
#17577 = SURFACE_SIDE_STYLE('',(#17578));
#17578 = SURFACE_STYLE_FILL_AREA(#17579);
#17579 = FILL_AREA_STYLE('',(#17580));
#17580 = FILL_AREA_STYLE_COLOUR('',#16986);
#17581 = CURVE_STYLE('',#17582,POSITIVE_LENGTH_MEASURE(0.1),#16986);
#17582 = DRAUGHTING_PRE_DEFINED_CURVE_FONT('continuous');
#17583 = OVER_RIDING_STYLED_ITEM('overriding color',(#17584),#2279,
  #17565);
#17584 = PRESENTATION_STYLE_ASSIGNMENT((#17585,#17590));
#17585 = SURFACE_STYLE_USAGE(.BOTH.,#17586);
#17586 = SURFACE_SIDE_STYLE('',(#17587));
#17587 = SURFACE_STYLE_FILL_AREA(#17588);
#17588 = FILL_AREA_STYLE('',(#17589));
#17589 = FILL_AREA_STYLE_COLOUR('',#16986);
#17590 = CURVE_STYLE('',#17591,POSITIVE_LENGTH_MEASURE(0.1),#16986);
#17591 = DRAUGHTING_PRE_DEFINED_CURVE_FONT('continuous');
#17592 = STYLED_ITEM('color',(#17593),#2298);
#17593 = PRESENTATION_STYLE_ASSIGNMENT((#17594,#17599));
#17594 = SURFACE_STYLE_USAGE(.BOTH.,#17595);
#17595 = SURFACE_SIDE_STYLE('',(#17596));
#17596 = SURFACE_STYLE_FILL_AREA(#17597);
#17597 = FILL_AREA_STYLE('',(#17598));
#17598 = FILL_AREA_STYLE_COLOUR('',#16913);
#17599 = CURVE_STYLE('',#17600,POSITIVE_LENGTH_MEASURE(0.1),#16913);
#17600 = DRAUGHTING_PRE_DEFINED_CURVE_FONT('continuous');
#17601 = STYLED_ITEM('color',(#17602),#2329);
#17602 = PRESENTATION_STYLE_ASSIGNMENT((#17603,#17608));
#17603 = SURFACE_STYLE_USAGE(.BOTH.,#17604);
#17604 = SURFACE_SIDE_STYLE('',(#17605));
#17605 = SURFACE_STYLE_FILL_AREA(#17606);
#17606 = FILL_AREA_STYLE('',(#17607));
#17607 = FILL_AREA_STYLE_COLOUR('',#16913);
#17608 = CURVE_STYLE('',#17609,POSITIVE_LENGTH_MEASURE(0.1),#16913);
#17609 = DRAUGHTING_PRE_DEFINED_CURVE_FONT('continuous');
#17610 = OVER_RIDING_STYLED_ITEM('overriding color',(#17611),#2343,
  #17601);
#17611 = PRESENTATION_STYLE_ASSIGNMENT((#17612,#17617));
#17612 = SURFACE_STYLE_USAGE(.BOTH.,#17613);
#17613 = SURFACE_SIDE_STYLE('',(#17614));
#17614 = SURFACE_STYLE_FILL_AREA(#17615);
#17615 = FILL_AREA_STYLE('',(#17616));
#17616 = FILL_AREA_STYLE_COLOUR('',#16986);
#17617 = CURVE_STYLE('',#17618,POSITIVE_LENGTH_MEASURE(0.1),#16986);
#17618 = DRAUGHTING_PRE_DEFINED_CURVE_FONT('continuous');
#17619 = OVER_RIDING_STYLED_ITEM('overriding color',(#17620),#2359,
  #17601);
#17620 = PRESENTATION_STYLE_ASSIGNMENT((#17621,#17626));
#17621 = SURFACE_STYLE_USAGE(.BOTH.,#17622);
#17622 = SURFACE_SIDE_STYLE('',(#17623));
#17623 = SURFACE_STYLE_FILL_AREA(#17624);
#17624 = FILL_AREA_STYLE('',(#17625));
#17625 = FILL_AREA_STYLE_COLOUR('',#16986);
#17626 = CURVE_STYLE('',#17627,POSITIVE_LENGTH_MEASURE(0.1),#16986);
#17627 = DRAUGHTING_PRE_DEFINED_CURVE_FONT('continuous');
#17628 = STYLED_ITEM('color',(#17629),#2385);
#17629 = PRESENTATION_STYLE_ASSIGNMENT((#17630,#17635));
#17630 = SURFACE_STYLE_USAGE(.BOTH.,#17631);
#17631 = SURFACE_SIDE_STYLE('',(#17632));
#17632 = SURFACE_STYLE_FILL_AREA(#17633);
#17633 = FILL_AREA_STYLE('',(#17634));
#17634 = FILL_AREA_STYLE_COLOUR('',#16913);
#17635 = CURVE_STYLE('',#17636,POSITIVE_LENGTH_MEASURE(0.1),#16913);
#17636 = DRAUGHTING_PRE_DEFINED_CURVE_FONT('continuous');
#17637 = STYLED_ITEM('color',(#17638),#2409);
#17638 = PRESENTATION_STYLE_ASSIGNMENT((#17639,#17644));
#17639 = SURFACE_STYLE_USAGE(.BOTH.,#17640);
#17640 = SURFACE_SIDE_STYLE('',(#17641));
#17641 = SURFACE_STYLE_FILL_AREA(#17642);
#17642 = FILL_AREA_STYLE('',(#17643));
#17643 = FILL_AREA_STYLE_COLOUR('',#16913);
#17644 = CURVE_STYLE('',#17645,POSITIVE_LENGTH_MEASURE(0.1),#16913);
#17645 = DRAUGHTING_PRE_DEFINED_CURVE_FONT('continuous');
#17646 = OVER_RIDING_STYLED_ITEM('overriding color',(#17647),#2423,
  #17637);
#17647 = PRESENTATION_STYLE_ASSIGNMENT((#17648,#17653));
#17648 = SURFACE_STYLE_USAGE(.BOTH.,#17649);
#17649 = SURFACE_SIDE_STYLE('',(#17650));
#17650 = SURFACE_STYLE_FILL_AREA(#17651);
#17651 = FILL_AREA_STYLE('',(#17652));
#17652 = FILL_AREA_STYLE_COLOUR('',#16986);
#17653 = CURVE_STYLE('',#17654,POSITIVE_LENGTH_MEASURE(0.1),#16986);
#17654 = DRAUGHTING_PRE_DEFINED_CURVE_FONT('continuous');
#17655 = OVER_RIDING_STYLED_ITEM('overriding color',(#17656),#2439,
  #17637);
#17656 = PRESENTATION_STYLE_ASSIGNMENT((#17657,#17662));
#17657 = SURFACE_STYLE_USAGE(.BOTH.,#17658);
#17658 = SURFACE_SIDE_STYLE('',(#17659));
#17659 = SURFACE_STYLE_FILL_AREA(#17660);
#17660 = FILL_AREA_STYLE('',(#17661));
#17661 = FILL_AREA_STYLE_COLOUR('',#16986);
#17662 = CURVE_STYLE('',#17663,POSITIVE_LENGTH_MEASURE(0.1),#16986);
#17663 = DRAUGHTING_PRE_DEFINED_CURVE_FONT('continuous');
#17664 = STYLED_ITEM('color',(#17665),#2458);
#17665 = PRESENTATION_STYLE_ASSIGNMENT((#17666,#17671));
#17666 = SURFACE_STYLE_USAGE(.BOTH.,#17667);
#17667 = SURFACE_SIDE_STYLE('',(#17668));
#17668 = SURFACE_STYLE_FILL_AREA(#17669);
#17669 = FILL_AREA_STYLE('',(#17670));
#17670 = FILL_AREA_STYLE_COLOUR('',#16913);
#17671 = CURVE_STYLE('',#17672,POSITIVE_LENGTH_MEASURE(0.1),#16913);
#17672 = DRAUGHTING_PRE_DEFINED_CURVE_FONT('continuous');
#17673 = STYLED_ITEM('color',(#17674),#2489);
#17674 = PRESENTATION_STYLE_ASSIGNMENT((#17675,#17680));
#17675 = SURFACE_STYLE_USAGE(.BOTH.,#17676);
#17676 = SURFACE_SIDE_STYLE('',(#17677));
#17677 = SURFACE_STYLE_FILL_AREA(#17678);
#17678 = FILL_AREA_STYLE('',(#17679));
#17679 = FILL_AREA_STYLE_COLOUR('',#16913);
#17680 = CURVE_STYLE('',#17681,POSITIVE_LENGTH_MEASURE(0.1),#16913);
#17681 = DRAUGHTING_PRE_DEFINED_CURVE_FONT('continuous');
#17682 = OVER_RIDING_STYLED_ITEM('overriding color',(#17683),#2503,
  #17673);
#17683 = PRESENTATION_STYLE_ASSIGNMENT((#17684,#17689));
#17684 = SURFACE_STYLE_USAGE(.BOTH.,#17685);
#17685 = SURFACE_SIDE_STYLE('',(#17686));
#17686 = SURFACE_STYLE_FILL_AREA(#17687);
#17687 = FILL_AREA_STYLE('',(#17688));
#17688 = FILL_AREA_STYLE_COLOUR('',#16986);
#17689 = CURVE_STYLE('',#17690,POSITIVE_LENGTH_MEASURE(0.1),#16986);
#17690 = DRAUGHTING_PRE_DEFINED_CURVE_FONT('continuous');
#17691 = OVER_RIDING_STYLED_ITEM('overriding color',(#17692),#2519,
  #17673);
#17692 = PRESENTATION_STYLE_ASSIGNMENT((#17693,#17698));
#17693 = SURFACE_STYLE_USAGE(.BOTH.,#17694);
#17694 = SURFACE_SIDE_STYLE('',(#17695));
#17695 = SURFACE_STYLE_FILL_AREA(#17696);
#17696 = FILL_AREA_STYLE('',(#17697));
#17697 = FILL_AREA_STYLE_COLOUR('',#16986);
#17698 = CURVE_STYLE('',#17699,POSITIVE_LENGTH_MEASURE(0.1),#16986);
#17699 = DRAUGHTING_PRE_DEFINED_CURVE_FONT('continuous');
#17700 = STYLED_ITEM('color',(#17701),#2545);
#17701 = PRESENTATION_STYLE_ASSIGNMENT((#17702,#17707));
#17702 = SURFACE_STYLE_USAGE(.BOTH.,#17703);
#17703 = SURFACE_SIDE_STYLE('',(#17704));
#17704 = SURFACE_STYLE_FILL_AREA(#17705);
#17705 = FILL_AREA_STYLE('',(#17706));
#17706 = FILL_AREA_STYLE_COLOUR('',#16913);
#17707 = CURVE_STYLE('',#17708,POSITIVE_LENGTH_MEASURE(0.1),#16913);
#17708 = DRAUGHTING_PRE_DEFINED_CURVE_FONT('continuous');
#17709 = STYLED_ITEM('color',(#17710),#2569);
#17710 = PRESENTATION_STYLE_ASSIGNMENT((#17711,#17716));
#17711 = SURFACE_STYLE_USAGE(.BOTH.,#17712);
#17712 = SURFACE_SIDE_STYLE('',(#17713));
#17713 = SURFACE_STYLE_FILL_AREA(#17714);
#17714 = FILL_AREA_STYLE('',(#17715));
#17715 = FILL_AREA_STYLE_COLOUR('',#16913);
#17716 = CURVE_STYLE('',#17717,POSITIVE_LENGTH_MEASURE(0.1),#16913);
#17717 = DRAUGHTING_PRE_DEFINED_CURVE_FONT('continuous');
#17718 = OVER_RIDING_STYLED_ITEM('overriding color',(#17719),#2583,
  #17709);
#17719 = PRESENTATION_STYLE_ASSIGNMENT((#17720,#17725));
#17720 = SURFACE_STYLE_USAGE(.BOTH.,#17721);
#17721 = SURFACE_SIDE_STYLE('',(#17722));
#17722 = SURFACE_STYLE_FILL_AREA(#17723);
#17723 = FILL_AREA_STYLE('',(#17724));
#17724 = FILL_AREA_STYLE_COLOUR('',#16986);
#17725 = CURVE_STYLE('',#17726,POSITIVE_LENGTH_MEASURE(0.1),#16986);
#17726 = DRAUGHTING_PRE_DEFINED_CURVE_FONT('continuous');
#17727 = OVER_RIDING_STYLED_ITEM('overriding color',(#17728),#2599,
  #17709);
#17728 = PRESENTATION_STYLE_ASSIGNMENT((#17729,#17734));
#17729 = SURFACE_STYLE_USAGE(.BOTH.,#17730);
#17730 = SURFACE_SIDE_STYLE('',(#17731));
#17731 = SURFACE_STYLE_FILL_AREA(#17732);
#17732 = FILL_AREA_STYLE('',(#17733));
#17733 = FILL_AREA_STYLE_COLOUR('',#16986);
#17734 = CURVE_STYLE('',#17735,POSITIVE_LENGTH_MEASURE(0.1),#16986);
#17735 = DRAUGHTING_PRE_DEFINED_CURVE_FONT('continuous');
#17736 = STYLED_ITEM('color',(#17737),#2618);
#17737 = PRESENTATION_STYLE_ASSIGNMENT((#17738,#17743));
#17738 = SURFACE_STYLE_USAGE(.BOTH.,#17739);
#17739 = SURFACE_SIDE_STYLE('',(#17740));
#17740 = SURFACE_STYLE_FILL_AREA(#17741);
#17741 = FILL_AREA_STYLE('',(#17742));
#17742 = FILL_AREA_STYLE_COLOUR('',#16913);
#17743 = CURVE_STYLE('',#17744,POSITIVE_LENGTH_MEASURE(0.1),#16913);
#17744 = DRAUGHTING_PRE_DEFINED_CURVE_FONT('continuous');
#17745 = STYLED_ITEM('color',(#17746),#2649);
#17746 = PRESENTATION_STYLE_ASSIGNMENT((#17747,#17752));
#17747 = SURFACE_STYLE_USAGE(.BOTH.,#17748);
#17748 = SURFACE_SIDE_STYLE('',(#17749));
#17749 = SURFACE_STYLE_FILL_AREA(#17750);
#17750 = FILL_AREA_STYLE('',(#17751));
#17751 = FILL_AREA_STYLE_COLOUR('',#16913);
#17752 = CURVE_STYLE('',#17753,POSITIVE_LENGTH_MEASURE(0.1),#16913);
#17753 = DRAUGHTING_PRE_DEFINED_CURVE_FONT('continuous');
#17754 = OVER_RIDING_STYLED_ITEM('overriding color',(#17755),#2663,
  #17745);
#17755 = PRESENTATION_STYLE_ASSIGNMENT((#17756,#17761));
#17756 = SURFACE_STYLE_USAGE(.BOTH.,#17757);
#17757 = SURFACE_SIDE_STYLE('',(#17758));
#17758 = SURFACE_STYLE_FILL_AREA(#17759);
#17759 = FILL_AREA_STYLE('',(#17760));
#17760 = FILL_AREA_STYLE_COLOUR('',#16986);
#17761 = CURVE_STYLE('',#17762,POSITIVE_LENGTH_MEASURE(0.1),#16986);
#17762 = DRAUGHTING_PRE_DEFINED_CURVE_FONT('continuous');
#17763 = OVER_RIDING_STYLED_ITEM('overriding color',(#17764),#2679,
  #17745);
#17764 = PRESENTATION_STYLE_ASSIGNMENT((#17765,#17770));
#17765 = SURFACE_STYLE_USAGE(.BOTH.,#17766);
#17766 = SURFACE_SIDE_STYLE('',(#17767));
#17767 = SURFACE_STYLE_FILL_AREA(#17768);
#17768 = FILL_AREA_STYLE('',(#17769));
#17769 = FILL_AREA_STYLE_COLOUR('',#16986);
#17770 = CURVE_STYLE('',#17771,POSITIVE_LENGTH_MEASURE(0.1),#16986);
#17771 = DRAUGHTING_PRE_DEFINED_CURVE_FONT('continuous');
#17772 = STYLED_ITEM('color',(#17773),#2705);
#17773 = PRESENTATION_STYLE_ASSIGNMENT((#17774,#17779));
#17774 = SURFACE_STYLE_USAGE(.BOTH.,#17775);
#17775 = SURFACE_SIDE_STYLE('',(#17776));
#17776 = SURFACE_STYLE_FILL_AREA(#17777);
#17777 = FILL_AREA_STYLE('',(#17778));
#17778 = FILL_AREA_STYLE_COLOUR('',#16913);
#17779 = CURVE_STYLE('',#17780,POSITIVE_LENGTH_MEASURE(0.1),#16913);
#17780 = DRAUGHTING_PRE_DEFINED_CURVE_FONT('continuous');
#17781 = STYLED_ITEM('color',(#17782),#2729);
#17782 = PRESENTATION_STYLE_ASSIGNMENT((#17783,#17788));
#17783 = SURFACE_STYLE_USAGE(.BOTH.,#17784);
#17784 = SURFACE_SIDE_STYLE('',(#17785));
#17785 = SURFACE_STYLE_FILL_AREA(#17786);
#17786 = FILL_AREA_STYLE('',(#17787));
#17787 = FILL_AREA_STYLE_COLOUR('',#16913);
#17788 = CURVE_STYLE('',#17789,POSITIVE_LENGTH_MEASURE(0.1),#16913);
#17789 = DRAUGHTING_PRE_DEFINED_CURVE_FONT('continuous');
#17790 = OVER_RIDING_STYLED_ITEM('overriding color',(#17791),#2743,
  #17781);
#17791 = PRESENTATION_STYLE_ASSIGNMENT((#17792,#17797));
#17792 = SURFACE_STYLE_USAGE(.BOTH.,#17793);
#17793 = SURFACE_SIDE_STYLE('',(#17794));
#17794 = SURFACE_STYLE_FILL_AREA(#17795);
#17795 = FILL_AREA_STYLE('',(#17796));
#17796 = FILL_AREA_STYLE_COLOUR('',#16986);
#17797 = CURVE_STYLE('',#17798,POSITIVE_LENGTH_MEASURE(0.1),#16986);
#17798 = DRAUGHTING_PRE_DEFINED_CURVE_FONT('continuous');
#17799 = OVER_RIDING_STYLED_ITEM('overriding color',(#17800),#2759,
  #17781);
#17800 = PRESENTATION_STYLE_ASSIGNMENT((#17801,#17806));
#17801 = SURFACE_STYLE_USAGE(.BOTH.,#17802);
#17802 = SURFACE_SIDE_STYLE('',(#17803));
#17803 = SURFACE_STYLE_FILL_AREA(#17804);
#17804 = FILL_AREA_STYLE('',(#17805));
#17805 = FILL_AREA_STYLE_COLOUR('',#16986);
#17806 = CURVE_STYLE('',#17807,POSITIVE_LENGTH_MEASURE(0.1),#16986);
#17807 = DRAUGHTING_PRE_DEFINED_CURVE_FONT('continuous');
#17808 = STYLED_ITEM('color',(#17809),#2778);
#17809 = PRESENTATION_STYLE_ASSIGNMENT((#17810,#17815));
#17810 = SURFACE_STYLE_USAGE(.BOTH.,#17811);
#17811 = SURFACE_SIDE_STYLE('',(#17812));
#17812 = SURFACE_STYLE_FILL_AREA(#17813);
#17813 = FILL_AREA_STYLE('',(#17814));
#17814 = FILL_AREA_STYLE_COLOUR('',#16986);
#17815 = CURVE_STYLE('',#17816,POSITIVE_LENGTH_MEASURE(0.1),#16986);
#17816 = DRAUGHTING_PRE_DEFINED_CURVE_FONT('continuous');
#17817 = STYLED_ITEM('color',(#17818),#2795);
#17818 = PRESENTATION_STYLE_ASSIGNMENT((#17819,#17824));
#17819 = SURFACE_STYLE_USAGE(.BOTH.,#17820);
#17820 = SURFACE_SIDE_STYLE('',(#17821));
#17821 = SURFACE_STYLE_FILL_AREA(#17822);
#17822 = FILL_AREA_STYLE('',(#17823));
#17823 = FILL_AREA_STYLE_COLOUR('',#16986);
#17824 = CURVE_STYLE('',#17825,POSITIVE_LENGTH_MEASURE(0.1),#16986);
#17825 = DRAUGHTING_PRE_DEFINED_CURVE_FONT('continuous');
#17826 = STYLED_ITEM('color',(#17827),#2812);
#17827 = PRESENTATION_STYLE_ASSIGNMENT((#17828,#17833));
#17828 = SURFACE_STYLE_USAGE(.BOTH.,#17829);
#17829 = SURFACE_SIDE_STYLE('',(#17830));
#17830 = SURFACE_STYLE_FILL_AREA(#17831);
#17831 = FILL_AREA_STYLE('',(#17832));
#17832 = FILL_AREA_STYLE_COLOUR('',#16986);
#17833 = CURVE_STYLE('',#17834,POSITIVE_LENGTH_MEASURE(0.1),#16986);
#17834 = DRAUGHTING_PRE_DEFINED_CURVE_FONT('continuous');
#17835 = STYLED_ITEM('color',(#17836),#2829);
#17836 = PRESENTATION_STYLE_ASSIGNMENT((#17837,#17842));
#17837 = SURFACE_STYLE_USAGE(.BOTH.,#17838);
#17838 = SURFACE_SIDE_STYLE('',(#17839));
#17839 = SURFACE_STYLE_FILL_AREA(#17840);
#17840 = FILL_AREA_STYLE('',(#17841));
#17841 = FILL_AREA_STYLE_COLOUR('',#16986);
#17842 = CURVE_STYLE('',#17843,POSITIVE_LENGTH_MEASURE(0.1),#16986);
#17843 = DRAUGHTING_PRE_DEFINED_CURVE_FONT('continuous');
#17844 = STYLED_ITEM('color',(#17845),#2846);
#17845 = PRESENTATION_STYLE_ASSIGNMENT((#17846,#17851));
#17846 = SURFACE_STYLE_USAGE(.BOTH.,#17847);
#17847 = SURFACE_SIDE_STYLE('',(#17848));
#17848 = SURFACE_STYLE_FILL_AREA(#17849);
#17849 = FILL_AREA_STYLE('',(#17850));
#17850 = FILL_AREA_STYLE_COLOUR('',#16986);
#17851 = CURVE_STYLE('',#17852,POSITIVE_LENGTH_MEASURE(0.1),#16986);
#17852 = DRAUGHTING_PRE_DEFINED_CURVE_FONT('continuous');
#17853 = STYLED_ITEM('color',(#17854),#2858);
#17854 = PRESENTATION_STYLE_ASSIGNMENT((#17855,#17860));
#17855 = SURFACE_STYLE_USAGE(.BOTH.,#17856);
#17856 = SURFACE_SIDE_STYLE('',(#17857));
#17857 = SURFACE_STYLE_FILL_AREA(#17858);
#17858 = FILL_AREA_STYLE('',(#17859));
#17859 = FILL_AREA_STYLE_COLOUR('',#16986);
#17860 = CURVE_STYLE('',#17861,POSITIVE_LENGTH_MEASURE(0.1),#16986);
#17861 = DRAUGHTING_PRE_DEFINED_CURVE_FONT('continuous');
#17862 = STYLED_ITEM('color',(#17863),#2875);
#17863 = PRESENTATION_STYLE_ASSIGNMENT((#17864,#17869));
#17864 = SURFACE_STYLE_USAGE(.BOTH.,#17865);
#17865 = SURFACE_SIDE_STYLE('',(#17866));
#17866 = SURFACE_STYLE_FILL_AREA(#17867);
#17867 = FILL_AREA_STYLE('',(#17868));
#17868 = FILL_AREA_STYLE_COLOUR('',#16986);
#17869 = CURVE_STYLE('',#17870,POSITIVE_LENGTH_MEASURE(0.1),#16986);
#17870 = DRAUGHTING_PRE_DEFINED_CURVE_FONT('continuous');
#17871 = STYLED_ITEM('color',(#17872),#2892);
#17872 = PRESENTATION_STYLE_ASSIGNMENT((#17873,#17878));
#17873 = SURFACE_STYLE_USAGE(.BOTH.,#17874);
#17874 = SURFACE_SIDE_STYLE('',(#17875));
#17875 = SURFACE_STYLE_FILL_AREA(#17876);
#17876 = FILL_AREA_STYLE('',(#17877));
#17877 = FILL_AREA_STYLE_COLOUR('',#16986);
#17878 = CURVE_STYLE('',#17879,POSITIVE_LENGTH_MEASURE(0.1),#16986);
#17879 = DRAUGHTING_PRE_DEFINED_CURVE_FONT('continuous');
#17880 = STYLED_ITEM('color',(#17881),#2909);
#17881 = PRESENTATION_STYLE_ASSIGNMENT((#17882,#17887));
#17882 = SURFACE_STYLE_USAGE(.BOTH.,#17883);
#17883 = SURFACE_SIDE_STYLE('',(#17884));
#17884 = SURFACE_STYLE_FILL_AREA(#17885);
#17885 = FILL_AREA_STYLE('',(#17886));
#17886 = FILL_AREA_STYLE_COLOUR('',#16986);
#17887 = CURVE_STYLE('',#17888,POSITIVE_LENGTH_MEASURE(0.1),#16986);
#17888 = DRAUGHTING_PRE_DEFINED_CURVE_FONT('continuous');
#17889 = STYLED_ITEM('color',(#17890),#2926);
#17890 = PRESENTATION_STYLE_ASSIGNMENT((#17891,#17896));
#17891 = SURFACE_STYLE_USAGE(.BOTH.,#17892);
#17892 = SURFACE_SIDE_STYLE('',(#17893));
#17893 = SURFACE_STYLE_FILL_AREA(#17894);
#17894 = FILL_AREA_STYLE('',(#17895));
#17895 = FILL_AREA_STYLE_COLOUR('',#16986);
#17896 = CURVE_STYLE('',#17897,POSITIVE_LENGTH_MEASURE(0.1),#16986);
#17897 = DRAUGHTING_PRE_DEFINED_CURVE_FONT('continuous');
#17898 = STYLED_ITEM('color',(#17899),#2938);
#17899 = PRESENTATION_STYLE_ASSIGNMENT((#17900,#17905));
#17900 = SURFACE_STYLE_USAGE(.BOTH.,#17901);
#17901 = SURFACE_SIDE_STYLE('',(#17902));
#17902 = SURFACE_STYLE_FILL_AREA(#17903);
#17903 = FILL_AREA_STYLE('',(#17904));
#17904 = FILL_AREA_STYLE_COLOUR('',#16986);
#17905 = CURVE_STYLE('',#17906,POSITIVE_LENGTH_MEASURE(0.1),#16986);
#17906 = DRAUGHTING_PRE_DEFINED_CURVE_FONT('continuous');
#17907 = STYLED_ITEM('color',(#17908),#2955);
#17908 = PRESENTATION_STYLE_ASSIGNMENT((#17909,#17914));
#17909 = SURFACE_STYLE_USAGE(.BOTH.,#17910);
#17910 = SURFACE_SIDE_STYLE('',(#17911));
#17911 = SURFACE_STYLE_FILL_AREA(#17912);
#17912 = FILL_AREA_STYLE('',(#17913));
#17913 = FILL_AREA_STYLE_COLOUR('',#16986);
#17914 = CURVE_STYLE('',#17915,POSITIVE_LENGTH_MEASURE(0.1),#16986);
#17915 = DRAUGHTING_PRE_DEFINED_CURVE_FONT('continuous');
#17916 = STYLED_ITEM('color',(#17917),#2972);
#17917 = PRESENTATION_STYLE_ASSIGNMENT((#17918,#17923));
#17918 = SURFACE_STYLE_USAGE(.BOTH.,#17919);
#17919 = SURFACE_SIDE_STYLE('',(#17920));
#17920 = SURFACE_STYLE_FILL_AREA(#17921);
#17921 = FILL_AREA_STYLE('',(#17922));
#17922 = FILL_AREA_STYLE_COLOUR('',#16986);
#17923 = CURVE_STYLE('',#17924,POSITIVE_LENGTH_MEASURE(0.1),#16986);
#17924 = DRAUGHTING_PRE_DEFINED_CURVE_FONT('continuous');
#17925 = STYLED_ITEM('color',(#17926),#2989);
#17926 = PRESENTATION_STYLE_ASSIGNMENT((#17927,#17932));
#17927 = SURFACE_STYLE_USAGE(.BOTH.,#17928);
#17928 = SURFACE_SIDE_STYLE('',(#17929));
#17929 = SURFACE_STYLE_FILL_AREA(#17930);
#17930 = FILL_AREA_STYLE('',(#17931));
#17931 = FILL_AREA_STYLE_COLOUR('',#16986);
#17932 = CURVE_STYLE('',#17933,POSITIVE_LENGTH_MEASURE(0.1),#16986);
#17933 = DRAUGHTING_PRE_DEFINED_CURVE_FONT('continuous');
#17934 = STYLED_ITEM('color',(#17935),#3006);
#17935 = PRESENTATION_STYLE_ASSIGNMENT((#17936,#17941));
#17936 = SURFACE_STYLE_USAGE(.BOTH.,#17937);
#17937 = SURFACE_SIDE_STYLE('',(#17938));
#17938 = SURFACE_STYLE_FILL_AREA(#17939);
#17939 = FILL_AREA_STYLE('',(#17940));
#17940 = FILL_AREA_STYLE_COLOUR('',#16986);
#17941 = CURVE_STYLE('',#17942,POSITIVE_LENGTH_MEASURE(0.1),#16986);
#17942 = DRAUGHTING_PRE_DEFINED_CURVE_FONT('continuous');
#17943 = STYLED_ITEM('color',(#17944),#3018);
#17944 = PRESENTATION_STYLE_ASSIGNMENT((#17945,#17950));
#17945 = SURFACE_STYLE_USAGE(.BOTH.,#17946);
#17946 = SURFACE_SIDE_STYLE('',(#17947));
#17947 = SURFACE_STYLE_FILL_AREA(#17948);
#17948 = FILL_AREA_STYLE('',(#17949));
#17949 = FILL_AREA_STYLE_COLOUR('',#16986);
#17950 = CURVE_STYLE('',#17951,POSITIVE_LENGTH_MEASURE(0.1),#16986);
#17951 = DRAUGHTING_PRE_DEFINED_CURVE_FONT('continuous');
#17952 = STYLED_ITEM('color',(#17953),#3035);
#17953 = PRESENTATION_STYLE_ASSIGNMENT((#17954,#17959));
#17954 = SURFACE_STYLE_USAGE(.BOTH.,#17955);
#17955 = SURFACE_SIDE_STYLE('',(#17956));
#17956 = SURFACE_STYLE_FILL_AREA(#17957);
#17957 = FILL_AREA_STYLE('',(#17958));
#17958 = FILL_AREA_STYLE_COLOUR('',#16986);
#17959 = CURVE_STYLE('',#17960,POSITIVE_LENGTH_MEASURE(0.1),#16986);
#17960 = DRAUGHTING_PRE_DEFINED_CURVE_FONT('continuous');
#17961 = STYLED_ITEM('color',(#17962),#3052);
#17962 = PRESENTATION_STYLE_ASSIGNMENT((#17963,#17968));
#17963 = SURFACE_STYLE_USAGE(.BOTH.,#17964);
#17964 = SURFACE_SIDE_STYLE('',(#17965));
#17965 = SURFACE_STYLE_FILL_AREA(#17966);
#17966 = FILL_AREA_STYLE('',(#17967));
#17967 = FILL_AREA_STYLE_COLOUR('',#16986);
#17968 = CURVE_STYLE('',#17969,POSITIVE_LENGTH_MEASURE(0.1),#16986);
#17969 = DRAUGHTING_PRE_DEFINED_CURVE_FONT('continuous');
#17970 = STYLED_ITEM('color',(#17971),#3069);
#17971 = PRESENTATION_STYLE_ASSIGNMENT((#17972,#17977));
#17972 = SURFACE_STYLE_USAGE(.BOTH.,#17973);
#17973 = SURFACE_SIDE_STYLE('',(#17974));
#17974 = SURFACE_STYLE_FILL_AREA(#17975);
#17975 = FILL_AREA_STYLE('',(#17976));
#17976 = FILL_AREA_STYLE_COLOUR('',#16986);
#17977 = CURVE_STYLE('',#17978,POSITIVE_LENGTH_MEASURE(0.1),#16986);
#17978 = DRAUGHTING_PRE_DEFINED_CURVE_FONT('continuous');
#17979 = STYLED_ITEM('color',(#17980),#3086);
#17980 = PRESENTATION_STYLE_ASSIGNMENT((#17981,#17986));
#17981 = SURFACE_STYLE_USAGE(.BOTH.,#17982);
#17982 = SURFACE_SIDE_STYLE('',(#17983));
#17983 = SURFACE_STYLE_FILL_AREA(#17984);
#17984 = FILL_AREA_STYLE('',(#17985));
#17985 = FILL_AREA_STYLE_COLOUR('',#16986);
#17986 = CURVE_STYLE('',#17987,POSITIVE_LENGTH_MEASURE(0.1),#16986);
#17987 = DRAUGHTING_PRE_DEFINED_CURVE_FONT('continuous');
#17988 = STYLED_ITEM('color',(#17989),#3098);
#17989 = PRESENTATION_STYLE_ASSIGNMENT((#17990,#17995));
#17990 = SURFACE_STYLE_USAGE(.BOTH.,#17991);
#17991 = SURFACE_SIDE_STYLE('',(#17992));
#17992 = SURFACE_STYLE_FILL_AREA(#17993);
#17993 = FILL_AREA_STYLE('',(#17994));
#17994 = FILL_AREA_STYLE_COLOUR('',#16986);
#17995 = CURVE_STYLE('',#17996,POSITIVE_LENGTH_MEASURE(0.1),#16986);
#17996 = DRAUGHTING_PRE_DEFINED_CURVE_FONT('continuous');
#17997 = STYLED_ITEM('color',(#17998),#3115);
#17998 = PRESENTATION_STYLE_ASSIGNMENT((#17999,#18004));
#17999 = SURFACE_STYLE_USAGE(.BOTH.,#18000);
#18000 = SURFACE_SIDE_STYLE('',(#18001));
#18001 = SURFACE_STYLE_FILL_AREA(#18002);
#18002 = FILL_AREA_STYLE('',(#18003));
#18003 = FILL_AREA_STYLE_COLOUR('',#16986);
#18004 = CURVE_STYLE('',#18005,POSITIVE_LENGTH_MEASURE(0.1),#16986);
#18005 = DRAUGHTING_PRE_DEFINED_CURVE_FONT('continuous');
#18006 = STYLED_ITEM('color',(#18007),#3132);
#18007 = PRESENTATION_STYLE_ASSIGNMENT((#18008,#18013));
#18008 = SURFACE_STYLE_USAGE(.BOTH.,#18009);
#18009 = SURFACE_SIDE_STYLE('',(#18010));
#18010 = SURFACE_STYLE_FILL_AREA(#18011);
#18011 = FILL_AREA_STYLE('',(#18012));
#18012 = FILL_AREA_STYLE_COLOUR('',#16986);
#18013 = CURVE_STYLE('',#18014,POSITIVE_LENGTH_MEASURE(0.1),#16986);
#18014 = DRAUGHTING_PRE_DEFINED_CURVE_FONT('continuous');
#18015 = STYLED_ITEM('color',(#18016),#3149);
#18016 = PRESENTATION_STYLE_ASSIGNMENT((#18017,#18022));
#18017 = SURFACE_STYLE_USAGE(.BOTH.,#18018);
#18018 = SURFACE_SIDE_STYLE('',(#18019));
#18019 = SURFACE_STYLE_FILL_AREA(#18020);
#18020 = FILL_AREA_STYLE('',(#18021));
#18021 = FILL_AREA_STYLE_COLOUR('',#16986);
#18022 = CURVE_STYLE('',#18023,POSITIVE_LENGTH_MEASURE(0.1),#16986);
#18023 = DRAUGHTING_PRE_DEFINED_CURVE_FONT('continuous');
#18024 = STYLED_ITEM('color',(#18025),#3166);
#18025 = PRESENTATION_STYLE_ASSIGNMENT((#18026,#18031));
#18026 = SURFACE_STYLE_USAGE(.BOTH.,#18027);
#18027 = SURFACE_SIDE_STYLE('',(#18028));
#18028 = SURFACE_STYLE_FILL_AREA(#18029);
#18029 = FILL_AREA_STYLE('',(#18030));
#18030 = FILL_AREA_STYLE_COLOUR('',#16986);
#18031 = CURVE_STYLE('',#18032,POSITIVE_LENGTH_MEASURE(0.1),#16986);
#18032 = DRAUGHTING_PRE_DEFINED_CURVE_FONT('continuous');
#18033 = STYLED_ITEM('color',(#18034),#3178);
#18034 = PRESENTATION_STYLE_ASSIGNMENT((#18035,#18040));
#18035 = SURFACE_STYLE_USAGE(.BOTH.,#18036);
#18036 = SURFACE_SIDE_STYLE('',(#18037));
#18037 = SURFACE_STYLE_FILL_AREA(#18038);
#18038 = FILL_AREA_STYLE('',(#18039));
#18039 = FILL_AREA_STYLE_COLOUR('',#16913);
#18040 = CURVE_STYLE('',#18041,POSITIVE_LENGTH_MEASURE(0.1),#16913);
#18041 = DRAUGHTING_PRE_DEFINED_CURVE_FONT('continuous');
#18042 = OVER_RIDING_STYLED_ITEM('overriding color',(#18043),#3185,
  #18033);
#18043 = PRESENTATION_STYLE_ASSIGNMENT((#18044,#18049));
#18044 = SURFACE_STYLE_USAGE(.BOTH.,#18045);
#18045 = SURFACE_SIDE_STYLE('',(#18046));
#18046 = SURFACE_STYLE_FILL_AREA(#18047);
#18047 = FILL_AREA_STYLE('',(#18048));
#18048 = FILL_AREA_STYLE_COLOUR('',#16986);
#18049 = CURVE_STYLE('',#18050,POSITIVE_LENGTH_MEASURE(0.1),#16986);
#18050 = DRAUGHTING_PRE_DEFINED_CURVE_FONT('continuous');
#18051 = STYLED_ITEM('color',(#18052),#3195);
#18052 = PRESENTATION_STYLE_ASSIGNMENT((#18053,#18058));
#18053 = SURFACE_STYLE_USAGE(.BOTH.,#18054);
#18054 = SURFACE_SIDE_STYLE('',(#18055));
#18055 = SURFACE_STYLE_FILL_AREA(#18056);
#18056 = FILL_AREA_STYLE('',(#18057));
#18057 = FILL_AREA_STYLE_COLOUR('',#16913);
#18058 = CURVE_STYLE('',#18059,POSITIVE_LENGTH_MEASURE(0.1),#16913);
#18059 = DRAUGHTING_PRE_DEFINED_CURVE_FONT('continuous');
#18060 = OVER_RIDING_STYLED_ITEM('overriding color',(#18061),#3200,
  #18051);
#18061 = PRESENTATION_STYLE_ASSIGNMENT((#18062,#18067));
#18062 = SURFACE_STYLE_USAGE(.BOTH.,#18063);
#18063 = SURFACE_SIDE_STYLE('',(#18064));
#18064 = SURFACE_STYLE_FILL_AREA(#18065);
#18065 = FILL_AREA_STYLE('',(#18066));
#18066 = FILL_AREA_STYLE_COLOUR('',#16986);
#18067 = CURVE_STYLE('',#18068,POSITIVE_LENGTH_MEASURE(0.1),#16986);
#18068 = DRAUGHTING_PRE_DEFINED_CURVE_FONT('continuous');
#18069 = STYLED_ITEM('color',(#18070),#3212);
#18070 = PRESENTATION_STYLE_ASSIGNMENT((#18071,#18076));
#18071 = SURFACE_STYLE_USAGE(.BOTH.,#18072);
#18072 = SURFACE_SIDE_STYLE('',(#18073));
#18073 = SURFACE_STYLE_FILL_AREA(#18074);
#18074 = FILL_AREA_STYLE('',(#18075));
#18075 = FILL_AREA_STYLE_COLOUR('',#16986);
#18076 = CURVE_STYLE('',#18077,POSITIVE_LENGTH_MEASURE(0.1),#16986);
#18077 = DRAUGHTING_PRE_DEFINED_CURVE_FONT('continuous');
#18078 = STYLED_ITEM('color',(#18079),#3261);
#18079 = PRESENTATION_STYLE_ASSIGNMENT((#18080,#18085));
#18080 = SURFACE_STYLE_USAGE(.BOTH.,#18081);
#18081 = SURFACE_SIDE_STYLE('',(#18082));
#18082 = SURFACE_STYLE_FILL_AREA(#18083);
#18083 = FILL_AREA_STYLE('',(#18084));
#18084 = FILL_AREA_STYLE_COLOUR('',#16986);
#18085 = CURVE_STYLE('',#18086,POSITIVE_LENGTH_MEASURE(0.1),#16986);
#18086 = DRAUGHTING_PRE_DEFINED_CURVE_FONT('continuous');
#18087 = STYLED_ITEM('color',(#18088),#3285);
#18088 = PRESENTATION_STYLE_ASSIGNMENT((#18089,#18094));
#18089 = SURFACE_STYLE_USAGE(.BOTH.,#18090);
#18090 = SURFACE_SIDE_STYLE('',(#18091));
#18091 = SURFACE_STYLE_FILL_AREA(#18092);
#18092 = FILL_AREA_STYLE('',(#18093));
#18093 = FILL_AREA_STYLE_COLOUR('',#16986);
#18094 = CURVE_STYLE('',#18095,POSITIVE_LENGTH_MEASURE(0.1),#16986);
#18095 = DRAUGHTING_PRE_DEFINED_CURVE_FONT('continuous');
#18096 = STYLED_ITEM('color',(#18097),#3327);
#18097 = PRESENTATION_STYLE_ASSIGNMENT((#18098,#18103));
#18098 = SURFACE_STYLE_USAGE(.BOTH.,#18099);
#18099 = SURFACE_SIDE_STYLE('',(#18100));
#18100 = SURFACE_STYLE_FILL_AREA(#18101);
#18101 = FILL_AREA_STYLE('',(#18102));
#18102 = FILL_AREA_STYLE_COLOUR('',#16986);
#18103 = CURVE_STYLE('',#18104,POSITIVE_LENGTH_MEASURE(0.1),#16986);
#18104 = DRAUGHTING_PRE_DEFINED_CURVE_FONT('continuous');
#18105 = STYLED_ITEM('color',(#18106),#3344);
#18106 = PRESENTATION_STYLE_ASSIGNMENT((#18107,#18112));
#18107 = SURFACE_STYLE_USAGE(.BOTH.,#18108);
#18108 = SURFACE_SIDE_STYLE('',(#18109));
#18109 = SURFACE_STYLE_FILL_AREA(#18110);
#18110 = FILL_AREA_STYLE('',(#18111));
#18111 = FILL_AREA_STYLE_COLOUR('',#16913);
#18112 = CURVE_STYLE('',#18113,POSITIVE_LENGTH_MEASURE(0.1),#16913);
#18113 = DRAUGHTING_PRE_DEFINED_CURVE_FONT('continuous');
#18114 = OVER_RIDING_STYLED_ITEM('overriding color',(#18115),#3351,
  #18105);
#18115 = PRESENTATION_STYLE_ASSIGNMENT((#18116,#18121));
#18116 = SURFACE_STYLE_USAGE(.BOTH.,#18117);
#18117 = SURFACE_SIDE_STYLE('',(#18118));
#18118 = SURFACE_STYLE_FILL_AREA(#18119);
#18119 = FILL_AREA_STYLE('',(#18120));
#18120 = FILL_AREA_STYLE_COLOUR('',#16986);
#18121 = CURVE_STYLE('',#18122,POSITIVE_LENGTH_MEASURE(0.1),#16986);
#18122 = DRAUGHTING_PRE_DEFINED_CURVE_FONT('continuous');
#18123 = STYLED_ITEM('color',(#18124),#3361);
#18124 = PRESENTATION_STYLE_ASSIGNMENT((#18125,#18130));
#18125 = SURFACE_STYLE_USAGE(.BOTH.,#18126);
#18126 = SURFACE_SIDE_STYLE('',(#18127));
#18127 = SURFACE_STYLE_FILL_AREA(#18128);
#18128 = FILL_AREA_STYLE('',(#18129));
#18129 = FILL_AREA_STYLE_COLOUR('',#16913);
#18130 = CURVE_STYLE('',#18131,POSITIVE_LENGTH_MEASURE(0.1),#16913);
#18131 = DRAUGHTING_PRE_DEFINED_CURVE_FONT('continuous');
#18132 = OVER_RIDING_STYLED_ITEM('overriding color',(#18133),#3366,
  #18123);
#18133 = PRESENTATION_STYLE_ASSIGNMENT((#18134,#18139));
#18134 = SURFACE_STYLE_USAGE(.BOTH.,#18135);
#18135 = SURFACE_SIDE_STYLE('',(#18136));
#18136 = SURFACE_STYLE_FILL_AREA(#18137);
#18137 = FILL_AREA_STYLE('',(#18138));
#18138 = FILL_AREA_STYLE_COLOUR('',#16986);
#18139 = CURVE_STYLE('',#18140,POSITIVE_LENGTH_MEASURE(0.1),#16986);
#18140 = DRAUGHTING_PRE_DEFINED_CURVE_FONT('continuous');
#18141 = STYLED_ITEM('color',(#18142),#3378);
#18142 = PRESENTATION_STYLE_ASSIGNMENT((#18143,#18148));
#18143 = SURFACE_STYLE_USAGE(.BOTH.,#18144);
#18144 = SURFACE_SIDE_STYLE('',(#18145));
#18145 = SURFACE_STYLE_FILL_AREA(#18146);
#18146 = FILL_AREA_STYLE('',(#18147));
#18147 = FILL_AREA_STYLE_COLOUR('',#16986);
#18148 = CURVE_STYLE('',#18149,POSITIVE_LENGTH_MEASURE(0.1),#16986);
#18149 = DRAUGHTING_PRE_DEFINED_CURVE_FONT('continuous');
#18150 = STYLED_ITEM('color',(#18151),#3427);
#18151 = PRESENTATION_STYLE_ASSIGNMENT((#18152,#18157));
#18152 = SURFACE_STYLE_USAGE(.BOTH.,#18153);
#18153 = SURFACE_SIDE_STYLE('',(#18154));
#18154 = SURFACE_STYLE_FILL_AREA(#18155);
#18155 = FILL_AREA_STYLE('',(#18156));
#18156 = FILL_AREA_STYLE_COLOUR('',#16986);
#18157 = CURVE_STYLE('',#18158,POSITIVE_LENGTH_MEASURE(0.1),#16986);
#18158 = DRAUGHTING_PRE_DEFINED_CURVE_FONT('continuous');
#18159 = STYLED_ITEM('color',(#18160),#3451);
#18160 = PRESENTATION_STYLE_ASSIGNMENT((#18161,#18166));
#18161 = SURFACE_STYLE_USAGE(.BOTH.,#18162);
#18162 = SURFACE_SIDE_STYLE('',(#18163));
#18163 = SURFACE_STYLE_FILL_AREA(#18164);
#18164 = FILL_AREA_STYLE('',(#18165));
#18165 = FILL_AREA_STYLE_COLOUR('',#16986);
#18166 = CURVE_STYLE('',#18167,POSITIVE_LENGTH_MEASURE(0.1),#16986);
#18167 = DRAUGHTING_PRE_DEFINED_CURVE_FONT('continuous');
#18168 = STYLED_ITEM('color',(#18169),#3493);
#18169 = PRESENTATION_STYLE_ASSIGNMENT((#18170,#18175));
#18170 = SURFACE_STYLE_USAGE(.BOTH.,#18171);
#18171 = SURFACE_SIDE_STYLE('',(#18172));
#18172 = SURFACE_STYLE_FILL_AREA(#18173);
#18173 = FILL_AREA_STYLE('',(#18174));
#18174 = FILL_AREA_STYLE_COLOUR('',#16986);
#18175 = CURVE_STYLE('',#18176,POSITIVE_LENGTH_MEASURE(0.1),#16986);
#18176 = DRAUGHTING_PRE_DEFINED_CURVE_FONT('continuous');
#18177 = STYLED_ITEM('color',(#18178),#3510);
#18178 = PRESENTATION_STYLE_ASSIGNMENT((#18179,#18184));
#18179 = SURFACE_STYLE_USAGE(.BOTH.,#18180);
#18180 = SURFACE_SIDE_STYLE('',(#18181));
#18181 = SURFACE_STYLE_FILL_AREA(#18182);
#18182 = FILL_AREA_STYLE('',(#18183));
#18183 = FILL_AREA_STYLE_COLOUR('',#16913);
#18184 = CURVE_STYLE('',#18185,POSITIVE_LENGTH_MEASURE(0.1),#16913);
#18185 = DRAUGHTING_PRE_DEFINED_CURVE_FONT('continuous');
#18186 = OVER_RIDING_STYLED_ITEM('overriding color',(#18187),#3517,
  #18177);
#18187 = PRESENTATION_STYLE_ASSIGNMENT((#18188,#18193));
#18188 = SURFACE_STYLE_USAGE(.BOTH.,#18189);
#18189 = SURFACE_SIDE_STYLE('',(#18190));
#18190 = SURFACE_STYLE_FILL_AREA(#18191);
#18191 = FILL_AREA_STYLE('',(#18192));
#18192 = FILL_AREA_STYLE_COLOUR('',#16986);
#18193 = CURVE_STYLE('',#18194,POSITIVE_LENGTH_MEASURE(0.1),#16986);
#18194 = DRAUGHTING_PRE_DEFINED_CURVE_FONT('continuous');
#18195 = STYLED_ITEM('color',(#18196),#3527);
#18196 = PRESENTATION_STYLE_ASSIGNMENT((#18197,#18202));
#18197 = SURFACE_STYLE_USAGE(.BOTH.,#18198);
#18198 = SURFACE_SIDE_STYLE('',(#18199));
#18199 = SURFACE_STYLE_FILL_AREA(#18200);
#18200 = FILL_AREA_STYLE('',(#18201));
#18201 = FILL_AREA_STYLE_COLOUR('',#16913);
#18202 = CURVE_STYLE('',#18203,POSITIVE_LENGTH_MEASURE(0.1),#16913);
#18203 = DRAUGHTING_PRE_DEFINED_CURVE_FONT('continuous');
#18204 = OVER_RIDING_STYLED_ITEM('overriding color',(#18205),#3532,
  #18195);
#18205 = PRESENTATION_STYLE_ASSIGNMENT((#18206,#18211));
#18206 = SURFACE_STYLE_USAGE(.BOTH.,#18207);
#18207 = SURFACE_SIDE_STYLE('',(#18208));
#18208 = SURFACE_STYLE_FILL_AREA(#18209);
#18209 = FILL_AREA_STYLE('',(#18210));
#18210 = FILL_AREA_STYLE_COLOUR('',#16986);
#18211 = CURVE_STYLE('',#18212,POSITIVE_LENGTH_MEASURE(0.1),#16986);
#18212 = DRAUGHTING_PRE_DEFINED_CURVE_FONT('continuous');
#18213 = STYLED_ITEM('color',(#18214),#3544);
#18214 = PRESENTATION_STYLE_ASSIGNMENT((#18215,#18220));
#18215 = SURFACE_STYLE_USAGE(.BOTH.,#18216);
#18216 = SURFACE_SIDE_STYLE('',(#18217));
#18217 = SURFACE_STYLE_FILL_AREA(#18218);
#18218 = FILL_AREA_STYLE('',(#18219));
#18219 = FILL_AREA_STYLE_COLOUR('',#16986);
#18220 = CURVE_STYLE('',#18221,POSITIVE_LENGTH_MEASURE(0.1),#16986);
#18221 = DRAUGHTING_PRE_DEFINED_CURVE_FONT('continuous');
#18222 = STYLED_ITEM('color',(#18223),#3593);
#18223 = PRESENTATION_STYLE_ASSIGNMENT((#18224,#18229));
#18224 = SURFACE_STYLE_USAGE(.BOTH.,#18225);
#18225 = SURFACE_SIDE_STYLE('',(#18226));
#18226 = SURFACE_STYLE_FILL_AREA(#18227);
#18227 = FILL_AREA_STYLE('',(#18228));
#18228 = FILL_AREA_STYLE_COLOUR('',#16986);
#18229 = CURVE_STYLE('',#18230,POSITIVE_LENGTH_MEASURE(0.1),#16986);
#18230 = DRAUGHTING_PRE_DEFINED_CURVE_FONT('continuous');
#18231 = STYLED_ITEM('color',(#18232),#3617);
#18232 = PRESENTATION_STYLE_ASSIGNMENT((#18233,#18238));
#18233 = SURFACE_STYLE_USAGE(.BOTH.,#18234);
#18234 = SURFACE_SIDE_STYLE('',(#18235));
#18235 = SURFACE_STYLE_FILL_AREA(#18236);
#18236 = FILL_AREA_STYLE('',(#18237));
#18237 = FILL_AREA_STYLE_COLOUR('',#16986);
#18238 = CURVE_STYLE('',#18239,POSITIVE_LENGTH_MEASURE(0.1),#16986);
#18239 = DRAUGHTING_PRE_DEFINED_CURVE_FONT('continuous');
#18240 = STYLED_ITEM('color',(#18241),#3659);
#18241 = PRESENTATION_STYLE_ASSIGNMENT((#18242,#18247));
#18242 = SURFACE_STYLE_USAGE(.BOTH.,#18243);
#18243 = SURFACE_SIDE_STYLE('',(#18244));
#18244 = SURFACE_STYLE_FILL_AREA(#18245);
#18245 = FILL_AREA_STYLE('',(#18246));
#18246 = FILL_AREA_STYLE_COLOUR('',#16986);
#18247 = CURVE_STYLE('',#18248,POSITIVE_LENGTH_MEASURE(0.1),#16986);
#18248 = DRAUGHTING_PRE_DEFINED_CURVE_FONT('continuous');
#18249 = STYLED_ITEM('color',(#18250),#3676);
#18250 = PRESENTATION_STYLE_ASSIGNMENT((#18251,#18256));
#18251 = SURFACE_STYLE_USAGE(.BOTH.,#18252);
#18252 = SURFACE_SIDE_STYLE('',(#18253));
#18253 = SURFACE_STYLE_FILL_AREA(#18254);
#18254 = FILL_AREA_STYLE('',(#18255));
#18255 = FILL_AREA_STYLE_COLOUR('',#16913);
#18256 = CURVE_STYLE('',#18257,POSITIVE_LENGTH_MEASURE(0.1),#16913);
#18257 = DRAUGHTING_PRE_DEFINED_CURVE_FONT('continuous');
#18258 = OVER_RIDING_STYLED_ITEM('overriding color',(#18259),#3683,
  #18249);
#18259 = PRESENTATION_STYLE_ASSIGNMENT((#18260,#18265));
#18260 = SURFACE_STYLE_USAGE(.BOTH.,#18261);
#18261 = SURFACE_SIDE_STYLE('',(#18262));
#18262 = SURFACE_STYLE_FILL_AREA(#18263);
#18263 = FILL_AREA_STYLE('',(#18264));
#18264 = FILL_AREA_STYLE_COLOUR('',#16986);
#18265 = CURVE_STYLE('',#18266,POSITIVE_LENGTH_MEASURE(0.1),#16986);
#18266 = DRAUGHTING_PRE_DEFINED_CURVE_FONT('continuous');
#18267 = STYLED_ITEM('color',(#18268),#3693);
#18268 = PRESENTATION_STYLE_ASSIGNMENT((#18269,#18274));
#18269 = SURFACE_STYLE_USAGE(.BOTH.,#18270);
#18270 = SURFACE_SIDE_STYLE('',(#18271));
#18271 = SURFACE_STYLE_FILL_AREA(#18272);
#18272 = FILL_AREA_STYLE('',(#18273));
#18273 = FILL_AREA_STYLE_COLOUR('',#16913);
#18274 = CURVE_STYLE('',#18275,POSITIVE_LENGTH_MEASURE(0.1),#16913);
#18275 = DRAUGHTING_PRE_DEFINED_CURVE_FONT('continuous');
#18276 = OVER_RIDING_STYLED_ITEM('overriding color',(#18277),#3698,
  #18267);
#18277 = PRESENTATION_STYLE_ASSIGNMENT((#18278,#18283));
#18278 = SURFACE_STYLE_USAGE(.BOTH.,#18279);
#18279 = SURFACE_SIDE_STYLE('',(#18280));
#18280 = SURFACE_STYLE_FILL_AREA(#18281);
#18281 = FILL_AREA_STYLE('',(#18282));
#18282 = FILL_AREA_STYLE_COLOUR('',#16986);
#18283 = CURVE_STYLE('',#18284,POSITIVE_LENGTH_MEASURE(0.1),#16986);
#18284 = DRAUGHTING_PRE_DEFINED_CURVE_FONT('continuous');
#18285 = STYLED_ITEM('color',(#18286),#3710);
#18286 = PRESENTATION_STYLE_ASSIGNMENT((#18287,#18292));
#18287 = SURFACE_STYLE_USAGE(.BOTH.,#18288);
#18288 = SURFACE_SIDE_STYLE('',(#18289));
#18289 = SURFACE_STYLE_FILL_AREA(#18290);
#18290 = FILL_AREA_STYLE('',(#18291));
#18291 = FILL_AREA_STYLE_COLOUR('',#16986);
#18292 = CURVE_STYLE('',#18293,POSITIVE_LENGTH_MEASURE(0.1),#16986);
#18293 = DRAUGHTING_PRE_DEFINED_CURVE_FONT('continuous');
#18294 = STYLED_ITEM('color',(#18295),#3759);
#18295 = PRESENTATION_STYLE_ASSIGNMENT((#18296,#18301));
#18296 = SURFACE_STYLE_USAGE(.BOTH.,#18297);
#18297 = SURFACE_SIDE_STYLE('',(#18298));
#18298 = SURFACE_STYLE_FILL_AREA(#18299);
#18299 = FILL_AREA_STYLE('',(#18300));
#18300 = FILL_AREA_STYLE_COLOUR('',#16986);
#18301 = CURVE_STYLE('',#18302,POSITIVE_LENGTH_MEASURE(0.1),#16986);
#18302 = DRAUGHTING_PRE_DEFINED_CURVE_FONT('continuous');
#18303 = STYLED_ITEM('color',(#18304),#3783);
#18304 = PRESENTATION_STYLE_ASSIGNMENT((#18305,#18310));
#18305 = SURFACE_STYLE_USAGE(.BOTH.,#18306);
#18306 = SURFACE_SIDE_STYLE('',(#18307));
#18307 = SURFACE_STYLE_FILL_AREA(#18308);
#18308 = FILL_AREA_STYLE('',(#18309));
#18309 = FILL_AREA_STYLE_COLOUR('',#16986);
#18310 = CURVE_STYLE('',#18311,POSITIVE_LENGTH_MEASURE(0.1),#16986);
#18311 = DRAUGHTING_PRE_DEFINED_CURVE_FONT('continuous');
#18312 = STYLED_ITEM('color',(#18313),#3825);
#18313 = PRESENTATION_STYLE_ASSIGNMENT((#18314,#18319));
#18314 = SURFACE_STYLE_USAGE(.BOTH.,#18315);
#18315 = SURFACE_SIDE_STYLE('',(#18316));
#18316 = SURFACE_STYLE_FILL_AREA(#18317);
#18317 = FILL_AREA_STYLE('',(#18318));
#18318 = FILL_AREA_STYLE_COLOUR('',#16986);
#18319 = CURVE_STYLE('',#18320,POSITIVE_LENGTH_MEASURE(0.1),#16986);
#18320 = DRAUGHTING_PRE_DEFINED_CURVE_FONT('continuous');
#18321 = STYLED_ITEM('color',(#18322),#3842);
#18322 = PRESENTATION_STYLE_ASSIGNMENT((#18323,#18328));
#18323 = SURFACE_STYLE_USAGE(.BOTH.,#18324);
#18324 = SURFACE_SIDE_STYLE('',(#18325));
#18325 = SURFACE_STYLE_FILL_AREA(#18326);
#18326 = FILL_AREA_STYLE('',(#18327));
#18327 = FILL_AREA_STYLE_COLOUR('',#16913);
#18328 = CURVE_STYLE('',#18329,POSITIVE_LENGTH_MEASURE(0.1),#16913);
#18329 = DRAUGHTING_PRE_DEFINED_CURVE_FONT('continuous');
#18330 = OVER_RIDING_STYLED_ITEM('overriding color',(#18331),#3849,
  #18321);
#18331 = PRESENTATION_STYLE_ASSIGNMENT((#18332,#18337));
#18332 = SURFACE_STYLE_USAGE(.BOTH.,#18333);
#18333 = SURFACE_SIDE_STYLE('',(#18334));
#18334 = SURFACE_STYLE_FILL_AREA(#18335);
#18335 = FILL_AREA_STYLE('',(#18336));
#18336 = FILL_AREA_STYLE_COLOUR('',#16986);
#18337 = CURVE_STYLE('',#18338,POSITIVE_LENGTH_MEASURE(0.1),#16986);
#18338 = DRAUGHTING_PRE_DEFINED_CURVE_FONT('continuous');
#18339 = STYLED_ITEM('color',(#18340),#3859);
#18340 = PRESENTATION_STYLE_ASSIGNMENT((#18341,#18346));
#18341 = SURFACE_STYLE_USAGE(.BOTH.,#18342);
#18342 = SURFACE_SIDE_STYLE('',(#18343));
#18343 = SURFACE_STYLE_FILL_AREA(#18344);
#18344 = FILL_AREA_STYLE('',(#18345));
#18345 = FILL_AREA_STYLE_COLOUR('',#16913);
#18346 = CURVE_STYLE('',#18347,POSITIVE_LENGTH_MEASURE(0.1),#16913);
#18347 = DRAUGHTING_PRE_DEFINED_CURVE_FONT('continuous');
#18348 = OVER_RIDING_STYLED_ITEM('overriding color',(#18349),#3864,
  #18339);
#18349 = PRESENTATION_STYLE_ASSIGNMENT((#18350,#18355));
#18350 = SURFACE_STYLE_USAGE(.BOTH.,#18351);
#18351 = SURFACE_SIDE_STYLE('',(#18352));
#18352 = SURFACE_STYLE_FILL_AREA(#18353);
#18353 = FILL_AREA_STYLE('',(#18354));
#18354 = FILL_AREA_STYLE_COLOUR('',#16986);
#18355 = CURVE_STYLE('',#18356,POSITIVE_LENGTH_MEASURE(0.1),#16986);
#18356 = DRAUGHTING_PRE_DEFINED_CURVE_FONT('continuous');
#18357 = STYLED_ITEM('color',(#18358),#3876);
#18358 = PRESENTATION_STYLE_ASSIGNMENT((#18359,#18364));
#18359 = SURFACE_STYLE_USAGE(.BOTH.,#18360);
#18360 = SURFACE_SIDE_STYLE('',(#18361));
#18361 = SURFACE_STYLE_FILL_AREA(#18362);
#18362 = FILL_AREA_STYLE('',(#18363));
#18363 = FILL_AREA_STYLE_COLOUR('',#16986);
#18364 = CURVE_STYLE('',#18365,POSITIVE_LENGTH_MEASURE(0.1),#16986);
#18365 = DRAUGHTING_PRE_DEFINED_CURVE_FONT('continuous');
#18366 = STYLED_ITEM('color',(#18367),#3925);
#18367 = PRESENTATION_STYLE_ASSIGNMENT((#18368,#18373));
#18368 = SURFACE_STYLE_USAGE(.BOTH.,#18369);
#18369 = SURFACE_SIDE_STYLE('',(#18370));
#18370 = SURFACE_STYLE_FILL_AREA(#18371);
#18371 = FILL_AREA_STYLE('',(#18372));
#18372 = FILL_AREA_STYLE_COLOUR('',#16986);
#18373 = CURVE_STYLE('',#18374,POSITIVE_LENGTH_MEASURE(0.1),#16986);
#18374 = DRAUGHTING_PRE_DEFINED_CURVE_FONT('continuous');
#18375 = STYLED_ITEM('color',(#18376),#3949);
#18376 = PRESENTATION_STYLE_ASSIGNMENT((#18377,#18382));
#18377 = SURFACE_STYLE_USAGE(.BOTH.,#18378);
#18378 = SURFACE_SIDE_STYLE('',(#18379));
#18379 = SURFACE_STYLE_FILL_AREA(#18380);
#18380 = FILL_AREA_STYLE('',(#18381));
#18381 = FILL_AREA_STYLE_COLOUR('',#16986);
#18382 = CURVE_STYLE('',#18383,POSITIVE_LENGTH_MEASURE(0.1),#16986);
#18383 = DRAUGHTING_PRE_DEFINED_CURVE_FONT('continuous');
#18384 = STYLED_ITEM('color',(#18385),#3991);
#18385 = PRESENTATION_STYLE_ASSIGNMENT((#18386,#18391));
#18386 = SURFACE_STYLE_USAGE(.BOTH.,#18387);
#18387 = SURFACE_SIDE_STYLE('',(#18388));
#18388 = SURFACE_STYLE_FILL_AREA(#18389);
#18389 = FILL_AREA_STYLE('',(#18390));
#18390 = FILL_AREA_STYLE_COLOUR('',#16986);
#18391 = CURVE_STYLE('',#18392,POSITIVE_LENGTH_MEASURE(0.1),#16986);
#18392 = DRAUGHTING_PRE_DEFINED_CURVE_FONT('continuous');
#18393 = STYLED_ITEM('color',(#18394),#4008);
#18394 = PRESENTATION_STYLE_ASSIGNMENT((#18395,#18400));
#18395 = SURFACE_STYLE_USAGE(.BOTH.,#18396);
#18396 = SURFACE_SIDE_STYLE('',(#18397));
#18397 = SURFACE_STYLE_FILL_AREA(#18398);
#18398 = FILL_AREA_STYLE('',(#18399));
#18399 = FILL_AREA_STYLE_COLOUR('',#16986);
#18400 = CURVE_STYLE('',#18401,POSITIVE_LENGTH_MEASURE(0.1),#16986);
#18401 = DRAUGHTING_PRE_DEFINED_CURVE_FONT('continuous');
#18402 = STYLED_ITEM('color',(#18403),#4025);
#18403 = PRESENTATION_STYLE_ASSIGNMENT((#18404,#18409));
#18404 = SURFACE_STYLE_USAGE(.BOTH.,#18405);
#18405 = SURFACE_SIDE_STYLE('',(#18406));
#18406 = SURFACE_STYLE_FILL_AREA(#18407);
#18407 = FILL_AREA_STYLE('',(#18408));
#18408 = FILL_AREA_STYLE_COLOUR('',#16986);
#18409 = CURVE_STYLE('',#18410,POSITIVE_LENGTH_MEASURE(0.1),#16986);
#18410 = DRAUGHTING_PRE_DEFINED_CURVE_FONT('continuous');
#18411 = STYLED_ITEM('color',(#18412),#4042);
#18412 = PRESENTATION_STYLE_ASSIGNMENT((#18413,#18418));
#18413 = SURFACE_STYLE_USAGE(.BOTH.,#18414);
#18414 = SURFACE_SIDE_STYLE('',(#18415));
#18415 = SURFACE_STYLE_FILL_AREA(#18416);
#18416 = FILL_AREA_STYLE('',(#18417));
#18417 = FILL_AREA_STYLE_COLOUR('',#16986);
#18418 = CURVE_STYLE('',#18419,POSITIVE_LENGTH_MEASURE(0.1),#16986);
#18419 = DRAUGHTING_PRE_DEFINED_CURVE_FONT('continuous');
#18420 = STYLED_ITEM('color',(#18421),#4054);
#18421 = PRESENTATION_STYLE_ASSIGNMENT((#18422,#18427));
#18422 = SURFACE_STYLE_USAGE(.BOTH.,#18423);
#18423 = SURFACE_SIDE_STYLE('',(#18424));
#18424 = SURFACE_STYLE_FILL_AREA(#18425);
#18425 = FILL_AREA_STYLE('',(#18426));
#18426 = FILL_AREA_STYLE_COLOUR('',#16986);
#18427 = CURVE_STYLE('',#18428,POSITIVE_LENGTH_MEASURE(0.1),#16986);
#18428 = DRAUGHTING_PRE_DEFINED_CURVE_FONT('continuous');
#18429 = STYLED_ITEM('color',(#18430),#4071);
#18430 = PRESENTATION_STYLE_ASSIGNMENT((#18431,#18436));
#18431 = SURFACE_STYLE_USAGE(.BOTH.,#18432);
#18432 = SURFACE_SIDE_STYLE('',(#18433));
#18433 = SURFACE_STYLE_FILL_AREA(#18434);
#18434 = FILL_AREA_STYLE('',(#18435));
#18435 = FILL_AREA_STYLE_COLOUR('',#16986);
#18436 = CURVE_STYLE('',#18437,POSITIVE_LENGTH_MEASURE(0.1),#16986);
#18437 = DRAUGHTING_PRE_DEFINED_CURVE_FONT('continuous');
#18438 = STYLED_ITEM('color',(#18439),#4088);
#18439 = PRESENTATION_STYLE_ASSIGNMENT((#18440,#18445));
#18440 = SURFACE_STYLE_USAGE(.BOTH.,#18441);
#18441 = SURFACE_SIDE_STYLE('',(#18442));
#18442 = SURFACE_STYLE_FILL_AREA(#18443);
#18443 = FILL_AREA_STYLE('',(#18444));
#18444 = FILL_AREA_STYLE_COLOUR('',#16986);
#18445 = CURVE_STYLE('',#18446,POSITIVE_LENGTH_MEASURE(0.1),#16986);
#18446 = DRAUGHTING_PRE_DEFINED_CURVE_FONT('continuous');
#18447 = STYLED_ITEM('color',(#18448),#4100);
#18448 = PRESENTATION_STYLE_ASSIGNMENT((#18449,#18454));
#18449 = SURFACE_STYLE_USAGE(.BOTH.,#18450);
#18450 = SURFACE_SIDE_STYLE('',(#18451));
#18451 = SURFACE_STYLE_FILL_AREA(#18452);
#18452 = FILL_AREA_STYLE('',(#18453));
#18453 = FILL_AREA_STYLE_COLOUR('',#16986);
#18454 = CURVE_STYLE('',#18455,POSITIVE_LENGTH_MEASURE(0.1),#16986);
#18455 = DRAUGHTING_PRE_DEFINED_CURVE_FONT('continuous');
#18456 = STYLED_ITEM('color',(#18457),#4117);
#18457 = PRESENTATION_STYLE_ASSIGNMENT((#18458,#18463));
#18458 = SURFACE_STYLE_USAGE(.BOTH.,#18459);
#18459 = SURFACE_SIDE_STYLE('',(#18460));
#18460 = SURFACE_STYLE_FILL_AREA(#18461);
#18461 = FILL_AREA_STYLE('',(#18462));
#18462 = FILL_AREA_STYLE_COLOUR('',#16986);
#18463 = CURVE_STYLE('',#18464,POSITIVE_LENGTH_MEASURE(0.1),#16986);
#18464 = DRAUGHTING_PRE_DEFINED_CURVE_FONT('continuous');
#18465 = STYLED_ITEM('color',(#18466),#4134);
#18466 = PRESENTATION_STYLE_ASSIGNMENT((#18467,#18472));
#18467 = SURFACE_STYLE_USAGE(.BOTH.,#18468);
#18468 = SURFACE_SIDE_STYLE('',(#18469));
#18469 = SURFACE_STYLE_FILL_AREA(#18470);
#18470 = FILL_AREA_STYLE('',(#18471));
#18471 = FILL_AREA_STYLE_COLOUR('',#16986);
#18472 = CURVE_STYLE('',#18473,POSITIVE_LENGTH_MEASURE(0.1),#16986);
#18473 = DRAUGHTING_PRE_DEFINED_CURVE_FONT('continuous');
#18474 = STYLED_ITEM('color',(#18475),#4146);
#18475 = PRESENTATION_STYLE_ASSIGNMENT((#18476,#18481));
#18476 = SURFACE_STYLE_USAGE(.BOTH.,#18477);
#18477 = SURFACE_SIDE_STYLE('',(#18478));
#18478 = SURFACE_STYLE_FILL_AREA(#18479);
#18479 = FILL_AREA_STYLE('',(#18480));
#18480 = FILL_AREA_STYLE_COLOUR('',#16986);
#18481 = CURVE_STYLE('',#18482,POSITIVE_LENGTH_MEASURE(0.1),#16986);
#18482 = DRAUGHTING_PRE_DEFINED_CURVE_FONT('continuous');
#18483 = STYLED_ITEM('color',(#18484),#4163);
#18484 = PRESENTATION_STYLE_ASSIGNMENT((#18485,#18490));
#18485 = SURFACE_STYLE_USAGE(.BOTH.,#18486);
#18486 = SURFACE_SIDE_STYLE('',(#18487));
#18487 = SURFACE_STYLE_FILL_AREA(#18488);
#18488 = FILL_AREA_STYLE('',(#18489));
#18489 = FILL_AREA_STYLE_COLOUR('',#16986);
#18490 = CURVE_STYLE('',#18491,POSITIVE_LENGTH_MEASURE(0.1),#16986);
#18491 = DRAUGHTING_PRE_DEFINED_CURVE_FONT('continuous');
#18492 = STYLED_ITEM('color',(#18493),#4180);
#18493 = PRESENTATION_STYLE_ASSIGNMENT((#18494,#18499));
#18494 = SURFACE_STYLE_USAGE(.BOTH.,#18495);
#18495 = SURFACE_SIDE_STYLE('',(#18496));
#18496 = SURFACE_STYLE_FILL_AREA(#18497);
#18497 = FILL_AREA_STYLE('',(#18498));
#18498 = FILL_AREA_STYLE_COLOUR('',#16986);
#18499 = CURVE_STYLE('',#18500,POSITIVE_LENGTH_MEASURE(0.1),#16986);
#18500 = DRAUGHTING_PRE_DEFINED_CURVE_FONT('continuous');
#18501 = STYLED_ITEM('color',(#18502),#4192);
#18502 = PRESENTATION_STYLE_ASSIGNMENT((#18503,#18508));
#18503 = SURFACE_STYLE_USAGE(.BOTH.,#18504);
#18504 = SURFACE_SIDE_STYLE('',(#18505));
#18505 = SURFACE_STYLE_FILL_AREA(#18506);
#18506 = FILL_AREA_STYLE('',(#18507));
#18507 = FILL_AREA_STYLE_COLOUR('',#16986);
#18508 = CURVE_STYLE('',#18509,POSITIVE_LENGTH_MEASURE(0.1),#16986);
#18509 = DRAUGHTING_PRE_DEFINED_CURVE_FONT('continuous');
#18510 = STYLED_ITEM('color',(#18511),#4209);
#18511 = PRESENTATION_STYLE_ASSIGNMENT((#18512,#18517));
#18512 = SURFACE_STYLE_USAGE(.BOTH.,#18513);
#18513 = SURFACE_SIDE_STYLE('',(#18514));
#18514 = SURFACE_STYLE_FILL_AREA(#18515);
#18515 = FILL_AREA_STYLE('',(#18516));
#18516 = FILL_AREA_STYLE_COLOUR('',#16986);
#18517 = CURVE_STYLE('',#18518,POSITIVE_LENGTH_MEASURE(0.1),#16986);
#18518 = DRAUGHTING_PRE_DEFINED_CURVE_FONT('continuous');
#18519 = STYLED_ITEM('color',(#18520),#4226);
#18520 = PRESENTATION_STYLE_ASSIGNMENT((#18521,#18526));
#18521 = SURFACE_STYLE_USAGE(.BOTH.,#18522);
#18522 = SURFACE_SIDE_STYLE('',(#18523));
#18523 = SURFACE_STYLE_FILL_AREA(#18524);
#18524 = FILL_AREA_STYLE('',(#18525));
#18525 = FILL_AREA_STYLE_COLOUR('',#16986);
#18526 = CURVE_STYLE('',#18527,POSITIVE_LENGTH_MEASURE(0.1),#16986);
#18527 = DRAUGHTING_PRE_DEFINED_CURVE_FONT('continuous');
#18528 = MECHANICAL_DESIGN_GEOMETRIC_PRESENTATION_REPRESENTATION('',(
    #18529),#16205);
#18529 = STYLED_ITEM('color',(#18530),#13871);
#18530 = PRESENTATION_STYLE_ASSIGNMENT((#18531));
#18531 = SURFACE_STYLE_USAGE(.BOTH.,#18532);
#18532 = SURFACE_SIDE_STYLE('',(#18533));
#18533 = SURFACE_STYLE_FILL_AREA(#18534);
#18534 = FILL_AREA_STYLE('',(#18535));
#18535 = FILL_AREA_STYLE_COLOUR('',#18536);
#18536 = COLOUR_RGB('',0.313304153717,0.484529207832,0.410020903123);
#18537 = MECHANICAL_DESIGN_GEOMETRIC_PRESENTATION_REPRESENTATION('',(
    #18538,#18547,#18556,#18565,#18574,#18583,#18592,#18601,#18610,
    #18619,#18628,#18637,#18646,#18655,#18664,#18673,#18682,#18691,
    #18700,#18709,#18718,#18727,#18736,#18745,#18754,#18763,#18772,
    #18781,#18790,#18799,#18808,#18817,#18826,#18835,#18844,#18853,
    #18862,#18871,#18880,#18889,#18898,#18907,#18916,#18925,#18934,
    #18943,#18952,#18961,#18970,#18979,#18988,#18997,#19006,#19015,
    #19024,#19033,#19042,#19051,#19060,#19069,#19078,#19087,#19096,
    #19105,#19114,#19123,#19132,#19141,#19150,#19159,#19168,#19177,
    #19186,#19195,#19204,#19213,#19222,#19231,#19240,#19249,#19258,
    #19267,#19276,#19285,#19294,#19303,#19312,#19321,#19330,#19339,
    #19348,#19357,#19366,#19375,#19384,#19393,#19402,#19411,#19420,
    #19429,#19438,#19447,#19456,#19465,#19474,#19483,#19492,#19501,
    #19510,#19519,#19528,#19537,#19546,#19555,#19564,#19573,#19582,
    #19591,#19600,#19609,#19618,#19627,#19636,#19645,#19654,#19663,
    #19672,#19681,#19690,#19699,#19708,#19717,#19726,#19735,#19744,
    #19753,#19762,#19771,#19780,#19789,#19798,#19807,#19816,#19825,
    #19834,#19843,#19852,#19861,#19870,#19879,#19888,#19897,#19906,
    #19915,#19924,#19933,#19942,#19951,#19960,#19969,#19978,#19987,
    #19996,#20005,#20014,#20023,#20032,#20041,#20050,#20059,#20068,
    #20077,#20086,#20095,#20104,#20113,#20122,#20131,#20140,#20149,
    #20158,#20167,#20176,#20185,#20194,#20203,#20212,#20221,#20230,
    #20239,#20248,#20257,#20266,#20275,#20284,#20293,#20302,#20311,
    #20320,#20329,#20338,#20347,#20356,#20365,#20374,#20383,#20392,
    #20401,#20410,#20419,#20428,#20437,#20446,#20455,#20464,#20473,
    #20482,#20491,#20500,#20509,#20518,#20527,#20536,#20545,#20554,
    #20563,#20572,#20581,#20590,#20599,#20608,#20617,#20626,#20635,
    #20644,#20653,#20662,#20671,#20680,#20689,#20698,#20707,#20716,
    #20725,#20734,#20743,#20752,#20761,#20770,#20779,#20788,#20797,
    #20806,#20815,#20824,#20833,#20842,#20851,#20860,#20869,#20878,
    #20887,#20896,#20905,#20914,#20923,#20932,#20941,#20950,#20959,
    #20968,#20977,#20986,#20995,#21004,#21013,#21022,#21031,#21040,
    #21049,#21058,#21067),#13852);
#18538 = STYLED_ITEM('color',(#18539),#7364);
#18539 = PRESENTATION_STYLE_ASSIGNMENT((#18540,#18545));
#18540 = SURFACE_STYLE_USAGE(.BOTH.,#18541);
#18541 = SURFACE_SIDE_STYLE('',(#18542));
#18542 = SURFACE_STYLE_FILL_AREA(#18543);
#18543 = FILL_AREA_STYLE('',(#18544));
#18544 = FILL_AREA_STYLE_COLOUR('',#16913);
#18545 = CURVE_STYLE('',#18546,POSITIVE_LENGTH_MEASURE(0.1),#16913);
#18546 = DRAUGHTING_PRE_DEFINED_CURVE_FONT('continuous');
#18547 = STYLED_ITEM('color',(#18548),#7404);
#18548 = PRESENTATION_STYLE_ASSIGNMENT((#18549,#18554));
#18549 = SURFACE_STYLE_USAGE(.BOTH.,#18550);
#18550 = SURFACE_SIDE_STYLE('',(#18551));
#18551 = SURFACE_STYLE_FILL_AREA(#18552);
#18552 = FILL_AREA_STYLE('',(#18553));
#18553 = FILL_AREA_STYLE_COLOUR('',#16913);
#18554 = CURVE_STYLE('',#18555,POSITIVE_LENGTH_MEASURE(0.1),#16913);
#18555 = DRAUGHTING_PRE_DEFINED_CURVE_FONT('continuous');
#18556 = STYLED_ITEM('color',(#18557),#7467);
#18557 = PRESENTATION_STYLE_ASSIGNMENT((#18558,#18563));
#18558 = SURFACE_STYLE_USAGE(.BOTH.,#18559);
#18559 = SURFACE_SIDE_STYLE('',(#18560));
#18560 = SURFACE_STYLE_FILL_AREA(#18561);
#18561 = FILL_AREA_STYLE('',(#18562));
#18562 = FILL_AREA_STYLE_COLOUR('',#16913);
#18563 = CURVE_STYLE('',#18564,POSITIVE_LENGTH_MEASURE(0.1),#16913);
#18564 = DRAUGHTING_PRE_DEFINED_CURVE_FONT('continuous');
#18565 = STYLED_ITEM('color',(#18566),#7530);
#18566 = PRESENTATION_STYLE_ASSIGNMENT((#18567,#18572));
#18567 = SURFACE_STYLE_USAGE(.BOTH.,#18568);
#18568 = SURFACE_SIDE_STYLE('',(#18569));
#18569 = SURFACE_STYLE_FILL_AREA(#18570);
#18570 = FILL_AREA_STYLE('',(#18571));
#18571 = FILL_AREA_STYLE_COLOUR('',#16913);
#18572 = CURVE_STYLE('',#18573,POSITIVE_LENGTH_MEASURE(0.1),#16913);
#18573 = DRAUGHTING_PRE_DEFINED_CURVE_FONT('continuous');
#18574 = STYLED_ITEM('color',(#18575),#7547);
#18575 = PRESENTATION_STYLE_ASSIGNMENT((#18576,#18581));
#18576 = SURFACE_STYLE_USAGE(.BOTH.,#18577);
#18577 = SURFACE_SIDE_STYLE('',(#18578));
#18578 = SURFACE_STYLE_FILL_AREA(#18579);
#18579 = FILL_AREA_STYLE('',(#18580));
#18580 = FILL_AREA_STYLE_COLOUR('',#16913);
#18581 = CURVE_STYLE('',#18582,POSITIVE_LENGTH_MEASURE(0.1),#16913);
#18582 = DRAUGHTING_PRE_DEFINED_CURVE_FONT('continuous');
#18583 = STYLED_ITEM('color',(#18584),#7836);
#18584 = PRESENTATION_STYLE_ASSIGNMENT((#18585,#18590));
#18585 = SURFACE_STYLE_USAGE(.BOTH.,#18586);
#18586 = SURFACE_SIDE_STYLE('',(#18587));
#18587 = SURFACE_STYLE_FILL_AREA(#18588);
#18588 = FILL_AREA_STYLE('',(#18589));
#18589 = FILL_AREA_STYLE_COLOUR('',#16913);
#18590 = CURVE_STYLE('',#18591,POSITIVE_LENGTH_MEASURE(0.1),#16913);
#18591 = DRAUGHTING_PRE_DEFINED_CURVE_FONT('continuous');
#18592 = STYLED_ITEM('color',(#18593),#7858);
#18593 = PRESENTATION_STYLE_ASSIGNMENT((#18594,#18599));
#18594 = SURFACE_STYLE_USAGE(.BOTH.,#18595);
#18595 = SURFACE_SIDE_STYLE('',(#18596));
#18596 = SURFACE_STYLE_FILL_AREA(#18597);
#18597 = FILL_AREA_STYLE('',(#18598));
#18598 = FILL_AREA_STYLE_COLOUR('',#16913);
#18599 = CURVE_STYLE('',#18600,POSITIVE_LENGTH_MEASURE(0.1),#16913);
#18600 = DRAUGHTING_PRE_DEFINED_CURVE_FONT('continuous');
#18601 = STYLED_ITEM('color',(#18602),#7875);
#18602 = PRESENTATION_STYLE_ASSIGNMENT((#18603,#18608));
#18603 = SURFACE_STYLE_USAGE(.BOTH.,#18604);
#18604 = SURFACE_SIDE_STYLE('',(#18605));
#18605 = SURFACE_STYLE_FILL_AREA(#18606);
#18606 = FILL_AREA_STYLE('',(#18607));
#18607 = FILL_AREA_STYLE_COLOUR('',#16913);
#18608 = CURVE_STYLE('',#18609,POSITIVE_LENGTH_MEASURE(0.1),#16913);
#18609 = DRAUGHTING_PRE_DEFINED_CURVE_FONT('continuous');
#18610 = OVER_RIDING_STYLED_ITEM('overriding color',(#18611),#7908,
  #18601);
#18611 = PRESENTATION_STYLE_ASSIGNMENT((#18612,#18617));
#18612 = SURFACE_STYLE_USAGE(.BOTH.,#18613);
#18613 = SURFACE_SIDE_STYLE('',(#18614));
#18614 = SURFACE_STYLE_FILL_AREA(#18615);
#18615 = FILL_AREA_STYLE('',(#18616));
#18616 = FILL_AREA_STYLE_COLOUR('',#16986);
#18617 = CURVE_STYLE('',#18618,POSITIVE_LENGTH_MEASURE(0.1),#16986);
#18618 = DRAUGHTING_PRE_DEFINED_CURVE_FONT('continuous');
#18619 = OVER_RIDING_STYLED_ITEM('overriding color',(#18620),#7940,
  #18601);
#18620 = PRESENTATION_STYLE_ASSIGNMENT((#18621,#18626));
#18621 = SURFACE_STYLE_USAGE(.BOTH.,#18622);
#18622 = SURFACE_SIDE_STYLE('',(#18623));
#18623 = SURFACE_STYLE_FILL_AREA(#18624);
#18624 = FILL_AREA_STYLE('',(#18625));
#18625 = FILL_AREA_STYLE_COLOUR('',#16986);
#18626 = CURVE_STYLE('',#18627,POSITIVE_LENGTH_MEASURE(0.1),#16986);
#18627 = DRAUGHTING_PRE_DEFINED_CURVE_FONT('continuous');
#18628 = OVER_RIDING_STYLED_ITEM('overriding color',(#18629),#7974,
  #18601);
#18629 = PRESENTATION_STYLE_ASSIGNMENT((#18630,#18635));
#18630 = SURFACE_STYLE_USAGE(.BOTH.,#18631);
#18631 = SURFACE_SIDE_STYLE('',(#18632));
#18632 = SURFACE_STYLE_FILL_AREA(#18633);
#18633 = FILL_AREA_STYLE('',(#18634));
#18634 = FILL_AREA_STYLE_COLOUR('',#16986);
#18635 = CURVE_STYLE('',#18636,POSITIVE_LENGTH_MEASURE(0.1),#16986);
#18636 = DRAUGHTING_PRE_DEFINED_CURVE_FONT('continuous');
#18637 = OVER_RIDING_STYLED_ITEM('overriding color',(#18638),#8006,
  #18601);
#18638 = PRESENTATION_STYLE_ASSIGNMENT((#18639,#18644));
#18639 = SURFACE_STYLE_USAGE(.BOTH.,#18640);
#18640 = SURFACE_SIDE_STYLE('',(#18641));
#18641 = SURFACE_STYLE_FILL_AREA(#18642);
#18642 = FILL_AREA_STYLE('',(#18643));
#18643 = FILL_AREA_STYLE_COLOUR('',#16986);
#18644 = CURVE_STYLE('',#18645,POSITIVE_LENGTH_MEASURE(0.1),#16986);
#18645 = DRAUGHTING_PRE_DEFINED_CURVE_FONT('continuous');
#18646 = OVER_RIDING_STYLED_ITEM('overriding color',(#18647),#8040,
  #18601);
#18647 = PRESENTATION_STYLE_ASSIGNMENT((#18648,#18653));
#18648 = SURFACE_STYLE_USAGE(.BOTH.,#18649);
#18649 = SURFACE_SIDE_STYLE('',(#18650));
#18650 = SURFACE_STYLE_FILL_AREA(#18651);
#18651 = FILL_AREA_STYLE('',(#18652));
#18652 = FILL_AREA_STYLE_COLOUR('',#16986);
#18653 = CURVE_STYLE('',#18654,POSITIVE_LENGTH_MEASURE(0.1),#16986);
#18654 = DRAUGHTING_PRE_DEFINED_CURVE_FONT('continuous');
#18655 = OVER_RIDING_STYLED_ITEM('overriding color',(#18656),#8072,
  #18601);
#18656 = PRESENTATION_STYLE_ASSIGNMENT((#18657,#18662));
#18657 = SURFACE_STYLE_USAGE(.BOTH.,#18658);
#18658 = SURFACE_SIDE_STYLE('',(#18659));
#18659 = SURFACE_STYLE_FILL_AREA(#18660);
#18660 = FILL_AREA_STYLE('',(#18661));
#18661 = FILL_AREA_STYLE_COLOUR('',#16986);
#18662 = CURVE_STYLE('',#18663,POSITIVE_LENGTH_MEASURE(0.1),#16986);
#18663 = DRAUGHTING_PRE_DEFINED_CURVE_FONT('continuous');
#18664 = OVER_RIDING_STYLED_ITEM('overriding color',(#18665),#8106,
  #18601);
#18665 = PRESENTATION_STYLE_ASSIGNMENT((#18666,#18671));
#18666 = SURFACE_STYLE_USAGE(.BOTH.,#18667);
#18667 = SURFACE_SIDE_STYLE('',(#18668));
#18668 = SURFACE_STYLE_FILL_AREA(#18669);
#18669 = FILL_AREA_STYLE('',(#18670));
#18670 = FILL_AREA_STYLE_COLOUR('',#16986);
#18671 = CURVE_STYLE('',#18672,POSITIVE_LENGTH_MEASURE(0.1),#16986);
#18672 = DRAUGHTING_PRE_DEFINED_CURVE_FONT('continuous');
#18673 = OVER_RIDING_STYLED_ITEM('overriding color',(#18674),#8138,
  #18601);
#18674 = PRESENTATION_STYLE_ASSIGNMENT((#18675,#18680));
#18675 = SURFACE_STYLE_USAGE(.BOTH.,#18676);
#18676 = SURFACE_SIDE_STYLE('',(#18677));
#18677 = SURFACE_STYLE_FILL_AREA(#18678);
#18678 = FILL_AREA_STYLE('',(#18679));
#18679 = FILL_AREA_STYLE_COLOUR('',#16986);
#18680 = CURVE_STYLE('',#18681,POSITIVE_LENGTH_MEASURE(0.1),#16986);
#18681 = DRAUGHTING_PRE_DEFINED_CURVE_FONT('continuous');
#18682 = OVER_RIDING_STYLED_ITEM('overriding color',(#18683),#8172,
  #18601);
#18683 = PRESENTATION_STYLE_ASSIGNMENT((#18684,#18689));
#18684 = SURFACE_STYLE_USAGE(.BOTH.,#18685);
#18685 = SURFACE_SIDE_STYLE('',(#18686));
#18686 = SURFACE_STYLE_FILL_AREA(#18687);
#18687 = FILL_AREA_STYLE('',(#18688));
#18688 = FILL_AREA_STYLE_COLOUR('',#16986);
#18689 = CURVE_STYLE('',#18690,POSITIVE_LENGTH_MEASURE(0.1),#16986);
#18690 = DRAUGHTING_PRE_DEFINED_CURVE_FONT('continuous');
#18691 = OVER_RIDING_STYLED_ITEM('overriding color',(#18692),#8204,
  #18601);
#18692 = PRESENTATION_STYLE_ASSIGNMENT((#18693,#18698));
#18693 = SURFACE_STYLE_USAGE(.BOTH.,#18694);
#18694 = SURFACE_SIDE_STYLE('',(#18695));
#18695 = SURFACE_STYLE_FILL_AREA(#18696);
#18696 = FILL_AREA_STYLE('',(#18697));
#18697 = FILL_AREA_STYLE_COLOUR('',#16986);
#18698 = CURVE_STYLE('',#18699,POSITIVE_LENGTH_MEASURE(0.1),#16986);
#18699 = DRAUGHTING_PRE_DEFINED_CURVE_FONT('continuous');
#18700 = OVER_RIDING_STYLED_ITEM('overriding color',(#18701),#8238,
  #18601);
#18701 = PRESENTATION_STYLE_ASSIGNMENT((#18702,#18707));
#18702 = SURFACE_STYLE_USAGE(.BOTH.,#18703);
#18703 = SURFACE_SIDE_STYLE('',(#18704));
#18704 = SURFACE_STYLE_FILL_AREA(#18705);
#18705 = FILL_AREA_STYLE('',(#18706));
#18706 = FILL_AREA_STYLE_COLOUR('',#16986);
#18707 = CURVE_STYLE('',#18708,POSITIVE_LENGTH_MEASURE(0.1),#16986);
#18708 = DRAUGHTING_PRE_DEFINED_CURVE_FONT('continuous');
#18709 = OVER_RIDING_STYLED_ITEM('overriding color',(#18710),#8270,
  #18601);
#18710 = PRESENTATION_STYLE_ASSIGNMENT((#18711,#18716));
#18711 = SURFACE_STYLE_USAGE(.BOTH.,#18712);
#18712 = SURFACE_SIDE_STYLE('',(#18713));
#18713 = SURFACE_STYLE_FILL_AREA(#18714);
#18714 = FILL_AREA_STYLE('',(#18715));
#18715 = FILL_AREA_STYLE_COLOUR('',#16986);
#18716 = CURVE_STYLE('',#18717,POSITIVE_LENGTH_MEASURE(0.1),#16986);
#18717 = DRAUGHTING_PRE_DEFINED_CURVE_FONT('continuous');
#18718 = OVER_RIDING_STYLED_ITEM('overriding color',(#18719),#8304,
  #18601);
#18719 = PRESENTATION_STYLE_ASSIGNMENT((#18720,#18725));
#18720 = SURFACE_STYLE_USAGE(.BOTH.,#18721);
#18721 = SURFACE_SIDE_STYLE('',(#18722));
#18722 = SURFACE_STYLE_FILL_AREA(#18723);
#18723 = FILL_AREA_STYLE('',(#18724));
#18724 = FILL_AREA_STYLE_COLOUR('',#16986);
#18725 = CURVE_STYLE('',#18726,POSITIVE_LENGTH_MEASURE(0.1),#16986);
#18726 = DRAUGHTING_PRE_DEFINED_CURVE_FONT('continuous');
#18727 = OVER_RIDING_STYLED_ITEM('overriding color',(#18728),#8336,
  #18601);
#18728 = PRESENTATION_STYLE_ASSIGNMENT((#18729,#18734));
#18729 = SURFACE_STYLE_USAGE(.BOTH.,#18730);
#18730 = SURFACE_SIDE_STYLE('',(#18731));
#18731 = SURFACE_STYLE_FILL_AREA(#18732);
#18732 = FILL_AREA_STYLE('',(#18733));
#18733 = FILL_AREA_STYLE_COLOUR('',#16986);
#18734 = CURVE_STYLE('',#18735,POSITIVE_LENGTH_MEASURE(0.1),#16986);
#18735 = DRAUGHTING_PRE_DEFINED_CURVE_FONT('continuous');
#18736 = OVER_RIDING_STYLED_ITEM('overriding color',(#18737),#8370,
  #18601);
#18737 = PRESENTATION_STYLE_ASSIGNMENT((#18738,#18743));
#18738 = SURFACE_STYLE_USAGE(.BOTH.,#18739);
#18739 = SURFACE_SIDE_STYLE('',(#18740));
#18740 = SURFACE_STYLE_FILL_AREA(#18741);
#18741 = FILL_AREA_STYLE('',(#18742));
#18742 = FILL_AREA_STYLE_COLOUR('',#16986);
#18743 = CURVE_STYLE('',#18744,POSITIVE_LENGTH_MEASURE(0.1),#16986);
#18744 = DRAUGHTING_PRE_DEFINED_CURVE_FONT('continuous');
#18745 = OVER_RIDING_STYLED_ITEM('overriding color',(#18746),#8402,
  #18601);
#18746 = PRESENTATION_STYLE_ASSIGNMENT((#18747,#18752));
#18747 = SURFACE_STYLE_USAGE(.BOTH.,#18748);
#18748 = SURFACE_SIDE_STYLE('',(#18749));
#18749 = SURFACE_STYLE_FILL_AREA(#18750);
#18750 = FILL_AREA_STYLE('',(#18751));
#18751 = FILL_AREA_STYLE_COLOUR('',#16986);
#18752 = CURVE_STYLE('',#18753,POSITIVE_LENGTH_MEASURE(0.1),#16986);
#18753 = DRAUGHTING_PRE_DEFINED_CURVE_FONT('continuous');
#18754 = STYLED_ITEM('color',(#18755),#8420);
#18755 = PRESENTATION_STYLE_ASSIGNMENT((#18756,#18761));
#18756 = SURFACE_STYLE_USAGE(.BOTH.,#18757);
#18757 = SURFACE_SIDE_STYLE('',(#18758));
#18758 = SURFACE_STYLE_FILL_AREA(#18759);
#18759 = FILL_AREA_STYLE('',(#18760));
#18760 = FILL_AREA_STYLE_COLOUR('',#16913);
#18761 = CURVE_STYLE('',#18762,POSITIVE_LENGTH_MEASURE(0.1),#16913);
#18762 = DRAUGHTING_PRE_DEFINED_CURVE_FONT('continuous');
#18763 = STYLED_ITEM('color',(#18764),#8432);
#18764 = PRESENTATION_STYLE_ASSIGNMENT((#18765,#18770));
#18765 = SURFACE_STYLE_USAGE(.BOTH.,#18766);
#18766 = SURFACE_SIDE_STYLE('',(#18767));
#18767 = SURFACE_STYLE_FILL_AREA(#18768);
#18768 = FILL_AREA_STYLE('',(#18769));
#18769 = FILL_AREA_STYLE_COLOUR('',#16913);
#18770 = CURVE_STYLE('',#18771,POSITIVE_LENGTH_MEASURE(0.1),#16913);
#18771 = DRAUGHTING_PRE_DEFINED_CURVE_FONT('continuous');
#18772 = STYLED_ITEM('color',(#18773),#8444);
#18773 = PRESENTATION_STYLE_ASSIGNMENT((#18774,#18779));
#18774 = SURFACE_STYLE_USAGE(.BOTH.,#18775);
#18775 = SURFACE_SIDE_STYLE('',(#18776));
#18776 = SURFACE_STYLE_FILL_AREA(#18777);
#18777 = FILL_AREA_STYLE('',(#18778));
#18778 = FILL_AREA_STYLE_COLOUR('',#16913);
#18779 = CURVE_STYLE('',#18780,POSITIVE_LENGTH_MEASURE(0.1),#16913);
#18780 = DRAUGHTING_PRE_DEFINED_CURVE_FONT('continuous');
#18781 = STYLED_ITEM('color',(#18782),#8475);
#18782 = PRESENTATION_STYLE_ASSIGNMENT((#18783,#18788));
#18783 = SURFACE_STYLE_USAGE(.BOTH.,#18784);
#18784 = SURFACE_SIDE_STYLE('',(#18785));
#18785 = SURFACE_STYLE_FILL_AREA(#18786);
#18786 = FILL_AREA_STYLE('',(#18787));
#18787 = FILL_AREA_STYLE_COLOUR('',#16913);
#18788 = CURVE_STYLE('',#18789,POSITIVE_LENGTH_MEASURE(0.1),#16913);
#18789 = DRAUGHTING_PRE_DEFINED_CURVE_FONT('continuous');
#18790 = STYLED_ITEM('color',(#18791),#8499);
#18791 = PRESENTATION_STYLE_ASSIGNMENT((#18792,#18797));
#18792 = SURFACE_STYLE_USAGE(.BOTH.,#18793);
#18793 = SURFACE_SIDE_STYLE('',(#18794));
#18794 = SURFACE_STYLE_FILL_AREA(#18795);
#18795 = FILL_AREA_STYLE('',(#18796));
#18796 = FILL_AREA_STYLE_COLOUR('',#16913);
#18797 = CURVE_STYLE('',#18798,POSITIVE_LENGTH_MEASURE(0.1),#16913);
#18798 = DRAUGHTING_PRE_DEFINED_CURVE_FONT('continuous');
#18799 = STYLED_ITEM('color',(#18800),#8523);
#18800 = PRESENTATION_STYLE_ASSIGNMENT((#18801,#18806));
#18801 = SURFACE_STYLE_USAGE(.BOTH.,#18802);
#18802 = SURFACE_SIDE_STYLE('',(#18803));
#18803 = SURFACE_STYLE_FILL_AREA(#18804);
#18804 = FILL_AREA_STYLE('',(#18805));
#18805 = FILL_AREA_STYLE_COLOUR('',#16913);
#18806 = CURVE_STYLE('',#18807,POSITIVE_LENGTH_MEASURE(0.1),#16913);
#18807 = DRAUGHTING_PRE_DEFINED_CURVE_FONT('continuous');
#18808 = STYLED_ITEM('color',(#18809),#8540);
#18809 = PRESENTATION_STYLE_ASSIGNMENT((#18810,#18815));
#18810 = SURFACE_STYLE_USAGE(.BOTH.,#18811);
#18811 = SURFACE_SIDE_STYLE('',(#18812));
#18812 = SURFACE_STYLE_FILL_AREA(#18813);
#18813 = FILL_AREA_STYLE('',(#18814));
#18814 = FILL_AREA_STYLE_COLOUR('',#16913);
#18815 = CURVE_STYLE('',#18816,POSITIVE_LENGTH_MEASURE(0.1),#16913);
#18816 = DRAUGHTING_PRE_DEFINED_CURVE_FONT('continuous');
#18817 = STYLED_ITEM('color',(#18818),#8571);
#18818 = PRESENTATION_STYLE_ASSIGNMENT((#18819,#18824));
#18819 = SURFACE_STYLE_USAGE(.BOTH.,#18820);
#18820 = SURFACE_SIDE_STYLE('',(#18821));
#18821 = SURFACE_STYLE_FILL_AREA(#18822);
#18822 = FILL_AREA_STYLE('',(#18823));
#18823 = FILL_AREA_STYLE_COLOUR('',#16913);
#18824 = CURVE_STYLE('',#18825,POSITIVE_LENGTH_MEASURE(0.1),#16913);
#18825 = DRAUGHTING_PRE_DEFINED_CURVE_FONT('continuous');
#18826 = STYLED_ITEM('color',(#18827),#8595);
#18827 = PRESENTATION_STYLE_ASSIGNMENT((#18828,#18833));
#18828 = SURFACE_STYLE_USAGE(.BOTH.,#18829);
#18829 = SURFACE_SIDE_STYLE('',(#18830));
#18830 = SURFACE_STYLE_FILL_AREA(#18831);
#18831 = FILL_AREA_STYLE('',(#18832));
#18832 = FILL_AREA_STYLE_COLOUR('',#16913);
#18833 = CURVE_STYLE('',#18834,POSITIVE_LENGTH_MEASURE(0.1),#16913);
#18834 = DRAUGHTING_PRE_DEFINED_CURVE_FONT('continuous');
#18835 = STYLED_ITEM('color',(#18836),#8619);
#18836 = PRESENTATION_STYLE_ASSIGNMENT((#18837,#18842));
#18837 = SURFACE_STYLE_USAGE(.BOTH.,#18838);
#18838 = SURFACE_SIDE_STYLE('',(#18839));
#18839 = SURFACE_STYLE_FILL_AREA(#18840);
#18840 = FILL_AREA_STYLE('',(#18841));
#18841 = FILL_AREA_STYLE_COLOUR('',#16913);
#18842 = CURVE_STYLE('',#18843,POSITIVE_LENGTH_MEASURE(0.1),#16913);
#18843 = DRAUGHTING_PRE_DEFINED_CURVE_FONT('continuous');
#18844 = STYLED_ITEM('color',(#18845),#8636);
#18845 = PRESENTATION_STYLE_ASSIGNMENT((#18846,#18851));
#18846 = SURFACE_STYLE_USAGE(.BOTH.,#18847);
#18847 = SURFACE_SIDE_STYLE('',(#18848));
#18848 = SURFACE_STYLE_FILL_AREA(#18849);
#18849 = FILL_AREA_STYLE('',(#18850));
#18850 = FILL_AREA_STYLE_COLOUR('',#16913);
#18851 = CURVE_STYLE('',#18852,POSITIVE_LENGTH_MEASURE(0.1),#16913);
#18852 = DRAUGHTING_PRE_DEFINED_CURVE_FONT('continuous');
#18853 = STYLED_ITEM('color',(#18854),#8667);
#18854 = PRESENTATION_STYLE_ASSIGNMENT((#18855,#18860));
#18855 = SURFACE_STYLE_USAGE(.BOTH.,#18856);
#18856 = SURFACE_SIDE_STYLE('',(#18857));
#18857 = SURFACE_STYLE_FILL_AREA(#18858);
#18858 = FILL_AREA_STYLE('',(#18859));
#18859 = FILL_AREA_STYLE_COLOUR('',#16913);
#18860 = CURVE_STYLE('',#18861,POSITIVE_LENGTH_MEASURE(0.1),#16913);
#18861 = DRAUGHTING_PRE_DEFINED_CURVE_FONT('continuous');
#18862 = STYLED_ITEM('color',(#18863),#8691);
#18863 = PRESENTATION_STYLE_ASSIGNMENT((#18864,#18869));
#18864 = SURFACE_STYLE_USAGE(.BOTH.,#18865);
#18865 = SURFACE_SIDE_STYLE('',(#18866));
#18866 = SURFACE_STYLE_FILL_AREA(#18867);
#18867 = FILL_AREA_STYLE('',(#18868));
#18868 = FILL_AREA_STYLE_COLOUR('',#16913);
#18869 = CURVE_STYLE('',#18870,POSITIVE_LENGTH_MEASURE(0.1),#16913);
#18870 = DRAUGHTING_PRE_DEFINED_CURVE_FONT('continuous');
#18871 = STYLED_ITEM('color',(#18872),#8715);
#18872 = PRESENTATION_STYLE_ASSIGNMENT((#18873,#18878));
#18873 = SURFACE_STYLE_USAGE(.BOTH.,#18874);
#18874 = SURFACE_SIDE_STYLE('',(#18875));
#18875 = SURFACE_STYLE_FILL_AREA(#18876);
#18876 = FILL_AREA_STYLE('',(#18877));
#18877 = FILL_AREA_STYLE_COLOUR('',#16913);
#18878 = CURVE_STYLE('',#18879,POSITIVE_LENGTH_MEASURE(0.1),#16913);
#18879 = DRAUGHTING_PRE_DEFINED_CURVE_FONT('continuous');
#18880 = STYLED_ITEM('color',(#18881),#8732);
#18881 = PRESENTATION_STYLE_ASSIGNMENT((#18882,#18887));
#18882 = SURFACE_STYLE_USAGE(.BOTH.,#18883);
#18883 = SURFACE_SIDE_STYLE('',(#18884));
#18884 = SURFACE_STYLE_FILL_AREA(#18885);
#18885 = FILL_AREA_STYLE('',(#18886));
#18886 = FILL_AREA_STYLE_COLOUR('',#16913);
#18887 = CURVE_STYLE('',#18888,POSITIVE_LENGTH_MEASURE(0.1),#16913);
#18888 = DRAUGHTING_PRE_DEFINED_CURVE_FONT('continuous');
#18889 = STYLED_ITEM('color',(#18890),#8763);
#18890 = PRESENTATION_STYLE_ASSIGNMENT((#18891,#18896));
#18891 = SURFACE_STYLE_USAGE(.BOTH.,#18892);
#18892 = SURFACE_SIDE_STYLE('',(#18893));
#18893 = SURFACE_STYLE_FILL_AREA(#18894);
#18894 = FILL_AREA_STYLE('',(#18895));
#18895 = FILL_AREA_STYLE_COLOUR('',#16913);
#18896 = CURVE_STYLE('',#18897,POSITIVE_LENGTH_MEASURE(0.1),#16913);
#18897 = DRAUGHTING_PRE_DEFINED_CURVE_FONT('continuous');
#18898 = STYLED_ITEM('color',(#18899),#8787);
#18899 = PRESENTATION_STYLE_ASSIGNMENT((#18900,#18905));
#18900 = SURFACE_STYLE_USAGE(.BOTH.,#18901);
#18901 = SURFACE_SIDE_STYLE('',(#18902));
#18902 = SURFACE_STYLE_FILL_AREA(#18903);
#18903 = FILL_AREA_STYLE('',(#18904));
#18904 = FILL_AREA_STYLE_COLOUR('',#16913);
#18905 = CURVE_STYLE('',#18906,POSITIVE_LENGTH_MEASURE(0.1),#16913);
#18906 = DRAUGHTING_PRE_DEFINED_CURVE_FONT('continuous');
#18907 = STYLED_ITEM('color',(#18908),#8811);
#18908 = PRESENTATION_STYLE_ASSIGNMENT((#18909,#18914));
#18909 = SURFACE_STYLE_USAGE(.BOTH.,#18910);
#18910 = SURFACE_SIDE_STYLE('',(#18911));
#18911 = SURFACE_STYLE_FILL_AREA(#18912);
#18912 = FILL_AREA_STYLE('',(#18913));
#18913 = FILL_AREA_STYLE_COLOUR('',#16913);
#18914 = CURVE_STYLE('',#18915,POSITIVE_LENGTH_MEASURE(0.1),#16913);
#18915 = DRAUGHTING_PRE_DEFINED_CURVE_FONT('continuous');
#18916 = STYLED_ITEM('color',(#18917),#8828);
#18917 = PRESENTATION_STYLE_ASSIGNMENT((#18918,#18923));
#18918 = SURFACE_STYLE_USAGE(.BOTH.,#18919);
#18919 = SURFACE_SIDE_STYLE('',(#18920));
#18920 = SURFACE_STYLE_FILL_AREA(#18921);
#18921 = FILL_AREA_STYLE('',(#18922));
#18922 = FILL_AREA_STYLE_COLOUR('',#16913);
#18923 = CURVE_STYLE('',#18924,POSITIVE_LENGTH_MEASURE(0.1),#16913);
#18924 = DRAUGHTING_PRE_DEFINED_CURVE_FONT('continuous');
#18925 = STYLED_ITEM('color',(#18926),#8859);
#18926 = PRESENTATION_STYLE_ASSIGNMENT((#18927,#18932));
#18927 = SURFACE_STYLE_USAGE(.BOTH.,#18928);
#18928 = SURFACE_SIDE_STYLE('',(#18929));
#18929 = SURFACE_STYLE_FILL_AREA(#18930);
#18930 = FILL_AREA_STYLE('',(#18931));
#18931 = FILL_AREA_STYLE_COLOUR('',#16913);
#18932 = CURVE_STYLE('',#18933,POSITIVE_LENGTH_MEASURE(0.1),#16913);
#18933 = DRAUGHTING_PRE_DEFINED_CURVE_FONT('continuous');
#18934 = STYLED_ITEM('color',(#18935),#8883);
#18935 = PRESENTATION_STYLE_ASSIGNMENT((#18936,#18941));
#18936 = SURFACE_STYLE_USAGE(.BOTH.,#18937);
#18937 = SURFACE_SIDE_STYLE('',(#18938));
#18938 = SURFACE_STYLE_FILL_AREA(#18939);
#18939 = FILL_AREA_STYLE('',(#18940));
#18940 = FILL_AREA_STYLE_COLOUR('',#16913);
#18941 = CURVE_STYLE('',#18942,POSITIVE_LENGTH_MEASURE(0.1),#16913);
#18942 = DRAUGHTING_PRE_DEFINED_CURVE_FONT('continuous');
#18943 = STYLED_ITEM('color',(#18944),#8907);
#18944 = PRESENTATION_STYLE_ASSIGNMENT((#18945,#18950));
#18945 = SURFACE_STYLE_USAGE(.BOTH.,#18946);
#18946 = SURFACE_SIDE_STYLE('',(#18947));
#18947 = SURFACE_STYLE_FILL_AREA(#18948);
#18948 = FILL_AREA_STYLE('',(#18949));
#18949 = FILL_AREA_STYLE_COLOUR('',#16913);
#18950 = CURVE_STYLE('',#18951,POSITIVE_LENGTH_MEASURE(0.1),#16913);
#18951 = DRAUGHTING_PRE_DEFINED_CURVE_FONT('continuous');
#18952 = STYLED_ITEM('color',(#18953),#8924);
#18953 = PRESENTATION_STYLE_ASSIGNMENT((#18954,#18959));
#18954 = SURFACE_STYLE_USAGE(.BOTH.,#18955);
#18955 = SURFACE_SIDE_STYLE('',(#18956));
#18956 = SURFACE_STYLE_FILL_AREA(#18957);
#18957 = FILL_AREA_STYLE('',(#18958));
#18958 = FILL_AREA_STYLE_COLOUR('',#16913);
#18959 = CURVE_STYLE('',#18960,POSITIVE_LENGTH_MEASURE(0.1),#16913);
#18960 = DRAUGHTING_PRE_DEFINED_CURVE_FONT('continuous');
#18961 = STYLED_ITEM('color',(#18962),#8955);
#18962 = PRESENTATION_STYLE_ASSIGNMENT((#18963,#18968));
#18963 = SURFACE_STYLE_USAGE(.BOTH.,#18964);
#18964 = SURFACE_SIDE_STYLE('',(#18965));
#18965 = SURFACE_STYLE_FILL_AREA(#18966);
#18966 = FILL_AREA_STYLE('',(#18967));
#18967 = FILL_AREA_STYLE_COLOUR('',#16913);
#18968 = CURVE_STYLE('',#18969,POSITIVE_LENGTH_MEASURE(0.1),#16913);
#18969 = DRAUGHTING_PRE_DEFINED_CURVE_FONT('continuous');
#18970 = STYLED_ITEM('color',(#18971),#8979);
#18971 = PRESENTATION_STYLE_ASSIGNMENT((#18972,#18977));
#18972 = SURFACE_STYLE_USAGE(.BOTH.,#18973);
#18973 = SURFACE_SIDE_STYLE('',(#18974));
#18974 = SURFACE_STYLE_FILL_AREA(#18975);
#18975 = FILL_AREA_STYLE('',(#18976));
#18976 = FILL_AREA_STYLE_COLOUR('',#16913);
#18977 = CURVE_STYLE('',#18978,POSITIVE_LENGTH_MEASURE(0.1),#16913);
#18978 = DRAUGHTING_PRE_DEFINED_CURVE_FONT('continuous');
#18979 = STYLED_ITEM('color',(#18980),#9003);
#18980 = PRESENTATION_STYLE_ASSIGNMENT((#18981,#18986));
#18981 = SURFACE_STYLE_USAGE(.BOTH.,#18982);
#18982 = SURFACE_SIDE_STYLE('',(#18983));
#18983 = SURFACE_STYLE_FILL_AREA(#18984);
#18984 = FILL_AREA_STYLE('',(#18985));
#18985 = FILL_AREA_STYLE_COLOUR('',#16913);
#18986 = CURVE_STYLE('',#18987,POSITIVE_LENGTH_MEASURE(0.1),#16913);
#18987 = DRAUGHTING_PRE_DEFINED_CURVE_FONT('continuous');
#18988 = STYLED_ITEM('color',(#18989),#9020);
#18989 = PRESENTATION_STYLE_ASSIGNMENT((#18990,#18995));
#18990 = SURFACE_STYLE_USAGE(.BOTH.,#18991);
#18991 = SURFACE_SIDE_STYLE('',(#18992));
#18992 = SURFACE_STYLE_FILL_AREA(#18993);
#18993 = FILL_AREA_STYLE('',(#18994));
#18994 = FILL_AREA_STYLE_COLOUR('',#16913);
#18995 = CURVE_STYLE('',#18996,POSITIVE_LENGTH_MEASURE(0.1),#16913);
#18996 = DRAUGHTING_PRE_DEFINED_CURVE_FONT('continuous');
#18997 = STYLED_ITEM('color',(#18998),#9051);
#18998 = PRESENTATION_STYLE_ASSIGNMENT((#18999,#19004));
#18999 = SURFACE_STYLE_USAGE(.BOTH.,#19000);
#19000 = SURFACE_SIDE_STYLE('',(#19001));
#19001 = SURFACE_STYLE_FILL_AREA(#19002);
#19002 = FILL_AREA_STYLE('',(#19003));
#19003 = FILL_AREA_STYLE_COLOUR('',#16913);
#19004 = CURVE_STYLE('',#19005,POSITIVE_LENGTH_MEASURE(0.1),#16913);
#19005 = DRAUGHTING_PRE_DEFINED_CURVE_FONT('continuous');
#19006 = STYLED_ITEM('color',(#19007),#9075);
#19007 = PRESENTATION_STYLE_ASSIGNMENT((#19008,#19013));
#19008 = SURFACE_STYLE_USAGE(.BOTH.,#19009);
#19009 = SURFACE_SIDE_STYLE('',(#19010));
#19010 = SURFACE_STYLE_FILL_AREA(#19011);
#19011 = FILL_AREA_STYLE('',(#19012));
#19012 = FILL_AREA_STYLE_COLOUR('',#16913);
#19013 = CURVE_STYLE('',#19014,POSITIVE_LENGTH_MEASURE(0.1),#16913);
#19014 = DRAUGHTING_PRE_DEFINED_CURVE_FONT('continuous');
#19015 = STYLED_ITEM('color',(#19016),#9099);
#19016 = PRESENTATION_STYLE_ASSIGNMENT((#19017,#19022));
#19017 = SURFACE_STYLE_USAGE(.BOTH.,#19018);
#19018 = SURFACE_SIDE_STYLE('',(#19019));
#19019 = SURFACE_STYLE_FILL_AREA(#19020);
#19020 = FILL_AREA_STYLE('',(#19021));
#19021 = FILL_AREA_STYLE_COLOUR('',#16913);
#19022 = CURVE_STYLE('',#19023,POSITIVE_LENGTH_MEASURE(0.1),#16913);
#19023 = DRAUGHTING_PRE_DEFINED_CURVE_FONT('continuous');
#19024 = STYLED_ITEM('color',(#19025),#9116);
#19025 = PRESENTATION_STYLE_ASSIGNMENT((#19026,#19031));
#19026 = SURFACE_STYLE_USAGE(.BOTH.,#19027);
#19027 = SURFACE_SIDE_STYLE('',(#19028));
#19028 = SURFACE_STYLE_FILL_AREA(#19029);
#19029 = FILL_AREA_STYLE('',(#19030));
#19030 = FILL_AREA_STYLE_COLOUR('',#16913);
#19031 = CURVE_STYLE('',#19032,POSITIVE_LENGTH_MEASURE(0.1),#16913);
#19032 = DRAUGHTING_PRE_DEFINED_CURVE_FONT('continuous');
#19033 = STYLED_ITEM('color',(#19034),#9147);
#19034 = PRESENTATION_STYLE_ASSIGNMENT((#19035,#19040));
#19035 = SURFACE_STYLE_USAGE(.BOTH.,#19036);
#19036 = SURFACE_SIDE_STYLE('',(#19037));
#19037 = SURFACE_STYLE_FILL_AREA(#19038);
#19038 = FILL_AREA_STYLE('',(#19039));
#19039 = FILL_AREA_STYLE_COLOUR('',#16913);
#19040 = CURVE_STYLE('',#19041,POSITIVE_LENGTH_MEASURE(0.1),#16913);
#19041 = DRAUGHTING_PRE_DEFINED_CURVE_FONT('continuous');
#19042 = STYLED_ITEM('color',(#19043),#9171);
#19043 = PRESENTATION_STYLE_ASSIGNMENT((#19044,#19049));
#19044 = SURFACE_STYLE_USAGE(.BOTH.,#19045);
#19045 = SURFACE_SIDE_STYLE('',(#19046));
#19046 = SURFACE_STYLE_FILL_AREA(#19047);
#19047 = FILL_AREA_STYLE('',(#19048));
#19048 = FILL_AREA_STYLE_COLOUR('',#16913);
#19049 = CURVE_STYLE('',#19050,POSITIVE_LENGTH_MEASURE(0.1),#16913);
#19050 = DRAUGHTING_PRE_DEFINED_CURVE_FONT('continuous');
#19051 = STYLED_ITEM('color',(#19052),#9195);
#19052 = PRESENTATION_STYLE_ASSIGNMENT((#19053,#19058));
#19053 = SURFACE_STYLE_USAGE(.BOTH.,#19054);
#19054 = SURFACE_SIDE_STYLE('',(#19055));
#19055 = SURFACE_STYLE_FILL_AREA(#19056);
#19056 = FILL_AREA_STYLE('',(#19057));
#19057 = FILL_AREA_STYLE_COLOUR('',#16913);
#19058 = CURVE_STYLE('',#19059,POSITIVE_LENGTH_MEASURE(0.1),#16913);
#19059 = DRAUGHTING_PRE_DEFINED_CURVE_FONT('continuous');
#19060 = STYLED_ITEM('color',(#19061),#9212);
#19061 = PRESENTATION_STYLE_ASSIGNMENT((#19062,#19067));
#19062 = SURFACE_STYLE_USAGE(.BOTH.,#19063);
#19063 = SURFACE_SIDE_STYLE('',(#19064));
#19064 = SURFACE_STYLE_FILL_AREA(#19065);
#19065 = FILL_AREA_STYLE('',(#19066));
#19066 = FILL_AREA_STYLE_COLOUR('',#16986);
#19067 = CURVE_STYLE('',#19068,POSITIVE_LENGTH_MEASURE(0.1),#16986);
#19068 = DRAUGHTING_PRE_DEFINED_CURVE_FONT('continuous');
#19069 = STYLED_ITEM('color',(#19070),#9229);
#19070 = PRESENTATION_STYLE_ASSIGNMENT((#19071,#19076));
#19071 = SURFACE_STYLE_USAGE(.BOTH.,#19072);
#19072 = SURFACE_SIDE_STYLE('',(#19073));
#19073 = SURFACE_STYLE_FILL_AREA(#19074);
#19074 = FILL_AREA_STYLE('',(#19075));
#19075 = FILL_AREA_STYLE_COLOUR('',#16986);
#19076 = CURVE_STYLE('',#19077,POSITIVE_LENGTH_MEASURE(0.1),#16986);
#19077 = DRAUGHTING_PRE_DEFINED_CURVE_FONT('continuous');
#19078 = STYLED_ITEM('color',(#19079),#9276);
#19079 = PRESENTATION_STYLE_ASSIGNMENT((#19080,#19085));
#19080 = SURFACE_STYLE_USAGE(.BOTH.,#19081);
#19081 = SURFACE_SIDE_STYLE('',(#19082));
#19082 = SURFACE_STYLE_FILL_AREA(#19083);
#19083 = FILL_AREA_STYLE('',(#19084));
#19084 = FILL_AREA_STYLE_COLOUR('',#16986);
#19085 = CURVE_STYLE('',#19086,POSITIVE_LENGTH_MEASURE(0.1),#16986);
#19086 = DRAUGHTING_PRE_DEFINED_CURVE_FONT('continuous');
#19087 = STYLED_ITEM('color',(#19088),#9293);
#19088 = PRESENTATION_STYLE_ASSIGNMENT((#19089,#19094));
#19089 = SURFACE_STYLE_USAGE(.BOTH.,#19090);
#19090 = SURFACE_SIDE_STYLE('',(#19091));
#19091 = SURFACE_STYLE_FILL_AREA(#19092);
#19092 = FILL_AREA_STYLE('',(#19093));
#19093 = FILL_AREA_STYLE_COLOUR('',#16986);
#19094 = CURVE_STYLE('',#19095,POSITIVE_LENGTH_MEASURE(0.1),#16986);
#19095 = DRAUGHTING_PRE_DEFINED_CURVE_FONT('continuous');
#19096 = STYLED_ITEM('color',(#19097),#9340);
#19097 = PRESENTATION_STYLE_ASSIGNMENT((#19098,#19103));
#19098 = SURFACE_STYLE_USAGE(.BOTH.,#19099);
#19099 = SURFACE_SIDE_STYLE('',(#19100));
#19100 = SURFACE_STYLE_FILL_AREA(#19101);
#19101 = FILL_AREA_STYLE('',(#19102));
#19102 = FILL_AREA_STYLE_COLOUR('',#16986);
#19103 = CURVE_STYLE('',#19104,POSITIVE_LENGTH_MEASURE(0.1),#16986);
#19104 = DRAUGHTING_PRE_DEFINED_CURVE_FONT('continuous');
#19105 = STYLED_ITEM('color',(#19106),#9357);
#19106 = PRESENTATION_STYLE_ASSIGNMENT((#19107,#19112));
#19107 = SURFACE_STYLE_USAGE(.BOTH.,#19108);
#19108 = SURFACE_SIDE_STYLE('',(#19109));
#19109 = SURFACE_STYLE_FILL_AREA(#19110);
#19110 = FILL_AREA_STYLE('',(#19111));
#19111 = FILL_AREA_STYLE_COLOUR('',#16986);
#19112 = CURVE_STYLE('',#19113,POSITIVE_LENGTH_MEASURE(0.1),#16986);
#19113 = DRAUGHTING_PRE_DEFINED_CURVE_FONT('continuous');
#19114 = STYLED_ITEM('color',(#19115),#9404);
#19115 = PRESENTATION_STYLE_ASSIGNMENT((#19116,#19121));
#19116 = SURFACE_STYLE_USAGE(.BOTH.,#19117);
#19117 = SURFACE_SIDE_STYLE('',(#19118));
#19118 = SURFACE_STYLE_FILL_AREA(#19119);
#19119 = FILL_AREA_STYLE('',(#19120));
#19120 = FILL_AREA_STYLE_COLOUR('',#16986);
#19121 = CURVE_STYLE('',#19122,POSITIVE_LENGTH_MEASURE(0.1),#16986);
#19122 = DRAUGHTING_PRE_DEFINED_CURVE_FONT('continuous');
#19123 = STYLED_ITEM('color',(#19124),#9421);
#19124 = PRESENTATION_STYLE_ASSIGNMENT((#19125,#19130));
#19125 = SURFACE_STYLE_USAGE(.BOTH.,#19126);
#19126 = SURFACE_SIDE_STYLE('',(#19127));
#19127 = SURFACE_STYLE_FILL_AREA(#19128);
#19128 = FILL_AREA_STYLE('',(#19129));
#19129 = FILL_AREA_STYLE_COLOUR('',#16986);
#19130 = CURVE_STYLE('',#19131,POSITIVE_LENGTH_MEASURE(0.1),#16986);
#19131 = DRAUGHTING_PRE_DEFINED_CURVE_FONT('continuous');
#19132 = STYLED_ITEM('color',(#19133),#9468);
#19133 = PRESENTATION_STYLE_ASSIGNMENT((#19134,#19139));
#19134 = SURFACE_STYLE_USAGE(.BOTH.,#19135);
#19135 = SURFACE_SIDE_STYLE('',(#19136));
#19136 = SURFACE_STYLE_FILL_AREA(#19137);
#19137 = FILL_AREA_STYLE('',(#19138));
#19138 = FILL_AREA_STYLE_COLOUR('',#16986);
#19139 = CURVE_STYLE('',#19140,POSITIVE_LENGTH_MEASURE(0.1),#16986);
#19140 = DRAUGHTING_PRE_DEFINED_CURVE_FONT('continuous');
#19141 = STYLED_ITEM('color',(#19142),#9485);
#19142 = PRESENTATION_STYLE_ASSIGNMENT((#19143,#19148));
#19143 = SURFACE_STYLE_USAGE(.BOTH.,#19144);
#19144 = SURFACE_SIDE_STYLE('',(#19145));
#19145 = SURFACE_STYLE_FILL_AREA(#19146);
#19146 = FILL_AREA_STYLE('',(#19147));
#19147 = FILL_AREA_STYLE_COLOUR('',#16986);
#19148 = CURVE_STYLE('',#19149,POSITIVE_LENGTH_MEASURE(0.1),#16986);
#19149 = DRAUGHTING_PRE_DEFINED_CURVE_FONT('continuous');
#19150 = STYLED_ITEM('color',(#19151),#9532);
#19151 = PRESENTATION_STYLE_ASSIGNMENT((#19152,#19157));
#19152 = SURFACE_STYLE_USAGE(.BOTH.,#19153);
#19153 = SURFACE_SIDE_STYLE('',(#19154));
#19154 = SURFACE_STYLE_FILL_AREA(#19155);
#19155 = FILL_AREA_STYLE('',(#19156));
#19156 = FILL_AREA_STYLE_COLOUR('',#16986);
#19157 = CURVE_STYLE('',#19158,POSITIVE_LENGTH_MEASURE(0.1),#16986);
#19158 = DRAUGHTING_PRE_DEFINED_CURVE_FONT('continuous');
#19159 = STYLED_ITEM('color',(#19160),#9549);
#19160 = PRESENTATION_STYLE_ASSIGNMENT((#19161,#19166));
#19161 = SURFACE_STYLE_USAGE(.BOTH.,#19162);
#19162 = SURFACE_SIDE_STYLE('',(#19163));
#19163 = SURFACE_STYLE_FILL_AREA(#19164);
#19164 = FILL_AREA_STYLE('',(#19165));
#19165 = FILL_AREA_STYLE_COLOUR('',#16986);
#19166 = CURVE_STYLE('',#19167,POSITIVE_LENGTH_MEASURE(0.1),#16986);
#19167 = DRAUGHTING_PRE_DEFINED_CURVE_FONT('continuous');
#19168 = STYLED_ITEM('color',(#19169),#9596);
#19169 = PRESENTATION_STYLE_ASSIGNMENT((#19170,#19175));
#19170 = SURFACE_STYLE_USAGE(.BOTH.,#19171);
#19171 = SURFACE_SIDE_STYLE('',(#19172));
#19172 = SURFACE_STYLE_FILL_AREA(#19173);
#19173 = FILL_AREA_STYLE('',(#19174));
#19174 = FILL_AREA_STYLE_COLOUR('',#16986);
#19175 = CURVE_STYLE('',#19176,POSITIVE_LENGTH_MEASURE(0.1),#16986);
#19176 = DRAUGHTING_PRE_DEFINED_CURVE_FONT('continuous');
#19177 = STYLED_ITEM('color',(#19178),#9613);
#19178 = PRESENTATION_STYLE_ASSIGNMENT((#19179,#19184));
#19179 = SURFACE_STYLE_USAGE(.BOTH.,#19180);
#19180 = SURFACE_SIDE_STYLE('',(#19181));
#19181 = SURFACE_STYLE_FILL_AREA(#19182);
#19182 = FILL_AREA_STYLE('',(#19183));
#19183 = FILL_AREA_STYLE_COLOUR('',#16986);
#19184 = CURVE_STYLE('',#19185,POSITIVE_LENGTH_MEASURE(0.1),#16986);
#19185 = DRAUGHTING_PRE_DEFINED_CURVE_FONT('continuous');
#19186 = STYLED_ITEM('color',(#19187),#9660);
#19187 = PRESENTATION_STYLE_ASSIGNMENT((#19188,#19193));
#19188 = SURFACE_STYLE_USAGE(.BOTH.,#19189);
#19189 = SURFACE_SIDE_STYLE('',(#19190));
#19190 = SURFACE_STYLE_FILL_AREA(#19191);
#19191 = FILL_AREA_STYLE('',(#19192));
#19192 = FILL_AREA_STYLE_COLOUR('',#16986);
#19193 = CURVE_STYLE('',#19194,POSITIVE_LENGTH_MEASURE(0.1),#16986);
#19194 = DRAUGHTING_PRE_DEFINED_CURVE_FONT('continuous');
#19195 = STYLED_ITEM('color',(#19196),#9677);
#19196 = PRESENTATION_STYLE_ASSIGNMENT((#19197,#19202));
#19197 = SURFACE_STYLE_USAGE(.BOTH.,#19198);
#19198 = SURFACE_SIDE_STYLE('',(#19199));
#19199 = SURFACE_STYLE_FILL_AREA(#19200);
#19200 = FILL_AREA_STYLE('',(#19201));
#19201 = FILL_AREA_STYLE_COLOUR('',#16986);
#19202 = CURVE_STYLE('',#19203,POSITIVE_LENGTH_MEASURE(0.1),#16986);
#19203 = DRAUGHTING_PRE_DEFINED_CURVE_FONT('continuous');
#19204 = STYLED_ITEM('color',(#19205),#9724);
#19205 = PRESENTATION_STYLE_ASSIGNMENT((#19206,#19211));
#19206 = SURFACE_STYLE_USAGE(.BOTH.,#19207);
#19207 = SURFACE_SIDE_STYLE('',(#19208));
#19208 = SURFACE_STYLE_FILL_AREA(#19209);
#19209 = FILL_AREA_STYLE('',(#19210));
#19210 = FILL_AREA_STYLE_COLOUR('',#16986);
#19211 = CURVE_STYLE('',#19212,POSITIVE_LENGTH_MEASURE(0.1),#16986);
#19212 = DRAUGHTING_PRE_DEFINED_CURVE_FONT('continuous');
#19213 = STYLED_ITEM('color',(#19214),#9741);
#19214 = PRESENTATION_STYLE_ASSIGNMENT((#19215,#19220));
#19215 = SURFACE_STYLE_USAGE(.BOTH.,#19216);
#19216 = SURFACE_SIDE_STYLE('',(#19217));
#19217 = SURFACE_STYLE_FILL_AREA(#19218);
#19218 = FILL_AREA_STYLE('',(#19219));
#19219 = FILL_AREA_STYLE_COLOUR('',#16986);
#19220 = CURVE_STYLE('',#19221,POSITIVE_LENGTH_MEASURE(0.1),#16986);
#19221 = DRAUGHTING_PRE_DEFINED_CURVE_FONT('continuous');
#19222 = STYLED_ITEM('color',(#19223),#9788);
#19223 = PRESENTATION_STYLE_ASSIGNMENT((#19224,#19229));
#19224 = SURFACE_STYLE_USAGE(.BOTH.,#19225);
#19225 = SURFACE_SIDE_STYLE('',(#19226));
#19226 = SURFACE_STYLE_FILL_AREA(#19227);
#19227 = FILL_AREA_STYLE('',(#19228));
#19228 = FILL_AREA_STYLE_COLOUR('',#16986);
#19229 = CURVE_STYLE('',#19230,POSITIVE_LENGTH_MEASURE(0.1),#16986);
#19230 = DRAUGHTING_PRE_DEFINED_CURVE_FONT('continuous');
#19231 = STYLED_ITEM('color',(#19232),#9805);
#19232 = PRESENTATION_STYLE_ASSIGNMENT((#19233,#19238));
#19233 = SURFACE_STYLE_USAGE(.BOTH.,#19234);
#19234 = SURFACE_SIDE_STYLE('',(#19235));
#19235 = SURFACE_STYLE_FILL_AREA(#19236);
#19236 = FILL_AREA_STYLE('',(#19237));
#19237 = FILL_AREA_STYLE_COLOUR('',#16986);
#19238 = CURVE_STYLE('',#19239,POSITIVE_LENGTH_MEASURE(0.1),#16986);
#19239 = DRAUGHTING_PRE_DEFINED_CURVE_FONT('continuous');
#19240 = STYLED_ITEM('color',(#19241),#9852);
#19241 = PRESENTATION_STYLE_ASSIGNMENT((#19242,#19247));
#19242 = SURFACE_STYLE_USAGE(.BOTH.,#19243);
#19243 = SURFACE_SIDE_STYLE('',(#19244));
#19244 = SURFACE_STYLE_FILL_AREA(#19245);
#19245 = FILL_AREA_STYLE('',(#19246));
#19246 = FILL_AREA_STYLE_COLOUR('',#16986);
#19247 = CURVE_STYLE('',#19248,POSITIVE_LENGTH_MEASURE(0.1),#16986);
#19248 = DRAUGHTING_PRE_DEFINED_CURVE_FONT('continuous');
#19249 = STYLED_ITEM('color',(#19250),#9869);
#19250 = PRESENTATION_STYLE_ASSIGNMENT((#19251,#19256));
#19251 = SURFACE_STYLE_USAGE(.BOTH.,#19252);
#19252 = SURFACE_SIDE_STYLE('',(#19253));
#19253 = SURFACE_STYLE_FILL_AREA(#19254);
#19254 = FILL_AREA_STYLE('',(#19255));
#19255 = FILL_AREA_STYLE_COLOUR('',#16986);
#19256 = CURVE_STYLE('',#19257,POSITIVE_LENGTH_MEASURE(0.1),#16986);
#19257 = DRAUGHTING_PRE_DEFINED_CURVE_FONT('continuous');
#19258 = STYLED_ITEM('color',(#19259),#9916);
#19259 = PRESENTATION_STYLE_ASSIGNMENT((#19260,#19265));
#19260 = SURFACE_STYLE_USAGE(.BOTH.,#19261);
#19261 = SURFACE_SIDE_STYLE('',(#19262));
#19262 = SURFACE_STYLE_FILL_AREA(#19263);
#19263 = FILL_AREA_STYLE('',(#19264));
#19264 = FILL_AREA_STYLE_COLOUR('',#16986);
#19265 = CURVE_STYLE('',#19266,POSITIVE_LENGTH_MEASURE(0.1),#16986);
#19266 = DRAUGHTING_PRE_DEFINED_CURVE_FONT('continuous');
#19267 = STYLED_ITEM('color',(#19268),#9933);
#19268 = PRESENTATION_STYLE_ASSIGNMENT((#19269,#19274));
#19269 = SURFACE_STYLE_USAGE(.BOTH.,#19270);
#19270 = SURFACE_SIDE_STYLE('',(#19271));
#19271 = SURFACE_STYLE_FILL_AREA(#19272);
#19272 = FILL_AREA_STYLE('',(#19273));
#19273 = FILL_AREA_STYLE_COLOUR('',#16986);
#19274 = CURVE_STYLE('',#19275,POSITIVE_LENGTH_MEASURE(0.1),#16986);
#19275 = DRAUGHTING_PRE_DEFINED_CURVE_FONT('continuous');
#19276 = STYLED_ITEM('color',(#19277),#9980);
#19277 = PRESENTATION_STYLE_ASSIGNMENT((#19278,#19283));
#19278 = SURFACE_STYLE_USAGE(.BOTH.,#19279);
#19279 = SURFACE_SIDE_STYLE('',(#19280));
#19280 = SURFACE_STYLE_FILL_AREA(#19281);
#19281 = FILL_AREA_STYLE('',(#19282));
#19282 = FILL_AREA_STYLE_COLOUR('',#16986);
#19283 = CURVE_STYLE('',#19284,POSITIVE_LENGTH_MEASURE(0.1),#16986);
#19284 = DRAUGHTING_PRE_DEFINED_CURVE_FONT('continuous');
#19285 = STYLED_ITEM('color',(#19286),#9997);
#19286 = PRESENTATION_STYLE_ASSIGNMENT((#19287,#19292));
#19287 = SURFACE_STYLE_USAGE(.BOTH.,#19288);
#19288 = SURFACE_SIDE_STYLE('',(#19289));
#19289 = SURFACE_STYLE_FILL_AREA(#19290);
#19290 = FILL_AREA_STYLE('',(#19291));
#19291 = FILL_AREA_STYLE_COLOUR('',#16986);
#19292 = CURVE_STYLE('',#19293,POSITIVE_LENGTH_MEASURE(0.1),#16986);
#19293 = DRAUGHTING_PRE_DEFINED_CURVE_FONT('continuous');
#19294 = STYLED_ITEM('color',(#19295),#10044);
#19295 = PRESENTATION_STYLE_ASSIGNMENT((#19296,#19301));
#19296 = SURFACE_STYLE_USAGE(.BOTH.,#19297);
#19297 = SURFACE_SIDE_STYLE('',(#19298));
#19298 = SURFACE_STYLE_FILL_AREA(#19299);
#19299 = FILL_AREA_STYLE('',(#19300));
#19300 = FILL_AREA_STYLE_COLOUR('',#16986);
#19301 = CURVE_STYLE('',#19302,POSITIVE_LENGTH_MEASURE(0.1),#16986);
#19302 = DRAUGHTING_PRE_DEFINED_CURVE_FONT('continuous');
#19303 = STYLED_ITEM('color',(#19304),#10061);
#19304 = PRESENTATION_STYLE_ASSIGNMENT((#19305,#19310));
#19305 = SURFACE_STYLE_USAGE(.BOTH.,#19306);
#19306 = SURFACE_SIDE_STYLE('',(#19307));
#19307 = SURFACE_STYLE_FILL_AREA(#19308);
#19308 = FILL_AREA_STYLE('',(#19309));
#19309 = FILL_AREA_STYLE_COLOUR('',#16986);
#19310 = CURVE_STYLE('',#19311,POSITIVE_LENGTH_MEASURE(0.1),#16986);
#19311 = DRAUGHTING_PRE_DEFINED_CURVE_FONT('continuous');
#19312 = STYLED_ITEM('color',(#19313),#10108);
#19313 = PRESENTATION_STYLE_ASSIGNMENT((#19314,#19319));
#19314 = SURFACE_STYLE_USAGE(.BOTH.,#19315);
#19315 = SURFACE_SIDE_STYLE('',(#19316));
#19316 = SURFACE_STYLE_FILL_AREA(#19317);
#19317 = FILL_AREA_STYLE('',(#19318));
#19318 = FILL_AREA_STYLE_COLOUR('',#16986);
#19319 = CURVE_STYLE('',#19320,POSITIVE_LENGTH_MEASURE(0.1),#16986);
#19320 = DRAUGHTING_PRE_DEFINED_CURVE_FONT('continuous');
#19321 = STYLED_ITEM('color',(#19322),#10125);
#19322 = PRESENTATION_STYLE_ASSIGNMENT((#19323,#19328));
#19323 = SURFACE_STYLE_USAGE(.BOTH.,#19324);
#19324 = SURFACE_SIDE_STYLE('',(#19325));
#19325 = SURFACE_STYLE_FILL_AREA(#19326);
#19326 = FILL_AREA_STYLE('',(#19327));
#19327 = FILL_AREA_STYLE_COLOUR('',#16986);
#19328 = CURVE_STYLE('',#19329,POSITIVE_LENGTH_MEASURE(0.1),#16986);
#19329 = DRAUGHTING_PRE_DEFINED_CURVE_FONT('continuous');
#19330 = STYLED_ITEM('color',(#19331),#10172);
#19331 = PRESENTATION_STYLE_ASSIGNMENT((#19332,#19337));
#19332 = SURFACE_STYLE_USAGE(.BOTH.,#19333);
#19333 = SURFACE_SIDE_STYLE('',(#19334));
#19334 = SURFACE_STYLE_FILL_AREA(#19335);
#19335 = FILL_AREA_STYLE('',(#19336));
#19336 = FILL_AREA_STYLE_COLOUR('',#16986);
#19337 = CURVE_STYLE('',#19338,POSITIVE_LENGTH_MEASURE(0.1),#16986);
#19338 = DRAUGHTING_PRE_DEFINED_CURVE_FONT('continuous');
#19339 = STYLED_ITEM('color',(#19340),#10189);
#19340 = PRESENTATION_STYLE_ASSIGNMENT((#19341,#19346));
#19341 = SURFACE_STYLE_USAGE(.BOTH.,#19342);
#19342 = SURFACE_SIDE_STYLE('',(#19343));
#19343 = SURFACE_STYLE_FILL_AREA(#19344);
#19344 = FILL_AREA_STYLE('',(#19345));
#19345 = FILL_AREA_STYLE_COLOUR('',#16986);
#19346 = CURVE_STYLE('',#19347,POSITIVE_LENGTH_MEASURE(0.1),#16986);
#19347 = DRAUGHTING_PRE_DEFINED_CURVE_FONT('continuous');
#19348 = STYLED_ITEM('color',(#19349),#10236);
#19349 = PRESENTATION_STYLE_ASSIGNMENT((#19350,#19355));
#19350 = SURFACE_STYLE_USAGE(.BOTH.,#19351);
#19351 = SURFACE_SIDE_STYLE('',(#19352));
#19352 = SURFACE_STYLE_FILL_AREA(#19353);
#19353 = FILL_AREA_STYLE('',(#19354));
#19354 = FILL_AREA_STYLE_COLOUR('',#16913);
#19355 = CURVE_STYLE('',#19356,POSITIVE_LENGTH_MEASURE(0.1),#16913);
#19356 = DRAUGHTING_PRE_DEFINED_CURVE_FONT('continuous');
#19357 = STYLED_ITEM('color',(#19358),#10267);
#19358 = PRESENTATION_STYLE_ASSIGNMENT((#19359,#19364));
#19359 = SURFACE_STYLE_USAGE(.BOTH.,#19360);
#19360 = SURFACE_SIDE_STYLE('',(#19361));
#19361 = SURFACE_STYLE_FILL_AREA(#19362);
#19362 = FILL_AREA_STYLE('',(#19363));
#19363 = FILL_AREA_STYLE_COLOUR('',#16913);
#19364 = CURVE_STYLE('',#19365,POSITIVE_LENGTH_MEASURE(0.1),#16913);
#19365 = DRAUGHTING_PRE_DEFINED_CURVE_FONT('continuous');
#19366 = OVER_RIDING_STYLED_ITEM('overriding color',(#19367),#10281,
  #19357);
#19367 = PRESENTATION_STYLE_ASSIGNMENT((#19368,#19373));
#19368 = SURFACE_STYLE_USAGE(.BOTH.,#19369);
#19369 = SURFACE_SIDE_STYLE('',(#19370));
#19370 = SURFACE_STYLE_FILL_AREA(#19371);
#19371 = FILL_AREA_STYLE('',(#19372));
#19372 = FILL_AREA_STYLE_COLOUR('',#16986);
#19373 = CURVE_STYLE('',#19374,POSITIVE_LENGTH_MEASURE(0.1),#16986);
#19374 = DRAUGHTING_PRE_DEFINED_CURVE_FONT('continuous');
#19375 = OVER_RIDING_STYLED_ITEM('overriding color',(#19376),#10297,
  #19357);
#19376 = PRESENTATION_STYLE_ASSIGNMENT((#19377,#19382));
#19377 = SURFACE_STYLE_USAGE(.BOTH.,#19378);
#19378 = SURFACE_SIDE_STYLE('',(#19379));
#19379 = SURFACE_STYLE_FILL_AREA(#19380);
#19380 = FILL_AREA_STYLE('',(#19381));
#19381 = FILL_AREA_STYLE_COLOUR('',#16986);
#19382 = CURVE_STYLE('',#19383,POSITIVE_LENGTH_MEASURE(0.1),#16986);
#19383 = DRAUGHTING_PRE_DEFINED_CURVE_FONT('continuous');
#19384 = STYLED_ITEM('color',(#19385),#10323);
#19385 = PRESENTATION_STYLE_ASSIGNMENT((#19386,#19391));
#19386 = SURFACE_STYLE_USAGE(.BOTH.,#19387);
#19387 = SURFACE_SIDE_STYLE('',(#19388));
#19388 = SURFACE_STYLE_FILL_AREA(#19389);
#19389 = FILL_AREA_STYLE('',(#19390));
#19390 = FILL_AREA_STYLE_COLOUR('',#16913);
#19391 = CURVE_STYLE('',#19392,POSITIVE_LENGTH_MEASURE(0.1),#16913);
#19392 = DRAUGHTING_PRE_DEFINED_CURVE_FONT('continuous');
#19393 = STYLED_ITEM('color',(#19394),#10347);
#19394 = PRESENTATION_STYLE_ASSIGNMENT((#19395,#19400));
#19395 = SURFACE_STYLE_USAGE(.BOTH.,#19396);
#19396 = SURFACE_SIDE_STYLE('',(#19397));
#19397 = SURFACE_STYLE_FILL_AREA(#19398);
#19398 = FILL_AREA_STYLE('',(#19399));
#19399 = FILL_AREA_STYLE_COLOUR('',#16913);
#19400 = CURVE_STYLE('',#19401,POSITIVE_LENGTH_MEASURE(0.1),#16913);
#19401 = DRAUGHTING_PRE_DEFINED_CURVE_FONT('continuous');
#19402 = OVER_RIDING_STYLED_ITEM('overriding color',(#19403),#10361,
  #19393);
#19403 = PRESENTATION_STYLE_ASSIGNMENT((#19404,#19409));
#19404 = SURFACE_STYLE_USAGE(.BOTH.,#19405);
#19405 = SURFACE_SIDE_STYLE('',(#19406));
#19406 = SURFACE_STYLE_FILL_AREA(#19407);
#19407 = FILL_AREA_STYLE('',(#19408));
#19408 = FILL_AREA_STYLE_COLOUR('',#16986);
#19409 = CURVE_STYLE('',#19410,POSITIVE_LENGTH_MEASURE(0.1),#16986);
#19410 = DRAUGHTING_PRE_DEFINED_CURVE_FONT('continuous');
#19411 = OVER_RIDING_STYLED_ITEM('overriding color',(#19412),#10377,
  #19393);
#19412 = PRESENTATION_STYLE_ASSIGNMENT((#19413,#19418));
#19413 = SURFACE_STYLE_USAGE(.BOTH.,#19414);
#19414 = SURFACE_SIDE_STYLE('',(#19415));
#19415 = SURFACE_STYLE_FILL_AREA(#19416);
#19416 = FILL_AREA_STYLE('',(#19417));
#19417 = FILL_AREA_STYLE_COLOUR('',#16986);
#19418 = CURVE_STYLE('',#19419,POSITIVE_LENGTH_MEASURE(0.1),#16986);
#19419 = DRAUGHTING_PRE_DEFINED_CURVE_FONT('continuous');
#19420 = STYLED_ITEM('color',(#19421),#10396);
#19421 = PRESENTATION_STYLE_ASSIGNMENT((#19422,#19427));
#19422 = SURFACE_STYLE_USAGE(.BOTH.,#19423);
#19423 = SURFACE_SIDE_STYLE('',(#19424));
#19424 = SURFACE_STYLE_FILL_AREA(#19425);
#19425 = FILL_AREA_STYLE('',(#19426));
#19426 = FILL_AREA_STYLE_COLOUR('',#16913);
#19427 = CURVE_STYLE('',#19428,POSITIVE_LENGTH_MEASURE(0.1),#16913);
#19428 = DRAUGHTING_PRE_DEFINED_CURVE_FONT('continuous');
#19429 = STYLED_ITEM('color',(#19430),#10427);
#19430 = PRESENTATION_STYLE_ASSIGNMENT((#19431,#19436));
#19431 = SURFACE_STYLE_USAGE(.BOTH.,#19432);
#19432 = SURFACE_SIDE_STYLE('',(#19433));
#19433 = SURFACE_STYLE_FILL_AREA(#19434);
#19434 = FILL_AREA_STYLE('',(#19435));
#19435 = FILL_AREA_STYLE_COLOUR('',#16913);
#19436 = CURVE_STYLE('',#19437,POSITIVE_LENGTH_MEASURE(0.1),#16913);
#19437 = DRAUGHTING_PRE_DEFINED_CURVE_FONT('continuous');
#19438 = OVER_RIDING_STYLED_ITEM('overriding color',(#19439),#10441,
  #19429);
#19439 = PRESENTATION_STYLE_ASSIGNMENT((#19440,#19445));
#19440 = SURFACE_STYLE_USAGE(.BOTH.,#19441);
#19441 = SURFACE_SIDE_STYLE('',(#19442));
#19442 = SURFACE_STYLE_FILL_AREA(#19443);
#19443 = FILL_AREA_STYLE('',(#19444));
#19444 = FILL_AREA_STYLE_COLOUR('',#16986);
#19445 = CURVE_STYLE('',#19446,POSITIVE_LENGTH_MEASURE(0.1),#16986);
#19446 = DRAUGHTING_PRE_DEFINED_CURVE_FONT('continuous');
#19447 = OVER_RIDING_STYLED_ITEM('overriding color',(#19448),#10457,
  #19429);
#19448 = PRESENTATION_STYLE_ASSIGNMENT((#19449,#19454));
#19449 = SURFACE_STYLE_USAGE(.BOTH.,#19450);
#19450 = SURFACE_SIDE_STYLE('',(#19451));
#19451 = SURFACE_STYLE_FILL_AREA(#19452);
#19452 = FILL_AREA_STYLE('',(#19453));
#19453 = FILL_AREA_STYLE_COLOUR('',#16986);
#19454 = CURVE_STYLE('',#19455,POSITIVE_LENGTH_MEASURE(0.1),#16986);
#19455 = DRAUGHTING_PRE_DEFINED_CURVE_FONT('continuous');
#19456 = STYLED_ITEM('color',(#19457),#10483);
#19457 = PRESENTATION_STYLE_ASSIGNMENT((#19458,#19463));
#19458 = SURFACE_STYLE_USAGE(.BOTH.,#19459);
#19459 = SURFACE_SIDE_STYLE('',(#19460));
#19460 = SURFACE_STYLE_FILL_AREA(#19461);
#19461 = FILL_AREA_STYLE('',(#19462));
#19462 = FILL_AREA_STYLE_COLOUR('',#16913);
#19463 = CURVE_STYLE('',#19464,POSITIVE_LENGTH_MEASURE(0.1),#16913);
#19464 = DRAUGHTING_PRE_DEFINED_CURVE_FONT('continuous');
#19465 = STYLED_ITEM('color',(#19466),#10507);
#19466 = PRESENTATION_STYLE_ASSIGNMENT((#19467,#19472));
#19467 = SURFACE_STYLE_USAGE(.BOTH.,#19468);
#19468 = SURFACE_SIDE_STYLE('',(#19469));
#19469 = SURFACE_STYLE_FILL_AREA(#19470);
#19470 = FILL_AREA_STYLE('',(#19471));
#19471 = FILL_AREA_STYLE_COLOUR('',#16913);
#19472 = CURVE_STYLE('',#19473,POSITIVE_LENGTH_MEASURE(0.1),#16913);
#19473 = DRAUGHTING_PRE_DEFINED_CURVE_FONT('continuous');
#19474 = OVER_RIDING_STYLED_ITEM('overriding color',(#19475),#10521,
  #19465);
#19475 = PRESENTATION_STYLE_ASSIGNMENT((#19476,#19481));
#19476 = SURFACE_STYLE_USAGE(.BOTH.,#19477);
#19477 = SURFACE_SIDE_STYLE('',(#19478));
#19478 = SURFACE_STYLE_FILL_AREA(#19479);
#19479 = FILL_AREA_STYLE('',(#19480));
#19480 = FILL_AREA_STYLE_COLOUR('',#16986);
#19481 = CURVE_STYLE('',#19482,POSITIVE_LENGTH_MEASURE(0.1),#16986);
#19482 = DRAUGHTING_PRE_DEFINED_CURVE_FONT('continuous');
#19483 = OVER_RIDING_STYLED_ITEM('overriding color',(#19484),#10537,
  #19465);
#19484 = PRESENTATION_STYLE_ASSIGNMENT((#19485,#19490));
#19485 = SURFACE_STYLE_USAGE(.BOTH.,#19486);
#19486 = SURFACE_SIDE_STYLE('',(#19487));
#19487 = SURFACE_STYLE_FILL_AREA(#19488);
#19488 = FILL_AREA_STYLE('',(#19489));
#19489 = FILL_AREA_STYLE_COLOUR('',#16986);
#19490 = CURVE_STYLE('',#19491,POSITIVE_LENGTH_MEASURE(0.1),#16986);
#19491 = DRAUGHTING_PRE_DEFINED_CURVE_FONT('continuous');
#19492 = STYLED_ITEM('color',(#19493),#10556);
#19493 = PRESENTATION_STYLE_ASSIGNMENT((#19494,#19499));
#19494 = SURFACE_STYLE_USAGE(.BOTH.,#19495);
#19495 = SURFACE_SIDE_STYLE('',(#19496));
#19496 = SURFACE_STYLE_FILL_AREA(#19497);
#19497 = FILL_AREA_STYLE('',(#19498));
#19498 = FILL_AREA_STYLE_COLOUR('',#16913);
#19499 = CURVE_STYLE('',#19500,POSITIVE_LENGTH_MEASURE(0.1),#16913);
#19500 = DRAUGHTING_PRE_DEFINED_CURVE_FONT('continuous');
#19501 = STYLED_ITEM('color',(#19502),#10587);
#19502 = PRESENTATION_STYLE_ASSIGNMENT((#19503,#19508));
#19503 = SURFACE_STYLE_USAGE(.BOTH.,#19504);
#19504 = SURFACE_SIDE_STYLE('',(#19505));
#19505 = SURFACE_STYLE_FILL_AREA(#19506);
#19506 = FILL_AREA_STYLE('',(#19507));
#19507 = FILL_AREA_STYLE_COLOUR('',#16913);
#19508 = CURVE_STYLE('',#19509,POSITIVE_LENGTH_MEASURE(0.1),#16913);
#19509 = DRAUGHTING_PRE_DEFINED_CURVE_FONT('continuous');
#19510 = OVER_RIDING_STYLED_ITEM('overriding color',(#19511),#10601,
  #19501);
#19511 = PRESENTATION_STYLE_ASSIGNMENT((#19512,#19517));
#19512 = SURFACE_STYLE_USAGE(.BOTH.,#19513);
#19513 = SURFACE_SIDE_STYLE('',(#19514));
#19514 = SURFACE_STYLE_FILL_AREA(#19515);
#19515 = FILL_AREA_STYLE('',(#19516));
#19516 = FILL_AREA_STYLE_COLOUR('',#16986);
#19517 = CURVE_STYLE('',#19518,POSITIVE_LENGTH_MEASURE(0.1),#16986);
#19518 = DRAUGHTING_PRE_DEFINED_CURVE_FONT('continuous');
#19519 = OVER_RIDING_STYLED_ITEM('overriding color',(#19520),#10617,
  #19501);
#19520 = PRESENTATION_STYLE_ASSIGNMENT((#19521,#19526));
#19521 = SURFACE_STYLE_USAGE(.BOTH.,#19522);
#19522 = SURFACE_SIDE_STYLE('',(#19523));
#19523 = SURFACE_STYLE_FILL_AREA(#19524);
#19524 = FILL_AREA_STYLE('',(#19525));
#19525 = FILL_AREA_STYLE_COLOUR('',#16986);
#19526 = CURVE_STYLE('',#19527,POSITIVE_LENGTH_MEASURE(0.1),#16986);
#19527 = DRAUGHTING_PRE_DEFINED_CURVE_FONT('continuous');
#19528 = STYLED_ITEM('color',(#19529),#10643);
#19529 = PRESENTATION_STYLE_ASSIGNMENT((#19530,#19535));
#19530 = SURFACE_STYLE_USAGE(.BOTH.,#19531);
#19531 = SURFACE_SIDE_STYLE('',(#19532));
#19532 = SURFACE_STYLE_FILL_AREA(#19533);
#19533 = FILL_AREA_STYLE('',(#19534));
#19534 = FILL_AREA_STYLE_COLOUR('',#16913);
#19535 = CURVE_STYLE('',#19536,POSITIVE_LENGTH_MEASURE(0.1),#16913);
#19536 = DRAUGHTING_PRE_DEFINED_CURVE_FONT('continuous');
#19537 = STYLED_ITEM('color',(#19538),#10667);
#19538 = PRESENTATION_STYLE_ASSIGNMENT((#19539,#19544));
#19539 = SURFACE_STYLE_USAGE(.BOTH.,#19540);
#19540 = SURFACE_SIDE_STYLE('',(#19541));
#19541 = SURFACE_STYLE_FILL_AREA(#19542);
#19542 = FILL_AREA_STYLE('',(#19543));
#19543 = FILL_AREA_STYLE_COLOUR('',#16913);
#19544 = CURVE_STYLE('',#19545,POSITIVE_LENGTH_MEASURE(0.1),#16913);
#19545 = DRAUGHTING_PRE_DEFINED_CURVE_FONT('continuous');
#19546 = OVER_RIDING_STYLED_ITEM('overriding color',(#19547),#10681,
  #19537);
#19547 = PRESENTATION_STYLE_ASSIGNMENT((#19548,#19553));
#19548 = SURFACE_STYLE_USAGE(.BOTH.,#19549);
#19549 = SURFACE_SIDE_STYLE('',(#19550));
#19550 = SURFACE_STYLE_FILL_AREA(#19551);
#19551 = FILL_AREA_STYLE('',(#19552));
#19552 = FILL_AREA_STYLE_COLOUR('',#16986);
#19553 = CURVE_STYLE('',#19554,POSITIVE_LENGTH_MEASURE(0.1),#16986);
#19554 = DRAUGHTING_PRE_DEFINED_CURVE_FONT('continuous');
#19555 = OVER_RIDING_STYLED_ITEM('overriding color',(#19556),#10697,
  #19537);
#19556 = PRESENTATION_STYLE_ASSIGNMENT((#19557,#19562));
#19557 = SURFACE_STYLE_USAGE(.BOTH.,#19558);
#19558 = SURFACE_SIDE_STYLE('',(#19559));
#19559 = SURFACE_STYLE_FILL_AREA(#19560);
#19560 = FILL_AREA_STYLE('',(#19561));
#19561 = FILL_AREA_STYLE_COLOUR('',#16986);
#19562 = CURVE_STYLE('',#19563,POSITIVE_LENGTH_MEASURE(0.1),#16986);
#19563 = DRAUGHTING_PRE_DEFINED_CURVE_FONT('continuous');
#19564 = STYLED_ITEM('color',(#19565),#10716);
#19565 = PRESENTATION_STYLE_ASSIGNMENT((#19566,#19571));
#19566 = SURFACE_STYLE_USAGE(.BOTH.,#19567);
#19567 = SURFACE_SIDE_STYLE('',(#19568));
#19568 = SURFACE_STYLE_FILL_AREA(#19569);
#19569 = FILL_AREA_STYLE('',(#19570));
#19570 = FILL_AREA_STYLE_COLOUR('',#16913);
#19571 = CURVE_STYLE('',#19572,POSITIVE_LENGTH_MEASURE(0.1),#16913);
#19572 = DRAUGHTING_PRE_DEFINED_CURVE_FONT('continuous');
#19573 = STYLED_ITEM('color',(#19574),#10747);
#19574 = PRESENTATION_STYLE_ASSIGNMENT((#19575,#19580));
#19575 = SURFACE_STYLE_USAGE(.BOTH.,#19576);
#19576 = SURFACE_SIDE_STYLE('',(#19577));
#19577 = SURFACE_STYLE_FILL_AREA(#19578);
#19578 = FILL_AREA_STYLE('',(#19579));
#19579 = FILL_AREA_STYLE_COLOUR('',#16913);
#19580 = CURVE_STYLE('',#19581,POSITIVE_LENGTH_MEASURE(0.1),#16913);
#19581 = DRAUGHTING_PRE_DEFINED_CURVE_FONT('continuous');
#19582 = OVER_RIDING_STYLED_ITEM('overriding color',(#19583),#10761,
  #19573);
#19583 = PRESENTATION_STYLE_ASSIGNMENT((#19584,#19589));
#19584 = SURFACE_STYLE_USAGE(.BOTH.,#19585);
#19585 = SURFACE_SIDE_STYLE('',(#19586));
#19586 = SURFACE_STYLE_FILL_AREA(#19587);
#19587 = FILL_AREA_STYLE('',(#19588));
#19588 = FILL_AREA_STYLE_COLOUR('',#16986);
#19589 = CURVE_STYLE('',#19590,POSITIVE_LENGTH_MEASURE(0.1),#16986);
#19590 = DRAUGHTING_PRE_DEFINED_CURVE_FONT('continuous');
#19591 = OVER_RIDING_STYLED_ITEM('overriding color',(#19592),#10777,
  #19573);
#19592 = PRESENTATION_STYLE_ASSIGNMENT((#19593,#19598));
#19593 = SURFACE_STYLE_USAGE(.BOTH.,#19594);
#19594 = SURFACE_SIDE_STYLE('',(#19595));
#19595 = SURFACE_STYLE_FILL_AREA(#19596);
#19596 = FILL_AREA_STYLE('',(#19597));
#19597 = FILL_AREA_STYLE_COLOUR('',#16986);
#19598 = CURVE_STYLE('',#19599,POSITIVE_LENGTH_MEASURE(0.1),#16986);
#19599 = DRAUGHTING_PRE_DEFINED_CURVE_FONT('continuous');
#19600 = STYLED_ITEM('color',(#19601),#10803);
#19601 = PRESENTATION_STYLE_ASSIGNMENT((#19602,#19607));
#19602 = SURFACE_STYLE_USAGE(.BOTH.,#19603);
#19603 = SURFACE_SIDE_STYLE('',(#19604));
#19604 = SURFACE_STYLE_FILL_AREA(#19605);
#19605 = FILL_AREA_STYLE('',(#19606));
#19606 = FILL_AREA_STYLE_COLOUR('',#16913);
#19607 = CURVE_STYLE('',#19608,POSITIVE_LENGTH_MEASURE(0.1),#16913);
#19608 = DRAUGHTING_PRE_DEFINED_CURVE_FONT('continuous');
#19609 = STYLED_ITEM('color',(#19610),#10827);
#19610 = PRESENTATION_STYLE_ASSIGNMENT((#19611,#19616));
#19611 = SURFACE_STYLE_USAGE(.BOTH.,#19612);
#19612 = SURFACE_SIDE_STYLE('',(#19613));
#19613 = SURFACE_STYLE_FILL_AREA(#19614);
#19614 = FILL_AREA_STYLE('',(#19615));
#19615 = FILL_AREA_STYLE_COLOUR('',#16913);
#19616 = CURVE_STYLE('',#19617,POSITIVE_LENGTH_MEASURE(0.1),#16913);
#19617 = DRAUGHTING_PRE_DEFINED_CURVE_FONT('continuous');
#19618 = OVER_RIDING_STYLED_ITEM('overriding color',(#19619),#10841,
  #19609);
#19619 = PRESENTATION_STYLE_ASSIGNMENT((#19620,#19625));
#19620 = SURFACE_STYLE_USAGE(.BOTH.,#19621);
#19621 = SURFACE_SIDE_STYLE('',(#19622));
#19622 = SURFACE_STYLE_FILL_AREA(#19623);
#19623 = FILL_AREA_STYLE('',(#19624));
#19624 = FILL_AREA_STYLE_COLOUR('',#16986);
#19625 = CURVE_STYLE('',#19626,POSITIVE_LENGTH_MEASURE(0.1),#16986);
#19626 = DRAUGHTING_PRE_DEFINED_CURVE_FONT('continuous');
#19627 = OVER_RIDING_STYLED_ITEM('overriding color',(#19628),#10857,
  #19609);
#19628 = PRESENTATION_STYLE_ASSIGNMENT((#19629,#19634));
#19629 = SURFACE_STYLE_USAGE(.BOTH.,#19630);
#19630 = SURFACE_SIDE_STYLE('',(#19631));
#19631 = SURFACE_STYLE_FILL_AREA(#19632);
#19632 = FILL_AREA_STYLE('',(#19633));
#19633 = FILL_AREA_STYLE_COLOUR('',#16986);
#19634 = CURVE_STYLE('',#19635,POSITIVE_LENGTH_MEASURE(0.1),#16986);
#19635 = DRAUGHTING_PRE_DEFINED_CURVE_FONT('continuous');
#19636 = STYLED_ITEM('color',(#19637),#10876);
#19637 = PRESENTATION_STYLE_ASSIGNMENT((#19638,#19643));
#19638 = SURFACE_STYLE_USAGE(.BOTH.,#19639);
#19639 = SURFACE_SIDE_STYLE('',(#19640));
#19640 = SURFACE_STYLE_FILL_AREA(#19641);
#19641 = FILL_AREA_STYLE('',(#19642));
#19642 = FILL_AREA_STYLE_COLOUR('',#16913);
#19643 = CURVE_STYLE('',#19644,POSITIVE_LENGTH_MEASURE(0.1),#16913);
#19644 = DRAUGHTING_PRE_DEFINED_CURVE_FONT('continuous');
#19645 = STYLED_ITEM('color',(#19646),#10907);
#19646 = PRESENTATION_STYLE_ASSIGNMENT((#19647,#19652));
#19647 = SURFACE_STYLE_USAGE(.BOTH.,#19648);
#19648 = SURFACE_SIDE_STYLE('',(#19649));
#19649 = SURFACE_STYLE_FILL_AREA(#19650);
#19650 = FILL_AREA_STYLE('',(#19651));
#19651 = FILL_AREA_STYLE_COLOUR('',#16913);
#19652 = CURVE_STYLE('',#19653,POSITIVE_LENGTH_MEASURE(0.1),#16913);
#19653 = DRAUGHTING_PRE_DEFINED_CURVE_FONT('continuous');
#19654 = OVER_RIDING_STYLED_ITEM('overriding color',(#19655),#10921,
  #19645);
#19655 = PRESENTATION_STYLE_ASSIGNMENT((#19656,#19661));
#19656 = SURFACE_STYLE_USAGE(.BOTH.,#19657);
#19657 = SURFACE_SIDE_STYLE('',(#19658));
#19658 = SURFACE_STYLE_FILL_AREA(#19659);
#19659 = FILL_AREA_STYLE('',(#19660));
#19660 = FILL_AREA_STYLE_COLOUR('',#16986);
#19661 = CURVE_STYLE('',#19662,POSITIVE_LENGTH_MEASURE(0.1),#16986);
#19662 = DRAUGHTING_PRE_DEFINED_CURVE_FONT('continuous');
#19663 = OVER_RIDING_STYLED_ITEM('overriding color',(#19664),#10937,
  #19645);
#19664 = PRESENTATION_STYLE_ASSIGNMENT((#19665,#19670));
#19665 = SURFACE_STYLE_USAGE(.BOTH.,#19666);
#19666 = SURFACE_SIDE_STYLE('',(#19667));
#19667 = SURFACE_STYLE_FILL_AREA(#19668);
#19668 = FILL_AREA_STYLE('',(#19669));
#19669 = FILL_AREA_STYLE_COLOUR('',#16986);
#19670 = CURVE_STYLE('',#19671,POSITIVE_LENGTH_MEASURE(0.1),#16986);
#19671 = DRAUGHTING_PRE_DEFINED_CURVE_FONT('continuous');
#19672 = STYLED_ITEM('color',(#19673),#10963);
#19673 = PRESENTATION_STYLE_ASSIGNMENT((#19674,#19679));
#19674 = SURFACE_STYLE_USAGE(.BOTH.,#19675);
#19675 = SURFACE_SIDE_STYLE('',(#19676));
#19676 = SURFACE_STYLE_FILL_AREA(#19677);
#19677 = FILL_AREA_STYLE('',(#19678));
#19678 = FILL_AREA_STYLE_COLOUR('',#16913);
#19679 = CURVE_STYLE('',#19680,POSITIVE_LENGTH_MEASURE(0.1),#16913);
#19680 = DRAUGHTING_PRE_DEFINED_CURVE_FONT('continuous');
#19681 = STYLED_ITEM('color',(#19682),#10987);
#19682 = PRESENTATION_STYLE_ASSIGNMENT((#19683,#19688));
#19683 = SURFACE_STYLE_USAGE(.BOTH.,#19684);
#19684 = SURFACE_SIDE_STYLE('',(#19685));
#19685 = SURFACE_STYLE_FILL_AREA(#19686);
#19686 = FILL_AREA_STYLE('',(#19687));
#19687 = FILL_AREA_STYLE_COLOUR('',#16913);
#19688 = CURVE_STYLE('',#19689,POSITIVE_LENGTH_MEASURE(0.1),#16913);
#19689 = DRAUGHTING_PRE_DEFINED_CURVE_FONT('continuous');
#19690 = OVER_RIDING_STYLED_ITEM('overriding color',(#19691),#11001,
  #19681);
#19691 = PRESENTATION_STYLE_ASSIGNMENT((#19692,#19697));
#19692 = SURFACE_STYLE_USAGE(.BOTH.,#19693);
#19693 = SURFACE_SIDE_STYLE('',(#19694));
#19694 = SURFACE_STYLE_FILL_AREA(#19695);
#19695 = FILL_AREA_STYLE('',(#19696));
#19696 = FILL_AREA_STYLE_COLOUR('',#16986);
#19697 = CURVE_STYLE('',#19698,POSITIVE_LENGTH_MEASURE(0.1),#16986);
#19698 = DRAUGHTING_PRE_DEFINED_CURVE_FONT('continuous');
#19699 = OVER_RIDING_STYLED_ITEM('overriding color',(#19700),#11017,
  #19681);
#19700 = PRESENTATION_STYLE_ASSIGNMENT((#19701,#19706));
#19701 = SURFACE_STYLE_USAGE(.BOTH.,#19702);
#19702 = SURFACE_SIDE_STYLE('',(#19703));
#19703 = SURFACE_STYLE_FILL_AREA(#19704);
#19704 = FILL_AREA_STYLE('',(#19705));
#19705 = FILL_AREA_STYLE_COLOUR('',#16986);
#19706 = CURVE_STYLE('',#19707,POSITIVE_LENGTH_MEASURE(0.1),#16986);
#19707 = DRAUGHTING_PRE_DEFINED_CURVE_FONT('continuous');
#19708 = STYLED_ITEM('color',(#19709),#11036);
#19709 = PRESENTATION_STYLE_ASSIGNMENT((#19710,#19715));
#19710 = SURFACE_STYLE_USAGE(.BOTH.,#19711);
#19711 = SURFACE_SIDE_STYLE('',(#19712));
#19712 = SURFACE_STYLE_FILL_AREA(#19713);
#19713 = FILL_AREA_STYLE('',(#19714));
#19714 = FILL_AREA_STYLE_COLOUR('',#16913);
#19715 = CURVE_STYLE('',#19716,POSITIVE_LENGTH_MEASURE(0.1),#16913);
#19716 = DRAUGHTING_PRE_DEFINED_CURVE_FONT('continuous');
#19717 = STYLED_ITEM('color',(#19718),#11067);
#19718 = PRESENTATION_STYLE_ASSIGNMENT((#19719,#19724));
#19719 = SURFACE_STYLE_USAGE(.BOTH.,#19720);
#19720 = SURFACE_SIDE_STYLE('',(#19721));
#19721 = SURFACE_STYLE_FILL_AREA(#19722);
#19722 = FILL_AREA_STYLE('',(#19723));
#19723 = FILL_AREA_STYLE_COLOUR('',#16913);
#19724 = CURVE_STYLE('',#19725,POSITIVE_LENGTH_MEASURE(0.1),#16913);
#19725 = DRAUGHTING_PRE_DEFINED_CURVE_FONT('continuous');
#19726 = OVER_RIDING_STYLED_ITEM('overriding color',(#19727),#11081,
  #19717);
#19727 = PRESENTATION_STYLE_ASSIGNMENT((#19728,#19733));
#19728 = SURFACE_STYLE_USAGE(.BOTH.,#19729);
#19729 = SURFACE_SIDE_STYLE('',(#19730));
#19730 = SURFACE_STYLE_FILL_AREA(#19731);
#19731 = FILL_AREA_STYLE('',(#19732));
#19732 = FILL_AREA_STYLE_COLOUR('',#16986);
#19733 = CURVE_STYLE('',#19734,POSITIVE_LENGTH_MEASURE(0.1),#16986);
#19734 = DRAUGHTING_PRE_DEFINED_CURVE_FONT('continuous');
#19735 = OVER_RIDING_STYLED_ITEM('overriding color',(#19736),#11097,
  #19717);
#19736 = PRESENTATION_STYLE_ASSIGNMENT((#19737,#19742));
#19737 = SURFACE_STYLE_USAGE(.BOTH.,#19738);
#19738 = SURFACE_SIDE_STYLE('',(#19739));
#19739 = SURFACE_STYLE_FILL_AREA(#19740);
#19740 = FILL_AREA_STYLE('',(#19741));
#19741 = FILL_AREA_STYLE_COLOUR('',#16986);
#19742 = CURVE_STYLE('',#19743,POSITIVE_LENGTH_MEASURE(0.1),#16986);
#19743 = DRAUGHTING_PRE_DEFINED_CURVE_FONT('continuous');
#19744 = STYLED_ITEM('color',(#19745),#11123);
#19745 = PRESENTATION_STYLE_ASSIGNMENT((#19746,#19751));
#19746 = SURFACE_STYLE_USAGE(.BOTH.,#19747);
#19747 = SURFACE_SIDE_STYLE('',(#19748));
#19748 = SURFACE_STYLE_FILL_AREA(#19749);
#19749 = FILL_AREA_STYLE('',(#19750));
#19750 = FILL_AREA_STYLE_COLOUR('',#16913);
#19751 = CURVE_STYLE('',#19752,POSITIVE_LENGTH_MEASURE(0.1),#16913);
#19752 = DRAUGHTING_PRE_DEFINED_CURVE_FONT('continuous');
#19753 = STYLED_ITEM('color',(#19754),#11147);
#19754 = PRESENTATION_STYLE_ASSIGNMENT((#19755,#19760));
#19755 = SURFACE_STYLE_USAGE(.BOTH.,#19756);
#19756 = SURFACE_SIDE_STYLE('',(#19757));
#19757 = SURFACE_STYLE_FILL_AREA(#19758);
#19758 = FILL_AREA_STYLE('',(#19759));
#19759 = FILL_AREA_STYLE_COLOUR('',#16913);
#19760 = CURVE_STYLE('',#19761,POSITIVE_LENGTH_MEASURE(0.1),#16913);
#19761 = DRAUGHTING_PRE_DEFINED_CURVE_FONT('continuous');
#19762 = OVER_RIDING_STYLED_ITEM('overriding color',(#19763),#11161,
  #19753);
#19763 = PRESENTATION_STYLE_ASSIGNMENT((#19764,#19769));
#19764 = SURFACE_STYLE_USAGE(.BOTH.,#19765);
#19765 = SURFACE_SIDE_STYLE('',(#19766));
#19766 = SURFACE_STYLE_FILL_AREA(#19767);
#19767 = FILL_AREA_STYLE('',(#19768));
#19768 = FILL_AREA_STYLE_COLOUR('',#16986);
#19769 = CURVE_STYLE('',#19770,POSITIVE_LENGTH_MEASURE(0.1),#16986);
#19770 = DRAUGHTING_PRE_DEFINED_CURVE_FONT('continuous');
#19771 = OVER_RIDING_STYLED_ITEM('overriding color',(#19772),#11177,
  #19753);
#19772 = PRESENTATION_STYLE_ASSIGNMENT((#19773,#19778));
#19773 = SURFACE_STYLE_USAGE(.BOTH.,#19774);
#19774 = SURFACE_SIDE_STYLE('',(#19775));
#19775 = SURFACE_STYLE_FILL_AREA(#19776);
#19776 = FILL_AREA_STYLE('',(#19777));
#19777 = FILL_AREA_STYLE_COLOUR('',#16986);
#19778 = CURVE_STYLE('',#19779,POSITIVE_LENGTH_MEASURE(0.1),#16986);
#19779 = DRAUGHTING_PRE_DEFINED_CURVE_FONT('continuous');
#19780 = STYLED_ITEM('color',(#19781),#11196);
#19781 = PRESENTATION_STYLE_ASSIGNMENT((#19782,#19787));
#19782 = SURFACE_STYLE_USAGE(.BOTH.,#19783);
#19783 = SURFACE_SIDE_STYLE('',(#19784));
#19784 = SURFACE_STYLE_FILL_AREA(#19785);
#19785 = FILL_AREA_STYLE('',(#19786));
#19786 = FILL_AREA_STYLE_COLOUR('',#16913);
#19787 = CURVE_STYLE('',#19788,POSITIVE_LENGTH_MEASURE(0.1),#16913);
#19788 = DRAUGHTING_PRE_DEFINED_CURVE_FONT('continuous');
#19789 = STYLED_ITEM('color',(#19790),#11227);
#19790 = PRESENTATION_STYLE_ASSIGNMENT((#19791,#19796));
#19791 = SURFACE_STYLE_USAGE(.BOTH.,#19792);
#19792 = SURFACE_SIDE_STYLE('',(#19793));
#19793 = SURFACE_STYLE_FILL_AREA(#19794);
#19794 = FILL_AREA_STYLE('',(#19795));
#19795 = FILL_AREA_STYLE_COLOUR('',#16913);
#19796 = CURVE_STYLE('',#19797,POSITIVE_LENGTH_MEASURE(0.1),#16913);
#19797 = DRAUGHTING_PRE_DEFINED_CURVE_FONT('continuous');
#19798 = OVER_RIDING_STYLED_ITEM('overriding color',(#19799),#11241,
  #19789);
#19799 = PRESENTATION_STYLE_ASSIGNMENT((#19800,#19805));
#19800 = SURFACE_STYLE_USAGE(.BOTH.,#19801);
#19801 = SURFACE_SIDE_STYLE('',(#19802));
#19802 = SURFACE_STYLE_FILL_AREA(#19803);
#19803 = FILL_AREA_STYLE('',(#19804));
#19804 = FILL_AREA_STYLE_COLOUR('',#16986);
#19805 = CURVE_STYLE('',#19806,POSITIVE_LENGTH_MEASURE(0.1),#16986);
#19806 = DRAUGHTING_PRE_DEFINED_CURVE_FONT('continuous');
#19807 = OVER_RIDING_STYLED_ITEM('overriding color',(#19808),#11257,
  #19789);
#19808 = PRESENTATION_STYLE_ASSIGNMENT((#19809,#19814));
#19809 = SURFACE_STYLE_USAGE(.BOTH.,#19810);
#19810 = SURFACE_SIDE_STYLE('',(#19811));
#19811 = SURFACE_STYLE_FILL_AREA(#19812);
#19812 = FILL_AREA_STYLE('',(#19813));
#19813 = FILL_AREA_STYLE_COLOUR('',#16986);
#19814 = CURVE_STYLE('',#19815,POSITIVE_LENGTH_MEASURE(0.1),#16986);
#19815 = DRAUGHTING_PRE_DEFINED_CURVE_FONT('continuous');
#19816 = STYLED_ITEM('color',(#19817),#11283);
#19817 = PRESENTATION_STYLE_ASSIGNMENT((#19818,#19823));
#19818 = SURFACE_STYLE_USAGE(.BOTH.,#19819);
#19819 = SURFACE_SIDE_STYLE('',(#19820));
#19820 = SURFACE_STYLE_FILL_AREA(#19821);
#19821 = FILL_AREA_STYLE('',(#19822));
#19822 = FILL_AREA_STYLE_COLOUR('',#16913);
#19823 = CURVE_STYLE('',#19824,POSITIVE_LENGTH_MEASURE(0.1),#16913);
#19824 = DRAUGHTING_PRE_DEFINED_CURVE_FONT('continuous');
#19825 = STYLED_ITEM('color',(#19826),#11307);
#19826 = PRESENTATION_STYLE_ASSIGNMENT((#19827,#19832));
#19827 = SURFACE_STYLE_USAGE(.BOTH.,#19828);
#19828 = SURFACE_SIDE_STYLE('',(#19829));
#19829 = SURFACE_STYLE_FILL_AREA(#19830);
#19830 = FILL_AREA_STYLE('',(#19831));
#19831 = FILL_AREA_STYLE_COLOUR('',#16913);
#19832 = CURVE_STYLE('',#19833,POSITIVE_LENGTH_MEASURE(0.1),#16913);
#19833 = DRAUGHTING_PRE_DEFINED_CURVE_FONT('continuous');
#19834 = OVER_RIDING_STYLED_ITEM('overriding color',(#19835),#11321,
  #19825);
#19835 = PRESENTATION_STYLE_ASSIGNMENT((#19836,#19841));
#19836 = SURFACE_STYLE_USAGE(.BOTH.,#19837);
#19837 = SURFACE_SIDE_STYLE('',(#19838));
#19838 = SURFACE_STYLE_FILL_AREA(#19839);
#19839 = FILL_AREA_STYLE('',(#19840));
#19840 = FILL_AREA_STYLE_COLOUR('',#16986);
#19841 = CURVE_STYLE('',#19842,POSITIVE_LENGTH_MEASURE(0.1),#16986);
#19842 = DRAUGHTING_PRE_DEFINED_CURVE_FONT('continuous');
#19843 = OVER_RIDING_STYLED_ITEM('overriding color',(#19844),#11337,
  #19825);
#19844 = PRESENTATION_STYLE_ASSIGNMENT((#19845,#19850));
#19845 = SURFACE_STYLE_USAGE(.BOTH.,#19846);
#19846 = SURFACE_SIDE_STYLE('',(#19847));
#19847 = SURFACE_STYLE_FILL_AREA(#19848);
#19848 = FILL_AREA_STYLE('',(#19849));
#19849 = FILL_AREA_STYLE_COLOUR('',#16986);
#19850 = CURVE_STYLE('',#19851,POSITIVE_LENGTH_MEASURE(0.1),#16986);
#19851 = DRAUGHTING_PRE_DEFINED_CURVE_FONT('continuous');
#19852 = STYLED_ITEM('color',(#19853),#11356);
#19853 = PRESENTATION_STYLE_ASSIGNMENT((#19854,#19859));
#19854 = SURFACE_STYLE_USAGE(.BOTH.,#19855);
#19855 = SURFACE_SIDE_STYLE('',(#19856));
#19856 = SURFACE_STYLE_FILL_AREA(#19857);
#19857 = FILL_AREA_STYLE('',(#19858));
#19858 = FILL_AREA_STYLE_COLOUR('',#16913);
#19859 = CURVE_STYLE('',#19860,POSITIVE_LENGTH_MEASURE(0.1),#16913);
#19860 = DRAUGHTING_PRE_DEFINED_CURVE_FONT('continuous');
#19861 = STYLED_ITEM('color',(#19862),#11387);
#19862 = PRESENTATION_STYLE_ASSIGNMENT((#19863,#19868));
#19863 = SURFACE_STYLE_USAGE(.BOTH.,#19864);
#19864 = SURFACE_SIDE_STYLE('',(#19865));
#19865 = SURFACE_STYLE_FILL_AREA(#19866);
#19866 = FILL_AREA_STYLE('',(#19867));
#19867 = FILL_AREA_STYLE_COLOUR('',#16913);
#19868 = CURVE_STYLE('',#19869,POSITIVE_LENGTH_MEASURE(0.1),#16913);
#19869 = DRAUGHTING_PRE_DEFINED_CURVE_FONT('continuous');
#19870 = OVER_RIDING_STYLED_ITEM('overriding color',(#19871),#11401,
  #19861);
#19871 = PRESENTATION_STYLE_ASSIGNMENT((#19872,#19877));
#19872 = SURFACE_STYLE_USAGE(.BOTH.,#19873);
#19873 = SURFACE_SIDE_STYLE('',(#19874));
#19874 = SURFACE_STYLE_FILL_AREA(#19875);
#19875 = FILL_AREA_STYLE('',(#19876));
#19876 = FILL_AREA_STYLE_COLOUR('',#16986);
#19877 = CURVE_STYLE('',#19878,POSITIVE_LENGTH_MEASURE(0.1),#16986);
#19878 = DRAUGHTING_PRE_DEFINED_CURVE_FONT('continuous');
#19879 = OVER_RIDING_STYLED_ITEM('overriding color',(#19880),#11417,
  #19861);
#19880 = PRESENTATION_STYLE_ASSIGNMENT((#19881,#19886));
#19881 = SURFACE_STYLE_USAGE(.BOTH.,#19882);
#19882 = SURFACE_SIDE_STYLE('',(#19883));
#19883 = SURFACE_STYLE_FILL_AREA(#19884);
#19884 = FILL_AREA_STYLE('',(#19885));
#19885 = FILL_AREA_STYLE_COLOUR('',#16986);
#19886 = CURVE_STYLE('',#19887,POSITIVE_LENGTH_MEASURE(0.1),#16986);
#19887 = DRAUGHTING_PRE_DEFINED_CURVE_FONT('continuous');
#19888 = STYLED_ITEM('color',(#19889),#11443);
#19889 = PRESENTATION_STYLE_ASSIGNMENT((#19890,#19895));
#19890 = SURFACE_STYLE_USAGE(.BOTH.,#19891);
#19891 = SURFACE_SIDE_STYLE('',(#19892));
#19892 = SURFACE_STYLE_FILL_AREA(#19893);
#19893 = FILL_AREA_STYLE('',(#19894));
#19894 = FILL_AREA_STYLE_COLOUR('',#16913);
#19895 = CURVE_STYLE('',#19896,POSITIVE_LENGTH_MEASURE(0.1),#16913);
#19896 = DRAUGHTING_PRE_DEFINED_CURVE_FONT('continuous');
#19897 = STYLED_ITEM('color',(#19898),#11467);
#19898 = PRESENTATION_STYLE_ASSIGNMENT((#19899,#19904));
#19899 = SURFACE_STYLE_USAGE(.BOTH.,#19900);
#19900 = SURFACE_SIDE_STYLE('',(#19901));
#19901 = SURFACE_STYLE_FILL_AREA(#19902);
#19902 = FILL_AREA_STYLE('',(#19903));
#19903 = FILL_AREA_STYLE_COLOUR('',#16913);
#19904 = CURVE_STYLE('',#19905,POSITIVE_LENGTH_MEASURE(0.1),#16913);
#19905 = DRAUGHTING_PRE_DEFINED_CURVE_FONT('continuous');
#19906 = OVER_RIDING_STYLED_ITEM('overriding color',(#19907),#11481,
  #19897);
#19907 = PRESENTATION_STYLE_ASSIGNMENT((#19908,#19913));
#19908 = SURFACE_STYLE_USAGE(.BOTH.,#19909);
#19909 = SURFACE_SIDE_STYLE('',(#19910));
#19910 = SURFACE_STYLE_FILL_AREA(#19911);
#19911 = FILL_AREA_STYLE('',(#19912));
#19912 = FILL_AREA_STYLE_COLOUR('',#16986);
#19913 = CURVE_STYLE('',#19914,POSITIVE_LENGTH_MEASURE(0.1),#16986);
#19914 = DRAUGHTING_PRE_DEFINED_CURVE_FONT('continuous');
#19915 = OVER_RIDING_STYLED_ITEM('overriding color',(#19916),#11497,
  #19897);
#19916 = PRESENTATION_STYLE_ASSIGNMENT((#19917,#19922));
#19917 = SURFACE_STYLE_USAGE(.BOTH.,#19918);
#19918 = SURFACE_SIDE_STYLE('',(#19919));
#19919 = SURFACE_STYLE_FILL_AREA(#19920);
#19920 = FILL_AREA_STYLE('',(#19921));
#19921 = FILL_AREA_STYLE_COLOUR('',#16986);
#19922 = CURVE_STYLE('',#19923,POSITIVE_LENGTH_MEASURE(0.1),#16986);
#19923 = DRAUGHTING_PRE_DEFINED_CURVE_FONT('continuous');
#19924 = STYLED_ITEM('color',(#19925),#11516);
#19925 = PRESENTATION_STYLE_ASSIGNMENT((#19926,#19931));
#19926 = SURFACE_STYLE_USAGE(.BOTH.,#19927);
#19927 = SURFACE_SIDE_STYLE('',(#19928));
#19928 = SURFACE_STYLE_FILL_AREA(#19929);
#19929 = FILL_AREA_STYLE('',(#19930));
#19930 = FILL_AREA_STYLE_COLOUR('',#16986);
#19931 = CURVE_STYLE('',#19932,POSITIVE_LENGTH_MEASURE(0.1),#16986);
#19932 = DRAUGHTING_PRE_DEFINED_CURVE_FONT('continuous');
#19933 = STYLED_ITEM('color',(#19934),#11533);
#19934 = PRESENTATION_STYLE_ASSIGNMENT((#19935,#19940));
#19935 = SURFACE_STYLE_USAGE(.BOTH.,#19936);
#19936 = SURFACE_SIDE_STYLE('',(#19937));
#19937 = SURFACE_STYLE_FILL_AREA(#19938);
#19938 = FILL_AREA_STYLE('',(#19939));
#19939 = FILL_AREA_STYLE_COLOUR('',#16986);
#19940 = CURVE_STYLE('',#19941,POSITIVE_LENGTH_MEASURE(0.1),#16986);
#19941 = DRAUGHTING_PRE_DEFINED_CURVE_FONT('continuous');
#19942 = STYLED_ITEM('color',(#19943),#11550);
#19943 = PRESENTATION_STYLE_ASSIGNMENT((#19944,#19949));
#19944 = SURFACE_STYLE_USAGE(.BOTH.,#19945);
#19945 = SURFACE_SIDE_STYLE('',(#19946));
#19946 = SURFACE_STYLE_FILL_AREA(#19947);
#19947 = FILL_AREA_STYLE('',(#19948));
#19948 = FILL_AREA_STYLE_COLOUR('',#16986);
#19949 = CURVE_STYLE('',#19950,POSITIVE_LENGTH_MEASURE(0.1),#16986);
#19950 = DRAUGHTING_PRE_DEFINED_CURVE_FONT('continuous');
#19951 = STYLED_ITEM('color',(#19952),#11567);
#19952 = PRESENTATION_STYLE_ASSIGNMENT((#19953,#19958));
#19953 = SURFACE_STYLE_USAGE(.BOTH.,#19954);
#19954 = SURFACE_SIDE_STYLE('',(#19955));
#19955 = SURFACE_STYLE_FILL_AREA(#19956);
#19956 = FILL_AREA_STYLE('',(#19957));
#19957 = FILL_AREA_STYLE_COLOUR('',#16986);
#19958 = CURVE_STYLE('',#19959,POSITIVE_LENGTH_MEASURE(0.1),#16986);
#19959 = DRAUGHTING_PRE_DEFINED_CURVE_FONT('continuous');
#19960 = STYLED_ITEM('color',(#19961),#11584);
#19961 = PRESENTATION_STYLE_ASSIGNMENT((#19962,#19967));
#19962 = SURFACE_STYLE_USAGE(.BOTH.,#19963);
#19963 = SURFACE_SIDE_STYLE('',(#19964));
#19964 = SURFACE_STYLE_FILL_AREA(#19965);
#19965 = FILL_AREA_STYLE('',(#19966));
#19966 = FILL_AREA_STYLE_COLOUR('',#16986);
#19967 = CURVE_STYLE('',#19968,POSITIVE_LENGTH_MEASURE(0.1),#16986);
#19968 = DRAUGHTING_PRE_DEFINED_CURVE_FONT('continuous');
#19969 = STYLED_ITEM('color',(#19970),#11596);
#19970 = PRESENTATION_STYLE_ASSIGNMENT((#19971,#19976));
#19971 = SURFACE_STYLE_USAGE(.BOTH.,#19972);
#19972 = SURFACE_SIDE_STYLE('',(#19973));
#19973 = SURFACE_STYLE_FILL_AREA(#19974);
#19974 = FILL_AREA_STYLE('',(#19975));
#19975 = FILL_AREA_STYLE_COLOUR('',#16986);
#19976 = CURVE_STYLE('',#19977,POSITIVE_LENGTH_MEASURE(0.1),#16986);
#19977 = DRAUGHTING_PRE_DEFINED_CURVE_FONT('continuous');
#19978 = STYLED_ITEM('color',(#19979),#11613);
#19979 = PRESENTATION_STYLE_ASSIGNMENT((#19980,#19985));
#19980 = SURFACE_STYLE_USAGE(.BOTH.,#19981);
#19981 = SURFACE_SIDE_STYLE('',(#19982));
#19982 = SURFACE_STYLE_FILL_AREA(#19983);
#19983 = FILL_AREA_STYLE('',(#19984));
#19984 = FILL_AREA_STYLE_COLOUR('',#16986);
#19985 = CURVE_STYLE('',#19986,POSITIVE_LENGTH_MEASURE(0.1),#16986);
#19986 = DRAUGHTING_PRE_DEFINED_CURVE_FONT('continuous');
#19987 = STYLED_ITEM('color',(#19988),#11630);
#19988 = PRESENTATION_STYLE_ASSIGNMENT((#19989,#19994));
#19989 = SURFACE_STYLE_USAGE(.BOTH.,#19990);
#19990 = SURFACE_SIDE_STYLE('',(#19991));
#19991 = SURFACE_STYLE_FILL_AREA(#19992);
#19992 = FILL_AREA_STYLE('',(#19993));
#19993 = FILL_AREA_STYLE_COLOUR('',#16986);
#19994 = CURVE_STYLE('',#19995,POSITIVE_LENGTH_MEASURE(0.1),#16986);
#19995 = DRAUGHTING_PRE_DEFINED_CURVE_FONT('continuous');
#19996 = STYLED_ITEM('color',(#19997),#11647);
#19997 = PRESENTATION_STYLE_ASSIGNMENT((#19998,#20003));
#19998 = SURFACE_STYLE_USAGE(.BOTH.,#19999);
#19999 = SURFACE_SIDE_STYLE('',(#20000));
#20000 = SURFACE_STYLE_FILL_AREA(#20001);
#20001 = FILL_AREA_STYLE('',(#20002));
#20002 = FILL_AREA_STYLE_COLOUR('',#16986);
#20003 = CURVE_STYLE('',#20004,POSITIVE_LENGTH_MEASURE(0.1),#16986);
#20004 = DRAUGHTING_PRE_DEFINED_CURVE_FONT('continuous');
#20005 = STYLED_ITEM('color',(#20006),#11664);
#20006 = PRESENTATION_STYLE_ASSIGNMENT((#20007,#20012));
#20007 = SURFACE_STYLE_USAGE(.BOTH.,#20008);
#20008 = SURFACE_SIDE_STYLE('',(#20009));
#20009 = SURFACE_STYLE_FILL_AREA(#20010);
#20010 = FILL_AREA_STYLE('',(#20011));
#20011 = FILL_AREA_STYLE_COLOUR('',#16986);
#20012 = CURVE_STYLE('',#20013,POSITIVE_LENGTH_MEASURE(0.1),#16986);
#20013 = DRAUGHTING_PRE_DEFINED_CURVE_FONT('continuous');
#20014 = STYLED_ITEM('color',(#20015),#11676);
#20015 = PRESENTATION_STYLE_ASSIGNMENT((#20016,#20021));
#20016 = SURFACE_STYLE_USAGE(.BOTH.,#20017);
#20017 = SURFACE_SIDE_STYLE('',(#20018));
#20018 = SURFACE_STYLE_FILL_AREA(#20019);
#20019 = FILL_AREA_STYLE('',(#20020));
#20020 = FILL_AREA_STYLE_COLOUR('',#16986);
#20021 = CURVE_STYLE('',#20022,POSITIVE_LENGTH_MEASURE(0.1),#16986);
#20022 = DRAUGHTING_PRE_DEFINED_CURVE_FONT('continuous');
#20023 = STYLED_ITEM('color',(#20024),#11693);
#20024 = PRESENTATION_STYLE_ASSIGNMENT((#20025,#20030));
#20025 = SURFACE_STYLE_USAGE(.BOTH.,#20026);
#20026 = SURFACE_SIDE_STYLE('',(#20027));
#20027 = SURFACE_STYLE_FILL_AREA(#20028);
#20028 = FILL_AREA_STYLE('',(#20029));
#20029 = FILL_AREA_STYLE_COLOUR('',#16986);
#20030 = CURVE_STYLE('',#20031,POSITIVE_LENGTH_MEASURE(0.1),#16986);
#20031 = DRAUGHTING_PRE_DEFINED_CURVE_FONT('continuous');
#20032 = STYLED_ITEM('color',(#20033),#11710);
#20033 = PRESENTATION_STYLE_ASSIGNMENT((#20034,#20039));
#20034 = SURFACE_STYLE_USAGE(.BOTH.,#20035);
#20035 = SURFACE_SIDE_STYLE('',(#20036));
#20036 = SURFACE_STYLE_FILL_AREA(#20037);
#20037 = FILL_AREA_STYLE('',(#20038));
#20038 = FILL_AREA_STYLE_COLOUR('',#16986);
#20039 = CURVE_STYLE('',#20040,POSITIVE_LENGTH_MEASURE(0.1),#16986);
#20040 = DRAUGHTING_PRE_DEFINED_CURVE_FONT('continuous');
#20041 = STYLED_ITEM('color',(#20042),#11727);
#20042 = PRESENTATION_STYLE_ASSIGNMENT((#20043,#20048));
#20043 = SURFACE_STYLE_USAGE(.BOTH.,#20044);
#20044 = SURFACE_SIDE_STYLE('',(#20045));
#20045 = SURFACE_STYLE_FILL_AREA(#20046);
#20046 = FILL_AREA_STYLE('',(#20047));
#20047 = FILL_AREA_STYLE_COLOUR('',#16986);
#20048 = CURVE_STYLE('',#20049,POSITIVE_LENGTH_MEASURE(0.1),#16986);
#20049 = DRAUGHTING_PRE_DEFINED_CURVE_FONT('continuous');
#20050 = STYLED_ITEM('color',(#20051),#11744);
#20051 = PRESENTATION_STYLE_ASSIGNMENT((#20052,#20057));
#20052 = SURFACE_STYLE_USAGE(.BOTH.,#20053);
#20053 = SURFACE_SIDE_STYLE('',(#20054));
#20054 = SURFACE_STYLE_FILL_AREA(#20055);
#20055 = FILL_AREA_STYLE('',(#20056));
#20056 = FILL_AREA_STYLE_COLOUR('',#16986);
#20057 = CURVE_STYLE('',#20058,POSITIVE_LENGTH_MEASURE(0.1),#16986);
#20058 = DRAUGHTING_PRE_DEFINED_CURVE_FONT('continuous');
#20059 = STYLED_ITEM('color',(#20060),#11756);
#20060 = PRESENTATION_STYLE_ASSIGNMENT((#20061,#20066));
#20061 = SURFACE_STYLE_USAGE(.BOTH.,#20062);
#20062 = SURFACE_SIDE_STYLE('',(#20063));
#20063 = SURFACE_STYLE_FILL_AREA(#20064);
#20064 = FILL_AREA_STYLE('',(#20065));
#20065 = FILL_AREA_STYLE_COLOUR('',#16986);
#20066 = CURVE_STYLE('',#20067,POSITIVE_LENGTH_MEASURE(0.1),#16986);
#20067 = DRAUGHTING_PRE_DEFINED_CURVE_FONT('continuous');
#20068 = STYLED_ITEM('color',(#20069),#11773);
#20069 = PRESENTATION_STYLE_ASSIGNMENT((#20070,#20075));
#20070 = SURFACE_STYLE_USAGE(.BOTH.,#20071);
#20071 = SURFACE_SIDE_STYLE('',(#20072));
#20072 = SURFACE_STYLE_FILL_AREA(#20073);
#20073 = FILL_AREA_STYLE('',(#20074));
#20074 = FILL_AREA_STYLE_COLOUR('',#16986);
#20075 = CURVE_STYLE('',#20076,POSITIVE_LENGTH_MEASURE(0.1),#16986);
#20076 = DRAUGHTING_PRE_DEFINED_CURVE_FONT('continuous');
#20077 = STYLED_ITEM('color',(#20078),#11790);
#20078 = PRESENTATION_STYLE_ASSIGNMENT((#20079,#20084));
#20079 = SURFACE_STYLE_USAGE(.BOTH.,#20080);
#20080 = SURFACE_SIDE_STYLE('',(#20081));
#20081 = SURFACE_STYLE_FILL_AREA(#20082);
#20082 = FILL_AREA_STYLE('',(#20083));
#20083 = FILL_AREA_STYLE_COLOUR('',#16986);
#20084 = CURVE_STYLE('',#20085,POSITIVE_LENGTH_MEASURE(0.1),#16986);
#20085 = DRAUGHTING_PRE_DEFINED_CURVE_FONT('continuous');
#20086 = STYLED_ITEM('color',(#20087),#11807);
#20087 = PRESENTATION_STYLE_ASSIGNMENT((#20088,#20093));
#20088 = SURFACE_STYLE_USAGE(.BOTH.,#20089);
#20089 = SURFACE_SIDE_STYLE('',(#20090));
#20090 = SURFACE_STYLE_FILL_AREA(#20091);
#20091 = FILL_AREA_STYLE('',(#20092));
#20092 = FILL_AREA_STYLE_COLOUR('',#16986);
#20093 = CURVE_STYLE('',#20094,POSITIVE_LENGTH_MEASURE(0.1),#16986);
#20094 = DRAUGHTING_PRE_DEFINED_CURVE_FONT('continuous');
#20095 = STYLED_ITEM('color',(#20096),#11824);
#20096 = PRESENTATION_STYLE_ASSIGNMENT((#20097,#20102));
#20097 = SURFACE_STYLE_USAGE(.BOTH.,#20098);
#20098 = SURFACE_SIDE_STYLE('',(#20099));
#20099 = SURFACE_STYLE_FILL_AREA(#20100);
#20100 = FILL_AREA_STYLE('',(#20101));
#20101 = FILL_AREA_STYLE_COLOUR('',#16986);
#20102 = CURVE_STYLE('',#20103,POSITIVE_LENGTH_MEASURE(0.1),#16986);
#20103 = DRAUGHTING_PRE_DEFINED_CURVE_FONT('continuous');
#20104 = STYLED_ITEM('color',(#20105),#11836);
#20105 = PRESENTATION_STYLE_ASSIGNMENT((#20106,#20111));
#20106 = SURFACE_STYLE_USAGE(.BOTH.,#20107);
#20107 = SURFACE_SIDE_STYLE('',(#20108));
#20108 = SURFACE_STYLE_FILL_AREA(#20109);
#20109 = FILL_AREA_STYLE('',(#20110));
#20110 = FILL_AREA_STYLE_COLOUR('',#16986);
#20111 = CURVE_STYLE('',#20112,POSITIVE_LENGTH_MEASURE(0.1),#16986);
#20112 = DRAUGHTING_PRE_DEFINED_CURVE_FONT('continuous');
#20113 = STYLED_ITEM('color',(#20114),#11853);
#20114 = PRESENTATION_STYLE_ASSIGNMENT((#20115,#20120));
#20115 = SURFACE_STYLE_USAGE(.BOTH.,#20116);
#20116 = SURFACE_SIDE_STYLE('',(#20117));
#20117 = SURFACE_STYLE_FILL_AREA(#20118);
#20118 = FILL_AREA_STYLE('',(#20119));
#20119 = FILL_AREA_STYLE_COLOUR('',#16986);
#20120 = CURVE_STYLE('',#20121,POSITIVE_LENGTH_MEASURE(0.1),#16986);
#20121 = DRAUGHTING_PRE_DEFINED_CURVE_FONT('continuous');
#20122 = STYLED_ITEM('color',(#20123),#11870);
#20123 = PRESENTATION_STYLE_ASSIGNMENT((#20124,#20129));
#20124 = SURFACE_STYLE_USAGE(.BOTH.,#20125);
#20125 = SURFACE_SIDE_STYLE('',(#20126));
#20126 = SURFACE_STYLE_FILL_AREA(#20127);
#20127 = FILL_AREA_STYLE('',(#20128));
#20128 = FILL_AREA_STYLE_COLOUR('',#16986);
#20129 = CURVE_STYLE('',#20130,POSITIVE_LENGTH_MEASURE(0.1),#16986);
#20130 = DRAUGHTING_PRE_DEFINED_CURVE_FONT('continuous');
#20131 = STYLED_ITEM('color',(#20132),#11887);
#20132 = PRESENTATION_STYLE_ASSIGNMENT((#20133,#20138));
#20133 = SURFACE_STYLE_USAGE(.BOTH.,#20134);
#20134 = SURFACE_SIDE_STYLE('',(#20135));
#20135 = SURFACE_STYLE_FILL_AREA(#20136);
#20136 = FILL_AREA_STYLE('',(#20137));
#20137 = FILL_AREA_STYLE_COLOUR('',#16986);
#20138 = CURVE_STYLE('',#20139,POSITIVE_LENGTH_MEASURE(0.1),#16986);
#20139 = DRAUGHTING_PRE_DEFINED_CURVE_FONT('continuous');
#20140 = STYLED_ITEM('color',(#20141),#11904);
#20141 = PRESENTATION_STYLE_ASSIGNMENT((#20142,#20147));
#20142 = SURFACE_STYLE_USAGE(.BOTH.,#20143);
#20143 = SURFACE_SIDE_STYLE('',(#20144));
#20144 = SURFACE_STYLE_FILL_AREA(#20145);
#20145 = FILL_AREA_STYLE('',(#20146));
#20146 = FILL_AREA_STYLE_COLOUR('',#16986);
#20147 = CURVE_STYLE('',#20148,POSITIVE_LENGTH_MEASURE(0.1),#16986);
#20148 = DRAUGHTING_PRE_DEFINED_CURVE_FONT('continuous');
#20149 = STYLED_ITEM('color',(#20150),#11916);
#20150 = PRESENTATION_STYLE_ASSIGNMENT((#20151,#20156));
#20151 = SURFACE_STYLE_USAGE(.BOTH.,#20152);
#20152 = SURFACE_SIDE_STYLE('',(#20153));
#20153 = SURFACE_STYLE_FILL_AREA(#20154);
#20154 = FILL_AREA_STYLE('',(#20155));
#20155 = FILL_AREA_STYLE_COLOUR('',#16986);
#20156 = CURVE_STYLE('',#20157,POSITIVE_LENGTH_MEASURE(0.1),#16986);
#20157 = DRAUGHTING_PRE_DEFINED_CURVE_FONT('continuous');
#20158 = STYLED_ITEM('color',(#20159),#11933);
#20159 = PRESENTATION_STYLE_ASSIGNMENT((#20160,#20165));
#20160 = SURFACE_STYLE_USAGE(.BOTH.,#20161);
#20161 = SURFACE_SIDE_STYLE('',(#20162));
#20162 = SURFACE_STYLE_FILL_AREA(#20163);
#20163 = FILL_AREA_STYLE('',(#20164));
#20164 = FILL_AREA_STYLE_COLOUR('',#16986);
#20165 = CURVE_STYLE('',#20166,POSITIVE_LENGTH_MEASURE(0.1),#16986);
#20166 = DRAUGHTING_PRE_DEFINED_CURVE_FONT('continuous');
#20167 = STYLED_ITEM('color',(#20168),#11950);
#20168 = PRESENTATION_STYLE_ASSIGNMENT((#20169,#20174));
#20169 = SURFACE_STYLE_USAGE(.BOTH.,#20170);
#20170 = SURFACE_SIDE_STYLE('',(#20171));
#20171 = SURFACE_STYLE_FILL_AREA(#20172);
#20172 = FILL_AREA_STYLE('',(#20173));
#20173 = FILL_AREA_STYLE_COLOUR('',#16986);
#20174 = CURVE_STYLE('',#20175,POSITIVE_LENGTH_MEASURE(0.1),#16986);
#20175 = DRAUGHTING_PRE_DEFINED_CURVE_FONT('continuous');
#20176 = STYLED_ITEM('color',(#20177),#11967);
#20177 = PRESENTATION_STYLE_ASSIGNMENT((#20178,#20183));
#20178 = SURFACE_STYLE_USAGE(.BOTH.,#20179);
#20179 = SURFACE_SIDE_STYLE('',(#20180));
#20180 = SURFACE_STYLE_FILL_AREA(#20181);
#20181 = FILL_AREA_STYLE('',(#20182));
#20182 = FILL_AREA_STYLE_COLOUR('',#16986);
#20183 = CURVE_STYLE('',#20184,POSITIVE_LENGTH_MEASURE(0.1),#16986);
#20184 = DRAUGHTING_PRE_DEFINED_CURVE_FONT('continuous');
#20185 = STYLED_ITEM('color',(#20186),#11984);
#20186 = PRESENTATION_STYLE_ASSIGNMENT((#20187,#20192));
#20187 = SURFACE_STYLE_USAGE(.BOTH.,#20188);
#20188 = SURFACE_SIDE_STYLE('',(#20189));
#20189 = SURFACE_STYLE_FILL_AREA(#20190);
#20190 = FILL_AREA_STYLE('',(#20191));
#20191 = FILL_AREA_STYLE_COLOUR('',#16986);
#20192 = CURVE_STYLE('',#20193,POSITIVE_LENGTH_MEASURE(0.1),#16986);
#20193 = DRAUGHTING_PRE_DEFINED_CURVE_FONT('continuous');
#20194 = STYLED_ITEM('color',(#20195),#11996);
#20195 = PRESENTATION_STYLE_ASSIGNMENT((#20196,#20201));
#20196 = SURFACE_STYLE_USAGE(.BOTH.,#20197);
#20197 = SURFACE_SIDE_STYLE('',(#20198));
#20198 = SURFACE_STYLE_FILL_AREA(#20199);
#20199 = FILL_AREA_STYLE('',(#20200));
#20200 = FILL_AREA_STYLE_COLOUR('',#16986);
#20201 = CURVE_STYLE('',#20202,POSITIVE_LENGTH_MEASURE(0.1),#16986);
#20202 = DRAUGHTING_PRE_DEFINED_CURVE_FONT('continuous');
#20203 = STYLED_ITEM('color',(#20204),#12013);
#20204 = PRESENTATION_STYLE_ASSIGNMENT((#20205,#20210));
#20205 = SURFACE_STYLE_USAGE(.BOTH.,#20206);
#20206 = SURFACE_SIDE_STYLE('',(#20207));
#20207 = SURFACE_STYLE_FILL_AREA(#20208);
#20208 = FILL_AREA_STYLE('',(#20209));
#20209 = FILL_AREA_STYLE_COLOUR('',#16986);
#20210 = CURVE_STYLE('',#20211,POSITIVE_LENGTH_MEASURE(0.1),#16986);
#20211 = DRAUGHTING_PRE_DEFINED_CURVE_FONT('continuous');
#20212 = STYLED_ITEM('color',(#20213),#12030);
#20213 = PRESENTATION_STYLE_ASSIGNMENT((#20214,#20219));
#20214 = SURFACE_STYLE_USAGE(.BOTH.,#20215);
#20215 = SURFACE_SIDE_STYLE('',(#20216));
#20216 = SURFACE_STYLE_FILL_AREA(#20217);
#20217 = FILL_AREA_STYLE('',(#20218));
#20218 = FILL_AREA_STYLE_COLOUR('',#16986);
#20219 = CURVE_STYLE('',#20220,POSITIVE_LENGTH_MEASURE(0.1),#16986);
#20220 = DRAUGHTING_PRE_DEFINED_CURVE_FONT('continuous');
#20221 = STYLED_ITEM('color',(#20222),#12047);
#20222 = PRESENTATION_STYLE_ASSIGNMENT((#20223,#20228));
#20223 = SURFACE_STYLE_USAGE(.BOTH.,#20224);
#20224 = SURFACE_SIDE_STYLE('',(#20225));
#20225 = SURFACE_STYLE_FILL_AREA(#20226);
#20226 = FILL_AREA_STYLE('',(#20227));
#20227 = FILL_AREA_STYLE_COLOUR('',#16986);
#20228 = CURVE_STYLE('',#20229,POSITIVE_LENGTH_MEASURE(0.1),#16986);
#20229 = DRAUGHTING_PRE_DEFINED_CURVE_FONT('continuous');
#20230 = STYLED_ITEM('color',(#20231),#12064);
#20231 = PRESENTATION_STYLE_ASSIGNMENT((#20232,#20237));
#20232 = SURFACE_STYLE_USAGE(.BOTH.,#20233);
#20233 = SURFACE_SIDE_STYLE('',(#20234));
#20234 = SURFACE_STYLE_FILL_AREA(#20235);
#20235 = FILL_AREA_STYLE('',(#20236));
#20236 = FILL_AREA_STYLE_COLOUR('',#16986);
#20237 = CURVE_STYLE('',#20238,POSITIVE_LENGTH_MEASURE(0.1),#16986);
#20238 = DRAUGHTING_PRE_DEFINED_CURVE_FONT('continuous');
#20239 = STYLED_ITEM('color',(#20240),#12076);
#20240 = PRESENTATION_STYLE_ASSIGNMENT((#20241,#20246));
#20241 = SURFACE_STYLE_USAGE(.BOTH.,#20242);
#20242 = SURFACE_SIDE_STYLE('',(#20243));
#20243 = SURFACE_STYLE_FILL_AREA(#20244);
#20244 = FILL_AREA_STYLE('',(#20245));
#20245 = FILL_AREA_STYLE_COLOUR('',#16986);
#20246 = CURVE_STYLE('',#20247,POSITIVE_LENGTH_MEASURE(0.1),#16986);
#20247 = DRAUGHTING_PRE_DEFINED_CURVE_FONT('continuous');
#20248 = STYLED_ITEM('color',(#20249),#12093);
#20249 = PRESENTATION_STYLE_ASSIGNMENT((#20250,#20255));
#20250 = SURFACE_STYLE_USAGE(.BOTH.,#20251);
#20251 = SURFACE_SIDE_STYLE('',(#20252));
#20252 = SURFACE_STYLE_FILL_AREA(#20253);
#20253 = FILL_AREA_STYLE('',(#20254));
#20254 = FILL_AREA_STYLE_COLOUR('',#16986);
#20255 = CURVE_STYLE('',#20256,POSITIVE_LENGTH_MEASURE(0.1),#16986);
#20256 = DRAUGHTING_PRE_DEFINED_CURVE_FONT('continuous');
#20257 = STYLED_ITEM('color',(#20258),#12110);
#20258 = PRESENTATION_STYLE_ASSIGNMENT((#20259,#20264));
#20259 = SURFACE_STYLE_USAGE(.BOTH.,#20260);
#20260 = SURFACE_SIDE_STYLE('',(#20261));
#20261 = SURFACE_STYLE_FILL_AREA(#20262);
#20262 = FILL_AREA_STYLE('',(#20263));
#20263 = FILL_AREA_STYLE_COLOUR('',#16986);
#20264 = CURVE_STYLE('',#20265,POSITIVE_LENGTH_MEASURE(0.1),#16986);
#20265 = DRAUGHTING_PRE_DEFINED_CURVE_FONT('continuous');
#20266 = STYLED_ITEM('color',(#20267),#12127);
#20267 = PRESENTATION_STYLE_ASSIGNMENT((#20268,#20273));
#20268 = SURFACE_STYLE_USAGE(.BOTH.,#20269);
#20269 = SURFACE_SIDE_STYLE('',(#20270));
#20270 = SURFACE_STYLE_FILL_AREA(#20271);
#20271 = FILL_AREA_STYLE('',(#20272));
#20272 = FILL_AREA_STYLE_COLOUR('',#16986);
#20273 = CURVE_STYLE('',#20274,POSITIVE_LENGTH_MEASURE(0.1),#16986);
#20274 = DRAUGHTING_PRE_DEFINED_CURVE_FONT('continuous');
#20275 = STYLED_ITEM('color',(#20276),#12144);
#20276 = PRESENTATION_STYLE_ASSIGNMENT((#20277,#20282));
#20277 = SURFACE_STYLE_USAGE(.BOTH.,#20278);
#20278 = SURFACE_SIDE_STYLE('',(#20279));
#20279 = SURFACE_STYLE_FILL_AREA(#20280);
#20280 = FILL_AREA_STYLE('',(#20281));
#20281 = FILL_AREA_STYLE_COLOUR('',#16986);
#20282 = CURVE_STYLE('',#20283,POSITIVE_LENGTH_MEASURE(0.1),#16986);
#20283 = DRAUGHTING_PRE_DEFINED_CURVE_FONT('continuous');
#20284 = STYLED_ITEM('color',(#20285),#12156);
#20285 = PRESENTATION_STYLE_ASSIGNMENT((#20286,#20291));
#20286 = SURFACE_STYLE_USAGE(.BOTH.,#20287);
#20287 = SURFACE_SIDE_STYLE('',(#20288));
#20288 = SURFACE_STYLE_FILL_AREA(#20289);
#20289 = FILL_AREA_STYLE('',(#20290));
#20290 = FILL_AREA_STYLE_COLOUR('',#16913);
#20291 = CURVE_STYLE('',#20292,POSITIVE_LENGTH_MEASURE(0.1),#16913);
#20292 = DRAUGHTING_PRE_DEFINED_CURVE_FONT('continuous');
#20293 = OVER_RIDING_STYLED_ITEM('overriding color',(#20294),#12163,
  #20284);
#20294 = PRESENTATION_STYLE_ASSIGNMENT((#20295,#20300));
#20295 = SURFACE_STYLE_USAGE(.BOTH.,#20296);
#20296 = SURFACE_SIDE_STYLE('',(#20297));
#20297 = SURFACE_STYLE_FILL_AREA(#20298);
#20298 = FILL_AREA_STYLE('',(#20299));
#20299 = FILL_AREA_STYLE_COLOUR('',#16986);
#20300 = CURVE_STYLE('',#20301,POSITIVE_LENGTH_MEASURE(0.1),#16986);
#20301 = DRAUGHTING_PRE_DEFINED_CURVE_FONT('continuous');
#20302 = STYLED_ITEM('color',(#20303),#12173);
#20303 = PRESENTATION_STYLE_ASSIGNMENT((#20304,#20309));
#20304 = SURFACE_STYLE_USAGE(.BOTH.,#20305);
#20305 = SURFACE_SIDE_STYLE('',(#20306));
#20306 = SURFACE_STYLE_FILL_AREA(#20307);
#20307 = FILL_AREA_STYLE('',(#20308));
#20308 = FILL_AREA_STYLE_COLOUR('',#16913);
#20309 = CURVE_STYLE('',#20310,POSITIVE_LENGTH_MEASURE(0.1),#16913);
#20310 = DRAUGHTING_PRE_DEFINED_CURVE_FONT('continuous');
#20311 = OVER_RIDING_STYLED_ITEM('overriding color',(#20312),#12178,
  #20302);
#20312 = PRESENTATION_STYLE_ASSIGNMENT((#20313,#20318));
#20313 = SURFACE_STYLE_USAGE(.BOTH.,#20314);
#20314 = SURFACE_SIDE_STYLE('',(#20315));
#20315 = SURFACE_STYLE_FILL_AREA(#20316);
#20316 = FILL_AREA_STYLE('',(#20317));
#20317 = FILL_AREA_STYLE_COLOUR('',#16986);
#20318 = CURVE_STYLE('',#20319,POSITIVE_LENGTH_MEASURE(0.1),#16986);
#20319 = DRAUGHTING_PRE_DEFINED_CURVE_FONT('continuous');
#20320 = STYLED_ITEM('color',(#20321),#12190);
#20321 = PRESENTATION_STYLE_ASSIGNMENT((#20322,#20327));
#20322 = SURFACE_STYLE_USAGE(.BOTH.,#20323);
#20323 = SURFACE_SIDE_STYLE('',(#20324));
#20324 = SURFACE_STYLE_FILL_AREA(#20325);
#20325 = FILL_AREA_STYLE('',(#20326));
#20326 = FILL_AREA_STYLE_COLOUR('',#16986);
#20327 = CURVE_STYLE('',#20328,POSITIVE_LENGTH_MEASURE(0.1),#16986);
#20328 = DRAUGHTING_PRE_DEFINED_CURVE_FONT('continuous');
#20329 = STYLED_ITEM('color',(#20330),#12239);
#20330 = PRESENTATION_STYLE_ASSIGNMENT((#20331,#20336));
#20331 = SURFACE_STYLE_USAGE(.BOTH.,#20332);
#20332 = SURFACE_SIDE_STYLE('',(#20333));
#20333 = SURFACE_STYLE_FILL_AREA(#20334);
#20334 = FILL_AREA_STYLE('',(#20335));
#20335 = FILL_AREA_STYLE_COLOUR('',#16986);
#20336 = CURVE_STYLE('',#20337,POSITIVE_LENGTH_MEASURE(0.1),#16986);
#20337 = DRAUGHTING_PRE_DEFINED_CURVE_FONT('continuous');
#20338 = STYLED_ITEM('color',(#20339),#12263);
#20339 = PRESENTATION_STYLE_ASSIGNMENT((#20340,#20345));
#20340 = SURFACE_STYLE_USAGE(.BOTH.,#20341);
#20341 = SURFACE_SIDE_STYLE('',(#20342));
#20342 = SURFACE_STYLE_FILL_AREA(#20343);
#20343 = FILL_AREA_STYLE('',(#20344));
#20344 = FILL_AREA_STYLE_COLOUR('',#16986);
#20345 = CURVE_STYLE('',#20346,POSITIVE_LENGTH_MEASURE(0.1),#16986);
#20346 = DRAUGHTING_PRE_DEFINED_CURVE_FONT('continuous');
#20347 = STYLED_ITEM('color',(#20348),#12305);
#20348 = PRESENTATION_STYLE_ASSIGNMENT((#20349,#20354));
#20349 = SURFACE_STYLE_USAGE(.BOTH.,#20350);
#20350 = SURFACE_SIDE_STYLE('',(#20351));
#20351 = SURFACE_STYLE_FILL_AREA(#20352);
#20352 = FILL_AREA_STYLE('',(#20353));
#20353 = FILL_AREA_STYLE_COLOUR('',#16986);
#20354 = CURVE_STYLE('',#20355,POSITIVE_LENGTH_MEASURE(0.1),#16986);
#20355 = DRAUGHTING_PRE_DEFINED_CURVE_FONT('continuous');
#20356 = STYLED_ITEM('color',(#20357),#12322);
#20357 = PRESENTATION_STYLE_ASSIGNMENT((#20358,#20363));
#20358 = SURFACE_STYLE_USAGE(.BOTH.,#20359);
#20359 = SURFACE_SIDE_STYLE('',(#20360));
#20360 = SURFACE_STYLE_FILL_AREA(#20361);
#20361 = FILL_AREA_STYLE('',(#20362));
#20362 = FILL_AREA_STYLE_COLOUR('',#16913);
#20363 = CURVE_STYLE('',#20364,POSITIVE_LENGTH_MEASURE(0.1),#16913);
#20364 = DRAUGHTING_PRE_DEFINED_CURVE_FONT('continuous');
#20365 = OVER_RIDING_STYLED_ITEM('overriding color',(#20366),#12329,
  #20356);
#20366 = PRESENTATION_STYLE_ASSIGNMENT((#20367,#20372));
#20367 = SURFACE_STYLE_USAGE(.BOTH.,#20368);
#20368 = SURFACE_SIDE_STYLE('',(#20369));
#20369 = SURFACE_STYLE_FILL_AREA(#20370);
#20370 = FILL_AREA_STYLE('',(#20371));
#20371 = FILL_AREA_STYLE_COLOUR('',#16986);
#20372 = CURVE_STYLE('',#20373,POSITIVE_LENGTH_MEASURE(0.1),#16986);
#20373 = DRAUGHTING_PRE_DEFINED_CURVE_FONT('continuous');
#20374 = STYLED_ITEM('color',(#20375),#12339);
#20375 = PRESENTATION_STYLE_ASSIGNMENT((#20376,#20381));
#20376 = SURFACE_STYLE_USAGE(.BOTH.,#20377);
#20377 = SURFACE_SIDE_STYLE('',(#20378));
#20378 = SURFACE_STYLE_FILL_AREA(#20379);
#20379 = FILL_AREA_STYLE('',(#20380));
#20380 = FILL_AREA_STYLE_COLOUR('',#16913);
#20381 = CURVE_STYLE('',#20382,POSITIVE_LENGTH_MEASURE(0.1),#16913);
#20382 = DRAUGHTING_PRE_DEFINED_CURVE_FONT('continuous');
#20383 = OVER_RIDING_STYLED_ITEM('overriding color',(#20384),#12344,
  #20374);
#20384 = PRESENTATION_STYLE_ASSIGNMENT((#20385,#20390));
#20385 = SURFACE_STYLE_USAGE(.BOTH.,#20386);
#20386 = SURFACE_SIDE_STYLE('',(#20387));
#20387 = SURFACE_STYLE_FILL_AREA(#20388);
#20388 = FILL_AREA_STYLE('',(#20389));
#20389 = FILL_AREA_STYLE_COLOUR('',#16986);
#20390 = CURVE_STYLE('',#20391,POSITIVE_LENGTH_MEASURE(0.1),#16986);
#20391 = DRAUGHTING_PRE_DEFINED_CURVE_FONT('continuous');
#20392 = STYLED_ITEM('color',(#20393),#12356);
#20393 = PRESENTATION_STYLE_ASSIGNMENT((#20394,#20399));
#20394 = SURFACE_STYLE_USAGE(.BOTH.,#20395);
#20395 = SURFACE_SIDE_STYLE('',(#20396));
#20396 = SURFACE_STYLE_FILL_AREA(#20397);
#20397 = FILL_AREA_STYLE('',(#20398));
#20398 = FILL_AREA_STYLE_COLOUR('',#16986);
#20399 = CURVE_STYLE('',#20400,POSITIVE_LENGTH_MEASURE(0.1),#16986);
#20400 = DRAUGHTING_PRE_DEFINED_CURVE_FONT('continuous');
#20401 = STYLED_ITEM('color',(#20402),#12405);
#20402 = PRESENTATION_STYLE_ASSIGNMENT((#20403,#20408));
#20403 = SURFACE_STYLE_USAGE(.BOTH.,#20404);
#20404 = SURFACE_SIDE_STYLE('',(#20405));
#20405 = SURFACE_STYLE_FILL_AREA(#20406);
#20406 = FILL_AREA_STYLE('',(#20407));
#20407 = FILL_AREA_STYLE_COLOUR('',#16986);
#20408 = CURVE_STYLE('',#20409,POSITIVE_LENGTH_MEASURE(0.1),#16986);
#20409 = DRAUGHTING_PRE_DEFINED_CURVE_FONT('continuous');
#20410 = STYLED_ITEM('color',(#20411),#12429);
#20411 = PRESENTATION_STYLE_ASSIGNMENT((#20412,#20417));
#20412 = SURFACE_STYLE_USAGE(.BOTH.,#20413);
#20413 = SURFACE_SIDE_STYLE('',(#20414));
#20414 = SURFACE_STYLE_FILL_AREA(#20415);
#20415 = FILL_AREA_STYLE('',(#20416));
#20416 = FILL_AREA_STYLE_COLOUR('',#16986);
#20417 = CURVE_STYLE('',#20418,POSITIVE_LENGTH_MEASURE(0.1),#16986);
#20418 = DRAUGHTING_PRE_DEFINED_CURVE_FONT('continuous');
#20419 = STYLED_ITEM('color',(#20420),#12471);
#20420 = PRESENTATION_STYLE_ASSIGNMENT((#20421,#20426));
#20421 = SURFACE_STYLE_USAGE(.BOTH.,#20422);
#20422 = SURFACE_SIDE_STYLE('',(#20423));
#20423 = SURFACE_STYLE_FILL_AREA(#20424);
#20424 = FILL_AREA_STYLE('',(#20425));
#20425 = FILL_AREA_STYLE_COLOUR('',#16986);
#20426 = CURVE_STYLE('',#20427,POSITIVE_LENGTH_MEASURE(0.1),#16986);
#20427 = DRAUGHTING_PRE_DEFINED_CURVE_FONT('continuous');
#20428 = STYLED_ITEM('color',(#20429),#12488);
#20429 = PRESENTATION_STYLE_ASSIGNMENT((#20430,#20435));
#20430 = SURFACE_STYLE_USAGE(.BOTH.,#20431);
#20431 = SURFACE_SIDE_STYLE('',(#20432));
#20432 = SURFACE_STYLE_FILL_AREA(#20433);
#20433 = FILL_AREA_STYLE('',(#20434));
#20434 = FILL_AREA_STYLE_COLOUR('',#16913);
#20435 = CURVE_STYLE('',#20436,POSITIVE_LENGTH_MEASURE(0.1),#16913);
#20436 = DRAUGHTING_PRE_DEFINED_CURVE_FONT('continuous');
#20437 = OVER_RIDING_STYLED_ITEM('overriding color',(#20438),#12495,
  #20428);
#20438 = PRESENTATION_STYLE_ASSIGNMENT((#20439,#20444));
#20439 = SURFACE_STYLE_USAGE(.BOTH.,#20440);
#20440 = SURFACE_SIDE_STYLE('',(#20441));
#20441 = SURFACE_STYLE_FILL_AREA(#20442);
#20442 = FILL_AREA_STYLE('',(#20443));
#20443 = FILL_AREA_STYLE_COLOUR('',#16986);
#20444 = CURVE_STYLE('',#20445,POSITIVE_LENGTH_MEASURE(0.1),#16986);
#20445 = DRAUGHTING_PRE_DEFINED_CURVE_FONT('continuous');
#20446 = STYLED_ITEM('color',(#20447),#12505);
#20447 = PRESENTATION_STYLE_ASSIGNMENT((#20448,#20453));
#20448 = SURFACE_STYLE_USAGE(.BOTH.,#20449);
#20449 = SURFACE_SIDE_STYLE('',(#20450));
#20450 = SURFACE_STYLE_FILL_AREA(#20451);
#20451 = FILL_AREA_STYLE('',(#20452));
#20452 = FILL_AREA_STYLE_COLOUR('',#16913);
#20453 = CURVE_STYLE('',#20454,POSITIVE_LENGTH_MEASURE(0.1),#16913);
#20454 = DRAUGHTING_PRE_DEFINED_CURVE_FONT('continuous');
#20455 = OVER_RIDING_STYLED_ITEM('overriding color',(#20456),#12510,
  #20446);
#20456 = PRESENTATION_STYLE_ASSIGNMENT((#20457,#20462));
#20457 = SURFACE_STYLE_USAGE(.BOTH.,#20458);
#20458 = SURFACE_SIDE_STYLE('',(#20459));
#20459 = SURFACE_STYLE_FILL_AREA(#20460);
#20460 = FILL_AREA_STYLE('',(#20461));
#20461 = FILL_AREA_STYLE_COLOUR('',#16986);
#20462 = CURVE_STYLE('',#20463,POSITIVE_LENGTH_MEASURE(0.1),#16986);
#20463 = DRAUGHTING_PRE_DEFINED_CURVE_FONT('continuous');
#20464 = STYLED_ITEM('color',(#20465),#12522);
#20465 = PRESENTATION_STYLE_ASSIGNMENT((#20466,#20471));
#20466 = SURFACE_STYLE_USAGE(.BOTH.,#20467);
#20467 = SURFACE_SIDE_STYLE('',(#20468));
#20468 = SURFACE_STYLE_FILL_AREA(#20469);
#20469 = FILL_AREA_STYLE('',(#20470));
#20470 = FILL_AREA_STYLE_COLOUR('',#16986);
#20471 = CURVE_STYLE('',#20472,POSITIVE_LENGTH_MEASURE(0.1),#16986);
#20472 = DRAUGHTING_PRE_DEFINED_CURVE_FONT('continuous');
#20473 = STYLED_ITEM('color',(#20474),#12571);
#20474 = PRESENTATION_STYLE_ASSIGNMENT((#20475,#20480));
#20475 = SURFACE_STYLE_USAGE(.BOTH.,#20476);
#20476 = SURFACE_SIDE_STYLE('',(#20477));
#20477 = SURFACE_STYLE_FILL_AREA(#20478);
#20478 = FILL_AREA_STYLE('',(#20479));
#20479 = FILL_AREA_STYLE_COLOUR('',#16986);
#20480 = CURVE_STYLE('',#20481,POSITIVE_LENGTH_MEASURE(0.1),#16986);
#20481 = DRAUGHTING_PRE_DEFINED_CURVE_FONT('continuous');
#20482 = STYLED_ITEM('color',(#20483),#12595);
#20483 = PRESENTATION_STYLE_ASSIGNMENT((#20484,#20489));
#20484 = SURFACE_STYLE_USAGE(.BOTH.,#20485);
#20485 = SURFACE_SIDE_STYLE('',(#20486));
#20486 = SURFACE_STYLE_FILL_AREA(#20487);
#20487 = FILL_AREA_STYLE('',(#20488));
#20488 = FILL_AREA_STYLE_COLOUR('',#16986);
#20489 = CURVE_STYLE('',#20490,POSITIVE_LENGTH_MEASURE(0.1),#16986);
#20490 = DRAUGHTING_PRE_DEFINED_CURVE_FONT('continuous');
#20491 = STYLED_ITEM('color',(#20492),#12637);
#20492 = PRESENTATION_STYLE_ASSIGNMENT((#20493,#20498));
#20493 = SURFACE_STYLE_USAGE(.BOTH.,#20494);
#20494 = SURFACE_SIDE_STYLE('',(#20495));
#20495 = SURFACE_STYLE_FILL_AREA(#20496);
#20496 = FILL_AREA_STYLE('',(#20497));
#20497 = FILL_AREA_STYLE_COLOUR('',#16986);
#20498 = CURVE_STYLE('',#20499,POSITIVE_LENGTH_MEASURE(0.1),#16986);
#20499 = DRAUGHTING_PRE_DEFINED_CURVE_FONT('continuous');
#20500 = STYLED_ITEM('color',(#20501),#12654);
#20501 = PRESENTATION_STYLE_ASSIGNMENT((#20502,#20507));
#20502 = SURFACE_STYLE_USAGE(.BOTH.,#20503);
#20503 = SURFACE_SIDE_STYLE('',(#20504));
#20504 = SURFACE_STYLE_FILL_AREA(#20505);
#20505 = FILL_AREA_STYLE('',(#20506));
#20506 = FILL_AREA_STYLE_COLOUR('',#16913);
#20507 = CURVE_STYLE('',#20508,POSITIVE_LENGTH_MEASURE(0.1),#16913);
#20508 = DRAUGHTING_PRE_DEFINED_CURVE_FONT('continuous');
#20509 = OVER_RIDING_STYLED_ITEM('overriding color',(#20510),#12661,
  #20500);
#20510 = PRESENTATION_STYLE_ASSIGNMENT((#20511,#20516));
#20511 = SURFACE_STYLE_USAGE(.BOTH.,#20512);
#20512 = SURFACE_SIDE_STYLE('',(#20513));
#20513 = SURFACE_STYLE_FILL_AREA(#20514);
#20514 = FILL_AREA_STYLE('',(#20515));
#20515 = FILL_AREA_STYLE_COLOUR('',#16986);
#20516 = CURVE_STYLE('',#20517,POSITIVE_LENGTH_MEASURE(0.1),#16986);
#20517 = DRAUGHTING_PRE_DEFINED_CURVE_FONT('continuous');
#20518 = STYLED_ITEM('color',(#20519),#12671);
#20519 = PRESENTATION_STYLE_ASSIGNMENT((#20520,#20525));
#20520 = SURFACE_STYLE_USAGE(.BOTH.,#20521);
#20521 = SURFACE_SIDE_STYLE('',(#20522));
#20522 = SURFACE_STYLE_FILL_AREA(#20523);
#20523 = FILL_AREA_STYLE('',(#20524));
#20524 = FILL_AREA_STYLE_COLOUR('',#16913);
#20525 = CURVE_STYLE('',#20526,POSITIVE_LENGTH_MEASURE(0.1),#16913);
#20526 = DRAUGHTING_PRE_DEFINED_CURVE_FONT('continuous');
#20527 = OVER_RIDING_STYLED_ITEM('overriding color',(#20528),#12676,
  #20518);
#20528 = PRESENTATION_STYLE_ASSIGNMENT((#20529,#20534));
#20529 = SURFACE_STYLE_USAGE(.BOTH.,#20530);
#20530 = SURFACE_SIDE_STYLE('',(#20531));
#20531 = SURFACE_STYLE_FILL_AREA(#20532);
#20532 = FILL_AREA_STYLE('',(#20533));
#20533 = FILL_AREA_STYLE_COLOUR('',#16986);
#20534 = CURVE_STYLE('',#20535,POSITIVE_LENGTH_MEASURE(0.1),#16986);
#20535 = DRAUGHTING_PRE_DEFINED_CURVE_FONT('continuous');
#20536 = STYLED_ITEM('color',(#20537),#12688);
#20537 = PRESENTATION_STYLE_ASSIGNMENT((#20538,#20543));
#20538 = SURFACE_STYLE_USAGE(.BOTH.,#20539);
#20539 = SURFACE_SIDE_STYLE('',(#20540));
#20540 = SURFACE_STYLE_FILL_AREA(#20541);
#20541 = FILL_AREA_STYLE('',(#20542));
#20542 = FILL_AREA_STYLE_COLOUR('',#16986);
#20543 = CURVE_STYLE('',#20544,POSITIVE_LENGTH_MEASURE(0.1),#16986);
#20544 = DRAUGHTING_PRE_DEFINED_CURVE_FONT('continuous');
#20545 = STYLED_ITEM('color',(#20546),#12737);
#20546 = PRESENTATION_STYLE_ASSIGNMENT((#20547,#20552));
#20547 = SURFACE_STYLE_USAGE(.BOTH.,#20548);
#20548 = SURFACE_SIDE_STYLE('',(#20549));
#20549 = SURFACE_STYLE_FILL_AREA(#20550);
#20550 = FILL_AREA_STYLE('',(#20551));
#20551 = FILL_AREA_STYLE_COLOUR('',#16986);
#20552 = CURVE_STYLE('',#20553,POSITIVE_LENGTH_MEASURE(0.1),#16986);
#20553 = DRAUGHTING_PRE_DEFINED_CURVE_FONT('continuous');
#20554 = STYLED_ITEM('color',(#20555),#12761);
#20555 = PRESENTATION_STYLE_ASSIGNMENT((#20556,#20561));
#20556 = SURFACE_STYLE_USAGE(.BOTH.,#20557);
#20557 = SURFACE_SIDE_STYLE('',(#20558));
#20558 = SURFACE_STYLE_FILL_AREA(#20559);
#20559 = FILL_AREA_STYLE('',(#20560));
#20560 = FILL_AREA_STYLE_COLOUR('',#16986);
#20561 = CURVE_STYLE('',#20562,POSITIVE_LENGTH_MEASURE(0.1),#16986);
#20562 = DRAUGHTING_PRE_DEFINED_CURVE_FONT('continuous');
#20563 = STYLED_ITEM('color',(#20564),#12803);
#20564 = PRESENTATION_STYLE_ASSIGNMENT((#20565,#20570));
#20565 = SURFACE_STYLE_USAGE(.BOTH.,#20566);
#20566 = SURFACE_SIDE_STYLE('',(#20567));
#20567 = SURFACE_STYLE_FILL_AREA(#20568);
#20568 = FILL_AREA_STYLE('',(#20569));
#20569 = FILL_AREA_STYLE_COLOUR('',#16986);
#20570 = CURVE_STYLE('',#20571,POSITIVE_LENGTH_MEASURE(0.1),#16986);
#20571 = DRAUGHTING_PRE_DEFINED_CURVE_FONT('continuous');
#20572 = STYLED_ITEM('color',(#20573),#12820);
#20573 = PRESENTATION_STYLE_ASSIGNMENT((#20574,#20579));
#20574 = SURFACE_STYLE_USAGE(.BOTH.,#20575);
#20575 = SURFACE_SIDE_STYLE('',(#20576));
#20576 = SURFACE_STYLE_FILL_AREA(#20577);
#20577 = FILL_AREA_STYLE('',(#20578));
#20578 = FILL_AREA_STYLE_COLOUR('',#16913);
#20579 = CURVE_STYLE('',#20580,POSITIVE_LENGTH_MEASURE(0.1),#16913);
#20580 = DRAUGHTING_PRE_DEFINED_CURVE_FONT('continuous');
#20581 = OVER_RIDING_STYLED_ITEM('overriding color',(#20582),#12827,
  #20572);
#20582 = PRESENTATION_STYLE_ASSIGNMENT((#20583,#20588));
#20583 = SURFACE_STYLE_USAGE(.BOTH.,#20584);
#20584 = SURFACE_SIDE_STYLE('',(#20585));
#20585 = SURFACE_STYLE_FILL_AREA(#20586);
#20586 = FILL_AREA_STYLE('',(#20587));
#20587 = FILL_AREA_STYLE_COLOUR('',#16986);
#20588 = CURVE_STYLE('',#20589,POSITIVE_LENGTH_MEASURE(0.1),#16986);
#20589 = DRAUGHTING_PRE_DEFINED_CURVE_FONT('continuous');
#20590 = STYLED_ITEM('color',(#20591),#12837);
#20591 = PRESENTATION_STYLE_ASSIGNMENT((#20592,#20597));
#20592 = SURFACE_STYLE_USAGE(.BOTH.,#20593);
#20593 = SURFACE_SIDE_STYLE('',(#20594));
#20594 = SURFACE_STYLE_FILL_AREA(#20595);
#20595 = FILL_AREA_STYLE('',(#20596));
#20596 = FILL_AREA_STYLE_COLOUR('',#16913);
#20597 = CURVE_STYLE('',#20598,POSITIVE_LENGTH_MEASURE(0.1),#16913);
#20598 = DRAUGHTING_PRE_DEFINED_CURVE_FONT('continuous');
#20599 = OVER_RIDING_STYLED_ITEM('overriding color',(#20600),#12842,
  #20590);
#20600 = PRESENTATION_STYLE_ASSIGNMENT((#20601,#20606));
#20601 = SURFACE_STYLE_USAGE(.BOTH.,#20602);
#20602 = SURFACE_SIDE_STYLE('',(#20603));
#20603 = SURFACE_STYLE_FILL_AREA(#20604);
#20604 = FILL_AREA_STYLE('',(#20605));
#20605 = FILL_AREA_STYLE_COLOUR('',#16986);
#20606 = CURVE_STYLE('',#20607,POSITIVE_LENGTH_MEASURE(0.1),#16986);
#20607 = DRAUGHTING_PRE_DEFINED_CURVE_FONT('continuous');
#20608 = STYLED_ITEM('color',(#20609),#12854);
#20609 = PRESENTATION_STYLE_ASSIGNMENT((#20610,#20615));
#20610 = SURFACE_STYLE_USAGE(.BOTH.,#20611);
#20611 = SURFACE_SIDE_STYLE('',(#20612));
#20612 = SURFACE_STYLE_FILL_AREA(#20613);
#20613 = FILL_AREA_STYLE('',(#20614));
#20614 = FILL_AREA_STYLE_COLOUR('',#16986);
#20615 = CURVE_STYLE('',#20616,POSITIVE_LENGTH_MEASURE(0.1),#16986);
#20616 = DRAUGHTING_PRE_DEFINED_CURVE_FONT('continuous');
#20617 = STYLED_ITEM('color',(#20618),#12903);
#20618 = PRESENTATION_STYLE_ASSIGNMENT((#20619,#20624));
#20619 = SURFACE_STYLE_USAGE(.BOTH.,#20620);
#20620 = SURFACE_SIDE_STYLE('',(#20621));
#20621 = SURFACE_STYLE_FILL_AREA(#20622);
#20622 = FILL_AREA_STYLE('',(#20623));
#20623 = FILL_AREA_STYLE_COLOUR('',#16986);
#20624 = CURVE_STYLE('',#20625,POSITIVE_LENGTH_MEASURE(0.1),#16986);
#20625 = DRAUGHTING_PRE_DEFINED_CURVE_FONT('continuous');
#20626 = STYLED_ITEM('color',(#20627),#12927);
#20627 = PRESENTATION_STYLE_ASSIGNMENT((#20628,#20633));
#20628 = SURFACE_STYLE_USAGE(.BOTH.,#20629);
#20629 = SURFACE_SIDE_STYLE('',(#20630));
#20630 = SURFACE_STYLE_FILL_AREA(#20631);
#20631 = FILL_AREA_STYLE('',(#20632));
#20632 = FILL_AREA_STYLE_COLOUR('',#16986);
#20633 = CURVE_STYLE('',#20634,POSITIVE_LENGTH_MEASURE(0.1),#16986);
#20634 = DRAUGHTING_PRE_DEFINED_CURVE_FONT('continuous');
#20635 = STYLED_ITEM('color',(#20636),#12969);
#20636 = PRESENTATION_STYLE_ASSIGNMENT((#20637,#20642));
#20637 = SURFACE_STYLE_USAGE(.BOTH.,#20638);
#20638 = SURFACE_SIDE_STYLE('',(#20639));
#20639 = SURFACE_STYLE_FILL_AREA(#20640);
#20640 = FILL_AREA_STYLE('',(#20641));
#20641 = FILL_AREA_STYLE_COLOUR('',#16986);
#20642 = CURVE_STYLE('',#20643,POSITIVE_LENGTH_MEASURE(0.1),#16986);
#20643 = DRAUGHTING_PRE_DEFINED_CURVE_FONT('continuous');
#20644 = STYLED_ITEM('color',(#20645),#12986);
#20645 = PRESENTATION_STYLE_ASSIGNMENT((#20646,#20651));
#20646 = SURFACE_STYLE_USAGE(.BOTH.,#20647);
#20647 = SURFACE_SIDE_STYLE('',(#20648));
#20648 = SURFACE_STYLE_FILL_AREA(#20649);
#20649 = FILL_AREA_STYLE('',(#20650));
#20650 = FILL_AREA_STYLE_COLOUR('',#16913);
#20651 = CURVE_STYLE('',#20652,POSITIVE_LENGTH_MEASURE(0.1),#16913);
#20652 = DRAUGHTING_PRE_DEFINED_CURVE_FONT('continuous');
#20653 = OVER_RIDING_STYLED_ITEM('overriding color',(#20654),#12993,
  #20644);
#20654 = PRESENTATION_STYLE_ASSIGNMENT((#20655,#20660));
#20655 = SURFACE_STYLE_USAGE(.BOTH.,#20656);
#20656 = SURFACE_SIDE_STYLE('',(#20657));
#20657 = SURFACE_STYLE_FILL_AREA(#20658);
#20658 = FILL_AREA_STYLE('',(#20659));
#20659 = FILL_AREA_STYLE_COLOUR('',#16986);
#20660 = CURVE_STYLE('',#20661,POSITIVE_LENGTH_MEASURE(0.1),#16986);
#20661 = DRAUGHTING_PRE_DEFINED_CURVE_FONT('continuous');
#20662 = STYLED_ITEM('color',(#20663),#13003);
#20663 = PRESENTATION_STYLE_ASSIGNMENT((#20664,#20669));
#20664 = SURFACE_STYLE_USAGE(.BOTH.,#20665);
#20665 = SURFACE_SIDE_STYLE('',(#20666));
#20666 = SURFACE_STYLE_FILL_AREA(#20667);
#20667 = FILL_AREA_STYLE('',(#20668));
#20668 = FILL_AREA_STYLE_COLOUR('',#16913);
#20669 = CURVE_STYLE('',#20670,POSITIVE_LENGTH_MEASURE(0.1),#16913);
#20670 = DRAUGHTING_PRE_DEFINED_CURVE_FONT('continuous');
#20671 = OVER_RIDING_STYLED_ITEM('overriding color',(#20672),#13008,
  #20662);
#20672 = PRESENTATION_STYLE_ASSIGNMENT((#20673,#20678));
#20673 = SURFACE_STYLE_USAGE(.BOTH.,#20674);
#20674 = SURFACE_SIDE_STYLE('',(#20675));
#20675 = SURFACE_STYLE_FILL_AREA(#20676);
#20676 = FILL_AREA_STYLE('',(#20677));
#20677 = FILL_AREA_STYLE_COLOUR('',#16986);
#20678 = CURVE_STYLE('',#20679,POSITIVE_LENGTH_MEASURE(0.1),#16986);
#20679 = DRAUGHTING_PRE_DEFINED_CURVE_FONT('continuous');
#20680 = STYLED_ITEM('color',(#20681),#13020);
#20681 = PRESENTATION_STYLE_ASSIGNMENT((#20682,#20687));
#20682 = SURFACE_STYLE_USAGE(.BOTH.,#20683);
#20683 = SURFACE_SIDE_STYLE('',(#20684));
#20684 = SURFACE_STYLE_FILL_AREA(#20685);
#20685 = FILL_AREA_STYLE('',(#20686));
#20686 = FILL_AREA_STYLE_COLOUR('',#16986);
#20687 = CURVE_STYLE('',#20688,POSITIVE_LENGTH_MEASURE(0.1),#16986);
#20688 = DRAUGHTING_PRE_DEFINED_CURVE_FONT('continuous');
#20689 = STYLED_ITEM('color',(#20690),#13069);
#20690 = PRESENTATION_STYLE_ASSIGNMENT((#20691,#20696));
#20691 = SURFACE_STYLE_USAGE(.BOTH.,#20692);
#20692 = SURFACE_SIDE_STYLE('',(#20693));
#20693 = SURFACE_STYLE_FILL_AREA(#20694);
#20694 = FILL_AREA_STYLE('',(#20695));
#20695 = FILL_AREA_STYLE_COLOUR('',#16986);
#20696 = CURVE_STYLE('',#20697,POSITIVE_LENGTH_MEASURE(0.1),#16986);
#20697 = DRAUGHTING_PRE_DEFINED_CURVE_FONT('continuous');
#20698 = STYLED_ITEM('color',(#20699),#13093);
#20699 = PRESENTATION_STYLE_ASSIGNMENT((#20700,#20705));
#20700 = SURFACE_STYLE_USAGE(.BOTH.,#20701);
#20701 = SURFACE_SIDE_STYLE('',(#20702));
#20702 = SURFACE_STYLE_FILL_AREA(#20703);
#20703 = FILL_AREA_STYLE('',(#20704));
#20704 = FILL_AREA_STYLE_COLOUR('',#16986);
#20705 = CURVE_STYLE('',#20706,POSITIVE_LENGTH_MEASURE(0.1),#16986);
#20706 = DRAUGHTING_PRE_DEFINED_CURVE_FONT('continuous');
#20707 = STYLED_ITEM('color',(#20708),#13135);
#20708 = PRESENTATION_STYLE_ASSIGNMENT((#20709,#20714));
#20709 = SURFACE_STYLE_USAGE(.BOTH.,#20710);
#20710 = SURFACE_SIDE_STYLE('',(#20711));
#20711 = SURFACE_STYLE_FILL_AREA(#20712);
#20712 = FILL_AREA_STYLE('',(#20713));
#20713 = FILL_AREA_STYLE_COLOUR('',#16986);
#20714 = CURVE_STYLE('',#20715,POSITIVE_LENGTH_MEASURE(0.1),#16986);
#20715 = DRAUGHTING_PRE_DEFINED_CURVE_FONT('continuous');
#20716 = STYLED_ITEM('color',(#20717),#13152);
#20717 = PRESENTATION_STYLE_ASSIGNMENT((#20718,#20723));
#20718 = SURFACE_STYLE_USAGE(.BOTH.,#20719);
#20719 = SURFACE_SIDE_STYLE('',(#20720));
#20720 = SURFACE_STYLE_FILL_AREA(#20721);
#20721 = FILL_AREA_STYLE('',(#20722));
#20722 = FILL_AREA_STYLE_COLOUR('',#16913);
#20723 = CURVE_STYLE('',#20724,POSITIVE_LENGTH_MEASURE(0.1),#16913);
#20724 = DRAUGHTING_PRE_DEFINED_CURVE_FONT('continuous');
#20725 = OVER_RIDING_STYLED_ITEM('overriding color',(#20726),#13159,
  #20716);
#20726 = PRESENTATION_STYLE_ASSIGNMENT((#20727,#20732));
#20727 = SURFACE_STYLE_USAGE(.BOTH.,#20728);
#20728 = SURFACE_SIDE_STYLE('',(#20729));
#20729 = SURFACE_STYLE_FILL_AREA(#20730);
#20730 = FILL_AREA_STYLE('',(#20731));
#20731 = FILL_AREA_STYLE_COLOUR('',#16986);
#20732 = CURVE_STYLE('',#20733,POSITIVE_LENGTH_MEASURE(0.1),#16986);
#20733 = DRAUGHTING_PRE_DEFINED_CURVE_FONT('continuous');
#20734 = STYLED_ITEM('color',(#20735),#13169);
#20735 = PRESENTATION_STYLE_ASSIGNMENT((#20736,#20741));
#20736 = SURFACE_STYLE_USAGE(.BOTH.,#20737);
#20737 = SURFACE_SIDE_STYLE('',(#20738));
#20738 = SURFACE_STYLE_FILL_AREA(#20739);
#20739 = FILL_AREA_STYLE('',(#20740));
#20740 = FILL_AREA_STYLE_COLOUR('',#16913);
#20741 = CURVE_STYLE('',#20742,POSITIVE_LENGTH_MEASURE(0.1),#16913);
#20742 = DRAUGHTING_PRE_DEFINED_CURVE_FONT('continuous');
#20743 = OVER_RIDING_STYLED_ITEM('overriding color',(#20744),#13174,
  #20734);
#20744 = PRESENTATION_STYLE_ASSIGNMENT((#20745,#20750));
#20745 = SURFACE_STYLE_USAGE(.BOTH.,#20746);
#20746 = SURFACE_SIDE_STYLE('',(#20747));
#20747 = SURFACE_STYLE_FILL_AREA(#20748);
#20748 = FILL_AREA_STYLE('',(#20749));
#20749 = FILL_AREA_STYLE_COLOUR('',#16986);
#20750 = CURVE_STYLE('',#20751,POSITIVE_LENGTH_MEASURE(0.1),#16986);
#20751 = DRAUGHTING_PRE_DEFINED_CURVE_FONT('continuous');
#20752 = STYLED_ITEM('color',(#20753),#13186);
#20753 = PRESENTATION_STYLE_ASSIGNMENT((#20754,#20759));
#20754 = SURFACE_STYLE_USAGE(.BOTH.,#20755);
#20755 = SURFACE_SIDE_STYLE('',(#20756));
#20756 = SURFACE_STYLE_FILL_AREA(#20757);
#20757 = FILL_AREA_STYLE('',(#20758));
#20758 = FILL_AREA_STYLE_COLOUR('',#16986);
#20759 = CURVE_STYLE('',#20760,POSITIVE_LENGTH_MEASURE(0.1),#16986);
#20760 = DRAUGHTING_PRE_DEFINED_CURVE_FONT('continuous');
#20761 = STYLED_ITEM('color',(#20762),#13235);
#20762 = PRESENTATION_STYLE_ASSIGNMENT((#20763,#20768));
#20763 = SURFACE_STYLE_USAGE(.BOTH.,#20764);
#20764 = SURFACE_SIDE_STYLE('',(#20765));
#20765 = SURFACE_STYLE_FILL_AREA(#20766);
#20766 = FILL_AREA_STYLE('',(#20767));
#20767 = FILL_AREA_STYLE_COLOUR('',#16986);
#20768 = CURVE_STYLE('',#20769,POSITIVE_LENGTH_MEASURE(0.1),#16986);
#20769 = DRAUGHTING_PRE_DEFINED_CURVE_FONT('continuous');
#20770 = STYLED_ITEM('color',(#20771),#13259);
#20771 = PRESENTATION_STYLE_ASSIGNMENT((#20772,#20777));
#20772 = SURFACE_STYLE_USAGE(.BOTH.,#20773);
#20773 = SURFACE_SIDE_STYLE('',(#20774));
#20774 = SURFACE_STYLE_FILL_AREA(#20775);
#20775 = FILL_AREA_STYLE('',(#20776));
#20776 = FILL_AREA_STYLE_COLOUR('',#16986);
#20777 = CURVE_STYLE('',#20778,POSITIVE_LENGTH_MEASURE(0.1),#16986);
#20778 = DRAUGHTING_PRE_DEFINED_CURVE_FONT('continuous');
#20779 = STYLED_ITEM('color',(#20780),#13301);
#20780 = PRESENTATION_STYLE_ASSIGNMENT((#20781,#20786));
#20781 = SURFACE_STYLE_USAGE(.BOTH.,#20782);
#20782 = SURFACE_SIDE_STYLE('',(#20783));
#20783 = SURFACE_STYLE_FILL_AREA(#20784);
#20784 = FILL_AREA_STYLE('',(#20785));
#20785 = FILL_AREA_STYLE_COLOUR('',#16986);
#20786 = CURVE_STYLE('',#20787,POSITIVE_LENGTH_MEASURE(0.1),#16986);
#20787 = DRAUGHTING_PRE_DEFINED_CURVE_FONT('continuous');
#20788 = STYLED_ITEM('color',(#20789),#13318);
#20789 = PRESENTATION_STYLE_ASSIGNMENT((#20790,#20795));
#20790 = SURFACE_STYLE_USAGE(.BOTH.,#20791);
#20791 = SURFACE_SIDE_STYLE('',(#20792));
#20792 = SURFACE_STYLE_FILL_AREA(#20793);
#20793 = FILL_AREA_STYLE('',(#20794));
#20794 = FILL_AREA_STYLE_COLOUR('',#16913);
#20795 = CURVE_STYLE('',#20796,POSITIVE_LENGTH_MEASURE(0.1),#16913);
#20796 = DRAUGHTING_PRE_DEFINED_CURVE_FONT('continuous');
#20797 = OVER_RIDING_STYLED_ITEM('overriding color',(#20798),#13325,
  #20788);
#20798 = PRESENTATION_STYLE_ASSIGNMENT((#20799,#20804));
#20799 = SURFACE_STYLE_USAGE(.BOTH.,#20800);
#20800 = SURFACE_SIDE_STYLE('',(#20801));
#20801 = SURFACE_STYLE_FILL_AREA(#20802);
#20802 = FILL_AREA_STYLE('',(#20803));
#20803 = FILL_AREA_STYLE_COLOUR('',#16986);
#20804 = CURVE_STYLE('',#20805,POSITIVE_LENGTH_MEASURE(0.1),#16986);
#20805 = DRAUGHTING_PRE_DEFINED_CURVE_FONT('continuous');
#20806 = STYLED_ITEM('color',(#20807),#13335);
#20807 = PRESENTATION_STYLE_ASSIGNMENT((#20808,#20813));
#20808 = SURFACE_STYLE_USAGE(.BOTH.,#20809);
#20809 = SURFACE_SIDE_STYLE('',(#20810));
#20810 = SURFACE_STYLE_FILL_AREA(#20811);
#20811 = FILL_AREA_STYLE('',(#20812));
#20812 = FILL_AREA_STYLE_COLOUR('',#16913);
#20813 = CURVE_STYLE('',#20814,POSITIVE_LENGTH_MEASURE(0.1),#16913);
#20814 = DRAUGHTING_PRE_DEFINED_CURVE_FONT('continuous');
#20815 = OVER_RIDING_STYLED_ITEM('overriding color',(#20816),#13340,
  #20806);
#20816 = PRESENTATION_STYLE_ASSIGNMENT((#20817,#20822));
#20817 = SURFACE_STYLE_USAGE(.BOTH.,#20818);
#20818 = SURFACE_SIDE_STYLE('',(#20819));
#20819 = SURFACE_STYLE_FILL_AREA(#20820);
#20820 = FILL_AREA_STYLE('',(#20821));
#20821 = FILL_AREA_STYLE_COLOUR('',#16986);
#20822 = CURVE_STYLE('',#20823,POSITIVE_LENGTH_MEASURE(0.1),#16986);
#20823 = DRAUGHTING_PRE_DEFINED_CURVE_FONT('continuous');
#20824 = STYLED_ITEM('color',(#20825),#13352);
#20825 = PRESENTATION_STYLE_ASSIGNMENT((#20826,#20831));
#20826 = SURFACE_STYLE_USAGE(.BOTH.,#20827);
#20827 = SURFACE_SIDE_STYLE('',(#20828));
#20828 = SURFACE_STYLE_FILL_AREA(#20829);
#20829 = FILL_AREA_STYLE('',(#20830));
#20830 = FILL_AREA_STYLE_COLOUR('',#16986);
#20831 = CURVE_STYLE('',#20832,POSITIVE_LENGTH_MEASURE(0.1),#16986);
#20832 = DRAUGHTING_PRE_DEFINED_CURVE_FONT('continuous');
#20833 = STYLED_ITEM('color',(#20834),#13401);
#20834 = PRESENTATION_STYLE_ASSIGNMENT((#20835,#20840));
#20835 = SURFACE_STYLE_USAGE(.BOTH.,#20836);
#20836 = SURFACE_SIDE_STYLE('',(#20837));
#20837 = SURFACE_STYLE_FILL_AREA(#20838);
#20838 = FILL_AREA_STYLE('',(#20839));
#20839 = FILL_AREA_STYLE_COLOUR('',#16986);
#20840 = CURVE_STYLE('',#20841,POSITIVE_LENGTH_MEASURE(0.1),#16986);
#20841 = DRAUGHTING_PRE_DEFINED_CURVE_FONT('continuous');
#20842 = STYLED_ITEM('color',(#20843),#13425);
#20843 = PRESENTATION_STYLE_ASSIGNMENT((#20844,#20849));
#20844 = SURFACE_STYLE_USAGE(.BOTH.,#20845);
#20845 = SURFACE_SIDE_STYLE('',(#20846));
#20846 = SURFACE_STYLE_FILL_AREA(#20847);
#20847 = FILL_AREA_STYLE('',(#20848));
#20848 = FILL_AREA_STYLE_COLOUR('',#16986);
#20849 = CURVE_STYLE('',#20850,POSITIVE_LENGTH_MEASURE(0.1),#16986);
#20850 = DRAUGHTING_PRE_DEFINED_CURVE_FONT('continuous');
#20851 = STYLED_ITEM('color',(#20852),#13467);
#20852 = PRESENTATION_STYLE_ASSIGNMENT((#20853,#20858));
#20853 = SURFACE_STYLE_USAGE(.BOTH.,#20854);
#20854 = SURFACE_SIDE_STYLE('',(#20855));
#20855 = SURFACE_STYLE_FILL_AREA(#20856);
#20856 = FILL_AREA_STYLE('',(#20857));
#20857 = FILL_AREA_STYLE_COLOUR('',#16986);
#20858 = CURVE_STYLE('',#20859,POSITIVE_LENGTH_MEASURE(0.1),#16986);
#20859 = DRAUGHTING_PRE_DEFINED_CURVE_FONT('continuous');
#20860 = STYLED_ITEM('color',(#20861),#13484);
#20861 = PRESENTATION_STYLE_ASSIGNMENT((#20862,#20867));
#20862 = SURFACE_STYLE_USAGE(.BOTH.,#20863);
#20863 = SURFACE_SIDE_STYLE('',(#20864));
#20864 = SURFACE_STYLE_FILL_AREA(#20865);
#20865 = FILL_AREA_STYLE('',(#20866));
#20866 = FILL_AREA_STYLE_COLOUR('',#16986);
#20867 = CURVE_STYLE('',#20868,POSITIVE_LENGTH_MEASURE(0.1),#16986);
#20868 = DRAUGHTING_PRE_DEFINED_CURVE_FONT('continuous');
#20869 = STYLED_ITEM('color',(#20870),#13501);
#20870 = PRESENTATION_STYLE_ASSIGNMENT((#20871,#20876));
#20871 = SURFACE_STYLE_USAGE(.BOTH.,#20872);
#20872 = SURFACE_SIDE_STYLE('',(#20873));
#20873 = SURFACE_STYLE_FILL_AREA(#20874);
#20874 = FILL_AREA_STYLE('',(#20875));
#20875 = FILL_AREA_STYLE_COLOUR('',#16986);
#20876 = CURVE_STYLE('',#20877,POSITIVE_LENGTH_MEASURE(0.1),#16986);
#20877 = DRAUGHTING_PRE_DEFINED_CURVE_FONT('continuous');
#20878 = STYLED_ITEM('color',(#20879),#13518);
#20879 = PRESENTATION_STYLE_ASSIGNMENT((#20880,#20885));
#20880 = SURFACE_STYLE_USAGE(.BOTH.,#20881);
#20881 = SURFACE_SIDE_STYLE('',(#20882));
#20882 = SURFACE_STYLE_FILL_AREA(#20883);
#20883 = FILL_AREA_STYLE('',(#20884));
#20884 = FILL_AREA_STYLE_COLOUR('',#16986);
#20885 = CURVE_STYLE('',#20886,POSITIVE_LENGTH_MEASURE(0.1),#16986);
#20886 = DRAUGHTING_PRE_DEFINED_CURVE_FONT('continuous');
#20887 = STYLED_ITEM('color',(#20888),#13530);
#20888 = PRESENTATION_STYLE_ASSIGNMENT((#20889,#20894));
#20889 = SURFACE_STYLE_USAGE(.BOTH.,#20890);
#20890 = SURFACE_SIDE_STYLE('',(#20891));
#20891 = SURFACE_STYLE_FILL_AREA(#20892);
#20892 = FILL_AREA_STYLE('',(#20893));
#20893 = FILL_AREA_STYLE_COLOUR('',#16986);
#20894 = CURVE_STYLE('',#20895,POSITIVE_LENGTH_MEASURE(0.1),#16986);
#20895 = DRAUGHTING_PRE_DEFINED_CURVE_FONT('continuous');
#20896 = STYLED_ITEM('color',(#20897),#13547);
#20897 = PRESENTATION_STYLE_ASSIGNMENT((#20898,#20903));
#20898 = SURFACE_STYLE_USAGE(.BOTH.,#20899);
#20899 = SURFACE_SIDE_STYLE('',(#20900));
#20900 = SURFACE_STYLE_FILL_AREA(#20901);
#20901 = FILL_AREA_STYLE('',(#20902));
#20902 = FILL_AREA_STYLE_COLOUR('',#16986);
#20903 = CURVE_STYLE('',#20904,POSITIVE_LENGTH_MEASURE(0.1),#16986);
#20904 = DRAUGHTING_PRE_DEFINED_CURVE_FONT('continuous');
#20905 = STYLED_ITEM('color',(#20906),#13564);
#20906 = PRESENTATION_STYLE_ASSIGNMENT((#20907,#20912));
#20907 = SURFACE_STYLE_USAGE(.BOTH.,#20908);
#20908 = SURFACE_SIDE_STYLE('',(#20909));
#20909 = SURFACE_STYLE_FILL_AREA(#20910);
#20910 = FILL_AREA_STYLE('',(#20911));
#20911 = FILL_AREA_STYLE_COLOUR('',#16986);
#20912 = CURVE_STYLE('',#20913,POSITIVE_LENGTH_MEASURE(0.1),#16986);
#20913 = DRAUGHTING_PRE_DEFINED_CURVE_FONT('continuous');
#20914 = STYLED_ITEM('color',(#20915),#13576);
#20915 = PRESENTATION_STYLE_ASSIGNMENT((#20916,#20921));
#20916 = SURFACE_STYLE_USAGE(.BOTH.,#20917);
#20917 = SURFACE_SIDE_STYLE('',(#20918));
#20918 = SURFACE_STYLE_FILL_AREA(#20919);
#20919 = FILL_AREA_STYLE('',(#20920));
#20920 = FILL_AREA_STYLE_COLOUR('',#16986);
#20921 = CURVE_STYLE('',#20922,POSITIVE_LENGTH_MEASURE(0.1),#16986);
#20922 = DRAUGHTING_PRE_DEFINED_CURVE_FONT('continuous');
#20923 = STYLED_ITEM('color',(#20924),#13593);
#20924 = PRESENTATION_STYLE_ASSIGNMENT((#20925,#20930));
#20925 = SURFACE_STYLE_USAGE(.BOTH.,#20926);
#20926 = SURFACE_SIDE_STYLE('',(#20927));
#20927 = SURFACE_STYLE_FILL_AREA(#20928);
#20928 = FILL_AREA_STYLE('',(#20929));
#20929 = FILL_AREA_STYLE_COLOUR('',#16986);
#20930 = CURVE_STYLE('',#20931,POSITIVE_LENGTH_MEASURE(0.1),#16986);
#20931 = DRAUGHTING_PRE_DEFINED_CURVE_FONT('continuous');
#20932 = STYLED_ITEM('color',(#20933),#13610);
#20933 = PRESENTATION_STYLE_ASSIGNMENT((#20934,#20939));
#20934 = SURFACE_STYLE_USAGE(.BOTH.,#20935);
#20935 = SURFACE_SIDE_STYLE('',(#20936));
#20936 = SURFACE_STYLE_FILL_AREA(#20937);
#20937 = FILL_AREA_STYLE('',(#20938));
#20938 = FILL_AREA_STYLE_COLOUR('',#16986);
#20939 = CURVE_STYLE('',#20940,POSITIVE_LENGTH_MEASURE(0.1),#16986);
#20940 = DRAUGHTING_PRE_DEFINED_CURVE_FONT('continuous');
#20941 = STYLED_ITEM('color',(#20942),#13622);
#20942 = PRESENTATION_STYLE_ASSIGNMENT((#20943,#20948));
#20943 = SURFACE_STYLE_USAGE(.BOTH.,#20944);
#20944 = SURFACE_SIDE_STYLE('',(#20945));
#20945 = SURFACE_STYLE_FILL_AREA(#20946);
#20946 = FILL_AREA_STYLE('',(#20947));
#20947 = FILL_AREA_STYLE_COLOUR('',#16986);
#20948 = CURVE_STYLE('',#20949,POSITIVE_LENGTH_MEASURE(0.1),#16986);
#20949 = DRAUGHTING_PRE_DEFINED_CURVE_FONT('continuous');
#20950 = STYLED_ITEM('color',(#20951),#13639);
#20951 = PRESENTATION_STYLE_ASSIGNMENT((#20952,#20957));
#20952 = SURFACE_STYLE_USAGE(.BOTH.,#20953);
#20953 = SURFACE_SIDE_STYLE('',(#20954));
#20954 = SURFACE_STYLE_FILL_AREA(#20955);
#20955 = FILL_AREA_STYLE('',(#20956));
#20956 = FILL_AREA_STYLE_COLOUR('',#16986);
#20957 = CURVE_STYLE('',#20958,POSITIVE_LENGTH_MEASURE(0.1),#16986);
#20958 = DRAUGHTING_PRE_DEFINED_CURVE_FONT('continuous');
#20959 = STYLED_ITEM('color',(#20960),#13656);
#20960 = PRESENTATION_STYLE_ASSIGNMENT((#20961,#20966));
#20961 = SURFACE_STYLE_USAGE(.BOTH.,#20962);
#20962 = SURFACE_SIDE_STYLE('',(#20963));
#20963 = SURFACE_STYLE_FILL_AREA(#20964);
#20964 = FILL_AREA_STYLE('',(#20965));
#20965 = FILL_AREA_STYLE_COLOUR('',#16986);
#20966 = CURVE_STYLE('',#20967,POSITIVE_LENGTH_MEASURE(0.1),#16986);
#20967 = DRAUGHTING_PRE_DEFINED_CURVE_FONT('continuous');
#20968 = STYLED_ITEM('color',(#20969),#13668);
#20969 = PRESENTATION_STYLE_ASSIGNMENT((#20970,#20975));
#20970 = SURFACE_STYLE_USAGE(.BOTH.,#20971);
#20971 = SURFACE_SIDE_STYLE('',(#20972));
#20972 = SURFACE_STYLE_FILL_AREA(#20973);
#20973 = FILL_AREA_STYLE('',(#20974));
#20974 = FILL_AREA_STYLE_COLOUR('',#16986);
#20975 = CURVE_STYLE('',#20976,POSITIVE_LENGTH_MEASURE(0.1),#16986);
#20976 = DRAUGHTING_PRE_DEFINED_CURVE_FONT('continuous');
#20977 = STYLED_ITEM('color',(#20978),#13685);
#20978 = PRESENTATION_STYLE_ASSIGNMENT((#20979,#20984));
#20979 = SURFACE_STYLE_USAGE(.BOTH.,#20980);
#20980 = SURFACE_SIDE_STYLE('',(#20981));
#20981 = SURFACE_STYLE_FILL_AREA(#20982);
#20982 = FILL_AREA_STYLE('',(#20983));
#20983 = FILL_AREA_STYLE_COLOUR('',#16986);
#20984 = CURVE_STYLE('',#20985,POSITIVE_LENGTH_MEASURE(0.1),#16986);
#20985 = DRAUGHTING_PRE_DEFINED_CURVE_FONT('continuous');
#20986 = STYLED_ITEM('color',(#20987),#13702);
#20987 = PRESENTATION_STYLE_ASSIGNMENT((#20988,#20993));
#20988 = SURFACE_STYLE_USAGE(.BOTH.,#20989);
#20989 = SURFACE_SIDE_STYLE('',(#20990));
#20990 = SURFACE_STYLE_FILL_AREA(#20991);
#20991 = FILL_AREA_STYLE('',(#20992));
#20992 = FILL_AREA_STYLE_COLOUR('',#16986);
#20993 = CURVE_STYLE('',#20994,POSITIVE_LENGTH_MEASURE(0.1),#16986);
#20994 = DRAUGHTING_PRE_DEFINED_CURVE_FONT('continuous');
#20995 = STYLED_ITEM('color',(#20996),#13714);
#20996 = PRESENTATION_STYLE_ASSIGNMENT((#20997,#21002));
#20997 = SURFACE_STYLE_USAGE(.BOTH.,#20998);
#20998 = SURFACE_SIDE_STYLE('',(#20999));
#20999 = SURFACE_STYLE_FILL_AREA(#21000);
#21000 = FILL_AREA_STYLE('',(#21001));
#21001 = FILL_AREA_STYLE_COLOUR('',#16986);
#21002 = CURVE_STYLE('',#21003,POSITIVE_LENGTH_MEASURE(0.1),#16986);
#21003 = DRAUGHTING_PRE_DEFINED_CURVE_FONT('continuous');
#21004 = STYLED_ITEM('color',(#21005),#13731);
#21005 = PRESENTATION_STYLE_ASSIGNMENT((#21006,#21011));
#21006 = SURFACE_STYLE_USAGE(.BOTH.,#21007);
#21007 = SURFACE_SIDE_STYLE('',(#21008));
#21008 = SURFACE_STYLE_FILL_AREA(#21009);
#21009 = FILL_AREA_STYLE('',(#21010));
#21010 = FILL_AREA_STYLE_COLOUR('',#16986);
#21011 = CURVE_STYLE('',#21012,POSITIVE_LENGTH_MEASURE(0.1),#16986);
#21012 = DRAUGHTING_PRE_DEFINED_CURVE_FONT('continuous');
#21013 = STYLED_ITEM('color',(#21014),#13748);
#21014 = PRESENTATION_STYLE_ASSIGNMENT((#21015,#21020));
#21015 = SURFACE_STYLE_USAGE(.BOTH.,#21016);
#21016 = SURFACE_SIDE_STYLE('',(#21017));
#21017 = SURFACE_STYLE_FILL_AREA(#21018);
#21018 = FILL_AREA_STYLE('',(#21019));
#21019 = FILL_AREA_STYLE_COLOUR('',#16986);
#21020 = CURVE_STYLE('',#21021,POSITIVE_LENGTH_MEASURE(0.1),#16986);
#21021 = DRAUGHTING_PRE_DEFINED_CURVE_FONT('continuous');
#21022 = STYLED_ITEM('color',(#21023),#13760);
#21023 = PRESENTATION_STYLE_ASSIGNMENT((#21024,#21029));
#21024 = SURFACE_STYLE_USAGE(.BOTH.,#21025);
#21025 = SURFACE_SIDE_STYLE('',(#21026));
#21026 = SURFACE_STYLE_FILL_AREA(#21027);
#21027 = FILL_AREA_STYLE('',(#21028));
#21028 = FILL_AREA_STYLE_COLOUR('',#16986);
#21029 = CURVE_STYLE('',#21030,POSITIVE_LENGTH_MEASURE(0.1),#16986);
#21030 = DRAUGHTING_PRE_DEFINED_CURVE_FONT('continuous');
#21031 = STYLED_ITEM('color',(#21032),#13777);
#21032 = PRESENTATION_STYLE_ASSIGNMENT((#21033,#21038));
#21033 = SURFACE_STYLE_USAGE(.BOTH.,#21034);
#21034 = SURFACE_SIDE_STYLE('',(#21035));
#21035 = SURFACE_STYLE_FILL_AREA(#21036);
#21036 = FILL_AREA_STYLE('',(#21037));
#21037 = FILL_AREA_STYLE_COLOUR('',#16986);
#21038 = CURVE_STYLE('',#21039,POSITIVE_LENGTH_MEASURE(0.1),#16986);
#21039 = DRAUGHTING_PRE_DEFINED_CURVE_FONT('continuous');
#21040 = STYLED_ITEM('color',(#21041),#13794);
#21041 = PRESENTATION_STYLE_ASSIGNMENT((#21042,#21047));
#21042 = SURFACE_STYLE_USAGE(.BOTH.,#21043);
#21043 = SURFACE_SIDE_STYLE('',(#21044));
#21044 = SURFACE_STYLE_FILL_AREA(#21045);
#21045 = FILL_AREA_STYLE('',(#21046));
#21046 = FILL_AREA_STYLE_COLOUR('',#16986);
#21047 = CURVE_STYLE('',#21048,POSITIVE_LENGTH_MEASURE(0.1),#16986);
#21048 = DRAUGHTING_PRE_DEFINED_CURVE_FONT('continuous');
#21049 = STYLED_ITEM('color',(#21050),#13806);
#21050 = PRESENTATION_STYLE_ASSIGNMENT((#21051,#21056));
#21051 = SURFACE_STYLE_USAGE(.BOTH.,#21052);
#21052 = SURFACE_SIDE_STYLE('',(#21053));
#21053 = SURFACE_STYLE_FILL_AREA(#21054);
#21054 = FILL_AREA_STYLE('',(#21055));
#21055 = FILL_AREA_STYLE_COLOUR('',#16986);
#21056 = CURVE_STYLE('',#21057,POSITIVE_LENGTH_MEASURE(0.1),#16986);
#21057 = DRAUGHTING_PRE_DEFINED_CURVE_FONT('continuous');
#21058 = STYLED_ITEM('color',(#21059),#13823);
#21059 = PRESENTATION_STYLE_ASSIGNMENT((#21060,#21065));
#21060 = SURFACE_STYLE_USAGE(.BOTH.,#21061);
#21061 = SURFACE_SIDE_STYLE('',(#21062));
#21062 = SURFACE_STYLE_FILL_AREA(#21063);
#21063 = FILL_AREA_STYLE('',(#21064));
#21064 = FILL_AREA_STYLE_COLOUR('',#16986);
#21065 = CURVE_STYLE('',#21066,POSITIVE_LENGTH_MEASURE(0.1),#16986);
#21066 = DRAUGHTING_PRE_DEFINED_CURVE_FONT('continuous');
#21067 = STYLED_ITEM('color',(#21068),#13840);
#21068 = PRESENTATION_STYLE_ASSIGNMENT((#21069,#21074));
#21069 = SURFACE_STYLE_USAGE(.BOTH.,#21070);
#21070 = SURFACE_SIDE_STYLE('',(#21071));
#21071 = SURFACE_STYLE_FILL_AREA(#21072);
#21072 = FILL_AREA_STYLE('',(#21073));
#21073 = FILL_AREA_STYLE_COLOUR('',#16986);
#21074 = CURVE_STYLE('',#21075,POSITIVE_LENGTH_MEASURE(0.1),#16986);
#21075 = DRAUGHTING_PRE_DEFINED_CURVE_FONT('continuous');
ENDSEC;
END-ISO-10303-21;
