ISO-10303-21;
HEADER;
FILE_DESCRIPTION((''),'2;1');
FILE_NAME('00000000000_-_GEH_KOERPER','2026-09-18T13:33:16',('mkmrppm1'),(
'Siemens Mobility GmbH'),'CREO PARAMETRIC BY PTC INC, 2025323',
'CREO PARAMETRIC BY PTC INC, 2025323','');
FILE_SCHEMA(('AUTOMOTIVE_DESIGN { 1 0 10303 214 1 1 1 1 }'));
ENDSEC;
DATA;
#93=DIRECTION('',(0.E0,0.E0,1.E0));
#94=VECTOR('',#93,3.E0);
#95=CARTESIAN_POINT('',(-4.95E1,-2.1E1,0.E0));
#96=LINE('830',#95,#94);
#97=DIRECTION('',(0.E0,1.E0,0.E0));
#98=VECTOR('',#97,1.4E1);
#99=CARTESIAN_POINT('',(-4.95E1,-1.8E1,6.E0));
#100=LINE('831',#99,#98);
#101=DIRECTION('',(0.E0,0.E0,1.E0));
#102=VECTOR('',#101,3.E0);
#103=CARTESIAN_POINT('',(-4.95E1,-1.E0,0.E0));
#104=LINE('832',#103,#102);
#105=DIRECTION('',(0.E0,1.E0,0.E0));
#106=VECTOR('',#105,3.4E1);
#107=CARTESIAN_POINT('',(-4.95E1,-1.E0,0.E0));
#108=LINE('744',#107,#106);
#109=DIRECTION('',(0.E0,0.E0,1.E0));
#110=VECTOR('',#109,5.E0);
#111=CARTESIAN_POINT('',(-4.95E1,3.3E1,0.E0));
#112=LINE('97',#111,#110);
#113=DIRECTION('',(0.E0,-2.333729524753E-1,9.723873019805E-1));
#114=VECTOR('',#113,2.056793621149E0);
#115=CARTESIAN_POINT('',(-4.95E1,3.3E1,5.E0));
#116=LINE('1289',#115,#114);
#117=DIRECTION('',(0.E0,1.E0,0.E0));
#118=VECTOR('',#117,6.82E0);
#119=CARTESIAN_POINT('',(-4.95E1,2.57E1,7.E0));
#120=LINE('374',#119,#118);
#121=DIRECTION('',(0.E0,0.E0,-1.E0));
#122=VECTOR('',#121,2.3E1);
#123=CARTESIAN_POINT('',(-4.95E1,2.57E1,3.E1));
#124=LINE('553',#123,#122);
#125=DIRECTION('',(0.E0,-1.E0,0.E0));
#126=VECTOR('',#125,5.220377268795E1);
#127=CARTESIAN_POINT('',(-4.95E1,2.57E1,3.E1));
#128=LINE('409',#127,#126);
#129=DIRECTION('',(0.E0,0.E0,-1.E0));
#130=VECTOR('',#129,2.3E1);
#131=CARTESIAN_POINT('',(-4.95E1,-2.650377268795E1,3.E1));
#132=LINE('376',#131,#130);
#133=DIRECTION('',(0.E0,1.E0,0.E0));
#134=VECTOR('',#133,6.496227312049E0);
#135=CARTESIAN_POINT('',(-4.95E1,-3.3E1,7.E0));
#136=LINE('373',#135,#134);
#137=DIRECTION('',(0.E0,0.E0,-1.E0));
#138=VECTOR('',#137,7.E0);
#139=CARTESIAN_POINT('',(-4.95E1,-3.3E1,7.E0));
#140=LINE('410',#139,#138);
#141=DIRECTION('',(0.E0,1.E0,0.E0));
#142=VECTOR('',#141,1.2E1);
#143=CARTESIAN_POINT('',(-4.95E1,-3.3E1,0.E0));
#144=LINE('743',#143,#142);
#145=DIRECTION('',(1.E0,0.E0,0.E0));
#146=VECTOR('',#145,2.E0);
#147=CARTESIAN_POINT('',(-4.95E1,-2.1E1,3.E0));
#148=LINE('825',#147,#146);
#149=CARTESIAN_POINT('',(-4.95E1,-1.8E1,3.E0));
#150=DIRECTION('',(1.E0,0.E0,0.E0));
#151=DIRECTION('',(0.E0,0.E0,1.E0));
#152=AXIS2_PLACEMENT_3D('',#149,#150,#151);
#154=CARTESIAN_POINT('',(-4.75E1,-1.8E1,3.E0));
#155=DIRECTION('',(-1.E0,0.E0,0.E0));
#156=DIRECTION('',(0.E0,-1.E0,0.E0));
#157=AXIS2_PLACEMENT_3D('',#154,#155,#156);
#159=DIRECTION('',(1.E0,0.E0,0.E0));
#160=VECTOR('',#159,2.E0);
#161=CARTESIAN_POINT('',(-4.95E1,-4.E0,6.E0));
#162=LINE('819',#161,#160);
#163=DIRECTION('',(1.E0,0.E0,0.E0));
#164=VECTOR('',#163,2.E0);
#165=CARTESIAN_POINT('',(-4.95E1,-1.8E1,6.E0));
#166=LINE('824',#165,#164);
#167=CARTESIAN_POINT('',(-4.95E1,-4.E0,3.E0));
#168=DIRECTION('',(1.E0,0.E0,0.E0));
#169=DIRECTION('',(0.E0,1.E0,0.E0));
#170=AXIS2_PLACEMENT_3D('',#167,#168,#169);
#172=CARTESIAN_POINT('',(-4.75E1,-4.E0,3.E0));
#173=DIRECTION('',(-1.E0,0.E0,0.E0));
#174=DIRECTION('',(0.E0,0.E0,1.E0));
#175=AXIS2_PLACEMENT_3D('',#172,#173,#174);
#177=DIRECTION('',(1.E0,0.E0,0.E0));
#178=VECTOR('',#177,2.E0);
#179=CARTESIAN_POINT('',(-4.95E1,-1.E0,3.E0));
#180=LINE('818',#179,#178);
#181=DIRECTION('',(0.E0,1.E0,0.E0));
#182=VECTOR('',#181,1.4E1);
#183=CARTESIAN_POINT('',(-4.75E1,-1.8E1,6.E0));
#184=LINE('834',#183,#182);
#185=DIRECTION('',(0.E0,0.E0,1.E0));
#186=VECTOR('',#185,3.E0);
#187=CARTESIAN_POINT('',(-4.75E1,-2.1E1,0.E0));
#188=LINE('833',#187,#186);
#189=DIRECTION('',(0.E0,0.E0,1.E0));
#190=VECTOR('',#189,2.8E1);
#191=CARTESIAN_POINT('',(-4.75E1,-2.266260283441E1,0.E0));
#192=LINE('1565',#191,#190);
#193=DIRECTION('',(0.E0,-1.E0,0.E0));
#194=VECTOR('',#193,4.532520566882E1);
#195=CARTESIAN_POINT('',(-4.75E1,2.266260283441E1,2.8E1));
#196=LINE('248',#195,#194);
#197=DIRECTION('',(0.E0,0.E0,1.E0));
#198=VECTOR('',#197,2.8E1);
#199=CARTESIAN_POINT('',(-4.75E1,2.266260283441E1,0.E0));
#200=LINE('1564',#199,#198);
#201=DIRECTION('',(0.E0,0.E0,1.E0));
#202=VECTOR('',#201,3.E0);
#203=CARTESIAN_POINT('',(-4.75E1,-1.E0,0.E0));
#204=LINE('835',#203,#202);
#205=CARTESIAN_POINT('',(-4.6E1,-2.95E1,0.E0));
#206=DIRECTION('',(0.E0,0.E0,1.E0));
#207=DIRECTION('',(-1.E0,0.E0,0.E0));
#208=AXIS2_PLACEMENT_3D('',#205,#206,#207);
#210=CARTESIAN_POINT('',(-4.6E1,-2.95E1,0.E0));
#211=DIRECTION('',(0.E0,0.E0,1.E0));
#212=DIRECTION('',(1.E0,0.E0,0.E0));
#213=AXIS2_PLACEMENT_3D('',#210,#211,#212);
#215=CARTESIAN_POINT('',(-4.6E1,2.95E1,0.E0));
#216=DIRECTION('',(0.E0,0.E0,1.E0));
#217=DIRECTION('',(-1.E0,0.E0,0.E0));
#218=AXIS2_PLACEMENT_3D('',#215,#216,#217);
#220=CARTESIAN_POINT('',(-4.6E1,2.95E1,0.E0));
#221=DIRECTION('',(0.E0,0.E0,1.E0));
#222=DIRECTION('',(1.E0,0.E0,0.E0));
#223=AXIS2_PLACEMENT_3D('',#220,#221,#222);
#225=CARTESIAN_POINT('',(4.6E1,-2.95E1,0.E0));
#226=DIRECTION('',(0.E0,0.E0,1.E0));
#227=DIRECTION('',(-1.E0,0.E0,0.E0));
#228=AXIS2_PLACEMENT_3D('',#225,#226,#227);
#230=CARTESIAN_POINT('',(4.6E1,-2.95E1,0.E0));
#231=DIRECTION('',(0.E0,0.E0,1.E0));
#232=DIRECTION('',(1.E0,0.E0,0.E0));
#233=AXIS2_PLACEMENT_3D('',#230,#231,#232);
#235=CARTESIAN_POINT('',(4.6E1,2.95E1,0.E0));
#236=DIRECTION('',(0.E0,0.E0,1.E0));
#237=DIRECTION('',(-1.E0,0.E0,0.E0));
#238=AXIS2_PLACEMENT_3D('',#235,#236,#237);
#240=CARTESIAN_POINT('',(4.6E1,2.95E1,0.E0));
#241=DIRECTION('',(0.E0,0.E0,1.E0));
#242=DIRECTION('',(1.E0,0.E0,0.E0));
#243=AXIS2_PLACEMENT_3D('',#240,#241,#242);
#245=DIRECTION('',(-1.E0,0.E0,0.E0));
#246=VECTOR('',#245,2.E0);
#247=CARTESIAN_POINT('',(4.95E1,1.8E1,0.E0));
#248=LINE('872',#247,#246);
#249=DIRECTION('',(1.E0,0.E0,0.E0));
#250=VECTOR('',#249,2.E0);
#251=CARTESIAN_POINT('',(-4.95E1,-1.E0,0.E0));
#252=LINE('735',#251,#250);
#253=DIRECTION('',(0.E0,1.E0,0.E0));
#254=VECTOR('',#253,2.366260283441E1);
#255=CARTESIAN_POINT('',(-4.75E1,-1.E0,0.E0));
#256=LINE('746',#255,#254);
#257=CARTESIAN_POINT('',(-4.6E1,2.95E1,0.E0));
#258=DIRECTION('',(0.E0,0.E0,1.E0));
#259=DIRECTION('',(-2.142857142857E-1,-9.767710236555E-1,0.E0));
#260=AXIS2_PLACEMENT_3D('',#257,#258,#259);
#262=DIRECTION('',(1.E0,0.E0,0.E0));
#263=VECTOR('',#262,7.832520566882E1);
#264=CARTESIAN_POINT('',(-3.916260283441E1,3.1E1,0.E0));
#265=LINE('254',#264,#263);
#266=CARTESIAN_POINT('',(4.6E1,2.95E1,0.E0));
#267=DIRECTION('',(0.E0,0.E0,1.E0));
#268=DIRECTION('',(-9.767710236555E-1,2.142857142857E-1,0.E0));
#269=AXIS2_PLACEMENT_3D('',#266,#267,#268);
#271=DIRECTION('',(0.E0,1.E0,0.E0));
#272=VECTOR('',#271,4.662602834411E0);
#273=CARTESIAN_POINT('',(4.75E1,1.8E1,0.E0));
#274=LINE('880',#273,#272);
#275=DIRECTION('',(-1.E0,0.E0,0.E0));
#276=VECTOR('',#275,7.5E0);
#277=CARTESIAN_POINT('',(-1.625E1,-3.126966627188E1,0.E0));
#278=LINE('1043',#277,#276);
#279=DIRECTION('',(0.E0,1.E0,0.E0));
#280=VECTOR('',#279,3.E0);
#281=CARTESIAN_POINT('',(-2.375E1,-3.126966627188E1,0.E0));
#282=LINE('1044',#281,#280);
#283=DIRECTION('',(-1.E0,0.E0,0.E0));
#284=VECTOR('',#283,2.25E0);
#285=CARTESIAN_POINT('',(-2.375E1,-2.826966627188E1,0.E0));
#286=LINE('1052',#285,#284);
#287=DIRECTION('',(0.E0,-1.E0,0.E0));
#288=VECTOR('',#287,2.730333728123E0);
#289=CARTESIAN_POINT('',(-2.6E1,-2.826966627188E1,0.E0));
#290=LINE('1008',#289,#288);
#291=DIRECTION('',(1.E0,0.E0,0.E0));
#292=VECTOR('',#291,1.316260283441E1);
#293=CARTESIAN_POINT('',(-3.916260283441E1,-3.1E1,0.E0));
#294=LINE('1006',#293,#292);
#295=CARTESIAN_POINT('',(-4.6E1,-2.95E1,0.E0));
#296=DIRECTION('',(0.E0,0.E0,1.E0));
#297=DIRECTION('',(9.767710236555E-1,-2.142857142857E-1,0.E0));
#298=AXIS2_PLACEMENT_3D('',#295,#296,#297);
#300=DIRECTION('',(0.E0,1.E0,0.E0));
#301=VECTOR('',#300,1.662602834411E0);
#302=CARTESIAN_POINT('',(-4.75E1,-2.266260283441E1,0.E0));
#303=LINE('745',#302,#301);
#304=DIRECTION('',(1.E0,0.E0,0.E0));
#305=VECTOR('',#304,2.E0);
#306=CARTESIAN_POINT('',(-4.95E1,-2.1E1,0.E0));
#307=LINE('733',#306,#305);
#308=DIRECTION('',(1.E0,0.E0,0.E0));
#309=VECTOR('',#308,9.9E1);
#310=CARTESIAN_POINT('',(-4.95E1,-3.3E1,0.E0));
#311=LINE('117',#310,#309);
#312=DIRECTION('',(-1.E0,0.E0,0.E0));
#313=VECTOR('',#312,2.E0);
#314=CARTESIAN_POINT('',(4.95E1,0.E0,0.E0));
#315=LINE('873',#314,#313);
#316=DIRECTION('',(0.E0,1.E0,0.E0));
#317=VECTOR('',#316,2.266260283441E1);
#318=CARTESIAN_POINT('',(4.75E1,-2.266260283441E1,0.E0));
#319=LINE('879',#318,#317);
#320=CARTESIAN_POINT('',(4.6E1,-2.95E1,0.E0));
#321=DIRECTION('',(0.E0,0.E0,1.E0));
#322=DIRECTION('',(2.142857142857E-1,9.767710236555E-1,0.E0));
#323=AXIS2_PLACEMENT_3D('',#320,#321,#322);
#325=DIRECTION('',(1.E0,0.E0,0.E0));
#326=VECTOR('',#325,5.316260283441E1);
#327=CARTESIAN_POINT('',(-1.4E1,-3.1E1,0.E0));
#328=LINE('1007',#327,#326);
#329=DIRECTION('',(0.E0,1.E0,0.E0));
#330=VECTOR('',#329,2.730333728123E0);
#331=CARTESIAN_POINT('',(-1.4E1,-3.1E1,0.E0));
#332=LINE('1009',#331,#330);
#333=DIRECTION('',(-1.E0,0.E0,0.E0));
#334=VECTOR('',#333,2.25E0);
#335=CARTESIAN_POINT('',(-1.4E1,-2.826966627188E1,0.E0));
#336=LINE('1051',#335,#334);
#337=DIRECTION('',(0.E0,-1.E0,0.E0));
#338=VECTOR('',#337,3.E0);
#339=CARTESIAN_POINT('',(-1.625E1,-2.826966627188E1,0.E0));
#340=LINE('1045',#339,#338);
#341=DIRECTION('',(0.E0,0.E0,-1.E0));
#342=VECTOR('',#341,7.E0);
#343=CARTESIAN_POINT('',(-4.8E1,-2.95E1,7.E0));
#344=LINE('647',#343,#342);
#345=DIRECTION('',(0.E0,0.E0,-1.E0));
#346=VECTOR('',#345,7.E0);
#347=CARTESIAN_POINT('',(-4.4E1,-2.95E1,7.E0));
#348=LINE('648',#347,#346);
#349=DIRECTION('',(9.659258262891E-1,2.588190451025E-1,0.E0));
#350=VECTOR('',#349,2.605259700197E0);
#351=CARTESIAN_POINT('',(-4.95E1,-2.650377268795E1,7.E0));
#352=LINE('440',#351,#350);
#353=CARTESIAN_POINT('',(-4.6E1,-2.95E1,7.E0));
#354=DIRECTION('',(0.E0,0.E0,-1.E0));
#355=DIRECTION('',(-2.588190451025E-1,9.659258262891E-1,0.E0));
#356=AXIS2_PLACEMENT_3D('',#353,#354,#355);
#358=DIRECTION('',(0.E0,1.E0,0.E0));
#359=VECTOR('',#358,3.5E0);
#360=CARTESIAN_POINT('',(-4.22E1,-3.3E1,7.E0));
#361=LINE('572',#360,#359);
#362=DIRECTION('',(-2.588190451025E-1,9.659258262891E-1,0.E0));
#363=VECTOR('',#362,2.108327133600E0);
#364=CARTESIAN_POINT('',(-4.232948186010E1,3.048351237139E1,7.E0));
#365=LINE('573',#364,#363);
#366=CARTESIAN_POINT('',(-4.6E1,2.95E1,7.E0));
#367=DIRECTION('',(0.E0,0.E0,1.E0));
#368=DIRECTION('',(0.E0,-1.E0,0.E0));
#369=AXIS2_PLACEMENT_3D('',#366,#367,#368);
#371=DIRECTION('',(1.E0,0.E0,0.E0));
#372=VECTOR('',#371,3.5E0);
#373=CARTESIAN_POINT('',(-4.95E1,2.57E1,7.E0));
#374=LINE('574',#373,#372);
#375=DIRECTION('',(0.E0,-1.E0,0.E0));
#376=VECTOR('',#375,3.5E0);
#377=CARTESIAN_POINT('',(4.22E1,-2.95E1,7.E0));
#378=LINE('575',#377,#376);
#379=CARTESIAN_POINT('',(4.6E1,-2.95E1,7.E0));
#380=DIRECTION('',(0.E0,0.E0,1.E0));
#381=DIRECTION('',(2.588190451025E-1,9.659258262891E-1,0.E0));
#382=AXIS2_PLACEMENT_3D('',#379,#380,#381);
#384=DIRECTION('',(-9.659258262891E-1,2.588190451025E-1,0.E0));
#385=VECTOR('',#384,2.605259700197E0);
#386=CARTESIAN_POINT('',(4.95E1,-2.650377268795E1,7.E0));
#387=LINE('576',#386,#385);
#388=DIRECTION('',(1.E0,0.E0,0.E0));
#389=VECTOR('',#388,3.5E0);
#390=CARTESIAN_POINT('',(4.6E1,2.57E1,7.E0));
#391=LINE('577',#390,#389);
#392=CARTESIAN_POINT('',(4.6E1,2.95E1,7.E0));
#393=DIRECTION('',(0.E0,0.E0,1.E0));
#394=DIRECTION('',(-9.659258262891E-1,2.588190451025E-1,0.E0));
#395=AXIS2_PLACEMENT_3D('',#392,#393,#394);
#397=DIRECTION('',(-2.588190451025E-1,-9.659258262891E-1,0.E0));
#398=VECTOR('',#397,2.108327133600E0);
#399=CARTESIAN_POINT('',(4.287515707558E1,3.252E1,7.E0));
#400=LINE('578',#399,#398);
#401=CARTESIAN_POINT('',(-4.6E1,-2.95E1,7.E0));
#402=DIRECTION('',(0.E0,0.E0,1.E0));
#403=DIRECTION('',(-1.E0,0.E0,0.E0));
#404=AXIS2_PLACEMENT_3D('',#401,#402,#403);
#406=CARTESIAN_POINT('',(-4.6E1,-2.95E1,7.E0));
#407=DIRECTION('',(0.E0,0.E0,1.E0));
#408=DIRECTION('',(1.E0,0.E0,0.E0));
#409=AXIS2_PLACEMENT_3D('',#406,#407,#408);
#411=CARTESIAN_POINT('',(-4.6E1,2.95E1,7.E0));
#412=DIRECTION('',(0.E0,0.E0,1.E0));
#413=DIRECTION('',(-1.E0,0.E0,0.E0));
#414=AXIS2_PLACEMENT_3D('',#411,#412,#413);
#416=CARTESIAN_POINT('',(-4.6E1,2.95E1,7.E0));
#417=DIRECTION('',(0.E0,0.E0,1.E0));
#418=DIRECTION('',(1.E0,0.E0,0.E0));
#419=AXIS2_PLACEMENT_3D('',#416,#417,#418);
#421=CARTESIAN_POINT('',(4.6E1,-2.95E1,7.E0));
#422=DIRECTION('',(0.E0,0.E0,1.E0));
#423=DIRECTION('',(-1.E0,0.E0,0.E0));
#424=AXIS2_PLACEMENT_3D('',#421,#422,#423);
#426=CARTESIAN_POINT('',(4.6E1,-2.95E1,7.E0));
#427=DIRECTION('',(0.E0,0.E0,1.E0));
#428=DIRECTION('',(1.E0,0.E0,0.E0));
#429=AXIS2_PLACEMENT_3D('',#426,#427,#428);
#431=CARTESIAN_POINT('',(4.6E1,2.95E1,7.E0));
#432=DIRECTION('',(0.E0,0.E0,1.E0));
#433=DIRECTION('',(-1.E0,0.E0,0.E0));
#434=AXIS2_PLACEMENT_3D('',#431,#432,#433);
#436=CARTESIAN_POINT('',(4.6E1,2.95E1,7.E0));
#437=DIRECTION('',(0.E0,0.E0,1.E0));
#438=DIRECTION('',(1.E0,0.E0,0.E0));
#439=AXIS2_PLACEMENT_3D('',#436,#437,#438);
#441=DIRECTION('',(0.E0,0.E0,-1.E0));
#442=VECTOR('',#441,2.3E1);
#443=CARTESIAN_POINT('',(-4.698351237139E1,-2.582948186010E1,3.E1));
#444=LINE('571',#443,#442);
#445=DIRECTION('',(1.E0,0.E0,0.E0));
#446=VECTOR('',#445,3.5E0);
#447=CARTESIAN_POINT('',(-4.95E1,2.57E1,3.E1));
#448=LINE('668',#447,#446);
#449=CARTESIAN_POINT('',(-4.6E1,2.95E1,3.E1));
#450=DIRECTION('',(0.E0,0.E0,1.E0));
#451=DIRECTION('',(0.E0,-1.E0,0.E0));
#452=AXIS2_PLACEMENT_3D('',#449,#450,#451);
#454=DIRECTION('',(1.E0,0.E0,0.E0));
#455=VECTOR('',#454,8.627636479150E1);
#456=CARTESIAN_POINT('',(-4.313818239575E1,2.7E1,3.E1));
#457=LINE('415',#456,#455);
#458=CARTESIAN_POINT('',(4.6E1,2.95E1,3.E1));
#459=DIRECTION('',(0.E0,0.E0,1.E0));
#460=DIRECTION('',(-7.531098958555E-1,-6.578947368421E-1,0.E0));
#461=AXIS2_PLACEMENT_3D('',#458,#459,#460);
#463=DIRECTION('',(-1.E0,0.E0,0.E0));
#464=VECTOR('',#463,3.5E0);
#465=CARTESIAN_POINT('',(4.95E1,2.57E1,3.E1));
#466=LINE('669',#465,#464);
#467=DIRECTION('',(-9.659258262891E-1,2.588190451025E-1,0.E0));
#468=VECTOR('',#467,2.605259700197E0);
#469=CARTESIAN_POINT('',(4.95E1,-2.650377268795E1,3.E1));
#470=LINE('565',#469,#468);
#471=CARTESIAN_POINT('',(4.6E1,-2.95E1,3.E1));
#472=DIRECTION('',(0.E0,0.E0,1.E0));
#473=DIRECTION('',(2.588190451025E-1,9.659258262891E-1,0.E0));
#474=AXIS2_PLACEMENT_3D('',#471,#472,#473);
#476=DIRECTION('',(0.E0,1.E0,0.E0));
#477=VECTOR('',#476,3.5E0);
#478=CARTESIAN_POINT('',(4.22E1,-3.3E1,3.E1));
#479=LINE('564',#478,#477);
#480=DIRECTION('',(0.E0,1.E0,0.E0));
#481=VECTOR('',#480,3.5E0);
#482=CARTESIAN_POINT('',(-4.22E1,-3.3E1,3.E1));
#483=LINE('562',#482,#481);
#484=CARTESIAN_POINT('',(-4.6E1,-2.95E1,3.E1));
#485=DIRECTION('',(0.E0,0.E0,1.E0));
#486=DIRECTION('',(1.E0,0.E0,0.E0));
#487=AXIS2_PLACEMENT_3D('',#484,#485,#486);
#489=DIRECTION('',(9.659258262891E-1,2.588190451025E-1,0.E0));
#490=VECTOR('',#489,2.605259700197E0);
#491=CARTESIAN_POINT('',(-4.95E1,-2.650377268795E1,3.E1));
#492=LINE('561',#491,#490);
#493=DIRECTION('',(0.E0,0.E0,-1.E0));
#494=VECTOR('',#493,2.3E1);
#495=CARTESIAN_POINT('',(-4.6E1,2.57E1,3.E1));
#496=LINE('580',#495,#494);
#497=CARTESIAN_POINT('',(-4.313818239575E1,2.7E1,3.E1));
#498=CARTESIAN_POINT('',(-4.288719042049E1,2.728731730133E1,2.880284457778E1));
#499=CARTESIAN_POINT('',(-4.252679717117E1,2.786424650008E1,2.639897291634E1));
#500=CARTESIAN_POINT('',(-4.214966548061E1,2.902367411200E1,2.156802453335E1));
#501=CARTESIAN_POINT('',(-4.217264817125E1,2.989820107626E1,1.792416218227E1));
#502=CARTESIAN_POINT('',(-4.232948186010E1,3.048351237139E1,1.548536511921E1));
#504=DIRECTION('',(6.241019307295E-2,-2.329180114584E-1,9.704917144102E-1));
#505=VECTOR('',#504,8.743366886308E0);
#506=CARTESIAN_POINT('',(-4.287515707558E1,3.252E1,7.E0));
#507=LINE('557',#506,#505);
#508=DIRECTION('',(1.E0,0.E0,0.E0));
#509=VECTOR('',#508,6.624842924416E0);
#510=CARTESIAN_POINT('',(-4.95E1,3.252E1,7.E0));
#511=LINE('1586',#510,#509);
#512=DIRECTION('',(1.E0,0.E0,0.E0));
#513=VECTOR('',#512,9.9E1);
#514=CARTESIAN_POINT('',(-4.95E1,3.3E1,5.E0));
#515=LINE('111',#514,#513);
#516=DIRECTION('',(1.E0,0.E0,0.E0));
#517=VECTOR('',#516,6.624842924416E0);
#518=CARTESIAN_POINT('',(4.287515707558E1,3.252E1,7.E0));
#519=LINE('1587',#518,#517);
#520=DIRECTION('',(-6.241019307295E-2,-2.329180114584E-1,9.704917144102E-1));
#521=VECTOR('',#520,8.743366886308E0);
#522=CARTESIAN_POINT('',(4.287515707558E1,3.252E1,7.E0));
#523=LINE('558',#522,#521);
#524=CARTESIAN_POINT('',(4.232948186010E1,3.048351237139E1,1.548536511921E1));
#525=CARTESIAN_POINT('',(4.217264817125E1,2.989820107626E1,1.792416218227E1));
#526=CARTESIAN_POINT('',(4.214966548061E1,2.902367411200E1,2.156802453335E1));
#527=CARTESIAN_POINT('',(4.252679717117E1,2.786424650008E1,2.639897291634E1));
#528=CARTESIAN_POINT('',(4.288719042049E1,2.728731730133E1,2.880284457778E1));
#529=CARTESIAN_POINT('',(4.313818239575E1,2.7E1,3.E1));
#531=DIRECTION('',(0.E0,0.E0,-1.E0));
#532=VECTOR('',#531,8.485365119210E0);
#533=CARTESIAN_POINT('',(-4.232948186010E1,3.048351237139E1,1.548536511921E1));
#534=LINE('581',#533,#532);
#535=DIRECTION('',(1.E0,0.E0,0.E0));
#536=VECTOR('',#535,9.9E1);
#537=CARTESIAN_POINT('',(-4.95E1,3.3E1,0.E0));
#538=LINE('109',#537,#536);
#539=DIRECTION('',(0.E0,-1.E0,0.E0));
#540=VECTOR('',#539,1.2E1);
#541=CARTESIAN_POINT('',(4.95E1,1.5E1,5.E0));
#542=LINE('965',#541,#540);
#543=DIRECTION('',(0.E0,0.E0,1.E0));
#544=VECTOR('',#543,2.E0);
#545=CARTESIAN_POINT('',(4.95E1,0.E0,0.E0));
#546=LINE('966',#545,#544);
#547=DIRECTION('',(0.E0,1.E0,0.E0));
#548=VECTOR('',#547,3.3E1);
#549=CARTESIAN_POINT('',(4.95E1,-3.3E1,0.E0));
#550=LINE('877',#549,#548);
#551=DIRECTION('',(0.E0,0.E0,-1.E0));
#552=VECTOR('',#551,7.E0);
#553=CARTESIAN_POINT('',(4.95E1,-3.3E1,7.E0));
#554=LINE('413',#553,#552);
#555=DIRECTION('',(0.E0,1.E0,0.E0));
#556=VECTOR('',#555,6.496227312049E0);
#557=CARTESIAN_POINT('',(4.95E1,-3.3E1,7.E0));
#558=LINE('678',#557,#556);
#559=DIRECTION('',(0.E0,0.E0,-1.E0));
#560=VECTOR('',#559,2.3E1);
#561=CARTESIAN_POINT('',(4.95E1,-2.650377268795E1,3.E1));
#562=LINE('680',#561,#560);
#563=DIRECTION('',(0.E0,-1.E0,0.E0));
#564=VECTOR('',#563,5.220377268795E1);
#565=CARTESIAN_POINT('',(4.95E1,2.57E1,3.E1));
#566=LINE('412',#565,#564);
#567=DIRECTION('',(0.E0,0.E0,-1.E0));
#568=VECTOR('',#567,2.3E1);
#569=CARTESIAN_POINT('',(4.95E1,2.57E1,3.E1));
#570=LINE('681',#569,#568);
#571=DIRECTION('',(0.E0,1.E0,0.E0));
#572=VECTOR('',#571,6.82E0);
#573=CARTESIAN_POINT('',(4.95E1,2.57E1,7.E0));
#574=LINE('679',#573,#572);
#575=DIRECTION('',(0.E0,-2.333729524753E-1,9.723873019805E-1));
#576=VECTOR('',#575,2.056793621149E0);
#577=CARTESIAN_POINT('',(4.95E1,3.3E1,5.E0));
#578=LINE('1290',#577,#576);
#579=DIRECTION('',(0.E0,0.E0,1.E0));
#580=VECTOR('',#579,5.E0);
#581=CARTESIAN_POINT('',(4.95E1,3.3E1,0.E0));
#582=LINE('103',#581,#580);
#583=DIRECTION('',(0.E0,1.E0,0.E0));
#584=VECTOR('',#583,1.5E1);
#585=CARTESIAN_POINT('',(4.95E1,1.8E1,0.E0));
#586=LINE('878',#585,#584);
#587=DIRECTION('',(0.E0,0.E0,1.E0));
#588=VECTOR('',#587,2.E0);
#589=CARTESIAN_POINT('',(4.95E1,1.8E1,0.E0));
#590=LINE('964',#589,#588);
#591=DIRECTION('',(-1.E0,0.E0,0.E0));
#592=VECTOR('',#591,2.E0);
#593=CARTESIAN_POINT('',(4.95E1,1.5E1,5.E0));
#594=LINE('952',#593,#592);
#595=DIRECTION('',(-1.E0,0.E0,0.E0));
#596=VECTOR('',#595,2.E0);
#597=CARTESIAN_POINT('',(4.95E1,3.E0,5.E0));
#598=LINE('959',#597,#596);
#599=CARTESIAN_POINT('',(4.95E1,1.5E1,2.E0));
#600=DIRECTION('',(-1.E0,0.E0,0.E0));
#601=DIRECTION('',(0.E0,0.E0,1.E0));
#602=AXIS2_PLACEMENT_3D('',#599,#600,#601);
#604=CARTESIAN_POINT('',(4.75E1,1.5E1,2.E0));
#605=DIRECTION('',(1.E0,0.E0,0.E0));
#606=DIRECTION('',(0.E0,1.E0,0.E0));
#607=AXIS2_PLACEMENT_3D('',#604,#605,#606);
#609=DIRECTION('',(-1.E0,0.E0,0.E0));
#610=VECTOR('',#609,2.E0);
#611=CARTESIAN_POINT('',(4.95E1,1.8E1,2.E0));
#612=LINE('953',#611,#610);
#613=DIRECTION('',(0.E0,0.E0,1.E0));
#614=VECTOR('',#613,2.E0);
#615=CARTESIAN_POINT('',(4.75E1,0.E0,0.E0));
#616=LINE('969',#615,#614);
#617=DIRECTION('',(0.E0,-1.E0,0.E0));
#618=VECTOR('',#617,1.2E1);
#619=CARTESIAN_POINT('',(4.75E1,1.5E1,5.E0));
#620=LINE('968',#619,#618);
#621=DIRECTION('',(0.E0,0.E0,1.E0));
#622=VECTOR('',#621,2.E0);
#623=CARTESIAN_POINT('',(4.75E1,1.8E1,0.E0));
#624=LINE('967',#623,#622);
#625=DIRECTION('',(0.E0,0.E0,1.E0));
#626=VECTOR('',#625,2.8E1);
#627=CARTESIAN_POINT('',(4.75E1,2.266260283441E1,0.E0));
#628=LINE('1576',#627,#626);
#629=DIRECTION('',(0.E0,-1.E0,0.E0));
#630=VECTOR('',#629,4.532520566882E1);
#631=CARTESIAN_POINT('',(4.75E1,2.266260283441E1,2.8E1));
#632=LINE('250',#631,#630);
#633=DIRECTION('',(0.E0,0.E0,1.E0));
#634=VECTOR('',#633,2.8E1);
#635=CARTESIAN_POINT('',(4.75E1,-2.266260283441E1,0.E0));
#636=LINE('1577',#635,#634);
#637=DIRECTION('',(-1.E0,0.E0,0.E0));
#638=VECTOR('',#637,2.E0);
#639=CARTESIAN_POINT('',(4.95E1,0.E0,2.E0));
#640=LINE('958',#639,#638);
#641=CARTESIAN_POINT('',(4.95E1,3.E0,2.E0));
#642=DIRECTION('',(-1.E0,0.E0,0.E0));
#643=DIRECTION('',(0.E0,-1.E0,0.E0));
#644=AXIS2_PLACEMENT_3D('',#641,#642,#643);
#646=CARTESIAN_POINT('',(4.75E1,3.E0,2.E0));
#647=DIRECTION('',(1.E0,0.E0,0.E0));
#648=DIRECTION('',(0.E0,0.E0,1.E0));
#649=AXIS2_PLACEMENT_3D('',#646,#647,#648);
#651=DIRECTION('',(0.E0,0.E0,1.E0));
#652=VECTOR('',#651,4.763359911878E0);
#653=CARTESIAN_POINT('',(3.916260283441E1,3.1E1,0.E0));
#654=LINE('1566',#653,#652);
#655=DIRECTION('',(0.E0,0.E0,1.E0));
#656=VECTOR('',#655,4.763359911878E0);
#657=CARTESIAN_POINT('',(-3.916260283441E1,3.1E1,0.E0));
#658=LINE('1567',#657,#656);
#659=DIRECTION('',(1.E0,0.E0,0.E0));
#660=VECTOR('',#659,7.832520566882E1);
#661=CARTESIAN_POINT('',(-3.916260283441E1,3.1E1,4.763359911878E0));
#662=LINE('251',#661,#660);
#663=CARTESIAN_POINT('',(-4.030967893959E1,2.542320637885E1,2.8E1));
#664=CARTESIAN_POINT('',(-3.964827581025E1,2.634638191974E1,2.415343524629E1));
#665=CARTESIAN_POINT('',(-3.893936836252E1,2.820094496814E1,1.642608921129E1));
#666=CARTESIAN_POINT('',(-3.895753222462E1,3.006523386259E1,8.658218817751E0));
#667=CARTESIAN_POINT('',(-3.916260283441E1,3.1E1,4.763359911878E0));
#669=CARTESIAN_POINT('',(3.916260283441E1,3.1E1,4.763359911878E0));
#670=CARTESIAN_POINT('',(3.895753222462E1,3.006523386259E1,8.658218817751E0));
#671=CARTESIAN_POINT('',(3.893936836252E1,2.820094496814E1,1.642608921129E1));
#672=CARTESIAN_POINT('',(3.964827581025E1,2.634638191974E1,2.415343524629E1));
#673=CARTESIAN_POINT('',(4.030967893959E1,2.542320637885E1,2.8E1));
#675=CARTESIAN_POINT('',(-4.6E1,-2.95E1,2.8E1));
#676=DIRECTION('',(0.E0,0.E0,1.E0));
#677=DIRECTION('',(9.767710236555E-1,-2.142857142857E-1,0.E0));
#678=AXIS2_PLACEMENT_3D('',#675,#676,#677);
#680=CARTESIAN_POINT('',(4.6E1,-2.95E1,2.8E1));
#681=DIRECTION('',(0.E0,0.E0,1.E0));
#682=DIRECTION('',(2.142857142857E-1,9.767710236555E-1,0.E0));
#683=AXIS2_PLACEMENT_3D('',#680,#681,#682);
#685=CARTESIAN_POINT('',(4.6E1,2.95E1,2.8E1));
#686=DIRECTION('',(0.E0,0.E0,1.E0));
#687=DIRECTION('',(-8.129030086301E-1,-5.823990887356E-1,0.E0));
#688=AXIS2_PLACEMENT_3D('',#685,#686,#687);
#690=DIRECTION('',(1.E0,0.E0,0.E0));
#691=VECTOR('',#690,8.061935787918E1);
#692=CARTESIAN_POINT('',(-4.030967893959E1,2.542320637885E1,2.8E1));
#693=LINE('666',#692,#691);
#694=CARTESIAN_POINT('',(-4.6E1,2.95E1,2.8E1));
#695=DIRECTION('',(0.E0,0.E0,1.E0));
#696=DIRECTION('',(-2.142857142857E-1,-9.767710236555E-1,0.E0));
#697=AXIS2_PLACEMENT_3D('',#694,#695,#696);
#699=DIRECTION('',(1.E0,0.E0,0.E0));
#700=VECTOR('',#699,1.2E1);
#701=CARTESIAN_POINT('',(-2.6E1,-3.1E1,1.7E1));
#702=LINE('1003',#701,#700);
#703=DIRECTION('',(0.E0,0.E0,1.E0));
#704=VECTOR('',#703,1.7E1);
#705=CARTESIAN_POINT('',(-1.4E1,-3.1E1,0.E0));
#706=LINE('1005',#705,#704);
#707=DIRECTION('',(0.E0,0.E0,1.E0));
#708=VECTOR('',#707,2.8E1);
#709=CARTESIAN_POINT('',(3.916260283441E1,-3.1E1,0.E0));
#710=LINE('1575',#709,#708);
#711=DIRECTION('',(1.E0,0.E0,0.E0));
#712=VECTOR('',#711,7.832520566882E1);
#713=CARTESIAN_POINT('',(-3.916260283441E1,-3.1E1,2.8E1));
#714=LINE('252',#713,#712);
#715=DIRECTION('',(0.E0,0.E0,1.E0));
#716=VECTOR('',#715,2.8E1);
#717=CARTESIAN_POINT('',(-3.916260283441E1,-3.1E1,0.E0));
#718=LINE('1574',#717,#716);
#719=DIRECTION('',(0.E0,0.E0,1.E0));
#720=VECTOR('',#719,1.7E1);
#721=CARTESIAN_POINT('',(-2.6E1,-3.1E1,0.E0));
#722=LINE('1004',#721,#720);
#723=DIRECTION('',(0.E0,-1.E0,0.E0));
#724=VECTOR('',#723,2.730333728123E0);
#725=CARTESIAN_POINT('',(-2.6E1,-2.826966627188E1,1.7E1));
#726=LINE('1010',#725,#724);
#727=DIRECTION('',(-1.E0,0.E0,0.E0));
#728=VECTOR('',#727,1.2E1);
#729=CARTESIAN_POINT('',(-1.4E1,-2.826966627188E1,1.7E1));
#730=LINE('990',#729,#728);
#731=DIRECTION('',(0.E0,1.E0,0.E0));
#732=VECTOR('',#731,2.730333728123E0);
#733=CARTESIAN_POINT('',(-1.4E1,-3.1E1,1.7E1));
#734=LINE('1011',#733,#732);
#735=DIRECTION('',(0.E0,0.E0,1.E0));
#736=VECTOR('',#735,1.7E1);
#737=CARTESIAN_POINT('',(-2.6E1,-2.826966627188E1,0.E0));
#738=LINE('997',#737,#736);
#739=DIRECTION('',(0.E0,0.E0,1.E0));
#740=VECTOR('',#739,1.5E1);
#741=CARTESIAN_POINT('',(-2.375E1,-2.826966627188E1,0.E0));
#742=LINE('1049',#741,#740);
#743=DIRECTION('',(1.E0,0.E0,0.E0));
#744=VECTOR('',#743,7.5E0);
#745=CARTESIAN_POINT('',(-2.375E1,-2.826966627188E1,1.5E1));
#746=LINE('1072',#745,#744);
#747=DIRECTION('',(0.E0,0.E0,1.E0));
#748=VECTOR('',#747,1.5E1);
#749=CARTESIAN_POINT('',(-1.625E1,-2.826966627188E1,0.E0));
#750=LINE('1050',#749,#748);
#751=DIRECTION('',(0.E0,0.E0,1.E0));
#752=VECTOR('',#751,1.7E1);
#753=CARTESIAN_POINT('',(-1.4E1,-2.826966627188E1,0.E0));
#754=LINE('995',#753,#752);
#755=DIRECTION('',(0.E0,0.E0,1.E0));
#756=VECTOR('',#755,1.5E1);
#757=CARTESIAN_POINT('',(-2.375E1,-3.126966627188E1,0.E0));
#758=LINE('1060',#757,#756);
#759=DIRECTION('',(0.E0,0.E0,1.E0));
#760=VECTOR('',#759,1.5E1);
#761=CARTESIAN_POINT('',(-1.625E1,-3.126966627188E1,0.E0));
#762=LINE('1059',#761,#760);
#763=CARTESIAN_POINT('',(-2.E1,-3.126966627188E1,9.E0));
#764=DIRECTION('',(0.E0,-1.E0,0.E0));
#765=DIRECTION('',(0.E0,0.E0,1.E0));
#766=AXIS2_PLACEMENT_3D('',#763,#764,#765);
#768=CARTESIAN_POINT('',(-2.E1,-3.126966627188E1,9.E0));
#769=DIRECTION('',(0.E0,-1.E0,0.E0));
#770=DIRECTION('',(0.E0,0.E0,-1.E0));
#771=AXIS2_PLACEMENT_3D('',#768,#769,#770);
#773=DIRECTION('',(0.E0,1.E0,0.E0));
#774=VECTOR('',#773,3.E0);
#775=CARTESIAN_POINT('',(-2.375E1,-3.126966627188E1,1.5E1));
#776=LINE('1057',#775,#774);
#777=DIRECTION('',(-1.E0,0.E0,0.E0));
#778=VECTOR('',#777,7.5E0);
#779=CARTESIAN_POINT('',(-1.625E1,-3.126966627188E1,1.5E1));
#780=LINE('1031',#779,#778);
#781=DIRECTION('',(0.E0,-1.E0,0.E0));
#782=VECTOR('',#781,3.E0);
#783=CARTESIAN_POINT('',(-1.625E1,-2.826966627188E1,1.5E1));
#784=LINE('1058',#783,#782);
#785=DIRECTION('',(0.E0,1.E0,0.E0));
#786=VECTOR('',#785,1.730333728123E0);
#787=CARTESIAN_POINT('',(-2.E1,-3.3E1,1.125E1));
#788=LINE('1243',#787,#786);
#789=DIRECTION('',(1.E0,0.E0,0.E0));
#790=VECTOR('',#789,7.3E0);
#791=CARTESIAN_POINT('',(-4.95E1,-3.3E1,7.E0));
#792=LINE('385',#791,#790);
#793=DIRECTION('',(0.E0,0.E0,-1.E0));
#794=VECTOR('',#793,2.3E1);
#795=CARTESIAN_POINT('',(-4.22E1,-3.3E1,3.E1));
#796=LINE('567',#795,#794);
#797=DIRECTION('',(1.E0,0.E0,0.E0));
#798=VECTOR('',#797,8.44E1);
#799=CARTESIAN_POINT('',(-4.22E1,-3.3E1,3.E1));
#800=LINE('416',#799,#798);
#801=DIRECTION('',(0.E0,0.E0,-1.E0));
#802=VECTOR('',#801,2.3E1);
#803=CARTESIAN_POINT('',(4.22E1,-3.3E1,3.E1));
#804=LINE('568',#803,#802);
#805=DIRECTION('',(1.E0,0.E0,0.E0));
#806=VECTOR('',#805,7.3E0);
#807=CARTESIAN_POINT('',(4.22E1,-3.3E1,7.E0));
#808=LINE('566',#807,#806);
#809=CARTESIAN_POINT('',(-2.E1,-3.3E1,9.E0));
#810=DIRECTION('',(0.E0,-1.E0,0.E0));
#811=DIRECTION('',(0.E0,0.E0,1.E0));
#812=AXIS2_PLACEMENT_3D('',#809,#810,#811);
#814=CARTESIAN_POINT('',(-2.E1,-3.3E1,9.E0));
#815=DIRECTION('',(0.E0,-1.E0,0.E0));
#816=DIRECTION('',(0.E0,0.E0,-1.E0));
#817=AXIS2_PLACEMENT_3D('',#814,#815,#816);
#819=DIRECTION('',(0.E0,0.E0,-1.E0));
#820=VECTOR('',#819,2.3E1);
#821=CARTESIAN_POINT('',(-4.22E1,-2.95E1,3.E1));
#822=LINE('579',#821,#820);
#823=DIRECTION('',(0.E0,0.E0,-1.E0));
#824=VECTOR('',#823,2.3E1);
#825=CARTESIAN_POINT('',(4.22E1,-2.95E1,3.E1));
#826=LINE('583',#825,#824);
#827=DIRECTION('',(0.E0,0.E0,-1.E0));
#828=VECTOR('',#827,2.3E1);
#829=CARTESIAN_POINT('',(4.698351237139E1,-2.582948186010E1,3.E1));
#830=LINE('582',#829,#828);
#831=DIRECTION('',(0.E0,1.E0,0.E0));
#832=VECTOR('',#831,1.730333728123E0);
#833=CARTESIAN_POINT('',(-2.E1,-3.3E1,6.75E0));
#834=LINE('1244',#833,#832);
#835=DIRECTION('',(0.E0,0.E0,-1.E0));
#836=VECTOR('',#835,2.3E1);
#837=CARTESIAN_POINT('',(4.6E1,2.57E1,3.E1));
#838=LINE('584',#837,#836);
#839=DIRECTION('',(0.E0,0.E0,-1.E0));
#840=VECTOR('',#839,8.485365119210E0);
#841=CARTESIAN_POINT('',(4.232948186010E1,3.048351237139E1,1.548536511921E1));
#842=LINE('585',#841,#840);
#843=DIRECTION('',(0.E0,0.E0,-1.E0));
#844=VECTOR('',#843,7.E0);
#845=CARTESIAN_POINT('',(-4.8E1,2.95E1,7.E0));
#846=LINE('649',#845,#844);
#847=DIRECTION('',(0.E0,0.E0,-1.E0));
#848=VECTOR('',#847,7.E0);
#849=CARTESIAN_POINT('',(-4.4E1,2.95E1,7.E0));
#850=LINE('650',#849,#848);
#851=DIRECTION('',(0.E0,0.E0,-1.E0));
#852=VECTOR('',#851,7.E0);
#853=CARTESIAN_POINT('',(4.4E1,-2.95E1,7.E0));
#854=LINE('651',#853,#852);
#855=DIRECTION('',(0.E0,0.E0,-1.E0));
#856=VECTOR('',#855,7.E0);
#857=CARTESIAN_POINT('',(4.8E1,-2.95E1,7.E0));
#858=LINE('652',#857,#856);
#859=DIRECTION('',(0.E0,0.E0,-1.E0));
#860=VECTOR('',#859,7.E0);
#861=CARTESIAN_POINT('',(4.4E1,2.95E1,7.E0));
#862=LINE('653',#861,#860);
#863=DIRECTION('',(0.E0,0.E0,-1.E0));
#864=VECTOR('',#863,7.E0);
#865=CARTESIAN_POINT('',(4.8E1,2.95E1,7.E0));
#866=LINE('654',#865,#864);
#867=CARTESIAN_POINT('',(-4.95E1,3.3E1,0.E0));
#868=CARTESIAN_POINT('',(-4.95E1,3.3E1,5.E0));
#869=VERTEX_POINT('',#867);
#870=VERTEX_POINT('',#868);
#871=CARTESIAN_POINT('',(4.95E1,3.3E1,0.E0));
#872=CARTESIAN_POINT('',(4.95E1,3.3E1,5.E0));
#873=VERTEX_POINT('',#871);
#874=VERTEX_POINT('',#872);
#875=CARTESIAN_POINT('',(-4.95E1,-3.3E1,0.E0));
#876=CARTESIAN_POINT('',(4.95E1,-3.3E1,0.E0));
#877=VERTEX_POINT('',#875);
#878=VERTEX_POINT('',#876);
#879=CARTESIAN_POINT('',(-4.75E1,2.266260283441E1,2.8E1));
#880=CARTESIAN_POINT('',(-4.75E1,-2.266260283441E1,2.8E1));
#881=VERTEX_POINT('',#879);
#882=VERTEX_POINT('',#880);
#883=CARTESIAN_POINT('',(4.75E1,2.266260283441E1,2.8E1));
#884=CARTESIAN_POINT('',(4.75E1,-2.266260283441E1,2.8E1));
#885=VERTEX_POINT('',#883);
#886=VERTEX_POINT('',#884);
#887=CARTESIAN_POINT('',(-3.916260283441E1,3.1E1,4.763359911878E0));
#888=CARTESIAN_POINT('',(3.916260283441E1,3.1E1,4.763359911878E0));
#889=VERTEX_POINT('',#887);
#890=VERTEX_POINT('',#888);
#891=CARTESIAN_POINT('',(-3.916260283441E1,-3.1E1,2.8E1));
#892=CARTESIAN_POINT('',(3.916260283441E1,-3.1E1,2.8E1));
#893=VERTEX_POINT('',#891);
#894=VERTEX_POINT('',#892);
#895=CARTESIAN_POINT('',(-3.916260283441E1,3.1E1,0.E0));
#896=CARTESIAN_POINT('',(3.916260283441E1,3.1E1,0.E0));
#897=VERTEX_POINT('',#895);
#898=VERTEX_POINT('',#896);
#899=CARTESIAN_POINT('',(-4.698351237139E1,-2.582948186010E1,7.E0));
#900=CARTESIAN_POINT('',(-4.22E1,-2.95E1,7.E0));
#901=VERTEX_POINT('',#899);
#902=VERTEX_POINT('',#900);
#903=CARTESIAN_POINT('',(-4.95E1,-3.3E1,7.E0));
#904=CARTESIAN_POINT('',(-4.95E1,-2.650377268795E1,7.E0));
#905=VERTEX_POINT('',#903);
#906=VERTEX_POINT('',#904);
#907=CARTESIAN_POINT('',(-4.95E1,2.57E1,7.E0));
#908=CARTESIAN_POINT('',(-4.95E1,3.252E1,7.E0));
#909=VERTEX_POINT('',#907);
#910=VERTEX_POINT('',#908);
#911=CARTESIAN_POINT('',(-4.95E1,-2.650377268795E1,3.E1));
#912=VERTEX_POINT('',#911);
#913=CARTESIAN_POINT('',(-4.22E1,-3.3E1,7.E0));
#914=VERTEX_POINT('',#913);
#915=CARTESIAN_POINT('',(-4.95E1,2.57E1,3.E1));
#916=VERTEX_POINT('',#915);
#917=CARTESIAN_POINT('',(4.95E1,2.57E1,3.E1));
#918=CARTESIAN_POINT('',(4.95E1,-2.650377268795E1,3.E1));
#919=VERTEX_POINT('',#917);
#920=VERTEX_POINT('',#918);
#921=CARTESIAN_POINT('',(4.95E1,-3.3E1,7.E0));
#922=VERTEX_POINT('',#921);
#923=CARTESIAN_POINT('',(-4.313818239575E1,2.7E1,3.E1));
#924=CARTESIAN_POINT('',(4.313818239575E1,2.7E1,3.E1));
#925=VERTEX_POINT('',#923);
#926=VERTEX_POINT('',#924);
#927=CARTESIAN_POINT('',(-4.22E1,-3.3E1,3.E1));
#928=CARTESIAN_POINT('',(4.22E1,-3.3E1,3.E1));
#929=VERTEX_POINT('',#927);
#930=VERTEX_POINT('',#928);
#931=CARTESIAN_POINT('',(-4.6E1,2.57E1,7.E0));
#932=CARTESIAN_POINT('',(-4.232948186010E1,3.048351237139E1,7.E0));
#933=VERTEX_POINT('',#931);
#934=VERTEX_POINT('',#932);
#935=CARTESIAN_POINT('',(4.698351237139E1,-2.582948186010E1,7.E0));
#936=CARTESIAN_POINT('',(4.22E1,-2.95E1,7.E0));
#937=VERTEX_POINT('',#935);
#938=VERTEX_POINT('',#936);
#939=CARTESIAN_POINT('',(4.232948186010E1,3.048351237139E1,7.E0));
#940=CARTESIAN_POINT('',(4.6E1,2.57E1,7.E0));
#941=VERTEX_POINT('',#939);
#942=VERTEX_POINT('',#940);
#943=VERTEX_POINT('',#502);
#944=CARTESIAN_POINT('',(-4.287515707558E1,3.252E1,7.E0));
#945=VERTEX_POINT('',#944);
#946=CARTESIAN_POINT('',(4.287515707558E1,3.252E1,7.E0));
#947=CARTESIAN_POINT('',(4.232948186010E1,3.048351237139E1,1.548536511921E1));
#948=VERTEX_POINT('',#946);
#949=VERTEX_POINT('',#947);
#950=CARTESIAN_POINT('',(-4.22E1,-2.95E1,3.E1));
#951=CARTESIAN_POINT('',(-4.698351237139E1,-2.582948186010E1,3.E1));
#952=VERTEX_POINT('',#950);
#953=VERTEX_POINT('',#951);
#954=CARTESIAN_POINT('',(4.698351237139E1,-2.582948186010E1,3.E1));
#955=CARTESIAN_POINT('',(4.22E1,-2.95E1,3.E1));
#956=VERTEX_POINT('',#954);
#957=VERTEX_POINT('',#955);
#958=CARTESIAN_POINT('',(4.22E1,-3.3E1,7.E0));
#959=VERTEX_POINT('',#958);
#960=CARTESIAN_POINT('',(4.95E1,-2.650377268795E1,7.E0));
#961=VERTEX_POINT('',#960);
#962=CARTESIAN_POINT('',(4.95E1,2.57E1,7.E0));
#963=VERTEX_POINT('',#962);
#964=CARTESIAN_POINT('',(-4.6E1,2.57E1,3.E1));
#965=VERTEX_POINT('',#964);
#966=CARTESIAN_POINT('',(4.6E1,2.57E1,3.E1));
#967=VERTEX_POINT('',#966);
#968=CARTESIAN_POINT('',(-4.8E1,-2.95E1,0.E0));
#969=CARTESIAN_POINT('',(-4.4E1,-2.95E1,0.E0));
#970=VERTEX_POINT('',#968);
#971=VERTEX_POINT('',#969);
#972=CARTESIAN_POINT('',(-4.8E1,2.95E1,0.E0));
#973=CARTESIAN_POINT('',(-4.4E1,2.95E1,0.E0));
#974=VERTEX_POINT('',#972);
#975=VERTEX_POINT('',#973);
#976=CARTESIAN_POINT('',(4.4E1,-2.95E1,0.E0));
#977=CARTESIAN_POINT('',(4.8E1,-2.95E1,0.E0));
#978=VERTEX_POINT('',#976);
#979=VERTEX_POINT('',#977);
#980=CARTESIAN_POINT('',(4.4E1,2.95E1,0.E0));
#981=CARTESIAN_POINT('',(4.8E1,2.95E1,0.E0));
#982=VERTEX_POINT('',#980);
#983=VERTEX_POINT('',#981);
#984=CARTESIAN_POINT('',(-4.8E1,-2.95E1,7.E0));
#985=CARTESIAN_POINT('',(-4.4E1,-2.95E1,7.E0));
#986=VERTEX_POINT('',#984);
#987=VERTEX_POINT('',#985);
#988=CARTESIAN_POINT('',(-4.8E1,2.95E1,7.E0));
#989=CARTESIAN_POINT('',(-4.4E1,2.95E1,7.E0));
#990=VERTEX_POINT('',#988);
#991=VERTEX_POINT('',#989);
#992=CARTESIAN_POINT('',(4.4E1,-2.95E1,7.E0));
#993=CARTESIAN_POINT('',(4.8E1,-2.95E1,7.E0));
#994=VERTEX_POINT('',#992);
#995=VERTEX_POINT('',#993);
#996=CARTESIAN_POINT('',(4.4E1,2.95E1,7.E0));
#997=CARTESIAN_POINT('',(4.8E1,2.95E1,7.E0));
#998=VERTEX_POINT('',#996);
#999=VERTEX_POINT('',#997);
#1000=CARTESIAN_POINT('',(-4.030967893959E1,2.542320637885E1,2.8E1));
#1001=CARTESIAN_POINT('',(4.030967893959E1,2.542320637885E1,2.8E1));
#1002=VERTEX_POINT('',#1000);
#1003=VERTEX_POINT('',#1001);
#1004=CARTESIAN_POINT('',(4.95E1,3.252E1,7.E0));
#1005=VERTEX_POINT('',#1004);
#1006=CARTESIAN_POINT('',(-4.95E1,-2.1E1,0.E0));
#1007=CARTESIAN_POINT('',(-4.75E1,-2.1E1,0.E0));
#1008=VERTEX_POINT('',#1006);
#1009=VERTEX_POINT('',#1007);
#1010=CARTESIAN_POINT('',(-4.95E1,-1.E0,0.E0));
#1011=CARTESIAN_POINT('',(-4.75E1,-1.E0,0.E0));
#1012=VERTEX_POINT('',#1010);
#1013=VERTEX_POINT('',#1011);
#1014=CARTESIAN_POINT('',(-4.75E1,-2.266260283441E1,0.E0));
#1015=VERTEX_POINT('',#1014);
#1016=CARTESIAN_POINT('',(-4.75E1,2.266260283441E1,0.E0));
#1017=VERTEX_POINT('',#1016);
#1018=CARTESIAN_POINT('',(-4.95E1,-1.E0,3.E0));
#1019=CARTESIAN_POINT('',(-4.75E1,-1.E0,3.E0));
#1020=VERTEX_POINT('',#1018);
#1021=VERTEX_POINT('',#1019);
#1022=CARTESIAN_POINT('',(-4.95E1,-4.E0,6.E0));
#1023=CARTESIAN_POINT('',(-4.75E1,-4.E0,6.E0));
#1024=VERTEX_POINT('',#1022);
#1025=VERTEX_POINT('',#1023);
#1026=CARTESIAN_POINT('',(-4.95E1,-1.8E1,6.E0));
#1027=CARTESIAN_POINT('',(-4.75E1,-1.8E1,6.E0));
#1028=VERTEX_POINT('',#1026);
#1029=VERTEX_POINT('',#1027);
#1030=CARTESIAN_POINT('',(-4.95E1,-2.1E1,3.E0));
#1031=CARTESIAN_POINT('',(-4.75E1,-2.1E1,3.E0));
#1032=VERTEX_POINT('',#1030);
#1033=VERTEX_POINT('',#1031);
#1034=CARTESIAN_POINT('',(4.95E1,1.8E1,0.E0));
#1035=CARTESIAN_POINT('',(4.75E1,1.8E1,0.E0));
#1036=VERTEX_POINT('',#1034);
#1037=VERTEX_POINT('',#1035);
#1038=CARTESIAN_POINT('',(4.95E1,0.E0,0.E0));
#1039=CARTESIAN_POINT('',(4.75E1,0.E0,0.E0));
#1040=VERTEX_POINT('',#1038);
#1041=VERTEX_POINT('',#1039);
#1042=CARTESIAN_POINT('',(4.75E1,-2.266260283441E1,0.E0));
#1043=VERTEX_POINT('',#1042);
#1044=CARTESIAN_POINT('',(4.75E1,2.266260283441E1,0.E0));
#1045=VERTEX_POINT('',#1044);
#1046=CARTESIAN_POINT('',(4.95E1,1.5E1,5.E0));
#1047=CARTESIAN_POINT('',(4.75E1,1.5E1,5.E0));
#1048=VERTEX_POINT('',#1046);
#1049=VERTEX_POINT('',#1047);
#1050=CARTESIAN_POINT('',(4.95E1,1.8E1,2.E0));
#1051=CARTESIAN_POINT('',(4.75E1,1.8E1,2.E0));
#1052=VERTEX_POINT('',#1050);
#1053=VERTEX_POINT('',#1051);
#1054=CARTESIAN_POINT('',(4.95E1,0.E0,2.E0));
#1055=CARTESIAN_POINT('',(4.75E1,0.E0,2.E0));
#1056=VERTEX_POINT('',#1054);
#1057=VERTEX_POINT('',#1055);
#1058=CARTESIAN_POINT('',(4.95E1,3.E0,5.E0));
#1059=CARTESIAN_POINT('',(4.75E1,3.E0,5.E0));
#1060=VERTEX_POINT('',#1058);
#1061=VERTEX_POINT('',#1059);
#1062=CARTESIAN_POINT('',(-1.4E1,-2.826966627188E1,1.7E1));
#1063=CARTESIAN_POINT('',(-2.6E1,-2.826966627188E1,1.7E1));
#1064=VERTEX_POINT('',#1062);
#1065=VERTEX_POINT('',#1063);
#1066=CARTESIAN_POINT('',(-1.4E1,-2.826966627188E1,0.E0));
#1067=VERTEX_POINT('',#1066);
#1068=CARTESIAN_POINT('',(-2.6E1,-2.826966627188E1,0.E0));
#1069=VERTEX_POINT('',#1068);
#1070=CARTESIAN_POINT('',(-2.6E1,-3.1E1,1.7E1));
#1071=CARTESIAN_POINT('',(-1.4E1,-3.1E1,1.7E1));
#1072=VERTEX_POINT('',#1070);
#1073=VERTEX_POINT('',#1071);
#1074=CARTESIAN_POINT('',(-2.6E1,-3.1E1,0.E0));
#1075=VERTEX_POINT('',#1074);
#1076=CARTESIAN_POINT('',(-1.4E1,-3.1E1,0.E0));
#1077=VERTEX_POINT('',#1076);
#1078=CARTESIAN_POINT('',(-3.916260283441E1,-3.1E1,0.E0));
#1079=VERTEX_POINT('',#1078);
#1080=CARTESIAN_POINT('',(3.916260283441E1,-3.1E1,0.E0));
#1081=VERTEX_POINT('',#1080);
#1082=CARTESIAN_POINT('',(-1.625E1,-3.126966627188E1,1.5E1));
#1083=CARTESIAN_POINT('',(-2.375E1,-3.126966627188E1,1.5E1));
#1084=VERTEX_POINT('',#1082);
#1085=VERTEX_POINT('',#1083);
#1086=CARTESIAN_POINT('',(-1.625E1,-3.126966627188E1,0.E0));
#1087=CARTESIAN_POINT('',(-2.375E1,-3.126966627188E1,0.E0));
#1088=VERTEX_POINT('',#1086);
#1089=VERTEX_POINT('',#1087);
#1090=CARTESIAN_POINT('',(-2.375E1,-2.826966627188E1,0.E0));
#1091=VERTEX_POINT('',#1090);
#1092=CARTESIAN_POINT('',(-1.625E1,-2.826966627188E1,0.E0));
#1093=VERTEX_POINT('',#1092);
#1094=CARTESIAN_POINT('',(-2.375E1,-2.826966627188E1,1.5E1));
#1095=VERTEX_POINT('',#1094);
#1096=CARTESIAN_POINT('',(-1.625E1,-2.826966627188E1,1.5E1));
#1097=VERTEX_POINT('',#1096);
#1098=CARTESIAN_POINT('',(-2.E1,-3.3E1,1.125E1));
#1099=CARTESIAN_POINT('',(-2.E1,-3.3E1,6.75E0));
#1100=VERTEX_POINT('',#1098);
#1101=VERTEX_POINT('',#1099);
#1102=CARTESIAN_POINT('',(-2.E1,-3.126966627188E1,1.125E1));
#1103=CARTESIAN_POINT('',(-2.E1,-3.126966627188E1,6.75E0));
#1104=VERTEX_POINT('',#1102);
#1105=VERTEX_POINT('',#1103);
#1106=CARTESIAN_POINT('',(-4.95E1,0.E0,0.E0));
#1107=DIRECTION('',(1.E0,0.E0,0.E0));
#1108=DIRECTION('',(0.E0,0.E0,-1.E0));
#1109=AXIS2_PLACEMENT_3D('',#1106,#1107,#1108);
#1110=PLANE('96',#1109);
#1112=ORIENTED_EDGE('830',*,*,#1111,.T.);
#1114=ORIENTED_EDGE('838',*,*,#1113,.F.);
#1116=ORIENTED_EDGE('831',*,*,#1115,.T.);
#1118=ORIENTED_EDGE('836',*,*,#1117,.F.);
#1120=ORIENTED_EDGE('832',*,*,#1119,.F.);
#1122=ORIENTED_EDGE('744',*,*,#1121,.T.);
#1124=ORIENTED_EDGE('97',*,*,#1123,.T.);
#1126=ORIENTED_EDGE('1289',*,*,#1125,.T.);
#1128=ORIENTED_EDGE('374',*,*,#1127,.F.);
#1130=ORIENTED_EDGE('553',*,*,#1129,.F.);
#1132=ORIENTED_EDGE('409',*,*,#1131,.T.);
#1134=ORIENTED_EDGE('376',*,*,#1133,.T.);
#1136=ORIENTED_EDGE('373',*,*,#1135,.F.);
#1138=ORIENTED_EDGE('410',*,*,#1137,.T.);
#1140=ORIENTED_EDGE('743',*,*,#1139,.T.);
#1141=EDGE_LOOP('96',(#1112,#1114,#1116,#1118,#1120,#1122,#1124,#1126,#1128,
#1130,#1132,#1134,#1136,#1138,#1140));
#1142=FACE_OUTER_BOUND('96',#1141,.F.);
#1144=CARTESIAN_POINT('',(-4.95E1,-2.1E1,0.E0));
#1145=DIRECTION('',(0.E0,-1.E0,0.E0));
#1146=DIRECTION('',(0.E0,0.E0,1.E0));
#1147=AXIS2_PLACEMENT_3D('',#1144,#1145,#1146);
#1148=PLANE('721',#1147);
#1150=ORIENTED_EDGE('825',*,*,#1149,.F.);
#1151=ORIENTED_EDGE('830',*,*,#1111,.F.);
#1153=ORIENTED_EDGE('733',*,*,#1152,.T.);
#1155=ORIENTED_EDGE('833',*,*,#1154,.T.);
#1156=EDGE_LOOP('721',(#1150,#1151,#1153,#1155));
#1157=FACE_OUTER_BOUND('721',#1156,.F.);
#1159=CARTESIAN_POINT('',(-1.785564E2,-1.8E1,3.E0));
#1160=DIRECTION('',(1.E0,0.E0,0.E0));
#1161=DIRECTION('',(0.E0,0.E0,1.E0));
#1162=AXIS2_PLACEMENT_3D('',#1159,#1160,#1161);
#1163=CYLINDRICAL_SURFACE('765',#1162,3.E0);
#1165=ORIENTED_EDGE('824',*,*,#1164,.F.);
#1166=ORIENTED_EDGE('838',*,*,#1113,.T.);
#1167=ORIENTED_EDGE('825',*,*,#1149,.T.);
#1169=ORIENTED_EDGE('839',*,*,#1168,.T.);
#1170=EDGE_LOOP('765',(#1165,#1166,#1167,#1169));
#1171=FACE_OUTER_BOUND('765',#1170,.F.);
#1173=CARTESIAN_POINT('',(-4.95E1,-2.1E1,6.E0));
#1174=DIRECTION('',(0.E0,0.E0,1.E0));
#1175=DIRECTION('',(0.E0,1.E0,0.E0));
#1176=AXIS2_PLACEMENT_3D('',#1173,#1174,#1175);
#1177=PLANE('723',#1176);
#1179=ORIENTED_EDGE('819',*,*,#1178,.F.);
#1180=ORIENTED_EDGE('831',*,*,#1115,.F.);
#1181=ORIENTED_EDGE('824',*,*,#1164,.T.);
#1183=ORIENTED_EDGE('834',*,*,#1182,.T.);
#1184=EDGE_LOOP('723',(#1179,#1180,#1181,#1183));
#1185=FACE_OUTER_BOUND('723',#1184,.F.);
#1187=CARTESIAN_POINT('',(-1.785564E2,-4.E0,3.E0));
#1188=DIRECTION('',(1.E0,0.E0,0.E0));
#1189=DIRECTION('',(0.E0,1.E0,0.E0));
#1190=AXIS2_PLACEMENT_3D('',#1187,#1188,#1189);
#1191=CYLINDRICAL_SURFACE('760',#1190,3.E0);
#1193=ORIENTED_EDGE('818',*,*,#1192,.F.);
#1194=ORIENTED_EDGE('836',*,*,#1117,.T.);
#1195=ORIENTED_EDGE('819',*,*,#1178,.T.);
#1197=ORIENTED_EDGE('837',*,*,#1196,.T.);
#1198=EDGE_LOOP('760',(#1193,#1194,#1195,#1197));
#1199=FACE_OUTER_BOUND('760',#1198,.F.);
#1201=CARTESIAN_POINT('',(-4.95E1,-1.E0,6.E0));
#1202=DIRECTION('',(0.E0,1.E0,0.E0));
#1203=DIRECTION('',(0.E0,0.E0,-1.E0));
#1204=AXIS2_PLACEMENT_3D('',#1201,#1202,#1203);
#1205=PLANE('725',#1204);
#1206=ORIENTED_EDGE('818',*,*,#1192,.T.);
#1208=ORIENTED_EDGE('835',*,*,#1207,.F.);
#1210=ORIENTED_EDGE('735',*,*,#1209,.F.);
#1211=ORIENTED_EDGE('832',*,*,#1119,.T.);
#1212=EDGE_LOOP('725',(#1206,#1208,#1210,#1211));
#1213=FACE_OUTER_BOUND('725',#1212,.F.);
#1215=CARTESIAN_POINT('',(-4.75E1,0.E0,0.E0));
#1216=DIRECTION('',(1.E0,0.E0,0.E0));
#1217=DIRECTION('',(0.E0,0.E0,-1.E0));
#1218=AXIS2_PLACEMENT_3D('',#1215,#1216,#1217);
#1219=PLANE('128',#1218);
#1220=ORIENTED_EDGE('834',*,*,#1182,.F.);
#1221=ORIENTED_EDGE('839',*,*,#1168,.F.);
#1222=ORIENTED_EDGE('833',*,*,#1154,.F.);
#1224=ORIENTED_EDGE('745',*,*,#1223,.F.);
#1226=ORIENTED_EDGE('1565',*,*,#1225,.T.);
#1228=ORIENTED_EDGE('248',*,*,#1227,.F.);
#1230=ORIENTED_EDGE('1564',*,*,#1229,.F.);
#1232=ORIENTED_EDGE('746',*,*,#1231,.F.);
#1233=ORIENTED_EDGE('835',*,*,#1207,.T.);
#1234=ORIENTED_EDGE('837',*,*,#1196,.F.);
#1235=EDGE_LOOP('128',(#1220,#1221,#1222,#1224,#1226,#1228,#1230,#1232,#1233,
#1234));
#1236=FACE_OUTER_BOUND('128',#1235,.F.);
#1238=CARTESIAN_POINT('',(-4.95E1,-3.3E1,0.E0));
#1239=DIRECTION('',(0.E0,0.E0,-1.E0));
#1240=DIRECTION('',(0.E0,1.E0,0.E0));
#1241=AXIS2_PLACEMENT_3D('',#1238,#1239,#1240);
#1242=PLANE('116',#1241);
#1244=ORIENTED_EDGE('872',*,*,#1243,.F.);
#1246=ORIENTED_EDGE('878',*,*,#1245,.T.);
#1248=ORIENTED_EDGE('109',*,*,#1247,.F.);
#1249=ORIENTED_EDGE('744',*,*,#1121,.F.);
#1250=ORIENTED_EDGE('735',*,*,#1209,.T.);
#1251=ORIENTED_EDGE('746',*,*,#1231,.T.);
#1253=ORIENTED_EDGE('1579',*,*,#1252,.T.);
#1255=ORIENTED_EDGE('254',*,*,#1254,.T.);
#1257=ORIENTED_EDGE('1578',*,*,#1256,.T.);
#1259=ORIENTED_EDGE('880',*,*,#1258,.F.);
#1260=EDGE_LOOP('116',(#1244,#1246,#1248,#1249,#1250,#1251,#1253,#1255,#1257,
#1259));
#1261=FACE_OUTER_BOUND('116',#1260,.F.);
#1263=ORIENTED_EDGE('633',*,*,#1262,.F.);
#1265=ORIENTED_EDGE('634',*,*,#1264,.F.);
#1266=EDGE_LOOP('116',(#1263,#1265));
#1267=FACE_BOUND('116',#1266,.F.);
#1269=ORIENTED_EDGE('637',*,*,#1268,.F.);
#1271=ORIENTED_EDGE('638',*,*,#1270,.F.);
#1272=EDGE_LOOP('116',(#1269,#1271));
#1273=FACE_BOUND('116',#1272,.F.);
#1275=CARTESIAN_POINT('',(-4.95E1,-3.3E1,0.E0));
#1276=DIRECTION('',(0.E0,0.E0,-1.E0));
#1277=DIRECTION('',(0.E0,1.E0,0.E0));
#1278=AXIS2_PLACEMENT_3D('',#1275,#1276,#1277);
#1279=PLANE('116',#1278);
#1281=ORIENTED_EDGE('1043',*,*,#1280,.T.);
#1283=ORIENTED_EDGE('1044',*,*,#1282,.T.);
#1285=ORIENTED_EDGE('1052',*,*,#1284,.T.);
#1287=ORIENTED_EDGE('1008',*,*,#1286,.T.);
#1289=ORIENTED_EDGE('1006',*,*,#1288,.F.);
#1291=ORIENTED_EDGE('1580',*,*,#1290,.T.);
#1292=ORIENTED_EDGE('745',*,*,#1223,.T.);
#1293=ORIENTED_EDGE('733',*,*,#1152,.F.);
#1294=ORIENTED_EDGE('743',*,*,#1139,.F.);
#1296=ORIENTED_EDGE('117',*,*,#1295,.T.);
#1298=ORIENTED_EDGE('877',*,*,#1297,.T.);
#1300=ORIENTED_EDGE('873',*,*,#1299,.T.);
#1302=ORIENTED_EDGE('879',*,*,#1301,.F.);
#1304=ORIENTED_EDGE('1581',*,*,#1303,.T.);
#1306=ORIENTED_EDGE('1007',*,*,#1305,.F.);
#1308=ORIENTED_EDGE('1009',*,*,#1307,.T.);
#1310=ORIENTED_EDGE('1051',*,*,#1309,.T.);
#1312=ORIENTED_EDGE('1045',*,*,#1311,.T.);
#1313=EDGE_LOOP('116',(#1281,#1283,#1285,#1287,#1289,#1291,#1292,#1293,#1294,
#1296,#1298,#1300,#1302,#1304,#1306,#1308,#1310,#1312));
#1314=FACE_OUTER_BOUND('116',#1313,.F.);
#1316=ORIENTED_EDGE('631',*,*,#1315,.F.);
#1318=ORIENTED_EDGE('632',*,*,#1317,.F.);
#1319=EDGE_LOOP('116',(#1316,#1318));
#1320=FACE_BOUND('116',#1319,.F.);
#1322=ORIENTED_EDGE('635',*,*,#1321,.F.);
#1324=ORIENTED_EDGE('636',*,*,#1323,.F.);
#1325=EDGE_LOOP('116',(#1322,#1324));
#1326=FACE_BOUND('116',#1325,.F.);
#1328=CARTESIAN_POINT('',(-4.6E1,-2.95E1,7.E0));
#1329=DIRECTION('',(0.E0,0.E0,1.E0));
#1330=DIRECTION('',(-1.E0,0.E0,0.E0));
#1331=AXIS2_PLACEMENT_3D('',#1328,#1329,#1330);
#1332=CYLINDRICAL_SURFACE('607',#1331,2.E0);
#1333=ORIENTED_EDGE('631',*,*,#1315,.T.);
#1335=ORIENTED_EDGE('648',*,*,#1334,.F.);
#1337=ORIENTED_EDGE('639',*,*,#1336,.F.);
#1339=ORIENTED_EDGE('647',*,*,#1338,.T.);
#1340=EDGE_LOOP('607',(#1333,#1335,#1337,#1339));
#1341=FACE_OUTER_BOUND('607',#1340,.F.);
#1343=CARTESIAN_POINT('',(-4.6E1,-2.95E1,7.E0));
#1344=DIRECTION('',(0.E0,0.E0,1.E0));
#1345=DIRECTION('',(-1.E0,0.E0,0.E0));
#1346=AXIS2_PLACEMENT_3D('',#1343,#1344,#1345);
#1347=CYLINDRICAL_SURFACE('609',#1346,2.E0);
#1348=ORIENTED_EDGE('632',*,*,#1317,.T.);
#1349=ORIENTED_EDGE('647',*,*,#1338,.F.);
#1351=ORIENTED_EDGE('640',*,*,#1350,.F.);
#1352=ORIENTED_EDGE('648',*,*,#1334,.T.);
#1353=EDGE_LOOP('609',(#1348,#1349,#1351,#1352));
#1354=FACE_OUTER_BOUND('609',#1353,.F.);
#1356=CARTESIAN_POINT('',(-4.95E1,0.E0,7.E0));
#1357=DIRECTION('',(0.E0,0.E0,1.E0));
#1358=DIRECTION('',(-1.E0,0.E0,0.E0));
#1359=AXIS2_PLACEMENT_3D('',#1356,#1357,#1358);
#1360=PLANE('308',#1359);
#1361=ORIENTED_EDGE('373',*,*,#1135,.T.);
#1363=ORIENTED_EDGE('440',*,*,#1362,.T.);
#1365=ORIENTED_EDGE('319',*,*,#1364,.T.);
#1367=ORIENTED_EDGE('572',*,*,#1366,.F.);
#1369=ORIENTED_EDGE('385',*,*,#1368,.F.);
#1370=EDGE_LOOP('308',(#1361,#1363,#1365,#1367,#1369));
#1371=FACE_OUTER_BOUND('308',#1370,.F.);
#1372=ORIENTED_EDGE('639',*,*,#1336,.T.);
#1373=ORIENTED_EDGE('640',*,*,#1350,.T.);
#1374=EDGE_LOOP('308',(#1372,#1373));
#1375=FACE_BOUND('308',#1374,.F.);
#1377=CARTESIAN_POINT('',(-4.95E1,0.E0,7.E0));
#1378=DIRECTION('',(0.E0,0.E0,1.E0));
#1379=DIRECTION('',(-1.E0,0.E0,0.E0));
#1380=AXIS2_PLACEMENT_3D('',#1377,#1378,#1379);
#1381=PLANE('308',#1380);
#1382=ORIENTED_EDGE('374',*,*,#1127,.T.);
#1384=ORIENTED_EDGE('1586',*,*,#1383,.T.);
#1386=ORIENTED_EDGE('573',*,*,#1385,.F.);
#1388=ORIENTED_EDGE('489',*,*,#1387,.F.);
#1390=ORIENTED_EDGE('574',*,*,#1389,.F.);
#1391=EDGE_LOOP('308',(#1382,#1384,#1386,#1388,#1390));
#1392=FACE_OUTER_BOUND('308',#1391,.F.);
#1394=ORIENTED_EDGE('641',*,*,#1393,.T.);
#1396=ORIENTED_EDGE('642',*,*,#1395,.T.);
#1397=EDGE_LOOP('308',(#1394,#1396));
#1398=FACE_BOUND('308',#1397,.F.);
#1400=CARTESIAN_POINT('',(-4.95E1,0.E0,7.E0));
#1401=DIRECTION('',(0.E0,0.E0,1.E0));
#1402=DIRECTION('',(-1.E0,0.E0,0.E0));
#1403=AXIS2_PLACEMENT_3D('',#1400,#1401,#1402);
#1404=PLANE('308',#1403);
#1406=ORIENTED_EDGE('566',*,*,#1405,.F.);
#1408=ORIENTED_EDGE('575',*,*,#1407,.F.);
#1410=ORIENTED_EDGE('495',*,*,#1409,.F.);
#1412=ORIENTED_EDGE('576',*,*,#1411,.F.);
#1414=ORIENTED_EDGE('678',*,*,#1413,.F.);
#1415=EDGE_LOOP('308',(#1406,#1408,#1410,#1412,#1414));
#1416=FACE_OUTER_BOUND('308',#1415,.F.);
#1418=ORIENTED_EDGE('643',*,*,#1417,.T.);
#1420=ORIENTED_EDGE('644',*,*,#1419,.T.);
#1421=EDGE_LOOP('308',(#1418,#1420));
#1422=FACE_BOUND('308',#1421,.F.);
#1424=CARTESIAN_POINT('',(-4.95E1,0.E0,7.E0));
#1425=DIRECTION('',(0.E0,0.E0,1.E0));
#1426=DIRECTION('',(-1.E0,0.E0,0.E0));
#1427=AXIS2_PLACEMENT_3D('',#1424,#1425,#1426);
#1428=PLANE('308',#1427);
#1430=ORIENTED_EDGE('577',*,*,#1429,.F.);
#1432=ORIENTED_EDGE('505',*,*,#1431,.F.);
#1434=ORIENTED_EDGE('578',*,*,#1433,.F.);
#1436=ORIENTED_EDGE('1587',*,*,#1435,.T.);
#1438=ORIENTED_EDGE('679',*,*,#1437,.F.);
#1439=EDGE_LOOP('308',(#1430,#1432,#1434,#1436,#1438));
#1440=FACE_OUTER_BOUND('308',#1439,.F.);
#1442=ORIENTED_EDGE('645',*,*,#1441,.T.);
#1444=ORIENTED_EDGE('646',*,*,#1443,.T.);
#1445=EDGE_LOOP('308',(#1442,#1444));
#1446=FACE_BOUND('308',#1445,.F.);
#1448=CARTESIAN_POINT('',(-4.698351237139E1,-2.582948186010E1,3.E1));
#1449=DIRECTION('',(-2.588190451025E-1,9.659258262891E-1,0.E0));
#1450=DIRECTION('',(-9.659258262891E-1,-2.588190451025E-1,0.E0));
#1451=AXIS2_PLACEMENT_3D('',#1448,#1449,#1450);
#1452=PLANE('349',#1451);
#1453=ORIENTED_EDGE('376',*,*,#1133,.F.);
#1455=ORIENTED_EDGE('561',*,*,#1454,.T.);
#1457=ORIENTED_EDGE('571',*,*,#1456,.T.);
#1458=ORIENTED_EDGE('440',*,*,#1362,.F.);
#1459=EDGE_LOOP('349',(#1453,#1455,#1457,#1458));
#1460=FACE_OUTER_BOUND('349',#1459,.F.);
#1462=CARTESIAN_POINT('',(-4.95E1,2.7E1,3.E1));
#1463=DIRECTION('',(0.E0,0.E0,1.E0));
#1464=DIRECTION('',(0.E0,-1.E0,0.E0));
#1465=AXIS2_PLACEMENT_3D('',#1462,#1463,#1464);
#1466=PLANE('112',#1465);
#1467=ORIENTED_EDGE('409',*,*,#1131,.F.);
#1469=ORIENTED_EDGE('668',*,*,#1468,.T.);
#1471=ORIENTED_EDGE('667',*,*,#1470,.T.);
#1473=ORIENTED_EDGE('415',*,*,#1472,.T.);
#1475=ORIENTED_EDGE('670',*,*,#1474,.T.);
#1477=ORIENTED_EDGE('669',*,*,#1476,.F.);
#1479=ORIENTED_EDGE('412',*,*,#1478,.T.);
#1481=ORIENTED_EDGE('565',*,*,#1480,.T.);
#1483=ORIENTED_EDGE('563',*,*,#1482,.T.);
#1485=ORIENTED_EDGE('564',*,*,#1484,.F.);
#1487=ORIENTED_EDGE('416',*,*,#1486,.F.);
#1489=ORIENTED_EDGE('562',*,*,#1488,.T.);
#1491=ORIENTED_EDGE('560',*,*,#1490,.T.);
#1492=ORIENTED_EDGE('561',*,*,#1454,.F.);
#1493=EDGE_LOOP('112',(#1467,#1469,#1471,#1473,#1475,#1477,#1479,#1481,#1483,
#1485,#1487,#1489,#1491,#1492));
#1494=FACE_OUTER_BOUND('112',#1493,.F.);
#1496=CARTESIAN_POINT('',(-5.306058211680E1,2.57E1,3.E1));
#1497=DIRECTION('',(0.E0,-1.E0,0.E0));
#1498=DIRECTION('',(1.E0,0.E0,0.E0));
#1499=AXIS2_PLACEMENT_3D('',#1496,#1497,#1498);
#1500=PLANE('523',#1499);
#1501=ORIENTED_EDGE('553',*,*,#1129,.T.);
#1502=ORIENTED_EDGE('574',*,*,#1389,.T.);
#1504=ORIENTED_EDGE('580',*,*,#1503,.F.);
#1505=ORIENTED_EDGE('668',*,*,#1468,.F.);
#1506=EDGE_LOOP('523',(#1501,#1502,#1504,#1505));
#1507=FACE_OUTER_BOUND('523',#1506,.F.);
#1509=CARTESIAN_POINT('',(-4.6E1,2.95E1,3.E1));
#1510=DIRECTION('',(0.E0,0.E0,1.E0));
#1511=DIRECTION('',(-1.E0,0.E0,0.E0));
#1512=AXIS2_PLACEMENT_3D('',#1509,#1510,#1511);
#1513=CYLINDRICAL_SURFACE('513',#1512,3.8E0);
#1515=ORIENTED_EDGE('556',*,*,#1514,.F.);
#1516=ORIENTED_EDGE('667',*,*,#1470,.F.);
#1517=ORIENTED_EDGE('580',*,*,#1503,.T.);
#1518=ORIENTED_EDGE('489',*,*,#1387,.T.);
#1520=ORIENTED_EDGE('581',*,*,#1519,.F.);
#1521=EDGE_LOOP('513',(#1515,#1516,#1517,#1518,#1520));
#1522=FACE_OUTER_BOUND('513',#1521,.F.);
#1524=CARTESIAN_POINT('',(-4.95E1,3.3E1,5.E0));
#1525=DIRECTION('',(0.E0,9.723873019805E-1,2.333729524753E-1));
#1526=DIRECTION('',(0.E0,-2.333729524753E-1,9.723873019805E-1));
#1527=AXIS2_PLACEMENT_3D('',#1524,#1525,#1526);
#1528=PLANE('110',#1527);
#1529=ORIENTED_EDGE('415',*,*,#1472,.F.);
#1530=ORIENTED_EDGE('556',*,*,#1514,.T.);
#1532=ORIENTED_EDGE('557',*,*,#1531,.F.);
#1533=ORIENTED_EDGE('1586',*,*,#1383,.F.);
#1534=ORIENTED_EDGE('1289',*,*,#1125,.F.);
#1536=ORIENTED_EDGE('111',*,*,#1535,.T.);
#1538=ORIENTED_EDGE('1290',*,*,#1537,.T.);
#1539=ORIENTED_EDGE('1587',*,*,#1435,.F.);
#1541=ORIENTED_EDGE('558',*,*,#1540,.T.);
#1543=ORIENTED_EDGE('559',*,*,#1542,.T.);
#1544=EDGE_LOOP('110',(#1529,#1530,#1532,#1533,#1534,#1536,#1538,#1539,#1541,
#1543));
#1545=FACE_OUTER_BOUND('110',#1544,.F.);
#1547=CARTESIAN_POINT('',(-4.232948186010E1,3.048351237139E1,3.E1));
#1548=DIRECTION('',(9.659258262891E-1,2.588190451025E-1,0.E0));
#1549=DIRECTION('',(-2.588190451025E-1,9.659258262891E-1,0.E0));
#1550=AXIS2_PLACEMENT_3D('',#1547,#1548,#1549);
#1551=PLANE('515',#1550);
#1552=ORIENTED_EDGE('557',*,*,#1531,.T.);
#1553=ORIENTED_EDGE('581',*,*,#1519,.T.);
#1554=ORIENTED_EDGE('573',*,*,#1385,.T.);
#1555=EDGE_LOOP('515',(#1552,#1553,#1554));
#1556=FACE_OUTER_BOUND('515',#1555,.F.);
#1558=CARTESIAN_POINT('',(-4.95E1,3.3E1,0.E0));
#1559=DIRECTION('',(0.E0,1.E0,0.E0));
#1560=DIRECTION('',(0.E0,0.E0,1.E0));
#1561=AXIS2_PLACEMENT_3D('',#1558,#1559,#1560);
#1562=PLANE('108',#1561);
#1563=ORIENTED_EDGE('97',*,*,#1123,.F.);
#1564=ORIENTED_EDGE('109',*,*,#1247,.T.);
#1566=ORIENTED_EDGE('103',*,*,#1565,.T.);
#1567=ORIENTED_EDGE('111',*,*,#1535,.F.);
#1568=EDGE_LOOP('108',(#1563,#1564,#1566,#1567));
#1569=FACE_OUTER_BOUND('108',#1568,.F.);
#1571=CARTESIAN_POINT('',(4.95E1,0.E0,0.E0));
#1572=DIRECTION('',(1.E0,0.E0,0.E0));
#1573=DIRECTION('',(0.E0,0.E0,-1.E0));
#1574=AXIS2_PLACEMENT_3D('',#1571,#1572,#1573);
#1575=PLANE('102',#1574);
#1577=ORIENTED_EDGE('965',*,*,#1576,.T.);
#1579=ORIENTED_EDGE('972',*,*,#1578,.F.);
#1581=ORIENTED_EDGE('966',*,*,#1580,.F.);
#1582=ORIENTED_EDGE('877',*,*,#1297,.F.);
#1584=ORIENTED_EDGE('413',*,*,#1583,.F.);
#1585=ORIENTED_EDGE('678',*,*,#1413,.T.);
#1587=ORIENTED_EDGE('680',*,*,#1586,.F.);
#1588=ORIENTED_EDGE('412',*,*,#1478,.F.);
#1590=ORIENTED_EDGE('681',*,*,#1589,.T.);
#1591=ORIENTED_EDGE('679',*,*,#1437,.T.);
#1592=ORIENTED_EDGE('1290',*,*,#1537,.F.);
#1593=ORIENTED_EDGE('103',*,*,#1565,.F.);
#1594=ORIENTED_EDGE('878',*,*,#1245,.F.);
#1596=ORIENTED_EDGE('964',*,*,#1595,.T.);
#1598=ORIENTED_EDGE('970',*,*,#1597,.F.);
#1599=EDGE_LOOP('102',(#1577,#1579,#1581,#1582,#1584,#1585,#1587,#1588,#1590,
#1591,#1592,#1593,#1594,#1596,#1598));
#1600=FACE_OUTER_BOUND('102',#1599,.F.);
#1602=CARTESIAN_POINT('',(4.95E1,1.8E1,5.E0));
#1603=DIRECTION('',(0.E0,0.E0,1.E0));
#1604=DIRECTION('',(0.E0,-1.E0,0.E0));
#1605=AXIS2_PLACEMENT_3D('',#1602,#1603,#1604);
#1606=PLANE('863',#1605);
#1608=ORIENTED_EDGE('952',*,*,#1607,.T.);
#1610=ORIENTED_EDGE('968',*,*,#1609,.T.);
#1612=ORIENTED_EDGE('959',*,*,#1611,.F.);
#1613=ORIENTED_EDGE('965',*,*,#1576,.F.);
#1614=EDGE_LOOP('863',(#1608,#1610,#1612,#1613));
#1615=FACE_OUTER_BOUND('863',#1614,.F.);
#1617=CARTESIAN_POINT('',(1.785564E2,1.5E1,2.E0));
#1618=DIRECTION('',(-1.E0,0.E0,0.E0));
#1619=DIRECTION('',(0.E0,0.E0,1.E0));
#1620=AXIS2_PLACEMENT_3D('',#1617,#1618,#1619);
#1621=CYLINDRICAL_SURFACE('894',#1620,3.E0);
#1622=ORIENTED_EDGE('952',*,*,#1607,.F.);
#1623=ORIENTED_EDGE('970',*,*,#1597,.T.);
#1625=ORIENTED_EDGE('953',*,*,#1624,.T.);
#1627=ORIENTED_EDGE('971',*,*,#1626,.T.);
#1628=EDGE_LOOP('894',(#1622,#1623,#1625,#1627));
#1629=FACE_OUTER_BOUND('894',#1628,.F.);
#1631=CARTESIAN_POINT('',(4.95E1,1.8E1,0.E0));
#1632=DIRECTION('',(0.E0,1.E0,0.E0));
#1633=DIRECTION('',(0.E0,0.E0,1.E0));
#1634=AXIS2_PLACEMENT_3D('',#1631,#1632,#1633);
#1635=PLANE('861',#1634);
#1636=ORIENTED_EDGE('953',*,*,#1624,.F.);
#1637=ORIENTED_EDGE('964',*,*,#1595,.F.);
#1638=ORIENTED_EDGE('872',*,*,#1243,.T.);
#1640=ORIENTED_EDGE('967',*,*,#1639,.T.);
#1641=EDGE_LOOP('861',(#1636,#1637,#1638,#1640));
#1642=FACE_OUTER_BOUND('861',#1641,.F.);
#1644=CARTESIAN_POINT('',(4.75E1,0.E0,0.E0));
#1645=DIRECTION('',(1.E0,0.E0,0.E0));
#1646=DIRECTION('',(0.E0,0.E0,-1.E0));
#1647=AXIS2_PLACEMENT_3D('',#1644,#1645,#1646);
#1648=PLANE('673',#1647);
#1650=ORIENTED_EDGE('969',*,*,#1649,.T.);
#1652=ORIENTED_EDGE('973',*,*,#1651,.F.);
#1653=ORIENTED_EDGE('968',*,*,#1609,.F.);
#1654=ORIENTED_EDGE('971',*,*,#1626,.F.);
#1655=ORIENTED_EDGE('967',*,*,#1639,.F.);
#1656=ORIENTED_EDGE('880',*,*,#1258,.T.);
#1658=ORIENTED_EDGE('1576',*,*,#1657,.T.);
#1660=ORIENTED_EDGE('250',*,*,#1659,.T.);
#1662=ORIENTED_EDGE('1577',*,*,#1661,.F.);
#1663=ORIENTED_EDGE('879',*,*,#1301,.T.);
#1664=EDGE_LOOP('673',(#1650,#1652,#1653,#1654,#1655,#1656,#1658,#1660,#1662,
#1663));
#1665=FACE_OUTER_BOUND('673',#1664,.F.);
#1667=CARTESIAN_POINT('',(4.95E1,0.E0,5.E0));
#1668=DIRECTION('',(0.E0,-1.E0,0.E0));
#1669=DIRECTION('',(0.E0,0.E0,-1.E0));
#1670=AXIS2_PLACEMENT_3D('',#1667,#1668,#1669);
#1671=PLANE('865',#1670);
#1673=ORIENTED_EDGE('958',*,*,#1672,.T.);
#1674=ORIENTED_EDGE('969',*,*,#1649,.F.);
#1675=ORIENTED_EDGE('873',*,*,#1299,.F.);
#1676=ORIENTED_EDGE('966',*,*,#1580,.T.);
#1677=EDGE_LOOP('865',(#1673,#1674,#1675,#1676));
#1678=FACE_OUTER_BOUND('865',#1677,.F.);
#1680=CARTESIAN_POINT('',(1.785564E2,3.E0,2.E0));
#1681=DIRECTION('',(-1.E0,0.E0,0.E0));
#1682=DIRECTION('',(0.E0,-1.E0,0.E0));
#1683=AXIS2_PLACEMENT_3D('',#1680,#1681,#1682);
#1684=CYLINDRICAL_SURFACE('899',#1683,3.E0);
#1685=ORIENTED_EDGE('958',*,*,#1672,.F.);
#1686=ORIENTED_EDGE('972',*,*,#1578,.T.);
#1687=ORIENTED_EDGE('959',*,*,#1611,.T.);
#1688=ORIENTED_EDGE('973',*,*,#1651,.T.);
#1689=EDGE_LOOP('899',(#1685,#1686,#1687,#1688));
#1690=FACE_OUTER_BOUND('899',#1689,.F.);
#1692=CARTESIAN_POINT('',(4.6E1,2.95E1,0.E0));
#1693=DIRECTION('',(0.E0,0.E0,1.E0));
#1694=DIRECTION('',(1.E0,0.E0,0.E0));
#1695=AXIS2_PLACEMENT_3D('',#1692,#1693,#1694);
#1696=CYLINDRICAL_SURFACE('1516',#1695,7.E0);
#1698=ORIENTED_EDGE('1566',*,*,#1697,.T.);
#1700=ORIENTED_EDGE('1568',*,*,#1699,.T.);
#1702=ORIENTED_EDGE('1570',*,*,#1701,.T.);
#1703=ORIENTED_EDGE('1576',*,*,#1657,.F.);
#1704=ORIENTED_EDGE('1578',*,*,#1256,.F.);
#1705=EDGE_LOOP('1516',(#1698,#1700,#1702,#1703,#1704));
#1706=FACE_OUTER_BOUND('1516',#1705,.F.);
#1708=CARTESIAN_POINT('',(-4.95E1,3.1E1,0.E0));
#1709=DIRECTION('',(0.E0,1.E0,0.E0));
#1710=DIRECTION('',(0.E0,0.E0,1.E0));
#1711=AXIS2_PLACEMENT_3D('',#1708,#1709,#1710);
#1712=PLANE('129',#1711);
#1714=ORIENTED_EDGE('251',*,*,#1713,.T.);
#1715=ORIENTED_EDGE('1566',*,*,#1697,.F.);
#1716=ORIENTED_EDGE('254',*,*,#1254,.F.);
#1718=ORIENTED_EDGE('1567',*,*,#1717,.T.);
#1719=EDGE_LOOP('129',(#1714,#1715,#1716,#1718));
#1720=FACE_OUTER_BOUND('129',#1719,.F.);
#1722=CARTESIAN_POINT('',(-4.95E1,3.105522539604E1,4.533254095049E0));
#1723=DIRECTION('',(0.E0,9.723873019805E-1,2.333729524753E-1));
#1724=DIRECTION('',(0.E0,-2.333729524753E-1,9.723873019805E-1));
#1725=AXIS2_PLACEMENT_3D('',#1722,#1723,#1724);
#1726=PLANE('130',#1725);
#1727=ORIENTED_EDGE('251',*,*,#1713,.F.);
#1729=ORIENTED_EDGE('1569',*,*,#1728,.F.);
#1731=ORIENTED_EDGE('666',*,*,#1730,.T.);
#1732=ORIENTED_EDGE('1568',*,*,#1699,.F.);
#1733=EDGE_LOOP('130',(#1727,#1729,#1731,#1732));
#1734=FACE_OUTER_BOUND('130',#1733,.F.);
#1736=CARTESIAN_POINT('',(-4.6E1,2.95E1,0.E0));
#1737=DIRECTION('',(0.E0,0.E0,1.E0));
#1738=DIRECTION('',(1.E0,0.E0,0.E0));
#1739=AXIS2_PLACEMENT_3D('',#1736,#1737,#1738);
#1740=CYLINDRICAL_SURFACE('1522',#1739,7.E0);
#1741=ORIENTED_EDGE('1564',*,*,#1229,.T.);
#1743=ORIENTED_EDGE('1571',*,*,#1742,.T.);
#1744=ORIENTED_EDGE('1569',*,*,#1728,.T.);
#1745=ORIENTED_EDGE('1567',*,*,#1717,.F.);
#1746=ORIENTED_EDGE('1579',*,*,#1252,.F.);
#1747=EDGE_LOOP('1522',(#1741,#1743,#1744,#1745,#1746));
#1748=FACE_OUTER_BOUND('1522',#1747,.F.);
#1750=CARTESIAN_POINT('',(-4.95E1,2.7E1,2.8E1));
#1751=DIRECTION('',(0.E0,0.E0,1.E0));
#1752=DIRECTION('',(0.E0,-1.E0,0.E0));
#1753=AXIS2_PLACEMENT_3D('',#1750,#1751,#1752);
#1754=PLANE('131',#1753);
#1755=ORIENTED_EDGE('248',*,*,#1227,.T.);
#1757=ORIENTED_EDGE('1572',*,*,#1756,.F.);
#1759=ORIENTED_EDGE('252',*,*,#1758,.T.);
#1761=ORIENTED_EDGE('1573',*,*,#1760,.F.);
#1762=ORIENTED_EDGE('250',*,*,#1659,.F.);
#1763=ORIENTED_EDGE('1570',*,*,#1701,.F.);
#1764=ORIENTED_EDGE('666',*,*,#1730,.F.);
#1765=ORIENTED_EDGE('1571',*,*,#1742,.F.);
#1766=EDGE_LOOP('131',(#1755,#1757,#1759,#1761,#1762,#1763,#1764,#1765));
#1767=FACE_OUTER_BOUND('131',#1766,.F.);
#1769=CARTESIAN_POINT('',(-4.6E1,-2.95E1,0.E0));
#1770=DIRECTION('',(0.E0,0.E0,1.E0));
#1771=DIRECTION('',(1.E0,0.E0,0.E0));
#1772=AXIS2_PLACEMENT_3D('',#1769,#1770,#1771);
#1773=CYLINDRICAL_SURFACE('1528',#1772,7.E0);
#1774=ORIENTED_EDGE('1565',*,*,#1225,.F.);
#1775=ORIENTED_EDGE('1580',*,*,#1290,.F.);
#1777=ORIENTED_EDGE('1574',*,*,#1776,.T.);
#1778=ORIENTED_EDGE('1572',*,*,#1756,.T.);
#1779=EDGE_LOOP('1528',(#1774,#1775,#1777,#1778));
#1780=FACE_OUTER_BOUND('1528',#1779,.F.);
#1782=CARTESIAN_POINT('',(-4.95E1,-3.1E1,3.E1));
#1783=DIRECTION('',(0.E0,-1.E0,0.E0));
#1784=DIRECTION('',(0.E0,0.E0,-1.E0));
#1785=AXIS2_PLACEMENT_3D('',#1782,#1783,#1784);
#1786=PLANE('132',#1785);
#1788=ORIENTED_EDGE('1003',*,*,#1787,.T.);
#1790=ORIENTED_EDGE('1005',*,*,#1789,.F.);
#1791=ORIENTED_EDGE('1007',*,*,#1305,.T.);
#1793=ORIENTED_EDGE('1575',*,*,#1792,.T.);
#1794=ORIENTED_EDGE('252',*,*,#1758,.F.);
#1795=ORIENTED_EDGE('1574',*,*,#1776,.F.);
#1796=ORIENTED_EDGE('1006',*,*,#1288,.T.);
#1798=ORIENTED_EDGE('1004',*,*,#1797,.T.);
#1799=EDGE_LOOP('132',(#1788,#1790,#1791,#1793,#1794,#1795,#1796,#1798));
#1800=FACE_OUTER_BOUND('132',#1799,.F.);
#1802=CARTESIAN_POINT('',(0.E0,0.E0,1.7E1));
#1803=DIRECTION('',(0.E0,0.E0,1.E0));
#1804=DIRECTION('',(0.E0,-1.E0,0.E0));
#1805=AXIS2_PLACEMENT_3D('',#1802,#1803,#1804);
#1806=PLANE('989',#1805);
#1807=ORIENTED_EDGE('1003',*,*,#1787,.F.);
#1809=ORIENTED_EDGE('1010',*,*,#1808,.F.);
#1811=ORIENTED_EDGE('990',*,*,#1810,.F.);
#1813=ORIENTED_EDGE('1011',*,*,#1812,.F.);
#1814=EDGE_LOOP('989',(#1807,#1809,#1811,#1813));
#1815=FACE_OUTER_BOUND('989',#1814,.F.);
#1817=CARTESIAN_POINT('',(-2.6E1,-2.826966627188E1,0.E0));
#1818=DIRECTION('',(-1.E0,0.E0,0.E0));
#1819=DIRECTION('',(0.E0,-1.E0,0.E0));
#1820=AXIS2_PLACEMENT_3D('',#1817,#1818,#1819);
#1821=PLANE('996',#1820);
#1822=ORIENTED_EDGE('1004',*,*,#1797,.F.);
#1823=ORIENTED_EDGE('1008',*,*,#1286,.F.);
#1825=ORIENTED_EDGE('997',*,*,#1824,.T.);
#1826=ORIENTED_EDGE('1010',*,*,#1808,.T.);
#1827=EDGE_LOOP('996',(#1822,#1823,#1825,#1826));
#1828=FACE_OUTER_BOUND('996',#1827,.F.);
#1830=CARTESIAN_POINT('',(-1.4E1,-2.826966627188E1,0.E0));
#1831=DIRECTION('',(0.E0,1.E0,0.E0));
#1832=DIRECTION('',(-1.E0,0.E0,0.E0));
#1833=AXIS2_PLACEMENT_3D('',#1830,#1831,#1832);
#1834=PLANE('994',#1833);
#1836=ORIENTED_EDGE('1049',*,*,#1835,.T.);
#1838=ORIENTED_EDGE('1072',*,*,#1837,.T.);
#1840=ORIENTED_EDGE('1050',*,*,#1839,.F.);
#1841=ORIENTED_EDGE('1051',*,*,#1309,.F.);
#1843=ORIENTED_EDGE('995',*,*,#1842,.T.);
#1844=ORIENTED_EDGE('990',*,*,#1810,.T.);
#1845=ORIENTED_EDGE('997',*,*,#1824,.F.);
#1846=ORIENTED_EDGE('1052',*,*,#1284,.F.);
#1847=EDGE_LOOP('994',(#1836,#1838,#1840,#1841,#1843,#1844,#1845,#1846));
#1848=FACE_OUTER_BOUND('994',#1847,.F.);
#1850=CARTESIAN_POINT('',(-2.375E1,-3.126966627188E1,0.E0));
#1851=DIRECTION('',(-1.E0,0.E0,0.E0));
#1852=DIRECTION('',(0.E0,1.E0,0.E0));
#1853=AXIS2_PLACEMENT_3D('',#1850,#1851,#1852);
#1854=PLANE('1037',#1853);
#1855=ORIENTED_EDGE('1044',*,*,#1282,.F.);
#1857=ORIENTED_EDGE('1060',*,*,#1856,.T.);
#1859=ORIENTED_EDGE('1057',*,*,#1858,.T.);
#1860=ORIENTED_EDGE('1049',*,*,#1835,.F.);
#1861=EDGE_LOOP('1037',(#1855,#1857,#1859,#1860));
#1862=FACE_OUTER_BOUND('1037',#1861,.F.);
#1864=CARTESIAN_POINT('',(-1.625E1,-3.126966627188E1,0.E0));
#1865=DIRECTION('',(0.E0,-1.E0,0.E0));
#1866=DIRECTION('',(-1.E0,0.E0,0.E0));
#1867=AXIS2_PLACEMENT_3D('',#1864,#1865,#1866);
#1868=PLANE('1035',#1867);
#1869=ORIENTED_EDGE('1043',*,*,#1280,.F.);
#1871=ORIENTED_EDGE('1059',*,*,#1870,.T.);
#1873=ORIENTED_EDGE('1031',*,*,#1872,.T.);
#1874=ORIENTED_EDGE('1060',*,*,#1856,.F.);
#1875=EDGE_LOOP('1035',(#1869,#1871,#1873,#1874));
#1876=FACE_OUTER_BOUND('1035',#1875,.F.);
#1878=ORIENTED_EDGE('1235',*,*,#1877,.F.);
#1880=ORIENTED_EDGE('1236',*,*,#1879,.F.);
#1881=EDGE_LOOP('1035',(#1878,#1880));
#1882=FACE_BOUND('1035',#1881,.F.);
#1884=CARTESIAN_POINT('',(-1.625E1,-2.626966627188E1,0.E0));
#1885=DIRECTION('',(1.E0,0.E0,0.E0));
#1886=DIRECTION('',(0.E0,-1.E0,0.E0));
#1887=AXIS2_PLACEMENT_3D('',#1884,#1885,#1886);
#1888=PLANE('1041',#1887);
#1889=ORIENTED_EDGE('1045',*,*,#1311,.F.);
#1890=ORIENTED_EDGE('1050',*,*,#1839,.T.);
#1892=ORIENTED_EDGE('1058',*,*,#1891,.T.);
#1893=ORIENTED_EDGE('1059',*,*,#1870,.F.);
#1894=EDGE_LOOP('1041',(#1889,#1890,#1892,#1893));
#1895=FACE_OUTER_BOUND('1041',#1894,.F.);
#1897=CARTESIAN_POINT('',(-4.95E1,0.E0,1.5E1));
#1898=DIRECTION('',(0.E0,0.E0,-1.E0));
#1899=DIRECTION('',(0.E0,1.E0,0.E0));
#1900=AXIS2_PLACEMENT_3D('',#1897,#1898,#1899);
#1901=PLANE('1030',#1900);
#1902=ORIENTED_EDGE('1057',*,*,#1858,.F.);
#1903=ORIENTED_EDGE('1031',*,*,#1872,.F.);
#1904=ORIENTED_EDGE('1058',*,*,#1891,.F.);
#1905=ORIENTED_EDGE('1072',*,*,#1837,.F.);
#1906=EDGE_LOOP('1030',(#1902,#1903,#1904,#1905));
#1907=FACE_OUTER_BOUND('1030',#1906,.F.);
#1909=CARTESIAN_POINT('',(-2.E1,-3.3E1,9.E0));
#1910=DIRECTION('',(0.E0,-1.E0,0.E0));
#1911=DIRECTION('',(0.E0,0.E0,1.E0));
#1912=AXIS2_PLACEMENT_3D('',#1909,#1910,#1911);
#1913=CYLINDRICAL_SURFACE('1219',#1912,2.25E0);
#1915=ORIENTED_EDGE('1225',*,*,#1914,.F.);
#1917=ORIENTED_EDGE('1243',*,*,#1916,.T.);
#1918=ORIENTED_EDGE('1235',*,*,#1877,.T.);
#1920=ORIENTED_EDGE('1244',*,*,#1919,.F.);
#1921=EDGE_LOOP('1219',(#1915,#1917,#1918,#1920));
#1922=FACE_OUTER_BOUND('1219',#1921,.F.);
#1924=CARTESIAN_POINT('',(-4.95E1,-3.3E1,3.E1));
#1925=DIRECTION('',(0.E0,-1.E0,0.E0));
#1926=DIRECTION('',(0.E0,0.E0,-1.E0));
#1927=AXIS2_PLACEMENT_3D('',#1924,#1925,#1926);
#1928=PLANE('114',#1927);
#1929=ORIENTED_EDGE('385',*,*,#1368,.T.);
#1931=ORIENTED_EDGE('567',*,*,#1930,.F.);
#1932=ORIENTED_EDGE('416',*,*,#1486,.T.);
#1934=ORIENTED_EDGE('568',*,*,#1933,.T.);
#1935=ORIENTED_EDGE('566',*,*,#1405,.T.);
#1936=ORIENTED_EDGE('413',*,*,#1583,.T.);
#1937=ORIENTED_EDGE('117',*,*,#1295,.F.);
#1938=ORIENTED_EDGE('410',*,*,#1137,.F.);
#1939=EDGE_LOOP('114',(#1929,#1931,#1932,#1934,#1935,#1936,#1937,#1938));
#1940=FACE_OUTER_BOUND('114',#1939,.F.);
#1941=ORIENTED_EDGE('1225',*,*,#1914,.T.);
#1943=ORIENTED_EDGE('1226',*,*,#1942,.T.);
#1944=EDGE_LOOP('114',(#1941,#1943));
#1945=FACE_BOUND('114',#1944,.F.);
#1947=CARTESIAN_POINT('',(-4.22E1,-3.874052940353E1,3.E1));
#1948=DIRECTION('',(1.E0,0.E0,0.E0));
#1949=DIRECTION('',(0.E0,1.E0,0.E0));
#1950=AXIS2_PLACEMENT_3D('',#1947,#1948,#1949);
#1951=PLANE('510',#1950);
#1952=ORIENTED_EDGE('562',*,*,#1488,.F.);
#1953=ORIENTED_EDGE('567',*,*,#1930,.T.);
#1954=ORIENTED_EDGE('572',*,*,#1366,.T.);
#1956=ORIENTED_EDGE('579',*,*,#1955,.F.);
#1957=EDGE_LOOP('510',(#1952,#1953,#1954,#1956));
#1958=FACE_OUTER_BOUND('510',#1957,.F.);
#1960=CARTESIAN_POINT('',(-4.6E1,-2.95E1,3.E1));
#1961=DIRECTION('',(0.E0,0.E0,1.E0));
#1962=DIRECTION('',(-1.E0,0.E0,0.E0));
#1963=AXIS2_PLACEMENT_3D('',#1960,#1961,#1962);
#1964=CYLINDRICAL_SURFACE('347',#1963,3.8E0);
#1965=ORIENTED_EDGE('560',*,*,#1490,.F.);
#1966=ORIENTED_EDGE('579',*,*,#1955,.T.);
#1967=ORIENTED_EDGE('319',*,*,#1364,.F.);
#1968=ORIENTED_EDGE('571',*,*,#1456,.F.);
#1969=EDGE_LOOP('347',(#1965,#1966,#1967,#1968));
#1970=FACE_OUTER_BOUND('347',#1969,.F.);
#1972=CARTESIAN_POINT('',(4.22E1,-2.95E1,3.E1));
#1973=DIRECTION('',(-1.E0,0.E0,0.E0));
#1974=DIRECTION('',(0.E0,-1.E0,0.E0));
#1975=AXIS2_PLACEMENT_3D('',#1972,#1973,#1974);
#1976=PLANE('527',#1975);
#1977=ORIENTED_EDGE('564',*,*,#1484,.T.);
#1979=ORIENTED_EDGE('583',*,*,#1978,.T.);
#1980=ORIENTED_EDGE('575',*,*,#1407,.T.);
#1981=ORIENTED_EDGE('568',*,*,#1933,.F.);
#1982=EDGE_LOOP('527',(#1977,#1979,#1980,#1981));
#1983=FACE_OUTER_BOUND('527',#1982,.F.);
#1985=CARTESIAN_POINT('',(4.6E1,-2.95E1,3.E1));
#1986=DIRECTION('',(0.E0,0.E0,1.E0));
#1987=DIRECTION('',(-1.E0,0.E0,0.E0));
#1988=AXIS2_PLACEMENT_3D('',#1985,#1986,#1987);
#1989=CYLINDRICAL_SURFACE('525',#1988,3.8E0);
#1990=ORIENTED_EDGE('563',*,*,#1482,.F.);
#1992=ORIENTED_EDGE('582',*,*,#1991,.T.);
#1993=ORIENTED_EDGE('495',*,*,#1409,.T.);
#1994=ORIENTED_EDGE('583',*,*,#1978,.F.);
#1995=EDGE_LOOP('525',(#1990,#1992,#1993,#1994));
#1996=FACE_OUTER_BOUND('525',#1995,.F.);
#1998=CARTESIAN_POINT('',(5.590917837084E1,-2.822110685656E1,3.E1));
#1999=DIRECTION('',(2.588190451025E-1,9.659258262891E-1,0.E0));
#2000=DIRECTION('',(-9.659258262891E-1,2.588190451025E-1,0.E0));
#2001=AXIS2_PLACEMENT_3D('',#1998,#1999,#2000);
#2002=PLANE('533',#2001);
#2003=ORIENTED_EDGE('565',*,*,#1480,.F.);
#2004=ORIENTED_EDGE('680',*,*,#1586,.T.);
#2005=ORIENTED_EDGE('576',*,*,#1411,.T.);
#2006=ORIENTED_EDGE('582',*,*,#1991,.F.);
#2007=EDGE_LOOP('533',(#2003,#2004,#2005,#2006));
#2008=FACE_OUTER_BOUND('533',#2007,.F.);
#2010=CARTESIAN_POINT('',(-2.E1,-3.3E1,9.E0));
#2011=DIRECTION('',(0.E0,-1.E0,0.E0));
#2012=DIRECTION('',(0.E0,0.E0,1.E0));
#2013=AXIS2_PLACEMENT_3D('',#2010,#2011,#2012);
#2014=CYLINDRICAL_SURFACE('1221',#2013,2.25E0);
#2015=ORIENTED_EDGE('1226',*,*,#1942,.F.);
#2016=ORIENTED_EDGE('1244',*,*,#1919,.T.);
#2017=ORIENTED_EDGE('1236',*,*,#1879,.T.);
#2018=ORIENTED_EDGE('1243',*,*,#1916,.F.);
#2019=EDGE_LOOP('1221',(#2015,#2016,#2017,#2018));
#2020=FACE_OUTER_BOUND('1221',#2019,.F.);
#2022=CARTESIAN_POINT('',(-1.4E1,-3.226966627188E1,0.E0));
#2023=DIRECTION('',(1.E0,0.E0,0.E0));
#2024=DIRECTION('',(0.E0,1.E0,0.E0));
#2025=AXIS2_PLACEMENT_3D('',#2022,#2023,#2024);
#2026=PLANE('1000',#2025);
#2027=ORIENTED_EDGE('1005',*,*,#1789,.T.);
#2028=ORIENTED_EDGE('1011',*,*,#1812,.T.);
#2029=ORIENTED_EDGE('995',*,*,#1842,.F.);
#2030=ORIENTED_EDGE('1009',*,*,#1307,.F.);
#2031=EDGE_LOOP('1000',(#2027,#2028,#2029,#2030));
#2032=FACE_OUTER_BOUND('1000',#2031,.F.);
#2034=CARTESIAN_POINT('',(4.6E1,-2.95E1,0.E0));
#2035=DIRECTION('',(0.E0,0.E0,1.E0));
#2036=DIRECTION('',(1.E0,0.E0,0.E0));
#2037=AXIS2_PLACEMENT_3D('',#2034,#2035,#2036);
#2038=CYLINDRICAL_SURFACE('1534',#2037,7.E0);
#2039=ORIENTED_EDGE('1573',*,*,#1760,.T.);
#2040=ORIENTED_EDGE('1575',*,*,#1792,.F.);
#2041=ORIENTED_EDGE('1581',*,*,#1303,.F.);
#2042=ORIENTED_EDGE('1577',*,*,#1661,.T.);
#2043=EDGE_LOOP('1534',(#2039,#2040,#2041,#2042));
#2044=FACE_OUTER_BOUND('1534',#2043,.F.);
#2046=CARTESIAN_POINT('',(4.6E1,2.57E1,3.E1));
#2047=DIRECTION('',(0.E0,-1.E0,0.E0));
#2048=DIRECTION('',(1.E0,0.E0,0.E0));
#2049=AXIS2_PLACEMENT_3D('',#2046,#2047,#2048);
#2050=PLANE('535',#2049);
#2051=ORIENTED_EDGE('577',*,*,#1429,.T.);
#2052=ORIENTED_EDGE('681',*,*,#1589,.F.);
#2053=ORIENTED_EDGE('669',*,*,#1476,.T.);
#2055=ORIENTED_EDGE('584',*,*,#2054,.T.);
#2056=EDGE_LOOP('535',(#2051,#2052,#2053,#2055));
#2057=FACE_OUTER_BOUND('535',#2056,.F.);
#2059=CARTESIAN_POINT('',(4.6E1,2.95E1,3.E1));
#2060=DIRECTION('',(0.E0,0.E0,1.E0));
#2061=DIRECTION('',(-1.E0,0.E0,0.E0));
#2062=AXIS2_PLACEMENT_3D('',#2059,#2060,#2061);
#2063=CYLINDRICAL_SURFACE('545',#2062,3.8E0);
#2064=ORIENTED_EDGE('559',*,*,#1542,.F.);
#2066=ORIENTED_EDGE('585',*,*,#2065,.T.);
#2067=ORIENTED_EDGE('505',*,*,#1431,.T.);
#2068=ORIENTED_EDGE('584',*,*,#2054,.F.);
#2069=ORIENTED_EDGE('670',*,*,#1474,.F.);
#2070=EDGE_LOOP('545',(#2064,#2066,#2067,#2068,#2069));
#2071=FACE_OUTER_BOUND('545',#2070,.F.);
#2073=CARTESIAN_POINT('',(4.324058211680E1,3.388378482018E1,3.E1));
#2074=DIRECTION('',(-9.659258262891E-1,2.588190451025E-1,0.E0));
#2075=DIRECTION('',(-2.588190451025E-1,-9.659258262891E-1,0.E0));
#2076=AXIS2_PLACEMENT_3D('',#2073,#2074,#2075);
#2077=PLANE('543',#2076);
#2078=ORIENTED_EDGE('558',*,*,#1540,.F.);
#2079=ORIENTED_EDGE('578',*,*,#1433,.T.);
#2080=ORIENTED_EDGE('585',*,*,#2065,.F.);
#2081=EDGE_LOOP('543',(#2078,#2079,#2080));
#2082=FACE_OUTER_BOUND('543',#2081,.F.);
#2084=CARTESIAN_POINT('',(-4.6E1,2.95E1,7.E0));
#2085=DIRECTION('',(0.E0,0.E0,1.E0));
#2086=DIRECTION('',(-1.E0,0.E0,0.E0));
#2087=AXIS2_PLACEMENT_3D('',#2084,#2085,#2086);
#2088=CYLINDRICAL_SURFACE('611',#2087,2.E0);
#2089=ORIENTED_EDGE('633',*,*,#1262,.T.);
#2091=ORIENTED_EDGE('650',*,*,#2090,.F.);
#2092=ORIENTED_EDGE('641',*,*,#1393,.F.);
#2094=ORIENTED_EDGE('649',*,*,#2093,.T.);
#2095=EDGE_LOOP('611',(#2089,#2091,#2092,#2094));
#2096=FACE_OUTER_BOUND('611',#2095,.F.);
#2098=CARTESIAN_POINT('',(-4.6E1,2.95E1,7.E0));
#2099=DIRECTION('',(0.E0,0.E0,1.E0));
#2100=DIRECTION('',(-1.E0,0.E0,0.E0));
#2101=AXIS2_PLACEMENT_3D('',#2098,#2099,#2100);
#2102=CYLINDRICAL_SURFACE('613',#2101,2.E0);
#2103=ORIENTED_EDGE('634',*,*,#1264,.T.);
#2104=ORIENTED_EDGE('649',*,*,#2093,.F.);
#2105=ORIENTED_EDGE('642',*,*,#1395,.F.);
#2106=ORIENTED_EDGE('650',*,*,#2090,.T.);
#2107=EDGE_LOOP('613',(#2103,#2104,#2105,#2106));
#2108=FACE_OUTER_BOUND('613',#2107,.F.);
#2110=CARTESIAN_POINT('',(4.6E1,-2.95E1,7.E0));
#2111=DIRECTION('',(0.E0,0.E0,1.E0));
#2112=DIRECTION('',(-1.E0,0.E0,0.E0));
#2113=AXIS2_PLACEMENT_3D('',#2110,#2111,#2112);
#2114=CYLINDRICAL_SURFACE('615',#2113,2.E0);
#2115=ORIENTED_EDGE('635',*,*,#1321,.T.);
#2117=ORIENTED_EDGE('652',*,*,#2116,.F.);
#2118=ORIENTED_EDGE('643',*,*,#1417,.F.);
#2120=ORIENTED_EDGE('651',*,*,#2119,.T.);
#2121=EDGE_LOOP('615',(#2115,#2117,#2118,#2120));
#2122=FACE_OUTER_BOUND('615',#2121,.F.);
#2124=CARTESIAN_POINT('',(4.6E1,-2.95E1,7.E0));
#2125=DIRECTION('',(0.E0,0.E0,1.E0));
#2126=DIRECTION('',(-1.E0,0.E0,0.E0));
#2127=AXIS2_PLACEMENT_3D('',#2124,#2125,#2126);
#2128=CYLINDRICAL_SURFACE('617',#2127,2.E0);
#2129=ORIENTED_EDGE('636',*,*,#1323,.T.);
#2130=ORIENTED_EDGE('651',*,*,#2119,.F.);
#2131=ORIENTED_EDGE('644',*,*,#1419,.F.);
#2132=ORIENTED_EDGE('652',*,*,#2116,.T.);
#2133=EDGE_LOOP('617',(#2129,#2130,#2131,#2132));
#2134=FACE_OUTER_BOUND('617',#2133,.F.);
#2136=CARTESIAN_POINT('',(4.6E1,2.95E1,7.E0));
#2137=DIRECTION('',(0.E0,0.E0,1.E0));
#2138=DIRECTION('',(-1.E0,0.E0,0.E0));
#2139=AXIS2_PLACEMENT_3D('',#2136,#2137,#2138);
#2140=CYLINDRICAL_SURFACE('619',#2139,2.E0);
#2141=ORIENTED_EDGE('637',*,*,#1268,.T.);
#2143=ORIENTED_EDGE('654',*,*,#2142,.F.);
#2144=ORIENTED_EDGE('645',*,*,#1441,.F.);
#2146=ORIENTED_EDGE('653',*,*,#2145,.T.);
#2147=EDGE_LOOP('619',(#2141,#2143,#2144,#2146));
#2148=FACE_OUTER_BOUND('619',#2147,.F.);
#2150=CARTESIAN_POINT('',(4.6E1,2.95E1,7.E0));
#2151=DIRECTION('',(0.E0,0.E0,1.E0));
#2152=DIRECTION('',(-1.E0,0.E0,0.E0));
#2153=AXIS2_PLACEMENT_3D('',#2150,#2151,#2152);
#2154=CYLINDRICAL_SURFACE('621',#2153,2.E0);
#2155=ORIENTED_EDGE('638',*,*,#1270,.T.);
#2156=ORIENTED_EDGE('653',*,*,#2145,.F.);
#2157=ORIENTED_EDGE('646',*,*,#1443,.F.);
#2158=ORIENTED_EDGE('654',*,*,#2142,.T.);
#2159=EDGE_LOOP('621',(#2155,#2156,#2157,#2158));
#2160=FACE_OUTER_BOUND('621',#2159,.F.);
#2166=PLANE_ANGLE_MEASURE_WITH_UNIT(PLANE_ANGLE_MEASURE(1.745329251994E-2),
#2165);
#2167=(CONVERSION_BASED_UNIT('DEGREE',#2166)NAMED_UNIT(*)PLANE_ANGLE_UNIT());
#2169=UNCERTAINTY_MEASURE_WITH_UNIT(LENGTH_MEASURE(1.E-2),#2164,
'distance_accuracy_value',
'Maximum model space distance between geometric entities at asserted connectivities');
#2172=APPLICATION_CONTEXT('automotive_design');
#2173=APPLICATION_PROTOCOL_DEFINITION('international standard',
'automotive_design',2001,#2172);
#2174=PRODUCT_DEFINITION_CONTEXT('part definition',#2172,'design');
#2175=PRODUCT_CONTEXT('',#2172,'mechanical');
#2176=PRODUCT('00000000000_-_GEH_KOERPER','00000000000_-_GEH_KOERPER',
'NOT SPECIFIED',(#2175));
#2177=PRODUCT_DEFINITION_FORMATION('1','LAST_VERSION',#2176);
#2185=DERIVED_UNIT_ELEMENT(#2184,2.E0);
#2186=DERIVED_UNIT((#2185));
#2187=MEASURE_REPRESENTATION_ITEM('surface area measure',AREA_MEASURE(
3.037168197443E4),#2186);
#2192=DERIVED_UNIT_ELEMENT(#2191,3.E0);
#2193=DERIVED_UNIT((#2192));
#2194=MEASURE_REPRESENTATION_ITEM('volume measure',VOLUME_MEASURE(
3.160713782613E4),#2193);
#2198=CARTESIAN_POINT('centre point',(-2.914686597829E-2,-1.728358626795E0,
1.925986338355E1));
#2203=DERIVED_UNIT_ELEMENT(#2202,2.E0);
#2204=DERIVED_UNIT((#2203));
#2205=MEASURE_REPRESENTATION_ITEM('surface area measure',AREA_MEASURE(
3.037168197443E4),#2204);
#2210=DERIVED_UNIT_ELEMENT(#2209,3.E0);
#2211=DERIVED_UNIT((#2210));
#2212=MEASURE_REPRESENTATION_ITEM('volume measure',VOLUME_MEASURE(
3.160713782613E4),#2211);
#2216=CARTESIAN_POINT('centre point',(-2.914686597829E-2,-1.728358626795E0,
1.925986338355E1));
#2221=PRODUCT_RELATED_PRODUCT_CATEGORY('part','',(#2176));
#2223=GENERAL_PROPERTY('','CHANGE_NUMBER','user defined attribute');
#2224=GENERAL_PROPERTY_ASSOCIATION('user defined attribute','',#2223,#2222);
#2225=DESCRIPTIVE_REPRESENTATION_ITEM('CHANGE_NUMBER','');
#2229=GENERAL_PROPERTY('','CLASS_CODE','user defined attribute');
#2230=GENERAL_PROPERTY_ASSOCIATION('user defined attribute','',#2229,#2228);
#2231=DESCRIPTIVE_REPRESENTATION_ITEM('CLASS_CODE','');
#2235=GENERAL_PROPERTY('','DESCR1_R1','user defined attribute');
#2236=GENERAL_PROPERTY_ASSOCIATION('user defined attribute','',#2235,#2234);
#2237=DESCRIPTIVE_REPRESENTATION_ITEM('DESCR1_R1','');
#2241=GENERAL_PROPERTY('','DESCR1_R2','user defined attribute');
#2242=GENERAL_PROPERTY_ASSOCIATION('user defined attribute','',#2241,#2240);
#2243=DESCRIPTIVE_REPRESENTATION_ITEM('DESCR1_R2','');
#2247=GENERAL_PROPERTY('','DESCR2_R1','user defined attribute');
#2248=GENERAL_PROPERTY_ASSOCIATION('user defined attribute','',#2247,#2246);
#2249=DESCRIPTIVE_REPRESENTATION_ITEM('DESCR2_R1','');
#2253=GENERAL_PROPERTY('','DESCR2_R2','user defined attribute');
#2254=GENERAL_PROPERTY_ASSOCIATION('user defined attribute','',#2253,#2252);
#2255=DESCRIPTIVE_REPRESENTATION_ITEM('DESCR2_R2','');
#2259=GENERAL_PROPERTY('','DESCR3_R1','user defined attribute');
#2260=GENERAL_PROPERTY_ASSOCIATION('user defined attribute','',#2259,#2258);
#2261=DESCRIPTIVE_REPRESENTATION_ITEM('DESCR3_R1','');
#2265=GENERAL_PROPERTY('','DESCR3_R2','user defined attribute');
#2266=GENERAL_PROPERTY_ASSOCIATION('user defined attribute','',#2265,#2264);
#2267=DESCRIPTIVE_REPRESENTATION_ITEM('DESCR3_R2','');
#2271=GENERAL_PROPERTY('','LANG_DESCR3','user defined attribute');
#2272=GENERAL_PROPERTY_ASSOCIATION('user defined attribute','',#2271,#2270);
#2273=DESCRIPTIVE_REPRESENTATION_ITEM('LANG_DESCR3','--');
#2277=GENERAL_PROPERTY('','MANUFACTURING_ID','user defined attribute');
#2278=GENERAL_PROPERTY_ASSOCIATION('user defined attribute','',#2277,#2276);
#2279=DESCRIPTIVE_REPRESENTATION_ITEM('MANUFACTURING_ID','');
#2283=GENERAL_PROPERTY('','MATERIAL','user defined attribute');
#2284=GENERAL_PROPERTY_ASSOCIATION('user defined attribute','',#2283,#2282);
#2285=DESCRIPTIVE_REPRESENTATION_ITEM('MATERIAL','');
#2289=GENERAL_PROPERTY('','PROJECT','user defined attribute');
#2290=GENERAL_PROPERTY_ASSOCIATION('user defined attribute','',#2289,#2288);
#2291=DESCRIPTIVE_REPRESENTATION_ITEM('PROJECT','');
#2295=GENERAL_PROPERTY('','WEIGHT','user defined attribute');
#2296=GENERAL_PROPERTY_ASSOCIATION('user defined attribute','',#2295,#2294);
#2297=VALUE_REPRESENTATION_ITEM('WEIGHT',NUMERIC_MEASURE(0.E0));
#2300=DESCRIPTIVE_REPRESENTATION_ITEM('attribute description','Real Number');
#2305=GENERAL_PROPERTY('','WEIGHT_FACTOR','user defined attribute');
#2306=GENERAL_PROPERTY_ASSOCIATION('user defined attribute','',#2305,#2304);
#2307=VALUE_REPRESENTATION_ITEM('WEIGHT_FACTOR',NUMERIC_MEASURE(1.E0));
#2310=DESCRIPTIVE_REPRESENTATION_ITEM('attribute description','Real Number');
#2315=GENERAL_PROPERTY('','WEIGHT_ADD','user defined attribute');
#2316=GENERAL_PROPERTY_ASSOCIATION('user defined attribute','',#2315,#2314);
#2317=VALUE_REPRESENTATION_ITEM('WEIGHT_ADD',NUMERIC_MEASURE(0.E0));
#2320=DESCRIPTIVE_REPRESENTATION_ITEM('attribute description','Real Number');
#2325=GENERAL_PROPERTY('','_MASS_TEMP','user defined attribute');
#2326=GENERAL_PROPERTY_ASSOCIATION('user defined attribute','',#2325,#2324);
#2327=VALUE_REPRESENTATION_ITEM('_MASS_TEMP',NUMERIC_MEASURE(0.E0));
#2330=DESCRIPTIVE_REPRESENTATION_ITEM('attribute description','Real Number');
#2335=GENERAL_PROPERTY('','_DIFF_TEMP','user defined attribute');
#2336=GENERAL_PROPERTY_ASSOCIATION('user defined attribute','',#2335,#2334);
#2338=MEASURE_REPRESENTATION_ITEM('_DIFF_TEMP',MASS_MEASURE(0.E0),#2337);
#2342=GENERAL_PROPERTY('','DCC','user defined attribute');
#2343=GENERAL_PROPERTY_ASSOCIATION('user defined attribute','',#2342,#2341);
#2344=DESCRIPTIVE_REPRESENTATION_ITEM('DCC','');
#2348=GENERAL_PROPERTY('','RAW_PART','user defined attribute');
#2349=GENERAL_PROPERTY_ASSOCIATION('user defined attribute','',#2348,#2347);
#2350=DESCRIPTIVE_REPRESENTATION_ITEM('RAW_PART','');
#2354=GENERAL_PROPERTY('','SIEMENS_NUMBER','user defined attribute');
#2355=GENERAL_PROPERTY_ASSOCIATION('user defined attribute','',#2354,#2353);
#2356=DESCRIPTIVE_REPRESENTATION_ITEM('SIEMENS_NUMBER','');
#2360=GENERAL_PROPERTY('','ASSIGNED_DOCUMENT_NUMBER','user defined attribute');
#2361=GENERAL_PROPERTY_ASSOCIATION('user defined attribute','',#2360,#2359);
#2362=DESCRIPTIVE_REPRESENTATION_ITEM('ASSIGNED_DOCUMENT_NUMBER','');
#2366=GENERAL_PROPERTY('','ASSIGNED_MATERIAL_NUMBER','user defined attribute');
#2367=GENERAL_PROPERTY_ASSOCIATION('user defined attribute','',#2366,#2365);
#2368=DESCRIPTIVE_REPRESENTATION_ITEM('ASSIGNED_MATERIAL_NUMBER','');
#2372=GENERAL_PROPERTY('','MANUFACTURER','user defined attribute');
#2373=GENERAL_PROPERTY_ASSOCIATION('user defined attribute','',#2372,#2371);
#2374=DESCRIPTIVE_REPRESENTATION_ITEM('MANUFACTURER','--');
#2378=GENERAL_PROPERTY('','MC_ERRORS','user defined attribute');
#2379=GENERAL_PROPERTY_ASSOCIATION('user defined attribute','',#2378,#2377);
#2380=VALUE_REPRESENTATION_ITEM('MC_ERRORS',COUNT_MEASURE(0));
#2383=DESCRIPTIVE_REPRESENTATION_ITEM('attribute description','Integer');
#2388=GENERAL_PROPERTY('','MODEL_CHECK','user defined attribute');
#2389=GENERAL_PROPERTY_ASSOCIATION('user defined attribute','',#2388,#2387);
#2390=DESCRIPTIVE_REPRESENTATION_ITEM('MODEL_CHECK','');
#2394=GENERAL_PROPERTY('','STEP_VERSION','user defined attribute');
#2395=GENERAL_PROPERTY_ASSOCIATION('user defined attribute','',#2394,#2393);
#2396=DESCRIPTIVE_REPRESENTATION_ITEM('STEP_VERSION','');
#2400=GENERAL_PROPERTY('','SUPPLIER_FILENAME','user defined attribute');
#2401=GENERAL_PROPERTY_ASSOCIATION('user defined attribute','',#2400,#2399);
#2402=DESCRIPTIVE_REPRESENTATION_ITEM('SUPPLIER_FILENAME','');
#2406=GENERAL_PROPERTY('','PTC_WM_REVISION','user defined attribute');
#2407=GENERAL_PROPERTY_ASSOCIATION('user defined attribute','',#2406,#2405);
#2408=DESCRIPTIVE_REPRESENTATION_ITEM('PTC_WM_REVISION','-');
#2412=GENERAL_PROPERTY('','PTC_WM_ITERATION','user defined attribute');
#2413=GENERAL_PROPERTY_ASSOCIATION('user defined attribute','',#2412,#2411);
#2414=DESCRIPTIVE_REPRESENTATION_ITEM('PTC_WM_ITERATION','0');
#2418=GENERAL_PROPERTY('','PTC_WM_VERSION','user defined attribute');
#2419=GENERAL_PROPERTY_ASSOCIATION('user defined attribute','',#2418,#2417);
#2420=DESCRIPTIVE_REPRESENTATION_ITEM('PTC_WM_VERSION','-.0');
#2424=GENERAL_PROPERTY('','PTC_WM_LIFECYCLE_STATE','user defined attribute');
#2425=GENERAL_PROPERTY_ASSOCIATION('user defined attribute','',#2424,#2423);
#2426=DESCRIPTIVE_REPRESENTATION_ITEM('PTC_WM_LIFECYCLE_STATE','In Work');
#2430=GENERAL_PROPERTY('','PTC_WM_LIFECYCLE','user defined attribute');
#2431=GENERAL_PROPERTY_ASSOCIATION('user defined attribute','',#2430,#2429);
#2432=DESCRIPTIVE_REPRESENTATION_ITEM('PTC_WM_LIFECYCLE','MO_CADDocument');
#2436=GENERAL_PROPERTY('','PTC_WM_LOCATION','user defined attribute');
#2437=GENERAL_PROPERTY_ASSOCIATION('user defined attribute','',#2436,#2435);
#2438=DESCRIPTIVE_REPRESENTATION_ITEM('PTC_WM_LOCATION','');
#2442=GENERAL_PROPERTY('','PTC_WM_CREATED_BY','user defined attribute');
#2443=GENERAL_PROPERTY_ASSOCIATION('user defined attribute','',#2442,#2441);
#2444=DESCRIPTIVE_REPRESENTATION_ITEM('PTC_WM_CREATED_BY',
'Maximilian Roepper (Z0017RMS: MO)');
#2448=GENERAL_PROPERTY('','PTC_WM_CREATED_ON','user defined attribute');
#2449=GENERAL_PROPERTY_ASSOCIATION('user defined attribute','',#2448,#2447);
#2450=DESCRIPTIVE_REPRESENTATION_ITEM('PTC_WM_CREATED_ON',
'18-Sep-26 11:36:42 AM');
#2454=GENERAL_PROPERTY('','PTC_WM_MODIFIED_BY','user defined attribute');
#2455=GENERAL_PROPERTY_ASSOCIATION('user defined attribute','',#2454,#2453);
#2456=DESCRIPTIVE_REPRESENTATION_ITEM('PTC_WM_MODIFIED_BY',
'Maximilian Roepper (Z0017RMS: MO)');
#2460=GENERAL_PROPERTY('','PTC_WM_MODIFIED_ON','user defined attribute');
#2461=GENERAL_PROPERTY_ASSOCIATION('user defined attribute','',#2460,#2459);
#2462=DESCRIPTIVE_REPRESENTATION_ITEM('PTC_WM_MODIFIED_ON',
'18-Sep-26 11:36:46 AM');
#2466=GENERAL_PROPERTY('','PTC_WM_TEAM','user defined attribute');
#2467=GENERAL_PROPERTY_ASSOCIATION('user defined attribute','',#2466,#2465);
#2468=DESCRIPTIVE_REPRESENTATION_ITEM('PTC_WM_TEAM','');
#2472=GENERAL_PROPERTY('','SUPPLIER','user defined attribute');
#2473=GENERAL_PROPERTY_ASSOCIATION('user defined attribute','',#2472,#2471);
#2474=VALUE_REPRESENTATION_ITEM('SUPPLIER',COUNT_MEASURE(0));
#2477=DESCRIPTIVE_REPRESENTATION_ITEM('attribute description','Integer');
#2482=GENERAL_PROPERTY('','PTC_ORGANIZATION_ID','user defined attribute');
#2483=GENERAL_PROPERTY_ASSOCIATION('user defined attribute','',#2482,#2481);
#2484=DESCRIPTIVE_REPRESENTATION_ITEM('PTC_ORGANIZATION_ID','MO');
#2488=GENERAL_PROPERTY('','PTC_MODIFIED','user defined attribute');
#2489=GENERAL_PROPERTY_ASSOCIATION('user defined attribute','',#2488,#2487);
#2490=DESCRIPTIVE_REPRESENTATION_ITEM('PTC_MODIFIED','YES');
#2493=DESCRIPTIVE_REPRESENTATION_ITEM('attribute description','Yes No');
#2498=GENERAL_PROPERTY('','PLM','user defined attribute');
#2499=GENERAL_PROPERTY_ASSOCIATION('user defined attribute','',#2498,#2497);
#2500=DESCRIPTIVE_REPRESENTATION_ITEM('PLM','');
#2504=GENERAL_PROPERTY('','DOCUMENT_NUMBER','user defined attribute');
#2505=GENERAL_PROPERTY_ASSOCIATION('user defined attribute','',#2504,#2503);
#2506=DESCRIPTIVE_REPRESENTATION_ITEM('DOCUMENT_NUMBER','');
#2510=GENERAL_PROPERTY('','MATERIAL_TYPE','user defined attribute');
#2511=GENERAL_PROPERTY_ASSOCIATION('user defined attribute','',#2510,#2509);
#2512=DESCRIPTIVE_REPRESENTATION_ITEM('MATERIAL_TYPE','');
#2516=GENERAL_PROPERTY('','MATERIAL_NUMBER','user defined attribute');
#2517=GENERAL_PROPERTY_ASSOCIATION('user defined attribute','',#2516,#2515);
#2518=DESCRIPTIVE_REPRESENTATION_ITEM('MATERIAL_NUMBER','');
#2522=GENERAL_PROPERTY('','PDMLINKNUMBER','user defined attribute');
#2523=GENERAL_PROPERTY_ASSOCIATION('user defined attribute','',#2522,#2521);
#2524=DESCRIPTIVE_REPRESENTATION_ITEM('PDMLINKNUMBER','PDM000071455020');
#2528=GENERAL_PROPERTY('','VISIBLE','user defined attribute');
#2529=GENERAL_PROPERTY_ASSOCIATION('user defined attribute','',#2528,#2527);
#2530=DESCRIPTIVE_REPRESENTATION_ITEM('VISIBLE','');
#2534=GENERAL_PROPERTY('','PTC_WM_NAME','user defined attribute');
#2535=GENERAL_PROPERTY_ASSOCIATION('user defined attribute','',#2534,#2533);
#2536=DESCRIPTIVE_REPRESENTATION_ITEM('PTC_WM_NAME',
'00000000000_-_geh_koerper.prt');
#2540=GENERAL_PROPERTY('','PTC_WM_NUMBER','user defined attribute');
#2541=GENERAL_PROPERTY_ASSOCIATION('user defined attribute','',#2540,#2539);
#2542=DESCRIPTIVE_REPRESENTATION_ITEM('PTC_WM_NUMBER','PDM000071455020');
#2546=GENERAL_PROPERTY('','TC_CREO_MAT_ID','user defined attribute');
#2547=GENERAL_PROPERTY_ASSOCIATION('user defined attribute','',#2546,#2545);
#2548=DESCRIPTIVE_REPRESENTATION_ITEM('TC_CREO_MAT_ID','');
#2552=GENERAL_PROPERTY('','PTC_MASTER_MATERIAL','user defined attribute');
#2553=GENERAL_PROPERTY_ASSOCIATION('user defined attribute','',#2552,#2551);
#2554=DESCRIPTIVE_REPRESENTATION_ITEM('PTC_MASTER_MATERIAL',
'PTC_SYSTEM_MTRL_PROPS');
#1=DRAUGHTING_PRE_DEFINED_COLOUR('black');
#2=COLOUR_RGB('',0.E0,0.E0,8.04E-1);
#3=COLOUR_RGB('',0.E0,0.E0,9.61E-1);
#4=DRAUGHTING_PRE_DEFINED_COLOUR('blue');
#5=COLOUR_RGB('',0.E0,4.51E-1,1.E0);
#6=COLOUR_RGB('',0.E0,5.01961E-1,0.E0);
#7=COLOUR_RGB('',0.E0,5.61E-1,6.59E-1);
#8=COLOUR_RGB('',0.E0,6.E-1,9.02E-1);
#9=COLOUR_RGB('',0.E0,6.59E-1,0.E0);
#10=COLOUR_RGB('',0.E0,6.59E-1,3.18E-1);
#11=COLOUR_RGB('',0.E0,6.59E-1,4.51E-1);
#12=COLOUR_RGB('',0.E0,6.59E-1,5.61E-1);
#13=COLOUR_RGB('',0.E0,6.59E-1,6.59E-1);
#14=COLOUR_RGB('',0.E0,6.59E-1,1.E0);
#15=COLOUR_RGB('',0.E0,6.78E-1,8.04E-1);
#16=COLOUR_RGB('',0.E0,7.61E-1,9.02E-1);
#17=COLOUR_RGB('',0.E0,8.04E-1,0.E0);
#18=COLOUR_RGB('',0.E0,8.04E-1,3.76E-1);
#19=COLOUR_RGB('',0.E0,8.04E-1,5.37E-1);
#20=COLOUR_RGB('',0.E0,8.04E-1,6.78E-1);
#21=COLOUR_RGB('',0.E0,8.04E-1,8.04E-1);
#22=COLOUR_RGB('',0.E0,8.15686E-1,8.15686E-1);
#23=COLOUR_RGB('',0.E0,8.39E-1,1.E0);
#24=COLOUR_RGB('',0.E0,9.02E-1,0.E0);
#25=COLOUR_RGB('',0.E0,9.02E-1,4.12E-1);
#26=COLOUR_RGB('',0.E0,9.02E-1,6.E-1);
#27=COLOUR_RGB('',0.E0,9.02E-1,7.61E-1);
#28=COLOUR_RGB('',0.E0,9.02E-1,9.02E-1);
#29=COLOUR_RGB('',0.E0,9.61E-1,0.E0);
#30=COLOUR_RGB('',0.E0,9.61E-1,9.61E-1);
#31=DRAUGHTING_PRE_DEFINED_COLOUR('green');
#32=COLOUR_RGB('',0.E0,1.E0,4.51E-1);
#33=COLOUR_RGB('',0.E0,1.E0,6.59E-1);
#34=COLOUR_RGB('',0.E0,1.E0,8.39E-1);
#35=DRAUGHTING_PRE_DEFINED_COLOUR('cyan');
#36=COLOUR_RGB('',2.31373E-1,4.86275E-1,1.E0);
#37=COLOUR_RGB('',3.18E-1,6.59E-1,0.E0);
#38=COLOUR_RGB('',3.76E-1,0.E0,8.04E-1);
#39=COLOUR_RGB('',3.76E-1,8.04E-1,0.E0);
#40=COLOUR_RGB('',4.12E-1,9.02E-1,0.E0);
#41=COLOUR_RGB('',4.51E-1,0.E0,1.E0);
#42=COLOUR_RGB('',4.51E-1,6.59E-1,0.E0);
#43=COLOUR_RGB('',4.78431E-1,3.01961E-1,0.E0);
#44=COLOUR_RGB('',5.37E-1,0.E0,8.04E-1);
#45=COLOUR_RGB('',5.37E-1,8.04E-1,0.E0);
#46=COLOUR_RGB('',5.61E-1,6.59E-1,0.E0);
#47=COLOUR_RGB('',6.E-1,0.E0,9.02E-1);
#48=COLOUR_RGB('',6.E-1,6.E-1,6.E-1);
#49=COLOUR_RGB('',6.E-1,9.02E-1,0.E0);
#50=COLOUR_RGB('',6.35294E-1,6.86275E-1,7.4902E-1);
#51=COLOUR_RGB('',6.59E-1,0.E0,0.E0);
#52=COLOUR_RGB('',6.59E-1,0.E0,1.E0);
#53=COLOUR_RGB('',6.59E-1,3.18E-1,0.E0);
#54=COLOUR_RGB('',6.59E-1,4.51E-1,0.E0);
#55=COLOUR_RGB('',6.59E-1,5.61E-1,0.E0);
#56=COLOUR_RGB('',6.59E-1,6.59E-1,0.E0);
#57=COLOUR_RGB('',6.78E-1,0.E0,8.04E-1);
#58=COLOUR_RGB('',6.78E-1,8.04E-1,0.E0);
#59=COLOUR_RGB('',7.61E-1,0.E0,9.02E-1);
#60=COLOUR_RGB('',7.61E-1,9.02E-1,0.E0);
#61=COLOUR_RGB('',8.E-1,8.E-1,8.E-1);
#62=COLOUR_RGB('',8.04E-1,0.E0,0.E0);
#63=COLOUR_RGB('',8.04E-1,0.E0,3.76E-1);
#64=COLOUR_RGB('',8.04E-1,0.E0,5.37E-1);
#65=COLOUR_RGB('',8.04E-1,0.E0,6.78E-1);
#66=COLOUR_RGB('',8.04E-1,0.E0,8.04E-1);
#67=COLOUR_RGB('',8.04E-1,3.76E-1,0.E0);
#68=COLOUR_RGB('',8.04E-1,5.37E-1,0.E0);
#69=COLOUR_RGB('',8.04E-1,6.78E-1,0.E0);
#70=COLOUR_RGB('',8.04E-1,8.04E-1,0.E0);
#71=COLOUR_RGB('',8.39E-1,0.E0,1.E0);
#72=COLOUR_RGB('',9.02E-1,0.E0,0.E0);
#73=COLOUR_RGB('',9.02E-1,0.E0,4.12E-1);
#74=COLOUR_RGB('',9.02E-1,0.E0,6.E-1);
#75=COLOUR_RGB('',9.02E-1,0.E0,7.61E-1);
#76=COLOUR_RGB('',9.02E-1,0.E0,9.02E-1);
#77=COLOUR_RGB('',9.02E-1,4.12E-1,0.E0);
#78=COLOUR_RGB('',9.02E-1,6.E-1,0.E0);
#79=COLOUR_RGB('',9.02E-1,7.61E-1,0.E0);
#80=COLOUR_RGB('',9.02E-1,9.02E-1,0.E0);
#81=COLOUR_RGB('',9.14E-1,9.14E-1,9.14E-1);
#82=COLOUR_RGB('',9.61E-1,0.E0,9.61E-1);
#83=COLOUR_RGB('',9.96078E-1,5.33333E-1,0.E0);
#84=COLOUR_RGB('',9.96078E-1,9.96078E-1,0.E0);
#85=DRAUGHTING_PRE_DEFINED_COLOUR('red');
#86=COLOUR_RGB('',1.E0,0.E0,4.51E-1);
#87=COLOUR_RGB('',1.E0,0.E0,6.59E-1);
#88=COLOUR_RGB('',1.E0,0.E0,8.39E-1);
#89=DRAUGHTING_PRE_DEFINED_COLOUR('magenta');
#90=COLOUR_RGB('',1.E0,6.59E-1,0.E0);
#91=DRAUGHTING_PRE_DEFINED_COLOUR('yellow');
#92=DRAUGHTING_PRE_DEFINED_COLOUR('white');
#153=CIRCLE('838',#152,3.E0);
#158=CIRCLE('839',#157,3.E0);
#171=CIRCLE('836',#170,3.E0);
#176=CIRCLE('837',#175,3.E0);
#209=CIRCLE('631',#208,2.E0);
#214=CIRCLE('632',#213,2.E0);
#219=CIRCLE('633',#218,2.E0);
#224=CIRCLE('634',#223,2.E0);
#229=CIRCLE('635',#228,2.E0);
#234=CIRCLE('636',#233,2.E0);
#239=CIRCLE('637',#238,2.E0);
#244=CIRCLE('638',#243,2.E0);
#261=CIRCLE('1579',#260,7.E0);
#270=CIRCLE('1578',#269,7.E0);
#299=CIRCLE('1580',#298,7.E0);
#324=CIRCLE('1581',#323,7.E0);
#357=CIRCLE('319',#356,3.8E0);
#370=CIRCLE('489',#369,3.8E0);
#383=CIRCLE('495',#382,3.8E0);
#396=CIRCLE('505',#395,3.8E0);
#405=CIRCLE('639',#404,2.E0);
#410=CIRCLE('640',#409,2.E0);
#415=CIRCLE('641',#414,2.E0);
#420=CIRCLE('642',#419,2.E0);
#425=CIRCLE('643',#424,2.E0);
#430=CIRCLE('644',#429,2.E0);
#435=CIRCLE('645',#434,2.E0);
#440=CIRCLE('646',#439,2.E0);
#453=CIRCLE('667',#452,3.8E0);
#462=CIRCLE('670',#461,3.8E0);
#475=CIRCLE('563',#474,3.8E0);
#488=CIRCLE('560',#487,3.8E0);
#503=B_SPLINE_CURVE_WITH_KNOTS('556',3,(#497,#498,#499,#500,#501,#502),
.UNSPECIFIED.,.F.,.F.,(4,1,1,4),(0.E0,2.5E-1,5.E-1,1.E0),.UNSPECIFIED.);
#530=B_SPLINE_CURVE_WITH_KNOTS('559',3,(#524,#525,#526,#527,#528,#529),
.UNSPECIFIED.,.F.,.F.,(4,1,1,4),(0.E0,5.E-1,7.5E-1,1.E0),.UNSPECIFIED.);
#603=CIRCLE('970',#602,3.E0);
#608=CIRCLE('971',#607,3.E0);
#645=CIRCLE('972',#644,3.E0);
#650=CIRCLE('973',#649,3.E0);
#668=B_SPLINE_CURVE_WITH_KNOTS('1569',3,(#663,#664,#665,#666,#667),
.UNSPECIFIED.,.F.,.F.,(4,1,4),(0.E0,5.E-1,1.E0),.UNSPECIFIED.);
#674=B_SPLINE_CURVE_WITH_KNOTS('1568',3,(#669,#670,#671,#672,#673),
.UNSPECIFIED.,.F.,.F.,(4,1,4),(0.E0,5.E-1,1.E0),.UNSPECIFIED.);
#679=CIRCLE('1572',#678,7.E0);
#684=CIRCLE('1573',#683,7.E0);
#689=CIRCLE('1570',#688,7.E0);
#698=CIRCLE('1571',#697,7.E0);
#767=CIRCLE('1235',#766,2.25E0);
#772=CIRCLE('1236',#771,2.25E0);
#813=CIRCLE('1225',#812,2.25E0);
#818=CIRCLE('1226',#817,2.25E0);
#1111=EDGE_CURVE('830',#1008,#1032,#96,.T.);
#1113=EDGE_CURVE('838',#1028,#1032,#153,.T.);
#1115=EDGE_CURVE('831',#1028,#1024,#100,.T.);
#1117=EDGE_CURVE('836',#1020,#1024,#171,.T.);
#1119=EDGE_CURVE('832',#1012,#1020,#104,.T.);
#1121=EDGE_CURVE('744',#1012,#869,#108,.T.);
#1123=EDGE_CURVE('97',#869,#870,#112,.T.);
#1125=EDGE_CURVE('1289',#870,#910,#116,.T.);
#1127=EDGE_CURVE('374',#909,#910,#120,.T.);
#1129=EDGE_CURVE('553',#916,#909,#124,.T.);
#1131=EDGE_CURVE('409',#916,#912,#128,.T.);
#1133=EDGE_CURVE('376',#912,#906,#132,.T.);
#1135=EDGE_CURVE('373',#905,#906,#136,.T.);
#1137=EDGE_CURVE('410',#905,#877,#140,.T.);
#1139=EDGE_CURVE('743',#877,#1008,#144,.T.);
#1143=ADVANCED_FACE('96',(#1142),#1110,.F.);
#1149=EDGE_CURVE('825',#1032,#1033,#148,.T.);
#1152=EDGE_CURVE('733',#1008,#1009,#307,.T.);
#1154=EDGE_CURVE('833',#1009,#1033,#188,.T.);
#1158=ADVANCED_FACE('721',(#1157),#1148,.F.);
#1164=EDGE_CURVE('824',#1028,#1029,#166,.T.);
#1168=EDGE_CURVE('839',#1033,#1029,#158,.T.);
#1172=ADVANCED_FACE('765',(#1171),#1163,.F.);
#1178=EDGE_CURVE('819',#1024,#1025,#162,.T.);
#1182=EDGE_CURVE('834',#1029,#1025,#184,.T.);
#1186=ADVANCED_FACE('723',(#1185),#1177,.F.);
#1192=EDGE_CURVE('818',#1020,#1021,#180,.T.);
#1196=EDGE_CURVE('837',#1025,#1021,#176,.T.);
#1200=ADVANCED_FACE('760',(#1199),#1191,.F.);
#1207=EDGE_CURVE('835',#1013,#1021,#204,.T.);
#1209=EDGE_CURVE('735',#1012,#1013,#252,.T.);
#1214=ADVANCED_FACE('725',(#1213),#1205,.F.);
#1223=EDGE_CURVE('745',#1015,#1009,#303,.T.);
#1225=EDGE_CURVE('1565',#1015,#882,#192,.T.);
#1227=EDGE_CURVE('248',#881,#882,#196,.T.);
#1229=EDGE_CURVE('1564',#1017,#881,#200,.T.);
#1231=EDGE_CURVE('746',#1013,#1017,#256,.T.);
#1237=ADVANCED_FACE('128',(#1236),#1219,.T.);
#1243=EDGE_CURVE('872',#1036,#1037,#248,.T.);
#1245=EDGE_CURVE('878',#1036,#873,#586,.T.);
#1247=EDGE_CURVE('109',#869,#873,#538,.T.);
#1252=EDGE_CURVE('1579',#1017,#897,#261,.T.);
#1254=EDGE_CURVE('254',#897,#898,#265,.T.);
#1256=EDGE_CURVE('1578',#898,#1045,#270,.T.);
#1258=EDGE_CURVE('880',#1037,#1045,#274,.T.);
#1262=EDGE_CURVE('633',#974,#975,#219,.T.);
#1264=EDGE_CURVE('634',#975,#974,#224,.T.);
#1268=EDGE_CURVE('637',#982,#983,#239,.T.);
#1270=EDGE_CURVE('638',#983,#982,#244,.T.);
#1274=ADVANCED_FACE('116',(#1261,#1267,#1273),#1242,.T.);
#1280=EDGE_CURVE('1043',#1088,#1089,#278,.T.);
#1282=EDGE_CURVE('1044',#1089,#1091,#282,.T.);
#1284=EDGE_CURVE('1052',#1091,#1069,#286,.T.);
#1286=EDGE_CURVE('1008',#1069,#1075,#290,.T.);
#1288=EDGE_CURVE('1006',#1079,#1075,#294,.T.);
#1290=EDGE_CURVE('1580',#1079,#1015,#299,.T.);
#1295=EDGE_CURVE('117',#877,#878,#311,.T.);
#1297=EDGE_CURVE('877',#878,#1040,#550,.T.);
#1299=EDGE_CURVE('873',#1040,#1041,#315,.T.);
#1301=EDGE_CURVE('879',#1043,#1041,#319,.T.);
#1303=EDGE_CURVE('1581',#1043,#1081,#324,.T.);
#1305=EDGE_CURVE('1007',#1077,#1081,#328,.T.);
#1307=EDGE_CURVE('1009',#1077,#1067,#332,.T.);
#1309=EDGE_CURVE('1051',#1067,#1093,#336,.T.);
#1311=EDGE_CURVE('1045',#1093,#1088,#340,.T.);
#1315=EDGE_CURVE('631',#970,#971,#209,.T.);
#1317=EDGE_CURVE('632',#971,#970,#214,.T.);
#1321=EDGE_CURVE('635',#978,#979,#229,.T.);
#1323=EDGE_CURVE('636',#979,#978,#234,.T.);
#1327=ADVANCED_FACE('116',(#1314,#1320,#1326),#1279,.T.);
#1334=EDGE_CURVE('648',#987,#971,#348,.T.);
#1336=EDGE_CURVE('639',#986,#987,#405,.T.);
#1338=EDGE_CURVE('647',#986,#970,#344,.T.);
#1342=ADVANCED_FACE('607',(#1341),#1332,.F.);
#1350=EDGE_CURVE('640',#987,#986,#410,.T.);
#1355=ADVANCED_FACE('609',(#1354),#1347,.F.);
#1362=EDGE_CURVE('440',#906,#901,#352,.T.);
#1364=EDGE_CURVE('319',#901,#902,#357,.T.);
#1366=EDGE_CURVE('572',#914,#902,#361,.T.);
#1368=EDGE_CURVE('385',#905,#914,#792,.T.);
#1376=ADVANCED_FACE('308',(#1371,#1375),#1360,.T.);
#1383=EDGE_CURVE('1586',#910,#945,#511,.T.);
#1385=EDGE_CURVE('573',#934,#945,#365,.T.);
#1387=EDGE_CURVE('489',#933,#934,#370,.T.);
#1389=EDGE_CURVE('574',#909,#933,#374,.T.);
#1393=EDGE_CURVE('641',#990,#991,#415,.T.);
#1395=EDGE_CURVE('642',#991,#990,#420,.T.);
#1399=ADVANCED_FACE('308',(#1392,#1398),#1381,.T.);
#1405=EDGE_CURVE('566',#959,#922,#808,.T.);
#1407=EDGE_CURVE('575',#938,#959,#378,.T.);
#1409=EDGE_CURVE('495',#937,#938,#383,.T.);
#1411=EDGE_CURVE('576',#961,#937,#387,.T.);
#1413=EDGE_CURVE('678',#922,#961,#558,.T.);
#1417=EDGE_CURVE('643',#994,#995,#425,.T.);
#1419=EDGE_CURVE('644',#995,#994,#430,.T.);
#1423=ADVANCED_FACE('308',(#1416,#1422),#1404,.T.);
#1429=EDGE_CURVE('577',#942,#963,#391,.T.);
#1431=EDGE_CURVE('505',#941,#942,#396,.T.);
#1433=EDGE_CURVE('578',#948,#941,#400,.T.);
#1435=EDGE_CURVE('1587',#948,#1005,#519,.T.);
#1437=EDGE_CURVE('679',#963,#1005,#574,.T.);
#1441=EDGE_CURVE('645',#998,#999,#435,.T.);
#1443=EDGE_CURVE('646',#999,#998,#440,.T.);
#1447=ADVANCED_FACE('308',(#1440,#1446),#1428,.T.);
#1454=EDGE_CURVE('561',#912,#953,#492,.T.);
#1456=EDGE_CURVE('571',#953,#901,#444,.T.);
#1461=ADVANCED_FACE('349',(#1460),#1452,.F.);
#1468=EDGE_CURVE('668',#916,#965,#448,.T.);
#1470=EDGE_CURVE('667',#965,#925,#453,.T.);
#1472=EDGE_CURVE('415',#925,#926,#457,.T.);
#1474=EDGE_CURVE('670',#926,#967,#462,.T.);
#1476=EDGE_CURVE('669',#919,#967,#466,.T.);
#1478=EDGE_CURVE('412',#919,#920,#566,.T.);
#1480=EDGE_CURVE('565',#920,#956,#470,.T.);
#1482=EDGE_CURVE('563',#956,#957,#475,.T.);
#1484=EDGE_CURVE('564',#930,#957,#479,.T.);
#1486=EDGE_CURVE('416',#929,#930,#800,.T.);
#1488=EDGE_CURVE('562',#929,#952,#483,.T.);
#1490=EDGE_CURVE('560',#952,#953,#488,.T.);
#1495=ADVANCED_FACE('112',(#1494),#1466,.T.);
#1503=EDGE_CURVE('580',#965,#933,#496,.T.);
#1508=ADVANCED_FACE('523',(#1507),#1500,.F.);
#1514=EDGE_CURVE('556',#925,#943,#503,.T.);
#1519=EDGE_CURVE('581',#943,#934,#534,.T.);
#1523=ADVANCED_FACE('513',(#1522),#1513,.F.);
#1531=EDGE_CURVE('557',#945,#943,#507,.T.);
#1535=EDGE_CURVE('111',#870,#874,#515,.T.);
#1537=EDGE_CURVE('1290',#874,#1005,#578,.T.);
#1540=EDGE_CURVE('558',#948,#949,#523,.T.);
#1542=EDGE_CURVE('559',#949,#926,#530,.T.);
#1546=ADVANCED_FACE('110',(#1545),#1528,.T.);
#1557=ADVANCED_FACE('515',(#1556),#1551,.F.);
#1565=EDGE_CURVE('103',#873,#874,#582,.T.);
#1570=ADVANCED_FACE('108',(#1569),#1562,.T.);
#1576=EDGE_CURVE('965',#1048,#1060,#542,.T.);
#1578=EDGE_CURVE('972',#1056,#1060,#645,.T.);
#1580=EDGE_CURVE('966',#1040,#1056,#546,.T.);
#1583=EDGE_CURVE('413',#922,#878,#554,.T.);
#1586=EDGE_CURVE('680',#920,#961,#562,.T.);
#1589=EDGE_CURVE('681',#919,#963,#570,.T.);
#1595=EDGE_CURVE('964',#1036,#1052,#590,.T.);
#1597=EDGE_CURVE('970',#1048,#1052,#603,.T.);
#1601=ADVANCED_FACE('102',(#1600),#1575,.T.);
#1607=EDGE_CURVE('952',#1048,#1049,#594,.T.);
#1609=EDGE_CURVE('968',#1049,#1061,#620,.T.);
#1611=EDGE_CURVE('959',#1060,#1061,#598,.T.);
#1616=ADVANCED_FACE('863',(#1615),#1606,.F.);
#1624=EDGE_CURVE('953',#1052,#1053,#612,.T.);
#1626=EDGE_CURVE('971',#1053,#1049,#608,.T.);
#1630=ADVANCED_FACE('894',(#1629),#1621,.F.);
#1639=EDGE_CURVE('967',#1037,#1053,#624,.T.);
#1643=ADVANCED_FACE('861',(#1642),#1635,.F.);
#1649=EDGE_CURVE('969',#1041,#1057,#616,.T.);
#1651=EDGE_CURVE('973',#1061,#1057,#650,.T.);
#1657=EDGE_CURVE('1576',#1045,#885,#628,.T.);
#1659=EDGE_CURVE('250',#885,#886,#632,.T.);
#1661=EDGE_CURVE('1577',#1043,#886,#636,.T.);
#1666=ADVANCED_FACE('673',(#1665),#1648,.F.);
#1672=EDGE_CURVE('958',#1056,#1057,#640,.T.);
#1679=ADVANCED_FACE('865',(#1678),#1671,.F.);
#1691=ADVANCED_FACE('899',(#1690),#1684,.F.);
#1697=EDGE_CURVE('1566',#898,#890,#654,.T.);
#1699=EDGE_CURVE('1568',#890,#1003,#674,.T.);
#1701=EDGE_CURVE('1570',#1003,#885,#689,.T.);
#1707=ADVANCED_FACE('1516',(#1706),#1696,.T.);
#1713=EDGE_CURVE('251',#889,#890,#662,.T.);
#1717=EDGE_CURVE('1567',#897,#889,#658,.T.);
#1721=ADVANCED_FACE('129',(#1720),#1712,.F.);
#1728=EDGE_CURVE('1569',#1002,#889,#668,.T.);
#1730=EDGE_CURVE('666',#1002,#1003,#693,.T.);
#1735=ADVANCED_FACE('130',(#1734),#1726,.F.);
#1742=EDGE_CURVE('1571',#881,#1002,#698,.T.);
#1749=ADVANCED_FACE('1522',(#1748),#1740,.T.);
#1756=EDGE_CURVE('1572',#893,#882,#679,.T.);
#1758=EDGE_CURVE('252',#893,#894,#714,.T.);
#1760=EDGE_CURVE('1573',#886,#894,#684,.T.);
#1768=ADVANCED_FACE('131',(#1767),#1754,.F.);
#1776=EDGE_CURVE('1574',#1079,#893,#718,.T.);
#1781=ADVANCED_FACE('1528',(#1780),#1773,.T.);
#1787=EDGE_CURVE('1003',#1072,#1073,#702,.T.);
#1789=EDGE_CURVE('1005',#1077,#1073,#706,.T.);
#1792=EDGE_CURVE('1575',#1081,#894,#710,.T.);
#1797=EDGE_CURVE('1004',#1075,#1072,#722,.T.);
#1801=ADVANCED_FACE('132',(#1800),#1786,.F.);
#1808=EDGE_CURVE('1010',#1065,#1072,#726,.T.);
#1810=EDGE_CURVE('990',#1064,#1065,#730,.T.);
#1812=EDGE_CURVE('1011',#1073,#1064,#734,.T.);
#1816=ADVANCED_FACE('989',(#1815),#1806,.T.);
#1824=EDGE_CURVE('997',#1069,#1065,#738,.T.);
#1829=ADVANCED_FACE('996',(#1828),#1821,.T.);
#1835=EDGE_CURVE('1049',#1091,#1095,#742,.T.);
#1837=EDGE_CURVE('1072',#1095,#1097,#746,.T.);
#1839=EDGE_CURVE('1050',#1093,#1097,#750,.T.);
#1842=EDGE_CURVE('995',#1067,#1064,#754,.T.);
#1849=ADVANCED_FACE('994',(#1848),#1834,.T.);
#1856=EDGE_CURVE('1060',#1089,#1085,#758,.T.);
#1858=EDGE_CURVE('1057',#1085,#1095,#776,.T.);
#1863=ADVANCED_FACE('1037',(#1862),#1854,.F.);
#1870=EDGE_CURVE('1059',#1088,#1084,#762,.T.);
#1872=EDGE_CURVE('1031',#1084,#1085,#780,.T.);
#1877=EDGE_CURVE('1235',#1104,#1105,#767,.T.);
#1879=EDGE_CURVE('1236',#1105,#1104,#772,.T.);
#1883=ADVANCED_FACE('1035',(#1876,#1882),#1868,.F.);
#1891=EDGE_CURVE('1058',#1097,#1084,#784,.T.);
#1896=ADVANCED_FACE('1041',(#1895),#1888,.F.);
#1908=ADVANCED_FACE('1030',(#1907),#1901,.T.);
#1914=EDGE_CURVE('1225',#1100,#1101,#813,.T.);
#1916=EDGE_CURVE('1243',#1100,#1104,#788,.T.);
#1919=EDGE_CURVE('1244',#1101,#1105,#834,.T.);
#1923=ADVANCED_FACE('1219',(#1922),#1913,.F.);
#1930=EDGE_CURVE('567',#929,#914,#796,.T.);
#1933=EDGE_CURVE('568',#930,#959,#804,.T.);
#1942=EDGE_CURVE('1226',#1101,#1100,#818,.T.);
#1946=ADVANCED_FACE('114',(#1940,#1945),#1928,.T.);
#1955=EDGE_CURVE('579',#952,#902,#822,.T.);
#1959=ADVANCED_FACE('510',(#1958),#1951,.F.);
#1971=ADVANCED_FACE('347',(#1970),#1964,.F.);
#1978=EDGE_CURVE('583',#957,#938,#826,.T.);
#1984=ADVANCED_FACE('527',(#1983),#1976,.F.);
#1991=EDGE_CURVE('582',#956,#937,#830,.T.);
#1997=ADVANCED_FACE('525',(#1996),#1989,.F.);
#2009=ADVANCED_FACE('533',(#2008),#2002,.F.);
#2021=ADVANCED_FACE('1221',(#2020),#2014,.F.);
#2033=ADVANCED_FACE('1000',(#2032),#2026,.T.);
#2045=ADVANCED_FACE('1534',(#2044),#2038,.T.);
#2054=EDGE_CURVE('584',#967,#942,#838,.T.);
#2058=ADVANCED_FACE('535',(#2057),#2050,.F.);
#2065=EDGE_CURVE('585',#949,#941,#842,.T.);
#2072=ADVANCED_FACE('545',(#2071),#2063,.F.);
#2083=ADVANCED_FACE('543',(#2082),#2077,.F.);
#2090=EDGE_CURVE('650',#991,#975,#850,.T.);
#2093=EDGE_CURVE('649',#990,#974,#846,.T.);
#2097=ADVANCED_FACE('611',(#2096),#2088,.F.);
#2109=ADVANCED_FACE('613',(#2108),#2102,.F.);
#2116=EDGE_CURVE('652',#995,#979,#858,.T.);
#2119=EDGE_CURVE('651',#994,#978,#854,.T.);
#2123=ADVANCED_FACE('615',(#2122),#2114,.F.);
#2135=ADVANCED_FACE('617',(#2134),#2128,.F.);
#2142=EDGE_CURVE('654',#999,#983,#866,.T.);
#2145=EDGE_CURVE('653',#998,#982,#862,.T.);
#2149=ADVANCED_FACE('619',(#2148),#2140,.F.);
#2161=ADVANCED_FACE('621',(#2160),#2154,.F.);
#2162=CLOSED_SHELL('',(#1143,#1158,#1172,#1186,#1200,#1214,#1237,#1274,#1327,
#1342,#1355,#1376,#1399,#1423,#1447,#1461,#1495,#1508,#1523,#1546,#1557,#1570,
#1601,#1616,#1630,#1643,#1666,#1679,#1691,#1707,#1721,#1735,#1749,#1768,#1781,
#1801,#1816,#1829,#1849,#1863,#1883,#1896,#1908,#1923,#1946,#1959,#1971,#1984,
#1997,#2009,#2021,#2033,#2045,#2058,#2072,#2083,#2097,#2109,#2123,#2135,#2149,
#2161));
#2163=MANIFOLD_SOLID_BREP('',#2162);
#2164=(LENGTH_UNIT()NAMED_UNIT(*)SI_UNIT(.MILLI.,.METRE.));
#2165=(NAMED_UNIT(*)PLANE_ANGLE_UNIT()SI_UNIT($,.RADIAN.));
#2168=(NAMED_UNIT(*)SI_UNIT($,.STERADIAN.)SOLID_ANGLE_UNIT());
#2170=(GEOMETRIC_REPRESENTATION_CONTEXT(3)GLOBAL_UNCERTAINTY_ASSIGNED_CONTEXT((
#2169))GLOBAL_UNIT_ASSIGNED_CONTEXT((#2164,#2167,#2168))REPRESENTATION_CONTEXT(
'ID1','3'));
#2171=ADVANCED_BREP_SHAPE_REPRESENTATION('',(#2163),#2170);
#2178=PRODUCT_DEFINITION('part definition','',#2177,#2174);
#2179=PRODUCT_DEFINITION_SHAPE('','SHAPE FOR 00000000000_-_GEH_KOERPER.',#2178);
#2180=SHAPE_ASPECT('','solid data associated with 00000000000_-_GEH_KOERPER',
#2179,.F.);
#2181=PROPERTY_DEFINITION('',
'shape for solid data with which properties are associated',#2180);
#2182=SHAPE_REPRESENTATION('',(#2163),#2170);
#2183=SHAPE_DEFINITION_REPRESENTATION(#2181,#2182);
#2184=(LENGTH_UNIT()NAMED_UNIT(*)SI_UNIT(.MILLI.,.METRE.));
#2188=PROPERTY_DEFINITION('geometric validation property',
'area of 00000000000_-_GEH_KOERPER',#2180);
#2189=REPRESENTATION('surface area',(#2187),#2170);
#2190=PROPERTY_DEFINITION_REPRESENTATION(#2188,#2189);
#2191=(LENGTH_UNIT()NAMED_UNIT(*)SI_UNIT(.MILLI.,.METRE.));
#2195=PROPERTY_DEFINITION('geometric validation property',
'volume of 00000000000_-_GEH_KOERPER',#2180);
#2196=REPRESENTATION('volume',(#2194),#2170);
#2197=PROPERTY_DEFINITION_REPRESENTATION(#2195,#2196);
#2199=PROPERTY_DEFINITION('geometric validation property',
'centroid of 00000000000_-_GEH_KOERPER',#2180);
#2200=REPRESENTATION('centroid',(#2198),#2170);
#2201=PROPERTY_DEFINITION_REPRESENTATION(#2199,#2200);
#2202=(LENGTH_UNIT()NAMED_UNIT(*)SI_UNIT(.MILLI.,.METRE.));
#2206=PROPERTY_DEFINITION('geometric validation property',
'area of 00000000000_-_GEH_KOERPER',#2179);
#2207=REPRESENTATION('surface area',(#2205),#2170);
#2208=PROPERTY_DEFINITION_REPRESENTATION(#2206,#2207);
#2209=(LENGTH_UNIT()NAMED_UNIT(*)SI_UNIT(.MILLI.,.METRE.));
#2213=PROPERTY_DEFINITION('geometric validation property',
'volume of 00000000000_-_GEH_KOERPER',#2179);
#2214=REPRESENTATION('volume',(#2212),#2170);
#2215=PROPERTY_DEFINITION_REPRESENTATION(#2213,#2214);
#2217=PROPERTY_DEFINITION('geometric validation property',
'centroid of 00000000000_-_GEH_KOERPER',#2179);
#2218=REPRESENTATION('centroid',(#2216),#2170);
#2219=PROPERTY_DEFINITION_REPRESENTATION(#2217,#2218);
#2220=SHAPE_DEFINITION_REPRESENTATION(#2179,#2171);
#2222=PROPERTY_DEFINITION('CHANGE_NUMBER','user defined attribute',#2178);
#2226=REPRESENTATION('',(#2225),#2170);
#2227=PROPERTY_DEFINITION_REPRESENTATION(#2222,#2226);
#2228=PROPERTY_DEFINITION('CLASS_CODE','user defined attribute',#2178);
#2232=REPRESENTATION('',(#2231),#2170);
#2233=PROPERTY_DEFINITION_REPRESENTATION(#2228,#2232);
#2234=PROPERTY_DEFINITION('DESCR1_R1','user defined attribute',#2178);
#2238=REPRESENTATION('',(#2237),#2170);
#2239=PROPERTY_DEFINITION_REPRESENTATION(#2234,#2238);
#2240=PROPERTY_DEFINITION('DESCR1_R2','user defined attribute',#2178);
#2244=REPRESENTATION('',(#2243),#2170);
#2245=PROPERTY_DEFINITION_REPRESENTATION(#2240,#2244);
#2246=PROPERTY_DEFINITION('DESCR2_R1','user defined attribute',#2178);
#2250=REPRESENTATION('',(#2249),#2170);
#2251=PROPERTY_DEFINITION_REPRESENTATION(#2246,#2250);
#2252=PROPERTY_DEFINITION('DESCR2_R2','user defined attribute',#2178);
#2256=REPRESENTATION('',(#2255),#2170);
#2257=PROPERTY_DEFINITION_REPRESENTATION(#2252,#2256);
#2258=PROPERTY_DEFINITION('DESCR3_R1','user defined attribute',#2178);
#2262=REPRESENTATION('',(#2261),#2170);
#2263=PROPERTY_DEFINITION_REPRESENTATION(#2258,#2262);
#2264=PROPERTY_DEFINITION('DESCR3_R2','user defined attribute',#2178);
#2268=REPRESENTATION('',(#2267),#2170);
#2269=PROPERTY_DEFINITION_REPRESENTATION(#2264,#2268);
#2270=PROPERTY_DEFINITION('LANG_DESCR3','user defined attribute',#2178);
#2274=REPRESENTATION('',(#2273),#2170);
#2275=PROPERTY_DEFINITION_REPRESENTATION(#2270,#2274);
#2276=PROPERTY_DEFINITION('MANUFACTURING_ID','user defined attribute',#2178);
#2280=REPRESENTATION('',(#2279),#2170);
#2281=PROPERTY_DEFINITION_REPRESENTATION(#2276,#2280);
#2282=PROPERTY_DEFINITION('MATERIAL','user defined attribute',#2178);
#2286=REPRESENTATION('',(#2285),#2170);
#2287=PROPERTY_DEFINITION_REPRESENTATION(#2282,#2286);
#2288=PROPERTY_DEFINITION('PROJECT','user defined attribute',#2178);
#2292=REPRESENTATION('',(#2291),#2170);
#2293=PROPERTY_DEFINITION_REPRESENTATION(#2288,#2292);
#2294=PROPERTY_DEFINITION('WEIGHT','user defined attribute',#2178);
#2298=REPRESENTATION('',(#2297),#2170);
#2299=PROPERTY_DEFINITION_REPRESENTATION(#2294,#2298);
#2301=REPRESENTATION('',(#2300),#2170);
#2302=PROPERTY_DEFINITION('attribute type designation','Real Number',#2295);
#2303=PROPERTY_DEFINITION_REPRESENTATION(#2302,#2301);
#2304=PROPERTY_DEFINITION('WEIGHT_FACTOR','user defined attribute',#2178);
#2308=REPRESENTATION('',(#2307),#2170);
#2309=PROPERTY_DEFINITION_REPRESENTATION(#2304,#2308);
#2311=REPRESENTATION('',(#2310),#2170);
#2312=PROPERTY_DEFINITION('attribute type designation','Real Number',#2305);
#2313=PROPERTY_DEFINITION_REPRESENTATION(#2312,#2311);
#2314=PROPERTY_DEFINITION('WEIGHT_ADD','user defined attribute',#2178);
#2318=REPRESENTATION('',(#2317),#2170);
#2319=PROPERTY_DEFINITION_REPRESENTATION(#2314,#2318);
#2321=REPRESENTATION('',(#2320),#2170);
#2322=PROPERTY_DEFINITION('attribute type designation','Real Number',#2315);
#2323=PROPERTY_DEFINITION_REPRESENTATION(#2322,#2321);
#2324=PROPERTY_DEFINITION('_MASS_TEMP','user defined attribute',#2178);
#2328=REPRESENTATION('',(#2327),#2170);
#2329=PROPERTY_DEFINITION_REPRESENTATION(#2324,#2328);
#2331=REPRESENTATION('',(#2330),#2170);
#2332=PROPERTY_DEFINITION('attribute type designation','Real Number',#2325);
#2333=PROPERTY_DEFINITION_REPRESENTATION(#2332,#2331);
#2334=PROPERTY_DEFINITION('_DIFF_TEMP','user defined attribute',#2178);
#2337=(MASS_UNIT()NAMED_UNIT(*)SI_UNIT(.KILO.,.GRAM.));
#2339=REPRESENTATION('',(#2338),#2170);
#2340=PROPERTY_DEFINITION_REPRESENTATION(#2334,#2339);
#2341=PROPERTY_DEFINITION('DCC','user defined attribute',#2178);
#2345=REPRESENTATION('',(#2344),#2170);
#2346=PROPERTY_DEFINITION_REPRESENTATION(#2341,#2345);
#2347=PROPERTY_DEFINITION('RAW_PART','user defined attribute',#2178);
#2351=REPRESENTATION('',(#2350),#2170);
#2352=PROPERTY_DEFINITION_REPRESENTATION(#2347,#2351);
#2353=PROPERTY_DEFINITION('SIEMENS_NUMBER','user defined attribute',#2178);
#2357=REPRESENTATION('',(#2356),#2170);
#2358=PROPERTY_DEFINITION_REPRESENTATION(#2353,#2357);
#2359=PROPERTY_DEFINITION('ASSIGNED_DOCUMENT_NUMBER','user defined attribute',
#2178);
#2363=REPRESENTATION('',(#2362),#2170);
#2364=PROPERTY_DEFINITION_REPRESENTATION(#2359,#2363);
#2365=PROPERTY_DEFINITION('ASSIGNED_MATERIAL_NUMBER','user defined attribute',
#2178);
#2369=REPRESENTATION('',(#2368),#2170);
#2370=PROPERTY_DEFINITION_REPRESENTATION(#2365,#2369);
#2371=PROPERTY_DEFINITION('MANUFACTURER','user defined attribute',#2178);
#2375=REPRESENTATION('',(#2374),#2170);
#2376=PROPERTY_DEFINITION_REPRESENTATION(#2371,#2375);
#2377=PROPERTY_DEFINITION('MC_ERRORS','user defined attribute',#2178);
#2381=REPRESENTATION('',(#2380),#2170);
#2382=PROPERTY_DEFINITION_REPRESENTATION(#2377,#2381);
#2384=REPRESENTATION('',(#2383),#2170);
#2385=PROPERTY_DEFINITION('attribute type designation','Integer',#2378);
#2386=PROPERTY_DEFINITION_REPRESENTATION(#2385,#2384);
#2387=PROPERTY_DEFINITION('MODEL_CHECK','user defined attribute',#2178);
#2391=REPRESENTATION('',(#2390),#2170);
#2392=PROPERTY_DEFINITION_REPRESENTATION(#2387,#2391);
#2393=PROPERTY_DEFINITION('STEP_VERSION','user defined attribute',#2178);
#2397=REPRESENTATION('',(#2396),#2170);
#2398=PROPERTY_DEFINITION_REPRESENTATION(#2393,#2397);
#2399=PROPERTY_DEFINITION('SUPPLIER_FILENAME','user defined attribute',#2178);
#2403=REPRESENTATION('',(#2402),#2170);
#2404=PROPERTY_DEFINITION_REPRESENTATION(#2399,#2403);
#2405=PROPERTY_DEFINITION('PTC_WM_REVISION','user defined attribute',#2178);
#2409=REPRESENTATION('',(#2408),#2170);
#2410=PROPERTY_DEFINITION_REPRESENTATION(#2405,#2409);
#2411=PROPERTY_DEFINITION('PTC_WM_ITERATION','user defined attribute',#2178);
#2415=REPRESENTATION('',(#2414),#2170);
#2416=PROPERTY_DEFINITION_REPRESENTATION(#2411,#2415);
#2417=PROPERTY_DEFINITION('PTC_WM_VERSION','user defined attribute',#2178);
#2421=REPRESENTATION('',(#2420),#2170);
#2422=PROPERTY_DEFINITION_REPRESENTATION(#2417,#2421);
#2423=PROPERTY_DEFINITION('PTC_WM_LIFECYCLE_STATE','user defined attribute',
#2178);
#2427=REPRESENTATION('',(#2426),#2170);
#2428=PROPERTY_DEFINITION_REPRESENTATION(#2423,#2427);
#2429=PROPERTY_DEFINITION('PTC_WM_LIFECYCLE','user defined attribute',#2178);
#2433=REPRESENTATION('',(#2432),#2170);
#2434=PROPERTY_DEFINITION_REPRESENTATION(#2429,#2433);
#2435=PROPERTY_DEFINITION('PTC_WM_LOCATION','user defined attribute',#2178);
#2439=REPRESENTATION('',(#2438),#2170);
#2440=PROPERTY_DEFINITION_REPRESENTATION(#2435,#2439);
#2441=PROPERTY_DEFINITION('PTC_WM_CREATED_BY','user defined attribute',#2178);
#2445=REPRESENTATION('',(#2444),#2170);
#2446=PROPERTY_DEFINITION_REPRESENTATION(#2441,#2445);
#2447=PROPERTY_DEFINITION('PTC_WM_CREATED_ON','user defined attribute',#2178);
#2451=REPRESENTATION('',(#2450),#2170);
#2452=PROPERTY_DEFINITION_REPRESENTATION(#2447,#2451);
#2453=PROPERTY_DEFINITION('PTC_WM_MODIFIED_BY','user defined attribute',#2178);
#2457=REPRESENTATION('',(#2456),#2170);
#2458=PROPERTY_DEFINITION_REPRESENTATION(#2453,#2457);
#2459=PROPERTY_DEFINITION('PTC_WM_MODIFIED_ON','user defined attribute',#2178);
#2463=REPRESENTATION('',(#2462),#2170);
#2464=PROPERTY_DEFINITION_REPRESENTATION(#2459,#2463);
#2465=PROPERTY_DEFINITION('PTC_WM_TEAM','user defined attribute',#2178);
#2469=REPRESENTATION('',(#2468),#2170);
#2470=PROPERTY_DEFINITION_REPRESENTATION(#2465,#2469);
#2471=PROPERTY_DEFINITION('SUPPLIER','user defined attribute',#2178);
#2475=REPRESENTATION('',(#2474),#2170);
#2476=PROPERTY_DEFINITION_REPRESENTATION(#2471,#2475);
#2478=REPRESENTATION('',(#2477),#2170);
#2479=PROPERTY_DEFINITION('attribute type designation','Integer',#2472);
#2480=PROPERTY_DEFINITION_REPRESENTATION(#2479,#2478);
#2481=PROPERTY_DEFINITION('PTC_ORGANIZATION_ID','user defined attribute',#2178);
#2485=REPRESENTATION('',(#2484),#2170);
#2486=PROPERTY_DEFINITION_REPRESENTATION(#2481,#2485);
#2487=PROPERTY_DEFINITION('PTC_MODIFIED','user defined attribute',#2178);
#2491=REPRESENTATION('',(#2490),#2170);
#2492=PROPERTY_DEFINITION_REPRESENTATION(#2487,#2491);
#2494=REPRESENTATION('',(#2493),#2170);
#2495=PROPERTY_DEFINITION('attribute type designation','Yes No',#2488);
#2496=PROPERTY_DEFINITION_REPRESENTATION(#2495,#2494);
#2497=PROPERTY_DEFINITION('PLM','user defined attribute',#2178);
#2501=REPRESENTATION('',(#2500),#2170);
#2502=PROPERTY_DEFINITION_REPRESENTATION(#2497,#2501);
#2503=PROPERTY_DEFINITION('DOCUMENT_NUMBER','user defined attribute',#2178);
#2507=REPRESENTATION('',(#2506),#2170);
#2508=PROPERTY_DEFINITION_REPRESENTATION(#2503,#2507);
#2509=PROPERTY_DEFINITION('MATERIAL_TYPE','user defined attribute',#2178);
#2513=REPRESENTATION('',(#2512),#2170);
#2514=PROPERTY_DEFINITION_REPRESENTATION(#2509,#2513);
#2515=PROPERTY_DEFINITION('MATERIAL_NUMBER','user defined attribute',#2178);
#2519=REPRESENTATION('',(#2518),#2170);
#2520=PROPERTY_DEFINITION_REPRESENTATION(#2515,#2519);
#2521=PROPERTY_DEFINITION('PDMLINKNUMBER','user defined attribute',#2178);
#2525=REPRESENTATION('',(#2524),#2170);
#2526=PROPERTY_DEFINITION_REPRESENTATION(#2521,#2525);
#2527=PROPERTY_DEFINITION('VISIBLE','user defined attribute',#2178);
#2531=REPRESENTATION('',(#2530),#2170);
#2532=PROPERTY_DEFINITION_REPRESENTATION(#2527,#2531);
#2533=PROPERTY_DEFINITION('PTC_WM_NAME','user defined attribute',#2178);
#2537=REPRESENTATION('',(#2536),#2170);
#2538=PROPERTY_DEFINITION_REPRESENTATION(#2533,#2537);
#2539=PROPERTY_DEFINITION('PTC_WM_NUMBER','user defined attribute',#2178);
#2543=REPRESENTATION('',(#2542),#2170);
#2544=PROPERTY_DEFINITION_REPRESENTATION(#2539,#2543);
#2545=PROPERTY_DEFINITION('TC_CREO_MAT_ID','user defined attribute',#2178);
#2549=REPRESENTATION('',(#2548),#2170);
#2550=PROPERTY_DEFINITION_REPRESENTATION(#2545,#2549);
#2551=PROPERTY_DEFINITION('PTC_MASTER_MATERIAL','user defined attribute',#2178);
#2555=REPRESENTATION('',(#2554),#2170);
#2556=PROPERTY_DEFINITION_REPRESENTATION(#2551,#2555);
ENDSEC;
END-ISO-10303-21;
