ISO-10303-21;
HEADER;
FILE_DESCRIPTION((''),'2;1');
FILE_NAME('00000000000_-_GEH_DECKEL','2026-09-18T13:23:43',('mkmrppm1'),(
'Siemens Mobility GmbH'),'CREO PARAMETRIC BY PTC INC, 2025323',
'CREO PARAMETRIC BY PTC INC, 2025323','');
FILE_SCHEMA(('AUTOMOTIVE_DESIGN { 1 0 10303 214 1 1 1 1 }'));
ENDSEC;
DATA;
#93=DIRECTION('',(0.E0,0.E0,1.E0));
#94=VECTOR('',#93,4.E0);
#95=CARTESIAN_POINT('',(0.E0,4.95E1,-9.E0));
#96=LINE('2576',#95,#94);
#97=DIRECTION('',(1.E0,0.E0,0.E0));
#98=VECTOR('',#97,1.2E1);
#99=CARTESIAN_POINT('',(3.E0,4.95E1,-2.E0));
#100=LINE('2577',#99,#98);
#101=DIRECTION('',(0.E0,0.E0,1.E0));
#102=VECTOR('',#101,4.E0);
#103=CARTESIAN_POINT('',(1.8E1,4.95E1,-9.E0));
#104=LINE('2578',#103,#102);
#105=DIRECTION('',(-1.E0,0.E0,0.E0));
#106=VECTOR('',#105,1.5E1);
#107=CARTESIAN_POINT('',(3.3E1,4.95E1,-9.E0));
#108=LINE('2489',#107,#106);
#109=DIRECTION('',(0.E0,0.E0,-1.E0));
#110=VECTOR('',#109,1.E1);
#111=CARTESIAN_POINT('',(3.3E1,4.95E1,1.E0));
#112=LINE('1355',#111,#110);
#113=DIRECTION('',(7.071067811865E-1,0.E0,-7.071067811865E-1));
#114=VECTOR('',#113,7.071067811865E0);
#115=CARTESIAN_POINT('',(2.8E1,4.95E1,6.E0));
#116=LINE('1354',#115,#114);
#117=DIRECTION('',(1.E0,0.E0,0.E0));
#118=VECTOR('',#117,5.7E1);
#119=CARTESIAN_POINT('',(-2.9E1,4.95E1,6.E0));
#120=LINE('1359',#119,#118);
#121=DIRECTION('',(6.246950475544E-1,0.E0,7.808688094430E-1));
#122=VECTOR('',#121,6.403124237433E0);
#123=CARTESIAN_POINT('',(-3.3E1,4.95E1,1.E0));
#124=LINE('1358',#123,#122);
#125=DIRECTION('',(0.E0,0.E0,1.E0));
#126=VECTOR('',#125,1.E1);
#127=CARTESIAN_POINT('',(-3.3E1,4.95E1,-9.E0));
#128=LINE('1357',#127,#126);
#129=DIRECTION('',(-1.E0,0.E0,0.E0));
#130=VECTOR('',#129,3.3E1);
#131=CARTESIAN_POINT('',(0.E0,4.95E1,-9.E0));
#132=LINE('2490',#131,#130);
#133=DIRECTION('',(0.E0,-1.E0,0.E0));
#134=VECTOR('',#133,2.E0);
#135=CARTESIAN_POINT('',(0.E0,4.95E1,-5.E0));
#136=LINE('2571',#135,#134);
#137=CARTESIAN_POINT('',(3.E0,4.95E1,-5.E0));
#138=DIRECTION('',(0.E0,-1.E0,0.E0));
#139=DIRECTION('',(0.E0,0.E0,1.E0));
#140=AXIS2_PLACEMENT_3D('',#137,#138,#139);
#142=CARTESIAN_POINT('',(3.E0,4.75E1,-5.E0));
#143=DIRECTION('',(0.E0,1.E0,0.E0));
#144=DIRECTION('',(-1.E0,0.E0,0.E0));
#145=AXIS2_PLACEMENT_3D('',#142,#143,#144);
#147=DIRECTION('',(0.E0,-1.E0,0.E0));
#148=VECTOR('',#147,2.E0);
#149=CARTESIAN_POINT('',(1.5E1,4.95E1,-2.E0));
#150=LINE('2565',#149,#148);
#151=DIRECTION('',(0.E0,-1.E0,0.E0));
#152=VECTOR('',#151,2.E0);
#153=CARTESIAN_POINT('',(3.E0,4.95E1,-2.E0));
#154=LINE('2570',#153,#152);
#155=CARTESIAN_POINT('',(1.5E1,4.95E1,-5.E0));
#156=DIRECTION('',(0.E0,-1.E0,0.E0));
#157=DIRECTION('',(1.E0,0.E0,0.E0));
#158=AXIS2_PLACEMENT_3D('',#155,#156,#157);
#160=CARTESIAN_POINT('',(1.5E1,4.75E1,-5.E0));
#161=DIRECTION('',(0.E0,1.E0,0.E0));
#162=DIRECTION('',(0.E0,0.E0,1.E0));
#163=AXIS2_PLACEMENT_3D('',#160,#161,#162);
#165=DIRECTION('',(0.E0,-1.E0,0.E0));
#166=VECTOR('',#165,2.E0);
#167=CARTESIAN_POINT('',(1.8E1,4.95E1,-5.E0));
#168=LINE('2564',#167,#166);
#169=DIRECTION('',(0.E0,0.E0,-1.E0));
#170=VECTOR('',#169,1.3E1);
#171=CARTESIAN_POINT('',(2.633772233983E1,4.75E1,4.E0));
#172=LINE('2801',#171,#170);
#173=DIRECTION('',(0.E0,0.E0,1.E0));
#174=VECTOR('',#173,4.E0);
#175=CARTESIAN_POINT('',(1.8E1,4.75E1,-9.E0));
#176=LINE('2581',#175,#174);
#177=DIRECTION('',(1.E0,0.E0,0.E0));
#178=VECTOR('',#177,1.2E1);
#179=CARTESIAN_POINT('',(3.E0,4.75E1,-2.E0));
#180=LINE('2580',#179,#178);
#181=DIRECTION('',(0.E0,0.E0,1.E0));
#182=VECTOR('',#181,4.E0);
#183=CARTESIAN_POINT('',(0.E0,4.75E1,-9.E0));
#184=LINE('2579',#183,#182);
#185=DIRECTION('',(0.E0,0.E0,-1.E0));
#186=VECTOR('',#185,1.3E1);
#187=CARTESIAN_POINT('',(-2.633772233983E1,4.75E1,4.E0));
#188=LINE('2802',#187,#186);
#189=DIRECTION('',(1.E0,0.E0,0.E0));
#190=VECTOR('',#189,5.267544467966E1);
#191=CARTESIAN_POINT('',(-2.633772233983E1,4.75E1,4.E0));
#192=LINE('2827',#191,#190);
#193=CARTESIAN_POINT('',(2.95E1,4.6E1,-9.E0));
#194=DIRECTION('',(0.E0,0.E0,-1.E0));
#195=DIRECTION('',(4.285714285714E-1,-9.035079029053E-1,0.E0));
#196=AXIS2_PLACEMENT_3D('',#193,#194,#195);
#198=CARTESIAN_POINT('',(2.717157287525E1,4.338687407025E1,4.E0));
#199=CARTESIAN_POINT('',(2.747181033808E1,4.311934733365E1,3.699762537178E0));
#200=CARTESIAN_POINT('',(2.808603394457E1,4.274648890772E1,3.085538930683E0));
#201=CARTESIAN_POINT('',(2.903278514657E1,4.248703480704E1,2.138787728685E0));
#202=CARTESIAN_POINT('',(3.000180869013E1,4.249033053162E1,1.169764185129E0));
#203=CARTESIAN_POINT('',(3.066355752586E1,4.267813366184E1,5.080153493968E-1));
#204=CARTESIAN_POINT('',(3.1E1,4.283772233983E1,1.715728752538E-1));
#206=DIRECTION('',(-1.E0,0.E0,0.E0));
#207=VECTOR('',#206,5.337722339832E0);
#208=CARTESIAN_POINT('',(-2.1E1,-4.75E1,-9.E0));
#209=LINE('2838',#208,#207);
#210=DIRECTION('',(0.E0,1.E0,0.E0));
#211=VECTOR('',#210,8.567544467966E1);
#212=CARTESIAN_POINT('',(-3.1E1,-4.283772233983E1,-9.E0));
#213=LINE('2833',#212,#211);
#214=DIRECTION('',(-1.E0,0.E0,0.E0));
#215=VECTOR('',#214,2.633772233983E1);
#216=CARTESIAN_POINT('',(0.E0,4.75E1,-9.E0));
#217=LINE('2836',#216,#215);
#218=DIRECTION('',(0.E0,-1.E0,0.E0));
#219=VECTOR('',#218,2.E0);
#220=CARTESIAN_POINT('',(0.E0,4.95E1,-9.E0));
#221=LINE('2487',#220,#219);
#222=DIRECTION('',(0.E0,1.E0,0.E0));
#223=VECTOR('',#222,2.E0);
#224=CARTESIAN_POINT('',(-2.1E1,-4.95E1,-9.E0));
#225=LINE('2628',#224,#223);
#226=DIRECTION('',(0.E0,1.E0,0.E0));
#227=VECTOR('',#226,8.567544467966E1);
#228=CARTESIAN_POINT('',(3.1E1,-4.283772233983E1,-9.E0));
#229=LINE('2834',#228,#227);
#230=DIRECTION('',(-1.E0,0.E0,0.E0));
#231=VECTOR('',#230,2.733772233983E1);
#232=CARTESIAN_POINT('',(2.633772233983E1,-4.75E1,-9.E0));
#233=LINE('2837',#232,#231);
#234=DIRECTION('',(0.E0,1.E0,0.E0));
#235=VECTOR('',#234,2.E0);
#236=CARTESIAN_POINT('',(-1.E0,-4.95E1,-9.E0));
#237=LINE('2626',#236,#235);
#238=DIRECTION('',(0.E0,-1.E0,0.E0));
#239=VECTOR('',#238,9.9E1);
#240=CARTESIAN_POINT('',(3.3E1,4.95E1,-9.E0));
#241=LINE('2454',#240,#239);
#242=DIRECTION('',(0.E0,-1.E0,0.E0));
#243=VECTOR('',#242,2.E0);
#244=CARTESIAN_POINT('',(1.8E1,4.95E1,-9.E0));
#245=LINE('2488',#244,#243);
#246=DIRECTION('',(-1.E0,0.E0,0.E0));
#247=VECTOR('',#246,8.337722339832E0);
#248=CARTESIAN_POINT('',(2.633772233983E1,4.75E1,-9.E0));
#249=LINE('2835',#248,#247);
#250=CARTESIAN_POINT('',(2.95E1,4.6E1,-9.E0));
#251=DIRECTION('',(0.E0,0.E0,-1.E0));
#252=DIRECTION('',(0.E0,1.E0,0.E0));
#253=AXIS2_PLACEMENT_3D('',#250,#251,#252);
#255=CARTESIAN_POINT('',(2.95E1,4.6E1,-9.E0));
#256=DIRECTION('',(0.E0,0.E0,-1.E0));
#257=DIRECTION('',(0.E0,-1.E0,0.E0));
#258=AXIS2_PLACEMENT_3D('',#255,#256,#257);
#260=CARTESIAN_POINT('',(2.95E1,-4.6E1,-9.E0));
#261=DIRECTION('',(0.E0,0.E0,-1.E0));
#262=DIRECTION('',(0.E0,1.E0,0.E0));
#263=AXIS2_PLACEMENT_3D('',#260,#261,#262);
#265=CARTESIAN_POINT('',(2.95E1,-4.6E1,-9.E0));
#266=DIRECTION('',(0.E0,0.E0,-1.E0));
#267=DIRECTION('',(0.E0,-1.E0,0.E0));
#268=AXIS2_PLACEMENT_3D('',#265,#266,#267);
#270=CARTESIAN_POINT('',(-2.95E1,-4.6E1,-9.E0));
#271=DIRECTION('',(0.E0,0.E0,-1.E0));
#272=DIRECTION('',(0.E0,1.E0,0.E0));
#273=AXIS2_PLACEMENT_3D('',#270,#271,#272);
#275=CARTESIAN_POINT('',(-2.95E1,-4.6E1,-9.E0));
#276=DIRECTION('',(0.E0,0.E0,-1.E0));
#277=DIRECTION('',(0.E0,-1.E0,0.E0));
#278=AXIS2_PLACEMENT_3D('',#275,#276,#277);
#280=CARTESIAN_POINT('',(-2.95E1,4.6E1,-9.E0));
#281=DIRECTION('',(0.E0,0.E0,-1.E0));
#282=DIRECTION('',(0.E0,1.E0,0.E0));
#283=AXIS2_PLACEMENT_3D('',#280,#281,#282);
#285=CARTESIAN_POINT('',(-2.95E1,4.6E1,-9.E0));
#286=DIRECTION('',(0.E0,0.E0,-1.E0));
#287=DIRECTION('',(0.E0,-1.E0,0.E0));
#288=AXIS2_PLACEMENT_3D('',#285,#286,#287);
#290=DIRECTION('',(0.E0,0.E0,-1.E0));
#291=VECTOR('',#290,1.3E1);
#292=CARTESIAN_POINT('',(2.633772233983E1,-4.75E1,4.E0));
#293=LINE('2805',#292,#291);
#294=DIRECTION('',(1.E0,0.E0,0.E0));
#295=VECTOR('',#294,5.267544467966E1);
#296=CARTESIAN_POINT('',(-2.633772233983E1,-4.75E1,4.E0));
#297=LINE('2828',#296,#295);
#298=DIRECTION('',(0.E0,0.E0,-1.E0));
#299=VECTOR('',#298,1.3E1);
#300=CARTESIAN_POINT('',(-2.633772233983E1,-4.75E1,4.E0));
#301=LINE('2806',#300,#299);
#302=DIRECTION('',(0.E0,0.E0,1.E0));
#303=VECTOR('',#302,3.E0);
#304=CARTESIAN_POINT('',(-2.1E1,-4.75E1,-9.E0));
#305=LINE('2722',#304,#303);
#306=DIRECTION('',(-1.E0,0.E0,0.E0));
#307=VECTOR('',#306,1.4E1);
#308=CARTESIAN_POINT('',(-4.E0,-4.75E1,-3.E0));
#309=LINE('2721',#308,#307);
#310=DIRECTION('',(0.E0,0.E0,1.E0));
#311=VECTOR('',#310,3.E0);
#312=CARTESIAN_POINT('',(-1.E0,-4.75E1,-9.E0));
#313=LINE('2720',#312,#311);
#314=CARTESIAN_POINT('',(3.1E1,-4.283772233983E1,1.715728752538E-1));
#315=CARTESIAN_POINT('',(3.066355752586E1,-4.267813366184E1,5.080153493968E-1));
#316=CARTESIAN_POINT('',(3.000180869013E1,-4.249033053162E1,1.169764185128E0));
#317=CARTESIAN_POINT('',(2.903278514657E1,-4.248703480704E1,2.138787728685E0));
#318=CARTESIAN_POINT('',(2.808603394457E1,-4.274648890772E1,3.085538930683E0));
#319=CARTESIAN_POINT('',(2.747181033808E1,-4.311934733365E1,3.699762537178E0));
#320=CARTESIAN_POINT('',(2.717157287525E1,-4.338687407025E1,4.E0));
#322=CARTESIAN_POINT('',(2.95E1,-4.6E1,-9.E0));
#323=DIRECTION('',(0.E0,0.E0,-1.E0));
#324=DIRECTION('',(-9.035079029053E-1,-4.285714285714E-1,0.E0));
#325=AXIS2_PLACEMENT_3D('',#322,#323,#324);
#327=DIRECTION('',(0.E0,-1.E0,0.E0));
#328=VECTOR('',#327,8.677374814049E1);
#329=CARTESIAN_POINT('',(2.717157287525E1,4.338687407025E1,4.E0));
#330=LINE('2829',#329,#328);
#331=DIRECTION('',(1.E0,0.E0,0.E0));
#332=VECTOR('',#331,1.472155068047E0);
#333=CARTESIAN_POINT('',(-2.6E1,-3.3E1,4.E0));
#334=LINE('1499',#333,#332);
#335=DIRECTION('',(0.E0,-1.E0,0.E0));
#336=VECTOR('',#335,7.1E1);
#337=CARTESIAN_POINT('',(-2.6E1,3.8E1,4.E0));
#338=LINE('1536',#337,#336);
#339=DIRECTION('',(-1.E0,0.E0,0.E0));
#340=VECTOR('',#339,5.358983848622E-1);
#341=CARTESIAN_POINT('',(-2.546410161514E1,3.8E1,4.E0));
#342=LINE('1642',#341,#340);
#343=DIRECTION('',(-1.E0,0.E0,0.E0));
#344=VECTOR('',#343,3.707179676972E1);
#345=CARTESIAN_POINT('',(1.853589838486E1,3.8E1,4.E0));
#346=LINE('1641',#345,#344);
#347=DIRECTION('',(1.E0,0.E0,0.E0));
#348=VECTOR('',#347,5.358983848622E-1);
#349=CARTESIAN_POINT('',(2.546410161514E1,3.8E1,4.E0));
#350=LINE('1500',#349,#348);
#351=DIRECTION('',(0.E0,1.E0,0.E0));
#352=VECTOR('',#351,7.1E1);
#353=CARTESIAN_POINT('',(2.6E1,-3.3E1,4.E0));
#354=LINE('1535',#353,#352);
#355=DIRECTION('',(1.E0,0.E0,0.E0));
#356=VECTOR('',#355,1.472155068047E0);
#357=CARTESIAN_POINT('',(2.452784493195E1,-3.3E1,4.E0));
#358=LINE('1640',#357,#356);
#359=DIRECTION('',(1.E0,0.E0,0.E0));
#360=VECTOR('',#359,3.894431013609E1);
#361=CARTESIAN_POINT('',(-1.947215506805E1,-3.3E1,4.E0));
#362=LINE('1639',#361,#360);
#363=CARTESIAN_POINT('',(2.95E1,4.6E1,4.E0));
#364=DIRECTION('',(0.E0,0.E0,-1.E0));
#365=DIRECTION('',(-6.652648927846E-1,-7.466074085008E-1,0.E0));
#366=AXIS2_PLACEMENT_3D('',#363,#364,#365);
#368=CARTESIAN_POINT('',(-2.95E1,4.6E1,4.E0));
#369=DIRECTION('',(0.E0,0.E0,-1.E0));
#370=DIRECTION('',(9.035079029053E-1,4.285714285714E-1,0.E0));
#371=AXIS2_PLACEMENT_3D('',#368,#369,#370);
#373=DIRECTION('',(0.E0,-1.E0,0.E0));
#374=VECTOR('',#373,8.563926126022E1);
#375=CARTESIAN_POINT('',(-2.803875030503E1,4.281963063011E1,4.E0));
#376=LINE('2832',#375,#374);
#377=CARTESIAN_POINT('',(-2.95E1,-4.6E1,4.E0));
#378=DIRECTION('',(0.E0,0.E0,-1.E0));
#379=DIRECTION('',(4.174999128495E-1,9.086769628260E-1,0.E0));
#380=AXIS2_PLACEMENT_3D('',#377,#378,#379);
#382=CARTESIAN_POINT('',(2.95E1,-4.6E1,4.E0));
#383=DIRECTION('',(0.E0,0.E0,-1.E0));
#384=DIRECTION('',(-9.035079029053E-1,-4.285714285714E-1,0.E0));
#385=AXIS2_PLACEMENT_3D('',#382,#383,#384);
#387=DIRECTION('',(0.E0,0.E0,1.E0));
#388=VECTOR('',#387,2.E0);
#389=CARTESIAN_POINT('',(-2.6E1,-3.3E1,4.E0));
#390=LINE('840',#389,#388);
#391=DIRECTION('',(1.E0,0.E0,0.E0));
#392=VECTOR('',#391,5.055689863906E0);
#393=CARTESIAN_POINT('',(-2.452784493195E1,-3.3E1,2.E0));
#394=LINE('421',#393,#392);
#395=DIRECTION('',(1.E0,0.E0,0.E0));
#396=VECTOR('',#395,5.055689863906E0);
#397=CARTESIAN_POINT('',(1.947215506805E1,-3.3E1,2.E0));
#398=LINE('422',#397,#396);
#399=DIRECTION('',(1.E0,0.E0,0.E0));
#400=VECTOR('',#399,6.928203230276E0);
#401=CARTESIAN_POINT('',(1.853589838486E1,3.8E1,2.E0));
#402=LINE('423',#401,#400);
#403=DIRECTION('',(1.E0,0.E0,0.E0));
#404=VECTOR('',#403,6.928203230276E0);
#405=CARTESIAN_POINT('',(-2.546410161514E1,3.8E1,2.E0));
#406=LINE('424',#405,#404);
#407=CARTESIAN_POINT('',(2.2E1,-3.61E1,2.E0));
#408=DIRECTION('',(0.E0,0.E0,1.E0));
#409=DIRECTION('',(0.E0,-1.E0,0.E0));
#410=AXIS2_PLACEMENT_3D('',#407,#408,#409);
#412=CARTESIAN_POINT('',(2.2E1,-3.61E1,2.E0));
#413=DIRECTION('',(0.E0,0.E0,1.E0));
#414=DIRECTION('',(0.E0,1.E0,0.E0));
#415=AXIS2_PLACEMENT_3D('',#412,#413,#414);
#417=CARTESIAN_POINT('',(2.2E1,4.E1,2.E0));
#418=DIRECTION('',(0.E0,0.E0,1.E0));
#419=DIRECTION('',(0.E0,-1.E0,0.E0));
#420=AXIS2_PLACEMENT_3D('',#417,#418,#419);
#422=CARTESIAN_POINT('',(2.2E1,4.E1,2.E0));
#423=DIRECTION('',(0.E0,0.E0,1.E0));
#424=DIRECTION('',(0.E0,1.E0,0.E0));
#425=AXIS2_PLACEMENT_3D('',#422,#423,#424);
#427=CARTESIAN_POINT('',(-2.2E1,4.E1,2.E0));
#428=DIRECTION('',(0.E0,0.E0,1.E0));
#429=DIRECTION('',(0.E0,-1.E0,0.E0));
#430=AXIS2_PLACEMENT_3D('',#427,#428,#429);
#432=CARTESIAN_POINT('',(-2.2E1,4.E1,2.E0));
#433=DIRECTION('',(0.E0,0.E0,1.E0));
#434=DIRECTION('',(0.E0,1.E0,0.E0));
#435=AXIS2_PLACEMENT_3D('',#432,#433,#434);
#437=CARTESIAN_POINT('',(-2.2E1,-3.61E1,2.E0));
#438=DIRECTION('',(0.E0,0.E0,1.E0));
#439=DIRECTION('',(0.E0,-1.E0,0.E0));
#440=AXIS2_PLACEMENT_3D('',#437,#438,#439);
#442=CARTESIAN_POINT('',(-2.2E1,-3.61E1,2.E0));
#443=DIRECTION('',(0.E0,0.E0,1.E0));
#444=DIRECTION('',(0.E0,1.E0,0.E0));
#445=AXIS2_PLACEMENT_3D('',#442,#443,#444);
#447=CARTESIAN_POINT('',(-2.2E1,-3.61E1,4.E0));
#448=DIRECTION('',(0.E0,0.E0,1.E0));
#449=DIRECTION('',(-6.319612329882E-1,7.75E-1,0.E0));
#450=AXIS2_PLACEMENT_3D('',#447,#448,#449);
#452=DIRECTION('',(0.E0,0.E0,1.E0));
#453=VECTOR('',#452,2.E0);
#454=CARTESIAN_POINT('',(-1.947215506805E1,-3.3E1,2.E0));
#455=LINE('426',#454,#453);
#456=CARTESIAN_POINT('',(-2.2E1,-3.61E1,2.E0));
#457=DIRECTION('',(0.E0,0.E0,-1.E0));
#458=DIRECTION('',(6.319612329882E-1,7.75E-1,0.E0));
#459=AXIS2_PLACEMENT_3D('',#456,#457,#458);
#461=DIRECTION('',(0.E0,0.E0,1.E0));
#462=VECTOR('',#461,2.E0);
#463=CARTESIAN_POINT('',(-2.452784493195E1,-3.3E1,2.E0));
#464=LINE('425',#463,#462);
#465=CARTESIAN_POINT('',(2.2E1,-3.61E1,4.E0));
#466=DIRECTION('',(0.E0,0.E0,1.E0));
#467=DIRECTION('',(-6.319612329882E-1,7.75E-1,0.E0));
#468=AXIS2_PLACEMENT_3D('',#465,#466,#467);
#470=DIRECTION('',(0.E0,0.E0,1.E0));
#471=VECTOR('',#470,2.E0);
#472=CARTESIAN_POINT('',(2.452784493195E1,-3.3E1,2.E0));
#473=LINE('430',#472,#471);
#474=CARTESIAN_POINT('',(2.2E1,-3.61E1,2.E0));
#475=DIRECTION('',(0.E0,0.E0,-1.E0));
#476=DIRECTION('',(6.319612329882E-1,7.75E-1,0.E0));
#477=AXIS2_PLACEMENT_3D('',#474,#475,#476);
#479=DIRECTION('',(0.E0,0.E0,1.E0));
#480=VECTOR('',#479,2.E0);
#481=CARTESIAN_POINT('',(1.947215506805E1,-3.3E1,2.E0));
#482=LINE('429',#481,#480);
#483=DIRECTION('',(0.E0,0.E0,1.E0));
#484=VECTOR('',#483,2.E0);
#485=CARTESIAN_POINT('',(2.6E1,3.8E1,4.E0));
#486=LINE('842',#485,#484);
#487=CARTESIAN_POINT('',(2.2E1,4.E1,2.E0));
#488=DIRECTION('',(0.E0,0.E0,-1.E0));
#489=DIRECTION('',(-8.660254037844E-1,-5.E-1,0.E0));
#490=AXIS2_PLACEMENT_3D('',#487,#488,#489);
#492=DIRECTION('',(0.E0,0.E0,1.E0));
#493=VECTOR('',#492,2.E0);
#494=CARTESIAN_POINT('',(2.546410161514E1,3.8E1,2.E0));
#495=LINE('432',#494,#493);
#496=CARTESIAN_POINT('',(2.2E1,4.E1,4.E0));
#497=DIRECTION('',(0.E0,0.E0,1.E0));
#498=DIRECTION('',(8.660254037844E-1,-5.E-1,0.E0));
#499=AXIS2_PLACEMENT_3D('',#496,#497,#498);
#501=DIRECTION('',(0.E0,0.E0,1.E0));
#502=VECTOR('',#501,2.E0);
#503=CARTESIAN_POINT('',(1.853589838486E1,3.8E1,2.E0));
#504=LINE('431',#503,#502);
#505=CARTESIAN_POINT('',(-2.2E1,4.E1,2.E0));
#506=DIRECTION('',(0.E0,0.E0,-1.E0));
#507=DIRECTION('',(-8.660254037844E-1,-5.E-1,0.E0));
#508=AXIS2_PLACEMENT_3D('',#505,#506,#507);
#510=DIRECTION('',(0.E0,0.E0,1.E0));
#511=VECTOR('',#510,2.E0);
#512=CARTESIAN_POINT('',(-1.853589838486E1,3.8E1,2.E0));
#513=LINE('428',#512,#511);
#514=CARTESIAN_POINT('',(-2.2E1,4.E1,4.E0));
#515=DIRECTION('',(0.E0,0.E0,1.E0));
#516=DIRECTION('',(8.660254037844E-1,-5.E-1,0.E0));
#517=AXIS2_PLACEMENT_3D('',#514,#515,#516);
#519=DIRECTION('',(0.E0,0.E0,1.E0));
#520=VECTOR('',#519,2.E0);
#521=CARTESIAN_POINT('',(-2.546410161514E1,3.8E1,2.E0));
#522=LINE('427',#521,#520);
#523=DIRECTION('',(0.E0,0.E0,1.E0));
#524=VECTOR('',#523,2.E0);
#525=CARTESIAN_POINT('',(-2.6E1,3.8E1,4.E0));
#526=LINE('843',#525,#524);
#527=DIRECTION('',(0.E0,-1.E0,0.E0));
#528=VECTOR('',#527,9.9E1);
#529=CARTESIAN_POINT('',(-2.9E1,4.95E1,6.E0));
#530=LINE('1377',#529,#528);
#531=DIRECTION('',(1.E0,0.E0,0.E0));
#532=VECTOR('',#531,5.2E1);
#533=CARTESIAN_POINT('',(-2.6E1,-3.3E1,6.E0));
#534=LINE('1392',#533,#532);
#535=DIRECTION('',(0.E0,1.E0,0.E0));
#536=VECTOR('',#535,7.1E1);
#537=CARTESIAN_POINT('',(2.6E1,-3.3E1,6.E0));
#538=LINE('1533',#537,#536);
#539=DIRECTION('',(1.E0,0.E0,0.E0));
#540=VECTOR('',#539,5.2E1);
#541=CARTESIAN_POINT('',(-2.6E1,3.8E1,6.E0));
#542=LINE('1393',#541,#540);
#543=DIRECTION('',(0.E0,-1.E0,0.E0));
#544=VECTOR('',#543,7.1E1);
#545=CARTESIAN_POINT('',(-2.6E1,3.8E1,6.E0));
#546=LINE('1534',#545,#544);
#547=DIRECTION('',(0.E0,-1.E0,0.E0));
#548=VECTOR('',#547,9.9E1);
#549=CARTESIAN_POINT('',(2.8E1,4.95E1,6.E0));
#550=LINE('1367',#549,#548);
#551=DIRECTION('',(0.E0,-1.E0,0.E0));
#552=VECTOR('',#551,9.9E1);
#553=CARTESIAN_POINT('',(3.3E1,4.95E1,1.E0));
#554=LINE('1369',#553,#552);
#555=DIRECTION('',(-1.E0,0.E0,0.E0));
#556=VECTOR('',#555,1.4E1);
#557=CARTESIAN_POINT('',(-4.E0,-4.95E1,-3.E0));
#558=LINE('2718',#557,#556);
#559=DIRECTION('',(0.E0,0.E0,1.E0));
#560=VECTOR('',#559,3.E0);
#561=CARTESIAN_POINT('',(-2.1E1,-4.95E1,-9.E0));
#562=LINE('2719',#561,#560);
#563=DIRECTION('',(-1.E0,0.E0,0.E0));
#564=VECTOR('',#563,1.2E1);
#565=CARTESIAN_POINT('',(-2.1E1,-4.95E1,-9.E0));
#566=LINE('2631',#565,#564);
#567=DIRECTION('',(0.E0,0.E0,1.E0));
#568=VECTOR('',#567,1.E1);
#569=CARTESIAN_POINT('',(-3.3E1,-4.95E1,-9.E0));
#570=LINE('1363',#569,#568);
#571=DIRECTION('',(6.246950475544E-1,0.E0,7.808688094430E-1));
#572=VECTOR('',#571,6.403124237433E0);
#573=CARTESIAN_POINT('',(-3.3E1,-4.95E1,1.E0));
#574=LINE('1364',#573,#572);
#575=DIRECTION('',(1.E0,0.E0,0.E0));
#576=VECTOR('',#575,5.7E1);
#577=CARTESIAN_POINT('',(-2.9E1,-4.95E1,6.E0));
#578=LINE('1365',#577,#576);
#579=DIRECTION('',(7.071067811865E-1,0.E0,-7.071067811865E-1));
#580=VECTOR('',#579,7.071067811865E0);
#581=CARTESIAN_POINT('',(2.8E1,-4.95E1,6.E0));
#582=LINE('1360',#581,#580);
#583=DIRECTION('',(0.E0,0.E0,-1.E0));
#584=VECTOR('',#583,1.E1);
#585=CARTESIAN_POINT('',(3.3E1,-4.95E1,1.E0));
#586=LINE('1361',#585,#584);
#587=DIRECTION('',(-1.E0,0.E0,0.E0));
#588=VECTOR('',#587,3.4E1);
#589=CARTESIAN_POINT('',(3.3E1,-4.95E1,-9.E0));
#590=LINE('2630',#589,#588);
#591=DIRECTION('',(0.E0,0.E0,1.E0));
#592=VECTOR('',#591,3.E0);
#593=CARTESIAN_POINT('',(-1.E0,-4.95E1,-9.E0));
#594=LINE('2717',#593,#592);
#595=DIRECTION('',(0.E0,1.E0,0.E0));
#596=VECTOR('',#595,2.E0);
#597=CARTESIAN_POINT('',(-4.E0,-4.95E1,-3.E0));
#598=LINE('2705',#597,#596);
#599=DIRECTION('',(0.E0,1.E0,0.E0));
#600=VECTOR('',#599,2.E0);
#601=CARTESIAN_POINT('',(-1.8E1,-4.95E1,-3.E0));
#602=LINE('2712',#601,#600);
#603=CARTESIAN_POINT('',(-4.E0,-4.95E1,-6.E0));
#604=DIRECTION('',(0.E0,1.E0,0.E0));
#605=DIRECTION('',(0.E0,0.E0,1.E0));
#606=AXIS2_PLACEMENT_3D('',#603,#604,#605);
#608=CARTESIAN_POINT('',(-4.E0,-4.75E1,-6.E0));
#609=DIRECTION('',(0.E0,-1.E0,0.E0));
#610=DIRECTION('',(1.E0,0.E0,0.E0));
#611=AXIS2_PLACEMENT_3D('',#608,#609,#610);
#613=DIRECTION('',(0.E0,1.E0,0.E0));
#614=VECTOR('',#613,2.E0);
#615=CARTESIAN_POINT('',(-1.E0,-4.95E1,-6.E0));
#616=LINE('2706',#615,#614);
#617=CARTESIAN_POINT('',(-1.8E1,-4.95E1,-6.E0));
#618=DIRECTION('',(0.E0,1.E0,0.E0));
#619=DIRECTION('',(-1.E0,0.E0,0.E0));
#620=AXIS2_PLACEMENT_3D('',#617,#618,#619);
#622=CARTESIAN_POINT('',(-1.8E1,-4.75E1,-6.E0));
#623=DIRECTION('',(0.E0,-1.E0,0.E0));
#624=DIRECTION('',(0.E0,0.E0,1.E0));
#625=AXIS2_PLACEMENT_3D('',#622,#623,#624);
#627=DIRECTION('',(0.E0,1.E0,0.E0));
#628=VECTOR('',#627,2.E0);
#629=CARTESIAN_POINT('',(-2.1E1,-4.95E1,-6.E0));
#630=LINE('2711',#629,#628);
#631=DIRECTION('',(0.E0,-1.E0,0.E0));
#632=VECTOR('',#631,9.9E1);
#633=CARTESIAN_POINT('',(-3.3E1,4.95E1,-9.E0));
#634=LINE('1891',#633,#632);
#635=DIRECTION('',(0.E0,-1.E0,0.E0));
#636=VECTOR('',#635,9.9E1);
#637=CARTESIAN_POINT('',(-3.3E1,4.95E1,1.E0));
#638=LINE('1375',#637,#636);
#639=DIRECTION('',(0.E0,0.E0,1.E0));
#640=VECTOR('',#639,2.E0);
#641=CARTESIAN_POINT('',(2.6E1,-3.3E1,4.E0));
#642=LINE('841',#641,#640);
#643=DIRECTION('',(0.E0,0.E0,-1.E0));
#644=VECTOR('',#643,2.E0);
#645=CARTESIAN_POINT('',(2.2E1,-3.735E1,2.E0));
#646=LINE('1868',#645,#644);
#647=DIRECTION('',(0.E0,0.E0,-1.E0));
#648=VECTOR('',#647,2.E0);
#649=CARTESIAN_POINT('',(2.2E1,-3.485E1,2.E0));
#650=LINE('1869',#649,#648);
#651=CARTESIAN_POINT('',(2.2E1,-3.61E1,0.E0));
#652=DIRECTION('',(0.E0,0.E0,1.E0));
#653=DIRECTION('',(0.E0,-1.E0,0.E0));
#654=AXIS2_PLACEMENT_3D('',#651,#652,#653);
#656=CARTESIAN_POINT('',(2.2E1,-3.61E1,0.E0));
#657=DIRECTION('',(0.E0,0.E0,1.E0));
#658=DIRECTION('',(0.E0,1.E0,0.E0));
#659=AXIS2_PLACEMENT_3D('',#656,#657,#658);
#661=CARTESIAN_POINT('',(2.2E1,4.E1,0.E0));
#662=DIRECTION('',(0.E0,0.E0,1.E0));
#663=DIRECTION('',(0.E0,-1.E0,0.E0));
#664=AXIS2_PLACEMENT_3D('',#661,#662,#663);
#666=CARTESIAN_POINT('',(2.2E1,4.E1,0.E0));
#667=DIRECTION('',(0.E0,0.E0,1.E0));
#668=DIRECTION('',(0.E0,1.E0,0.E0));
#669=AXIS2_PLACEMENT_3D('',#666,#667,#668);
#671=CARTESIAN_POINT('',(-2.2E1,4.E1,0.E0));
#672=DIRECTION('',(0.E0,0.E0,1.E0));
#673=DIRECTION('',(0.E0,-1.E0,0.E0));
#674=AXIS2_PLACEMENT_3D('',#671,#672,#673);
#676=CARTESIAN_POINT('',(-2.2E1,4.E1,0.E0));
#677=DIRECTION('',(0.E0,0.E0,1.E0));
#678=DIRECTION('',(0.E0,1.E0,0.E0));
#679=AXIS2_PLACEMENT_3D('',#676,#677,#678);
#681=CARTESIAN_POINT('',(-2.2E1,-3.61E1,0.E0));
#682=DIRECTION('',(0.E0,0.E0,1.E0));
#683=DIRECTION('',(0.E0,-1.E0,0.E0));
#684=AXIS2_PLACEMENT_3D('',#681,#682,#683);
#686=CARTESIAN_POINT('',(-2.2E1,-3.61E1,0.E0));
#687=DIRECTION('',(0.E0,0.E0,1.E0));
#688=DIRECTION('',(0.E0,1.E0,0.E0));
#689=AXIS2_PLACEMENT_3D('',#686,#687,#688);
#691=DIRECTION('',(0.E0,0.E0,-1.E0));
#692=VECTOR('',#691,2.E0);
#693=CARTESIAN_POINT('',(2.2E1,3.875E1,2.E0));
#694=LINE('1870',#693,#692);
#695=DIRECTION('',(0.E0,0.E0,-1.E0));
#696=VECTOR('',#695,2.E0);
#697=CARTESIAN_POINT('',(2.2E1,4.125E1,2.E0));
#698=LINE('1871',#697,#696);
#699=DIRECTION('',(0.E0,0.E0,-1.E0));
#700=VECTOR('',#699,2.E0);
#701=CARTESIAN_POINT('',(-2.2E1,3.875E1,2.E0));
#702=LINE('1872',#701,#700);
#703=DIRECTION('',(0.E0,0.E0,-1.E0));
#704=VECTOR('',#703,2.E0);
#705=CARTESIAN_POINT('',(-2.2E1,4.125E1,2.E0));
#706=LINE('1873',#705,#704);
#707=DIRECTION('',(0.E0,0.E0,-1.E0));
#708=VECTOR('',#707,2.E0);
#709=CARTESIAN_POINT('',(-2.2E1,-3.735E1,2.E0));
#710=LINE('1874',#709,#708);
#711=DIRECTION('',(0.E0,0.E0,-1.E0));
#712=VECTOR('',#711,2.E0);
#713=CARTESIAN_POINT('',(-2.2E1,-3.485E1,2.E0));
#714=LINE('1875',#713,#712);
#715=CARTESIAN_POINT('',(-2.95E1,4.6E1,-9.E0));
#716=DIRECTION('',(0.E0,0.E0,-1.E0));
#717=DIRECTION('',(9.035079029053E-1,4.285714285714E-1,0.E0));
#718=AXIS2_PLACEMENT_3D('',#715,#716,#717);
#720=CARTESIAN_POINT('',(-3.1E1,4.283772233983E1,2.984378812836E-1));
#721=CARTESIAN_POINT('',(-3.050707605823E1,4.260390798445E1,9.145928084956E-1));
#722=CARTESIAN_POINT('',(-2.952051738856E1,4.240187044856E1,2.147791145588E0));
#723=CARTESIAN_POINT('',(-2.853290761796E1,4.259258554861E1,3.382303358828E0));
#724=CARTESIAN_POINT('',(-2.803875030503E1,4.281963063011E1,4.E0));
#726=DIRECTION('',(0.E0,0.E0,-1.E0));
#727=VECTOR('',#726,9.298437881284E0);
#728=CARTESIAN_POINT('',(-3.1E1,-4.283772233983E1,2.984378812836E-1));
#729=LINE('2817',#728,#727);
#730=DIRECTION('',(0.E0,0.E0,-1.E0));
#731=VECTOR('',#730,9.298437881284E0);
#732=CARTESIAN_POINT('',(-3.1E1,4.283772233983E1,2.984378812836E-1));
#733=LINE('2818',#732,#731);
#734=CARTESIAN_POINT('',(-2.803875030503E1,-4.281963063011E1,4.E0));
#735=CARTESIAN_POINT('',(-2.853290761796E1,-4.259258554861E1,3.382303358828E0));
#736=CARTESIAN_POINT('',(-2.952051738856E1,-4.240187044856E1,2.147791145588E0));
#737=CARTESIAN_POINT('',(-3.050707605823E1,-4.260390798445E1,
9.145928084956E-1));
#738=CARTESIAN_POINT('',(-3.1E1,-4.283772233983E1,2.984378812836E-1));
#740=CARTESIAN_POINT('',(-2.95E1,-4.6E1,-9.E0));
#741=DIRECTION('',(0.E0,0.E0,-1.E0));
#742=DIRECTION('',(-4.285714285714E-1,9.035079029053E-1,0.E0));
#743=AXIS2_PLACEMENT_3D('',#740,#741,#742);
#745=DIRECTION('',(0.E0,-1.E0,0.E0));
#746=VECTOR('',#745,8.567544467966E1);
#747=CARTESIAN_POINT('',(-3.1E1,4.283772233983E1,2.984378812836E-1));
#748=LINE('2831',#747,#746);
#749=DIRECTION('',(0.E0,0.E0,-1.E0));
#750=VECTOR('',#749,9.171572875254E0);
#751=CARTESIAN_POINT('',(3.1E1,4.283772233983E1,1.715728752538E-1));
#752=LINE('2813',#751,#750);
#753=DIRECTION('',(0.E0,-1.E0,0.E0));
#754=VECTOR('',#753,8.567544467966E1);
#755=CARTESIAN_POINT('',(3.1E1,4.283772233983E1,1.715728752538E-1));
#756=LINE('2830',#755,#754);
#757=DIRECTION('',(0.E0,0.E0,-1.E0));
#758=VECTOR('',#757,9.171572875254E0);
#759=CARTESIAN_POINT('',(3.1E1,-4.283772233983E1,1.715728752538E-1));
#760=LINE('2814',#759,#758);
#761=DIRECTION('',(0.E0,0.E0,1.E0));
#762=VECTOR('',#761,1.E1);
#763=CARTESIAN_POINT('',(2.95E1,4.74E1,-9.E0));
#764=LINE('2920',#763,#762);
#765=DIRECTION('',(0.E0,0.E0,1.E0));
#766=VECTOR('',#765,1.E1);
#767=CARTESIAN_POINT('',(2.95E1,4.46E1,-9.E0));
#768=LINE('2921',#767,#766);
#769=CARTESIAN_POINT('',(2.95E1,4.6E1,1.E0));
#770=DIRECTION('',(0.E0,0.E0,-1.E0));
#771=DIRECTION('',(0.E0,1.E0,0.E0));
#772=AXIS2_PLACEMENT_3D('',#769,#770,#771);
#774=CARTESIAN_POINT('',(2.95E1,4.6E1,1.E0));
#775=DIRECTION('',(0.E0,0.E0,-1.E0));
#776=DIRECTION('',(0.E0,-1.E0,0.E0));
#777=AXIS2_PLACEMENT_3D('',#774,#775,#776);
#779=CARTESIAN_POINT('',(2.95E1,-4.6E1,1.E0));
#780=DIRECTION('',(0.E0,0.E0,-1.E0));
#781=DIRECTION('',(0.E0,1.E0,0.E0));
#782=AXIS2_PLACEMENT_3D('',#779,#780,#781);
#784=CARTESIAN_POINT('',(2.95E1,-4.6E1,1.E0));
#785=DIRECTION('',(0.E0,0.E0,-1.E0));
#786=DIRECTION('',(0.E0,-1.E0,0.E0));
#787=AXIS2_PLACEMENT_3D('',#784,#785,#786);
#789=CARTESIAN_POINT('',(-2.95E1,-4.6E1,1.E0));
#790=DIRECTION('',(0.E0,0.E0,-1.E0));
#791=DIRECTION('',(0.E0,1.E0,0.E0));
#792=AXIS2_PLACEMENT_3D('',#789,#790,#791);
#794=CARTESIAN_POINT('',(-2.95E1,-4.6E1,1.E0));
#795=DIRECTION('',(0.E0,0.E0,-1.E0));
#796=DIRECTION('',(0.E0,-1.E0,0.E0));
#797=AXIS2_PLACEMENT_3D('',#794,#795,#796);
#799=CARTESIAN_POINT('',(-2.95E1,4.6E1,1.E0));
#800=DIRECTION('',(0.E0,0.E0,-1.E0));
#801=DIRECTION('',(0.E0,1.E0,0.E0));
#802=AXIS2_PLACEMENT_3D('',#799,#800,#801);
#804=CARTESIAN_POINT('',(-2.95E1,4.6E1,1.E0));
#805=DIRECTION('',(0.E0,0.E0,-1.E0));
#806=DIRECTION('',(0.E0,-1.E0,0.E0));
#807=AXIS2_PLACEMENT_3D('',#804,#805,#806);
#809=DIRECTION('',(0.E0,0.E0,1.E0));
#810=VECTOR('',#809,1.E1);
#811=CARTESIAN_POINT('',(2.95E1,-4.46E1,-9.E0));
#812=LINE('2922',#811,#810);
#813=DIRECTION('',(0.E0,0.E0,1.E0));
#814=VECTOR('',#813,1.E1);
#815=CARTESIAN_POINT('',(2.95E1,-4.74E1,-9.E0));
#816=LINE('2923',#815,#814);
#817=DIRECTION('',(0.E0,0.E0,1.E0));
#818=VECTOR('',#817,1.E1);
#819=CARTESIAN_POINT('',(-2.95E1,-4.46E1,-9.E0));
#820=LINE('2924',#819,#818);
#821=DIRECTION('',(0.E0,0.E0,1.E0));
#822=VECTOR('',#821,1.E1);
#823=CARTESIAN_POINT('',(-2.95E1,-4.74E1,-9.E0));
#824=LINE('2925',#823,#822);
#825=DIRECTION('',(0.E0,0.E0,1.E0));
#826=VECTOR('',#825,1.E1);
#827=CARTESIAN_POINT('',(-2.95E1,4.74E1,-9.E0));
#828=LINE('2926',#827,#826);
#829=DIRECTION('',(0.E0,0.E0,1.E0));
#830=VECTOR('',#829,1.E1);
#831=CARTESIAN_POINT('',(-2.95E1,4.46E1,-9.E0));
#832=LINE('2927',#831,#830);
#833=CARTESIAN_POINT('',(-2.452784493195E1,-3.3E1,2.E0));
#834=CARTESIAN_POINT('',(-1.947215506805E1,-3.3E1,2.E0));
#835=VERTEX_POINT('',#833);
#836=VERTEX_POINT('',#834);
#837=CARTESIAN_POINT('',(1.947215506805E1,-3.3E1,2.E0));
#838=CARTESIAN_POINT('',(2.452784493195E1,-3.3E1,2.E0));
#839=VERTEX_POINT('',#837);
#840=VERTEX_POINT('',#838);
#841=CARTESIAN_POINT('',(1.853589838486E1,3.8E1,2.E0));
#842=CARTESIAN_POINT('',(2.546410161514E1,3.8E1,2.E0));
#843=VERTEX_POINT('',#841);
#844=VERTEX_POINT('',#842);
#845=CARTESIAN_POINT('',(-2.546410161514E1,3.8E1,2.E0));
#846=CARTESIAN_POINT('',(-1.853589838486E1,3.8E1,2.E0));
#847=VERTEX_POINT('',#845);
#848=VERTEX_POINT('',#846);
#849=CARTESIAN_POINT('',(-2.452784493195E1,-3.3E1,4.E0));
#850=VERTEX_POINT('',#849);
#851=CARTESIAN_POINT('',(-1.947215506805E1,-3.3E1,4.E0));
#852=VERTEX_POINT('',#851);
#853=CARTESIAN_POINT('',(-2.546410161514E1,3.8E1,4.E0));
#854=VERTEX_POINT('',#853);
#855=CARTESIAN_POINT('',(-1.853589838486E1,3.8E1,4.E0));
#856=VERTEX_POINT('',#855);
#857=CARTESIAN_POINT('',(1.947215506805E1,-3.3E1,4.E0));
#858=VERTEX_POINT('',#857);
#859=CARTESIAN_POINT('',(2.452784493195E1,-3.3E1,4.E0));
#860=VERTEX_POINT('',#859);
#861=CARTESIAN_POINT('',(1.853589838486E1,3.8E1,4.E0));
#862=VERTEX_POINT('',#861);
#863=CARTESIAN_POINT('',(2.546410161514E1,3.8E1,4.E0));
#864=VERTEX_POINT('',#863);
#865=CARTESIAN_POINT('',(-2.6E1,-3.3E1,4.E0));
#866=CARTESIAN_POINT('',(-2.6E1,-3.3E1,6.E0));
#867=VERTEX_POINT('',#865);
#868=VERTEX_POINT('',#866);
#869=CARTESIAN_POINT('',(2.6E1,-3.3E1,4.E0));
#870=CARTESIAN_POINT('',(2.6E1,-3.3E1,6.E0));
#871=VERTEX_POINT('',#869);
#872=VERTEX_POINT('',#870);
#873=CARTESIAN_POINT('',(2.6E1,3.8E1,4.E0));
#874=CARTESIAN_POINT('',(2.6E1,3.8E1,6.E0));
#875=VERTEX_POINT('',#873);
#876=VERTEX_POINT('',#874);
#877=CARTESIAN_POINT('',(-2.6E1,3.8E1,4.E0));
#878=CARTESIAN_POINT('',(-2.6E1,3.8E1,6.E0));
#879=VERTEX_POINT('',#877);
#880=VERTEX_POINT('',#878);
#881=CARTESIAN_POINT('',(2.8E1,4.95E1,6.E0));
#882=CARTESIAN_POINT('',(3.3E1,4.95E1,1.E0));
#883=VERTEX_POINT('',#881);
#884=VERTEX_POINT('',#882);
#885=CARTESIAN_POINT('',(3.3E1,4.95E1,-9.E0));
#886=VERTEX_POINT('',#885);
#887=CARTESIAN_POINT('',(-3.3E1,4.95E1,-9.E0));
#888=CARTESIAN_POINT('',(-3.3E1,4.95E1,1.E0));
#889=VERTEX_POINT('',#887);
#890=VERTEX_POINT('',#888);
#891=CARTESIAN_POINT('',(-2.9E1,4.95E1,6.E0));
#892=VERTEX_POINT('',#891);
#893=CARTESIAN_POINT('',(2.8E1,-4.95E1,6.E0));
#894=CARTESIAN_POINT('',(3.3E1,-4.95E1,1.E0));
#895=VERTEX_POINT('',#893);
#896=VERTEX_POINT('',#894);
#897=CARTESIAN_POINT('',(3.3E1,-4.95E1,-9.E0));
#898=VERTEX_POINT('',#897);
#899=CARTESIAN_POINT('',(-3.3E1,-4.95E1,-9.E0));
#900=CARTESIAN_POINT('',(-3.3E1,-4.95E1,1.E0));
#901=VERTEX_POINT('',#899);
#902=VERTEX_POINT('',#900);
#903=CARTESIAN_POINT('',(-2.9E1,-4.95E1,6.E0));
#904=VERTEX_POINT('',#903);
#905=CARTESIAN_POINT('',(2.2E1,-3.735E1,0.E0));
#906=CARTESIAN_POINT('',(2.2E1,-3.485E1,0.E0));
#907=VERTEX_POINT('',#905);
#908=VERTEX_POINT('',#906);
#909=CARTESIAN_POINT('',(2.2E1,3.875E1,0.E0));
#910=CARTESIAN_POINT('',(2.2E1,4.125E1,0.E0));
#911=VERTEX_POINT('',#909);
#912=VERTEX_POINT('',#910);
#913=CARTESIAN_POINT('',(-2.2E1,3.875E1,0.E0));
#914=CARTESIAN_POINT('',(-2.2E1,4.125E1,0.E0));
#915=VERTEX_POINT('',#913);
#916=VERTEX_POINT('',#914);
#917=CARTESIAN_POINT('',(-2.2E1,-3.735E1,0.E0));
#918=CARTESIAN_POINT('',(-2.2E1,-3.485E1,0.E0));
#919=VERTEX_POINT('',#917);
#920=VERTEX_POINT('',#918);
#921=CARTESIAN_POINT('',(2.2E1,-3.735E1,2.E0));
#922=CARTESIAN_POINT('',(2.2E1,-3.485E1,2.E0));
#923=VERTEX_POINT('',#921);
#924=VERTEX_POINT('',#922);
#925=CARTESIAN_POINT('',(2.2E1,3.875E1,2.E0));
#926=CARTESIAN_POINT('',(2.2E1,4.125E1,2.E0));
#927=VERTEX_POINT('',#925);
#928=VERTEX_POINT('',#926);
#929=CARTESIAN_POINT('',(-2.2E1,3.875E1,2.E0));
#930=CARTESIAN_POINT('',(-2.2E1,4.125E1,2.E0));
#931=VERTEX_POINT('',#929);
#932=VERTEX_POINT('',#930);
#933=CARTESIAN_POINT('',(-2.2E1,-3.735E1,2.E0));
#934=CARTESIAN_POINT('',(-2.2E1,-3.485E1,2.E0));
#935=VERTEX_POINT('',#933);
#936=VERTEX_POINT('',#934);
#937=CARTESIAN_POINT('',(0.E0,4.95E1,-9.E0));
#938=CARTESIAN_POINT('',(0.E0,4.75E1,-9.E0));
#939=VERTEX_POINT('',#937);
#940=VERTEX_POINT('',#938);
#941=CARTESIAN_POINT('',(1.8E1,4.95E1,-9.E0));
#942=CARTESIAN_POINT('',(1.8E1,4.75E1,-9.E0));
#943=VERTEX_POINT('',#941);
#944=VERTEX_POINT('',#942);
#945=CARTESIAN_POINT('',(1.8E1,4.95E1,-5.E0));
#946=CARTESIAN_POINT('',(1.8E1,4.75E1,-5.E0));
#947=VERTEX_POINT('',#945);
#948=VERTEX_POINT('',#946);
#949=CARTESIAN_POINT('',(1.5E1,4.95E1,-2.E0));
#950=CARTESIAN_POINT('',(1.5E1,4.75E1,-2.E0));
#951=VERTEX_POINT('',#949);
#952=VERTEX_POINT('',#950);
#953=CARTESIAN_POINT('',(3.E0,4.95E1,-2.E0));
#954=CARTESIAN_POINT('',(3.E0,4.75E1,-2.E0));
#955=VERTEX_POINT('',#953);
#956=VERTEX_POINT('',#954);
#957=CARTESIAN_POINT('',(0.E0,4.95E1,-5.E0));
#958=CARTESIAN_POINT('',(0.E0,4.75E1,-5.E0));
#959=VERTEX_POINT('',#957);
#960=VERTEX_POINT('',#958);
#961=CARTESIAN_POINT('',(-1.E0,-4.95E1,-9.E0));
#962=CARTESIAN_POINT('',(-1.E0,-4.75E1,-9.E0));
#963=VERTEX_POINT('',#961);
#964=VERTEX_POINT('',#962);
#965=CARTESIAN_POINT('',(-2.1E1,-4.95E1,-9.E0));
#966=CARTESIAN_POINT('',(-2.1E1,-4.75E1,-9.E0));
#967=VERTEX_POINT('',#965);
#968=VERTEX_POINT('',#966);
#969=CARTESIAN_POINT('',(-4.E0,-4.95E1,-3.E0));
#970=CARTESIAN_POINT('',(-4.E0,-4.75E1,-3.E0));
#971=VERTEX_POINT('',#969);
#972=VERTEX_POINT('',#970);
#973=CARTESIAN_POINT('',(-1.E0,-4.95E1,-6.E0));
#974=CARTESIAN_POINT('',(-1.E0,-4.75E1,-6.E0));
#975=VERTEX_POINT('',#973);
#976=VERTEX_POINT('',#974);
#977=CARTESIAN_POINT('',(-2.1E1,-4.95E1,-6.E0));
#978=CARTESIAN_POINT('',(-2.1E1,-4.75E1,-6.E0));
#979=VERTEX_POINT('',#977);
#980=VERTEX_POINT('',#978);
#981=CARTESIAN_POINT('',(-1.8E1,-4.95E1,-3.E0));
#982=CARTESIAN_POINT('',(-1.8E1,-4.75E1,-3.E0));
#983=VERTEX_POINT('',#981);
#984=VERTEX_POINT('',#982);
#985=CARTESIAN_POINT('',(2.633772233983E1,4.75E1,4.E0));
#986=CARTESIAN_POINT('',(2.633772233983E1,4.75E1,-9.E0));
#987=VERTEX_POINT('',#985);
#988=VERTEX_POINT('',#986);
#989=CARTESIAN_POINT('',(-2.633772233983E1,4.75E1,4.E0));
#990=CARTESIAN_POINT('',(-2.633772233983E1,4.75E1,-9.E0));
#991=VERTEX_POINT('',#989);
#992=VERTEX_POINT('',#990);
#993=CARTESIAN_POINT('',(2.633772233983E1,-4.75E1,4.E0));
#994=CARTESIAN_POINT('',(2.633772233983E1,-4.75E1,-9.E0));
#995=VERTEX_POINT('',#993);
#996=VERTEX_POINT('',#994);
#997=CARTESIAN_POINT('',(-2.633772233983E1,-4.75E1,4.E0));
#998=CARTESIAN_POINT('',(-2.633772233983E1,-4.75E1,-9.E0));
#999=VERTEX_POINT('',#997);
#1000=VERTEX_POINT('',#998);
#1001=CARTESIAN_POINT('',(3.1E1,4.283772233983E1,1.715728752538E-1));
#1002=CARTESIAN_POINT('',(3.1E1,4.283772233983E1,-9.E0));
#1003=VERTEX_POINT('',#1001);
#1004=VERTEX_POINT('',#1002);
#1005=CARTESIAN_POINT('',(3.1E1,-4.283772233983E1,1.715728752538E-1));
#1006=CARTESIAN_POINT('',(3.1E1,-4.283772233983E1,-9.E0));
#1007=VERTEX_POINT('',#1005);
#1008=VERTEX_POINT('',#1006);
#1009=CARTESIAN_POINT('',(-3.1E1,-4.283772233983E1,2.984378812836E-1));
#1010=CARTESIAN_POINT('',(-3.1E1,-4.283772233983E1,-9.E0));
#1011=VERTEX_POINT('',#1009);
#1012=VERTEX_POINT('',#1010);
#1013=CARTESIAN_POINT('',(-3.1E1,4.283772233983E1,2.984378812836E-1));
#1014=CARTESIAN_POINT('',(-3.1E1,4.283772233983E1,-9.E0));
#1015=VERTEX_POINT('',#1013);
#1016=VERTEX_POINT('',#1014);
#1017=CARTESIAN_POINT('',(2.717157287525E1,4.338687407025E1,4.E0));
#1018=VERTEX_POINT('',#1017);
#1019=CARTESIAN_POINT('',(2.717157287525E1,-4.338687407025E1,4.E0));
#1020=VERTEX_POINT('',#1019);
#1021=CARTESIAN_POINT('',(-2.803875030503E1,-4.281963063011E1,4.E0));
#1022=VERTEX_POINT('',#1021);
#1023=CARTESIAN_POINT('',(-2.803875030503E1,4.281963063011E1,4.E0));
#1024=VERTEX_POINT('',#1023);
#1025=CARTESIAN_POINT('',(2.95E1,4.74E1,1.E0));
#1026=CARTESIAN_POINT('',(2.95E1,4.46E1,1.E0));
#1027=VERTEX_POINT('',#1025);
#1028=VERTEX_POINT('',#1026);
#1029=CARTESIAN_POINT('',(2.95E1,-4.46E1,1.E0));
#1030=CARTESIAN_POINT('',(2.95E1,-4.74E1,1.E0));
#1031=VERTEX_POINT('',#1029);
#1032=VERTEX_POINT('',#1030);
#1033=CARTESIAN_POINT('',(-2.95E1,-4.46E1,1.E0));
#1034=CARTESIAN_POINT('',(-2.95E1,-4.74E1,1.E0));
#1035=VERTEX_POINT('',#1033);
#1036=VERTEX_POINT('',#1034);
#1037=CARTESIAN_POINT('',(-2.95E1,4.74E1,1.E0));
#1038=CARTESIAN_POINT('',(-2.95E1,4.46E1,1.E0));
#1039=VERTEX_POINT('',#1037);
#1040=VERTEX_POINT('',#1038);
#1041=CARTESIAN_POINT('',(2.95E1,4.74E1,-9.E0));
#1042=CARTESIAN_POINT('',(2.95E1,4.46E1,-9.E0));
#1043=VERTEX_POINT('',#1041);
#1044=VERTEX_POINT('',#1042);
#1045=CARTESIAN_POINT('',(2.95E1,-4.46E1,-9.E0));
#1046=CARTESIAN_POINT('',(2.95E1,-4.74E1,-9.E0));
#1047=VERTEX_POINT('',#1045);
#1048=VERTEX_POINT('',#1046);
#1049=CARTESIAN_POINT('',(-2.95E1,-4.46E1,-9.E0));
#1050=CARTESIAN_POINT('',(-2.95E1,-4.74E1,-9.E0));
#1051=VERTEX_POINT('',#1049);
#1052=VERTEX_POINT('',#1050);
#1053=CARTESIAN_POINT('',(-2.95E1,4.74E1,-9.E0));
#1054=CARTESIAN_POINT('',(-2.95E1,4.46E1,-9.E0));
#1055=VERTEX_POINT('',#1053);
#1056=VERTEX_POINT('',#1054);
#1057=CARTESIAN_POINT('',(0.E0,4.95E1,0.E0));
#1058=DIRECTION('',(0.E0,1.E0,0.E0));
#1059=DIRECTION('',(0.E0,0.E0,1.E0));
#1060=AXIS2_PLACEMENT_3D('',#1057,#1058,#1059);
#1061=PLANE('190',#1060);
#1063=ORIENTED_EDGE('2576',*,*,#1062,.T.);
#1065=ORIENTED_EDGE('2584',*,*,#1064,.F.);
#1067=ORIENTED_EDGE('2577',*,*,#1066,.T.);
#1069=ORIENTED_EDGE('2582',*,*,#1068,.F.);
#1071=ORIENTED_EDGE('2578',*,*,#1070,.F.);
#1073=ORIENTED_EDGE('2489',*,*,#1072,.F.);
#1075=ORIENTED_EDGE('1355',*,*,#1074,.F.);
#1077=ORIENTED_EDGE('1354',*,*,#1076,.F.);
#1079=ORIENTED_EDGE('1359',*,*,#1078,.F.);
#1081=ORIENTED_EDGE('1358',*,*,#1080,.F.);
#1083=ORIENTED_EDGE('1357',*,*,#1082,.F.);
#1085=ORIENTED_EDGE('2490',*,*,#1084,.F.);
#1086=EDGE_LOOP('190',(#1063,#1065,#1067,#1069,#1071,#1073,#1075,#1077,#1079,
#1081,#1083,#1085));
#1087=FACE_OUTER_BOUND('190',#1086,.F.);
#1089=CARTESIAN_POINT('',(0.E0,4.95E1,-9.E0));
#1090=DIRECTION('',(-1.E0,0.E0,0.E0));
#1091=DIRECTION('',(0.E0,0.E0,1.E0));
#1092=AXIS2_PLACEMENT_3D('',#1089,#1090,#1091);
#1093=PLANE('2475',#1092);
#1095=ORIENTED_EDGE('2571',*,*,#1094,.F.);
#1096=ORIENTED_EDGE('2576',*,*,#1062,.F.);
#1098=ORIENTED_EDGE('2487',*,*,#1097,.T.);
#1100=ORIENTED_EDGE('2579',*,*,#1099,.T.);
#1101=EDGE_LOOP('2475',(#1095,#1096,#1098,#1100));
#1102=FACE_OUTER_BOUND('2475',#1101,.F.);
#1104=CARTESIAN_POINT('',(3.E0,1.785564E2,-5.E0));
#1105=DIRECTION('',(0.E0,-1.E0,0.E0));
#1106=DIRECTION('',(0.E0,0.E0,1.E0));
#1107=AXIS2_PLACEMENT_3D('',#1104,#1105,#1106);
#1108=CYLINDRICAL_SURFACE('2511',#1107,3.E0);
#1110=ORIENTED_EDGE('2570',*,*,#1109,.F.);
#1111=ORIENTED_EDGE('2584',*,*,#1064,.T.);
#1112=ORIENTED_EDGE('2571',*,*,#1094,.T.);
#1114=ORIENTED_EDGE('2585',*,*,#1113,.T.);
#1115=EDGE_LOOP('2511',(#1110,#1111,#1112,#1114));
#1116=FACE_OUTER_BOUND('2511',#1115,.F.);
#1118=CARTESIAN_POINT('',(0.E0,4.95E1,-2.E0));
#1119=DIRECTION('',(0.E0,0.E0,1.E0));
#1120=DIRECTION('',(1.E0,0.E0,0.E0));
#1121=AXIS2_PLACEMENT_3D('',#1118,#1119,#1120);
#1122=PLANE('2477',#1121);
#1124=ORIENTED_EDGE('2565',*,*,#1123,.F.);
#1125=ORIENTED_EDGE('2577',*,*,#1066,.F.);
#1126=ORIENTED_EDGE('2570',*,*,#1109,.T.);
#1128=ORIENTED_EDGE('2580',*,*,#1127,.T.);
#1129=EDGE_LOOP('2477',(#1124,#1125,#1126,#1128));
#1130=FACE_OUTER_BOUND('2477',#1129,.F.);
#1132=CARTESIAN_POINT('',(1.5E1,1.785564E2,-5.E0));
#1133=DIRECTION('',(0.E0,-1.E0,0.E0));
#1134=DIRECTION('',(1.E0,0.E0,0.E0));
#1135=AXIS2_PLACEMENT_3D('',#1132,#1133,#1134);
#1136=CYLINDRICAL_SURFACE('2506',#1135,3.E0);
#1138=ORIENTED_EDGE('2564',*,*,#1137,.F.);
#1139=ORIENTED_EDGE('2582',*,*,#1068,.T.);
#1140=ORIENTED_EDGE('2565',*,*,#1123,.T.);
#1142=ORIENTED_EDGE('2583',*,*,#1141,.T.);
#1143=EDGE_LOOP('2506',(#1138,#1139,#1140,#1142));
#1144=FACE_OUTER_BOUND('2506',#1143,.F.);
#1146=CARTESIAN_POINT('',(1.8E1,4.95E1,-2.E0));
#1147=DIRECTION('',(1.E0,0.E0,0.E0));
#1148=DIRECTION('',(0.E0,0.E0,-1.E0));
#1149=AXIS2_PLACEMENT_3D('',#1146,#1147,#1148);
#1150=PLANE('2479',#1149);
#1151=ORIENTED_EDGE('2564',*,*,#1137,.T.);
#1153=ORIENTED_EDGE('2581',*,*,#1152,.F.);
#1155=ORIENTED_EDGE('2488',*,*,#1154,.F.);
#1156=ORIENTED_EDGE('2578',*,*,#1070,.T.);
#1157=EDGE_LOOP('2479',(#1151,#1153,#1155,#1156));
#1158=FACE_OUTER_BOUND('2479',#1157,.F.);
#1160=CARTESIAN_POINT('',(0.E0,4.75E1,0.E0));
#1161=DIRECTION('',(0.E0,1.E0,0.E0));
#1162=DIRECTION('',(0.E0,0.E0,1.E0));
#1163=AXIS2_PLACEMENT_3D('',#1160,#1161,#1162);
#1164=PLANE('1455',#1163);
#1166=ORIENTED_EDGE('2801',*,*,#1165,.T.);
#1168=ORIENTED_EDGE('2835',*,*,#1167,.T.);
#1169=ORIENTED_EDGE('2581',*,*,#1152,.T.);
#1170=ORIENTED_EDGE('2583',*,*,#1141,.F.);
#1171=ORIENTED_EDGE('2580',*,*,#1127,.F.);
#1172=ORIENTED_EDGE('2585',*,*,#1113,.F.);
#1173=ORIENTED_EDGE('2579',*,*,#1099,.F.);
#1175=ORIENTED_EDGE('2836',*,*,#1174,.T.);
#1177=ORIENTED_EDGE('2802',*,*,#1176,.F.);
#1179=ORIENTED_EDGE('2827',*,*,#1178,.T.);
#1180=EDGE_LOOP('1455',(#1166,#1168,#1169,#1170,#1171,#1172,#1173,#1175,#1177,
#1179));
#1181=FACE_OUTER_BOUND('1455',#1180,.F.);
#1183=CARTESIAN_POINT('',(2.95E1,4.6E1,-9.E0));
#1184=DIRECTION('',(0.E0,0.E0,-1.E0));
#1185=DIRECTION('',(0.E0,1.E0,0.E0));
#1186=AXIS2_PLACEMENT_3D('',#1183,#1184,#1185);
#1187=CYLINDRICAL_SURFACE('2755',#1186,3.5E0);
#1189=ORIENTED_EDGE('2851',*,*,#1188,.T.);
#1190=ORIENTED_EDGE('2801',*,*,#1165,.F.);
#1192=ORIENTED_EDGE('2823',*,*,#1191,.F.);
#1194=ORIENTED_EDGE('2852',*,*,#1193,.T.);
#1196=ORIENTED_EDGE('2813',*,*,#1195,.T.);
#1197=EDGE_LOOP('2755',(#1189,#1190,#1192,#1194,#1196));
#1198=FACE_OUTER_BOUND('2755',#1197,.F.);
#1200=CARTESIAN_POINT('',(3.3E1,4.95E1,-9.E0));
#1201=DIRECTION('',(0.E0,0.E0,-1.E0));
#1202=DIRECTION('',(-1.E0,0.E0,0.E0));
#1203=AXIS2_PLACEMENT_3D('',#1200,#1201,#1202);
#1204=PLANE('1889',#1203);
#1206=ORIENTED_EDGE('2838',*,*,#1205,.T.);
#1208=ORIENTED_EDGE('2856',*,*,#1207,.F.);
#1210=ORIENTED_EDGE('2833',*,*,#1209,.T.);
#1212=ORIENTED_EDGE('2857',*,*,#1211,.F.);
#1213=ORIENTED_EDGE('2836',*,*,#1174,.F.);
#1214=ORIENTED_EDGE('2487',*,*,#1097,.F.);
#1215=ORIENTED_EDGE('2490',*,*,#1084,.T.);
#1217=ORIENTED_EDGE('1891',*,*,#1216,.T.);
#1219=ORIENTED_EDGE('2631',*,*,#1218,.F.);
#1221=ORIENTED_EDGE('2628',*,*,#1220,.T.);
#1222=EDGE_LOOP('1889',(#1206,#1208,#1210,#1212,#1213,#1214,#1215,#1217,#1219,
#1221));
#1223=FACE_OUTER_BOUND('1889',#1222,.F.);
#1225=ORIENTED_EDGE('2916',*,*,#1224,.T.);
#1227=ORIENTED_EDGE('2917',*,*,#1226,.T.);
#1228=EDGE_LOOP('1889',(#1225,#1227));
#1229=FACE_BOUND('1889',#1228,.F.);
#1231=ORIENTED_EDGE('2918',*,*,#1230,.T.);
#1233=ORIENTED_EDGE('2919',*,*,#1232,.T.);
#1234=EDGE_LOOP('1889',(#1231,#1233));
#1235=FACE_BOUND('1889',#1234,.F.);
#1237=CARTESIAN_POINT('',(3.3E1,4.95E1,-9.E0));
#1238=DIRECTION('',(0.E0,0.E0,-1.E0));
#1239=DIRECTION('',(-1.E0,0.E0,0.E0));
#1240=AXIS2_PLACEMENT_3D('',#1237,#1238,#1239);
#1241=PLANE('1889',#1240);
#1243=ORIENTED_EDGE('2834',*,*,#1242,.F.);
#1245=ORIENTED_EDGE('2854',*,*,#1244,.F.);
#1247=ORIENTED_EDGE('2837',*,*,#1246,.T.);
#1249=ORIENTED_EDGE('2626',*,*,#1248,.F.);
#1251=ORIENTED_EDGE('2630',*,*,#1250,.F.);
#1253=ORIENTED_EDGE('2454',*,*,#1252,.F.);
#1254=ORIENTED_EDGE('2489',*,*,#1072,.T.);
#1255=ORIENTED_EDGE('2488',*,*,#1154,.T.);
#1256=ORIENTED_EDGE('2835',*,*,#1167,.F.);
#1257=ORIENTED_EDGE('2851',*,*,#1188,.F.);
#1258=EDGE_LOOP('1889',(#1243,#1245,#1247,#1249,#1251,#1253,#1254,#1255,#1256,
#1257));
#1259=FACE_OUTER_BOUND('1889',#1258,.F.);
#1261=ORIENTED_EDGE('2912',*,*,#1260,.T.);
#1263=ORIENTED_EDGE('2913',*,*,#1262,.T.);
#1264=EDGE_LOOP('1889',(#1261,#1263));
#1265=FACE_BOUND('1889',#1264,.F.);
#1267=ORIENTED_EDGE('2914',*,*,#1266,.T.);
#1269=ORIENTED_EDGE('2915',*,*,#1268,.T.);
#1270=EDGE_LOOP('1889',(#1267,#1269));
#1271=FACE_BOUND('1889',#1270,.F.);
#1273=CARTESIAN_POINT('',(0.E0,-4.75E1,0.E0));
#1274=DIRECTION('',(0.E0,1.E0,0.E0));
#1275=DIRECTION('',(0.E0,0.E0,1.E0));
#1276=AXIS2_PLACEMENT_3D('',#1273,#1274,#1275);
#1277=PLANE('1456',#1276);
#1279=ORIENTED_EDGE('2805',*,*,#1278,.F.);
#1281=ORIENTED_EDGE('2828',*,*,#1280,.F.);
#1283=ORIENTED_EDGE('2806',*,*,#1282,.T.);
#1284=ORIENTED_EDGE('2838',*,*,#1205,.F.);
#1286=ORIENTED_EDGE('2722',*,*,#1285,.T.);
#1288=ORIENTED_EDGE('2726',*,*,#1287,.F.);
#1290=ORIENTED_EDGE('2721',*,*,#1289,.F.);
#1292=ORIENTED_EDGE('2724',*,*,#1291,.F.);
#1294=ORIENTED_EDGE('2720',*,*,#1293,.F.);
#1295=ORIENTED_EDGE('2837',*,*,#1246,.F.);
#1296=EDGE_LOOP('1456',(#1279,#1281,#1283,#1284,#1286,#1288,#1290,#1292,#1294,
#1295));
#1297=FACE_OUTER_BOUND('1456',#1296,.F.);
#1299=CARTESIAN_POINT('',(2.95E1,-4.6E1,-9.E0));
#1300=DIRECTION('',(0.E0,0.E0,-1.E0));
#1301=DIRECTION('',(0.E0,1.E0,0.E0));
#1302=AXIS2_PLACEMENT_3D('',#1299,#1300,#1301);
#1303=CYLINDRICAL_SURFACE('2759',#1302,3.5E0);
#1305=ORIENTED_EDGE('2853',*,*,#1304,.T.);
#1307=ORIENTED_EDGE('2824',*,*,#1306,.F.);
#1308=ORIENTED_EDGE('2805',*,*,#1278,.T.);
#1309=ORIENTED_EDGE('2854',*,*,#1244,.T.);
#1311=ORIENTED_EDGE('2814',*,*,#1310,.F.);
#1312=EDGE_LOOP('2759',(#1305,#1307,#1308,#1309,#1311));
#1313=FACE_OUTER_BOUND('2759',#1312,.F.);
#1315=CARTESIAN_POINT('',(2.658578643763E1,4.95E1,4.585786437627E0));
#1316=DIRECTION('',(7.071067811865E-1,0.E0,7.071067811865E-1));
#1317=DIRECTION('',(7.071067811865E-1,0.E0,-7.071067811865E-1));
#1318=AXIS2_PLACEMENT_3D('',#1315,#1316,#1317);
#1319=PLANE('1457',#1318);
#1320=ORIENTED_EDGE('2852',*,*,#1193,.F.);
#1322=ORIENTED_EDGE('2829',*,*,#1321,.T.);
#1323=ORIENTED_EDGE('2853',*,*,#1304,.F.);
#1325=ORIENTED_EDGE('2830',*,*,#1324,.F.);
#1326=EDGE_LOOP('1457',(#1320,#1322,#1323,#1325));
#1327=FACE_OUTER_BOUND('1457',#1326,.F.);
#1329=CARTESIAN_POINT('',(-2.9E1,4.95E1,4.E0));
#1330=DIRECTION('',(0.E0,0.E0,1.E0));
#1331=DIRECTION('',(1.E0,0.E0,0.E0));
#1332=AXIS2_PLACEMENT_3D('',#1329,#1330,#1331);
#1333=PLANE('1461',#1332);
#1334=ORIENTED_EDGE('2823',*,*,#1191,.T.);
#1335=ORIENTED_EDGE('2827',*,*,#1178,.F.);
#1337=ORIENTED_EDGE('2826',*,*,#1336,.T.);
#1339=ORIENTED_EDGE('2832',*,*,#1338,.T.);
#1341=ORIENTED_EDGE('2825',*,*,#1340,.T.);
#1342=ORIENTED_EDGE('2828',*,*,#1280,.T.);
#1343=ORIENTED_EDGE('2824',*,*,#1306,.T.);
#1344=ORIENTED_EDGE('2829',*,*,#1321,.F.);
#1345=EDGE_LOOP('1461',(#1334,#1335,#1337,#1339,#1341,#1342,#1343,#1344));
#1346=FACE_OUTER_BOUND('1461',#1345,.F.);
#1348=ORIENTED_EDGE('1499',*,*,#1347,.F.);
#1350=ORIENTED_EDGE('1536',*,*,#1349,.F.);
#1352=ORIENTED_EDGE('1642',*,*,#1351,.F.);
#1354=ORIENTED_EDGE('1787',*,*,#1353,.F.);
#1356=ORIENTED_EDGE('1641',*,*,#1355,.F.);
#1358=ORIENTED_EDGE('1789',*,*,#1357,.F.);
#1360=ORIENTED_EDGE('1500',*,*,#1359,.T.);
#1362=ORIENTED_EDGE('1535',*,*,#1361,.F.);
#1364=ORIENTED_EDGE('1640',*,*,#1363,.F.);
#1366=ORIENTED_EDGE('1788',*,*,#1365,.F.);
#1368=ORIENTED_EDGE('1639',*,*,#1367,.F.);
#1370=ORIENTED_EDGE('1786',*,*,#1369,.F.);
#1371=EDGE_LOOP('1461',(#1348,#1350,#1352,#1354,#1356,#1358,#1360,#1362,#1364,
#1366,#1368,#1370));
#1372=FACE_BOUND('1461',#1371,.F.);
#1374=CARTESIAN_POINT('',(-2.6E1,-3.3E1,6.E0));
#1375=DIRECTION('',(0.E0,-1.E0,0.E0));
#1376=DIRECTION('',(1.E0,0.E0,0.E0));
#1377=AXIS2_PLACEMENT_3D('',#1374,#1375,#1376);
#1378=PLANE('409',#1377);
#1380=ORIENTED_EDGE('421',*,*,#1379,.T.);
#1382=ORIENTED_EDGE('426',*,*,#1381,.T.);
#1383=ORIENTED_EDGE('1639',*,*,#1367,.T.);
#1385=ORIENTED_EDGE('429',*,*,#1384,.F.);
#1387=ORIENTED_EDGE('422',*,*,#1386,.T.);
#1389=ORIENTED_EDGE('430',*,*,#1388,.T.);
#1390=ORIENTED_EDGE('1640',*,*,#1363,.T.);
#1392=ORIENTED_EDGE('841',*,*,#1391,.T.);
#1394=ORIENTED_EDGE('1392',*,*,#1393,.F.);
#1396=ORIENTED_EDGE('840',*,*,#1395,.F.);
#1397=ORIENTED_EDGE('1499',*,*,#1347,.T.);
#1399=ORIENTED_EDGE('425',*,*,#1398,.F.);
#1400=EDGE_LOOP('409',(#1380,#1382,#1383,#1385,#1387,#1389,#1390,#1392,#1394,
#1396,#1397,#1399));
#1401=FACE_OUTER_BOUND('409',#1400,.F.);
#1403=CARTESIAN_POINT('',(0.E0,0.E0,2.E0));
#1404=DIRECTION('',(0.E0,0.E0,1.E0));
#1405=DIRECTION('',(0.E0,1.E0,0.E0));
#1406=AXIS2_PLACEMENT_3D('',#1403,#1404,#1405);
#1407=PLANE('354',#1406);
#1408=ORIENTED_EDGE('421',*,*,#1379,.F.);
#1410=ORIENTED_EDGE('449',*,*,#1409,.F.);
#1411=EDGE_LOOP('354',(#1408,#1410));
#1412=FACE_OUTER_BOUND('354',#1411,.F.);
#1414=ORIENTED_EDGE('1866',*,*,#1413,.F.);
#1416=ORIENTED_EDGE('1867',*,*,#1415,.F.);
#1417=EDGE_LOOP('354',(#1414,#1416));
#1418=FACE_BOUND('354',#1417,.F.);
#1420=CARTESIAN_POINT('',(0.E0,0.E0,2.E0));
#1421=DIRECTION('',(0.E0,0.E0,1.E0));
#1422=DIRECTION('',(0.E0,1.E0,0.E0));
#1423=AXIS2_PLACEMENT_3D('',#1420,#1421,#1422);
#1424=PLANE('354',#1423);
#1425=ORIENTED_EDGE('422',*,*,#1386,.F.);
#1427=ORIENTED_EDGE('453',*,*,#1426,.F.);
#1428=EDGE_LOOP('354',(#1425,#1427));
#1429=FACE_OUTER_BOUND('354',#1428,.F.);
#1431=ORIENTED_EDGE('1860',*,*,#1430,.F.);
#1433=ORIENTED_EDGE('1861',*,*,#1432,.F.);
#1434=EDGE_LOOP('354',(#1431,#1433));
#1435=FACE_BOUND('354',#1434,.F.);
#1437=CARTESIAN_POINT('',(0.E0,0.E0,2.E0));
#1438=DIRECTION('',(0.E0,0.E0,1.E0));
#1439=DIRECTION('',(0.E0,1.E0,0.E0));
#1440=AXIS2_PLACEMENT_3D('',#1437,#1438,#1439);
#1441=PLANE('354',#1440);
#1443=ORIENTED_EDGE('423',*,*,#1442,.T.);
#1445=ORIENTED_EDGE('456',*,*,#1444,.F.);
#1446=EDGE_LOOP('354',(#1443,#1445));
#1447=FACE_OUTER_BOUND('354',#1446,.F.);
#1449=ORIENTED_EDGE('1862',*,*,#1448,.F.);
#1451=ORIENTED_EDGE('1863',*,*,#1450,.F.);
#1452=EDGE_LOOP('354',(#1449,#1451));
#1453=FACE_BOUND('354',#1452,.F.);
#1455=CARTESIAN_POINT('',(0.E0,0.E0,2.E0));
#1456=DIRECTION('',(0.E0,0.E0,1.E0));
#1457=DIRECTION('',(0.E0,1.E0,0.E0));
#1458=AXIS2_PLACEMENT_3D('',#1455,#1456,#1457);
#1459=PLANE('354',#1458);
#1461=ORIENTED_EDGE('424',*,*,#1460,.T.);
#1463=ORIENTED_EDGE('452',*,*,#1462,.F.);
#1464=EDGE_LOOP('354',(#1461,#1463));
#1465=FACE_OUTER_BOUND('354',#1464,.F.);
#1467=ORIENTED_EDGE('1864',*,*,#1466,.F.);
#1469=ORIENTED_EDGE('1865',*,*,#1468,.F.);
#1470=EDGE_LOOP('354',(#1467,#1469));
#1471=FACE_BOUND('354',#1470,.F.);
#1473=CARTESIAN_POINT('',(-2.2E1,-3.61E1,6.E0));
#1474=DIRECTION('',(0.E0,0.E0,1.E0));
#1475=DIRECTION('',(0.E0,1.E0,0.E0));
#1476=AXIS2_PLACEMENT_3D('',#1473,#1474,#1475);
#1477=CYLINDRICAL_SURFACE('359',#1476,4.E0);
#1478=ORIENTED_EDGE('1786',*,*,#1369,.T.);
#1479=ORIENTED_EDGE('426',*,*,#1381,.F.);
#1480=ORIENTED_EDGE('449',*,*,#1409,.T.);
#1481=ORIENTED_EDGE('425',*,*,#1398,.T.);
#1482=EDGE_LOOP('359',(#1478,#1479,#1480,#1481));
#1483=FACE_OUTER_BOUND('359',#1482,.F.);
#1485=CARTESIAN_POINT('',(2.2E1,-3.61E1,6.E0));
#1486=DIRECTION('',(0.E0,0.E0,1.E0));
#1487=DIRECTION('',(0.E0,1.E0,0.E0));
#1488=AXIS2_PLACEMENT_3D('',#1485,#1486,#1487);
#1489=CYLINDRICAL_SURFACE('384',#1488,4.E0);
#1490=ORIENTED_EDGE('1788',*,*,#1365,.T.);
#1491=ORIENTED_EDGE('430',*,*,#1388,.F.);
#1492=ORIENTED_EDGE('453',*,*,#1426,.T.);
#1493=ORIENTED_EDGE('429',*,*,#1384,.T.);
#1494=EDGE_LOOP('384',(#1490,#1491,#1492,#1493));
#1495=FACE_OUTER_BOUND('384',#1494,.F.);
#1497=CARTESIAN_POINT('',(2.6E1,3.8E1,6.E0));
#1498=DIRECTION('',(0.E0,1.E0,0.E0));
#1499=DIRECTION('',(-1.E0,0.E0,0.E0));
#1500=AXIS2_PLACEMENT_3D('',#1497,#1498,#1499);
#1501=PLANE('413',#1500);
#1502=ORIENTED_EDGE('423',*,*,#1442,.F.);
#1504=ORIENTED_EDGE('431',*,*,#1503,.T.);
#1505=ORIENTED_EDGE('1641',*,*,#1355,.T.);
#1507=ORIENTED_EDGE('428',*,*,#1506,.F.);
#1508=ORIENTED_EDGE('424',*,*,#1460,.F.);
#1510=ORIENTED_EDGE('427',*,*,#1509,.T.);
#1511=ORIENTED_EDGE('1642',*,*,#1351,.T.);
#1513=ORIENTED_EDGE('843',*,*,#1512,.T.);
#1515=ORIENTED_EDGE('1393',*,*,#1514,.T.);
#1517=ORIENTED_EDGE('842',*,*,#1516,.F.);
#1518=ORIENTED_EDGE('1500',*,*,#1359,.F.);
#1520=ORIENTED_EDGE('432',*,*,#1519,.F.);
#1521=EDGE_LOOP('413',(#1502,#1504,#1505,#1507,#1508,#1510,#1511,#1513,#1515,
#1517,#1518,#1520));
#1522=FACE_OUTER_BOUND('413',#1521,.F.);
#1524=CARTESIAN_POINT('',(2.2E1,4.E1,6.E0));
#1525=DIRECTION('',(0.E0,0.E0,1.E0));
#1526=DIRECTION('',(0.E0,1.E0,0.E0));
#1527=AXIS2_PLACEMENT_3D('',#1524,#1525,#1526);
#1528=CYLINDRICAL_SURFACE('388',#1527,4.E0);
#1529=ORIENTED_EDGE('456',*,*,#1444,.T.);
#1530=ORIENTED_EDGE('432',*,*,#1519,.T.);
#1531=ORIENTED_EDGE('1789',*,*,#1357,.T.);
#1532=ORIENTED_EDGE('431',*,*,#1503,.F.);
#1533=EDGE_LOOP('388',(#1529,#1530,#1531,#1532));
#1534=FACE_OUTER_BOUND('388',#1533,.F.);
#1536=CARTESIAN_POINT('',(-2.2E1,4.E1,6.E0));
#1537=DIRECTION('',(0.E0,0.E0,1.E0));
#1538=DIRECTION('',(0.E0,1.E0,0.E0));
#1539=AXIS2_PLACEMENT_3D('',#1536,#1537,#1538);
#1540=CYLINDRICAL_SURFACE('363',#1539,4.E0);
#1541=ORIENTED_EDGE('452',*,*,#1462,.T.);
#1542=ORIENTED_EDGE('428',*,*,#1506,.T.);
#1543=ORIENTED_EDGE('1787',*,*,#1353,.T.);
#1544=ORIENTED_EDGE('427',*,*,#1509,.F.);
#1545=EDGE_LOOP('363',(#1541,#1542,#1543,#1544));
#1546=FACE_OUTER_BOUND('363',#1545,.F.);
#1548=CARTESIAN_POINT('',(-2.6E1,3.8E1,6.E0));
#1549=DIRECTION('',(-1.E0,0.E0,0.E0));
#1550=DIRECTION('',(0.E0,-1.E0,0.E0));
#1551=AXIS2_PLACEMENT_3D('',#1548,#1549,#1550);
#1552=PLANE('415',#1551);
#1553=ORIENTED_EDGE('840',*,*,#1395,.T.);
#1555=ORIENTED_EDGE('1534',*,*,#1554,.F.);
#1556=ORIENTED_EDGE('843',*,*,#1512,.F.);
#1557=ORIENTED_EDGE('1536',*,*,#1349,.T.);
#1558=EDGE_LOOP('415',(#1553,#1555,#1556,#1557));
#1559=FACE_OUTER_BOUND('415',#1558,.F.);
#1561=CARTESIAN_POINT('',(-2.9E1,4.95E1,6.E0));
#1562=DIRECTION('',(0.E0,0.E0,1.E0));
#1563=DIRECTION('',(1.E0,0.E0,0.E0));
#1564=AXIS2_PLACEMENT_3D('',#1561,#1562,#1563);
#1565=PLANE('1376',#1564);
#1566=ORIENTED_EDGE('1359',*,*,#1078,.T.);
#1568=ORIENTED_EDGE('1367',*,*,#1567,.T.);
#1570=ORIENTED_EDGE('1365',*,*,#1569,.F.);
#1572=ORIENTED_EDGE('1377',*,*,#1571,.F.);
#1573=EDGE_LOOP('1376',(#1566,#1568,#1570,#1572));
#1574=FACE_OUTER_BOUND('1376',#1573,.F.);
#1575=ORIENTED_EDGE('1392',*,*,#1393,.T.);
#1577=ORIENTED_EDGE('1533',*,*,#1576,.T.);
#1578=ORIENTED_EDGE('1393',*,*,#1514,.F.);
#1579=ORIENTED_EDGE('1534',*,*,#1554,.T.);
#1580=EDGE_LOOP('1376',(#1575,#1577,#1578,#1579));
#1581=FACE_BOUND('1376',#1580,.F.);
#1583=CARTESIAN_POINT('',(2.8E1,4.95E1,6.E0));
#1584=DIRECTION('',(7.071067811865E-1,0.E0,7.071067811865E-1));
#1585=DIRECTION('',(7.071067811865E-1,0.E0,-7.071067811865E-1));
#1586=AXIS2_PLACEMENT_3D('',#1583,#1584,#1585);
#1587=PLANE('1366',#1586);
#1588=ORIENTED_EDGE('1354',*,*,#1076,.T.);
#1590=ORIENTED_EDGE('1369',*,*,#1589,.T.);
#1592=ORIENTED_EDGE('1360',*,*,#1591,.F.);
#1593=ORIENTED_EDGE('1367',*,*,#1567,.F.);
#1594=EDGE_LOOP('1366',(#1588,#1590,#1592,#1593));
#1595=FACE_OUTER_BOUND('1366',#1594,.F.);
#1597=CARTESIAN_POINT('',(3.3E1,4.95E1,1.E0));
#1598=DIRECTION('',(1.E0,0.E0,0.E0));
#1599=DIRECTION('',(0.E0,0.E0,-1.E0));
#1600=AXIS2_PLACEMENT_3D('',#1597,#1598,#1599);
#1601=PLANE('1368',#1600);
#1602=ORIENTED_EDGE('1355',*,*,#1074,.T.);
#1603=ORIENTED_EDGE('2454',*,*,#1252,.T.);
#1605=ORIENTED_EDGE('1361',*,*,#1604,.F.);
#1606=ORIENTED_EDGE('1369',*,*,#1589,.F.);
#1607=EDGE_LOOP('1368',(#1602,#1603,#1605,#1606));
#1608=FACE_OUTER_BOUND('1368',#1607,.F.);
#1610=CARTESIAN_POINT('',(0.E0,-4.95E1,0.E0));
#1611=DIRECTION('',(0.E0,1.E0,0.E0));
#1612=DIRECTION('',(0.E0,0.E0,1.E0));
#1613=AXIS2_PLACEMENT_3D('',#1610,#1611,#1612);
#1614=PLANE('197',#1613);
#1616=ORIENTED_EDGE('2718',*,*,#1615,.T.);
#1618=ORIENTED_EDGE('2725',*,*,#1617,.F.);
#1620=ORIENTED_EDGE('2719',*,*,#1619,.F.);
#1621=ORIENTED_EDGE('2631',*,*,#1218,.T.);
#1623=ORIENTED_EDGE('1363',*,*,#1622,.T.);
#1625=ORIENTED_EDGE('1364',*,*,#1624,.T.);
#1626=ORIENTED_EDGE('1365',*,*,#1569,.T.);
#1627=ORIENTED_EDGE('1360',*,*,#1591,.T.);
#1628=ORIENTED_EDGE('1361',*,*,#1604,.T.);
#1629=ORIENTED_EDGE('2630',*,*,#1250,.T.);
#1631=ORIENTED_EDGE('2717',*,*,#1630,.T.);
#1633=ORIENTED_EDGE('2723',*,*,#1632,.F.);
#1634=EDGE_LOOP('197',(#1616,#1618,#1620,#1621,#1623,#1625,#1626,#1627,#1628,
#1629,#1631,#1633));
#1635=FACE_OUTER_BOUND('197',#1634,.F.);
#1637=CARTESIAN_POINT('',(-1.E0,-4.95E1,-3.E0));
#1638=DIRECTION('',(0.E0,0.E0,1.E0));
#1639=DIRECTION('',(-1.E0,0.E0,0.E0));
#1640=AXIS2_PLACEMENT_3D('',#1637,#1638,#1639);
#1641=PLANE('2610',#1640);
#1643=ORIENTED_EDGE('2705',*,*,#1642,.T.);
#1644=ORIENTED_EDGE('2721',*,*,#1289,.T.);
#1646=ORIENTED_EDGE('2712',*,*,#1645,.F.);
#1647=ORIENTED_EDGE('2718',*,*,#1615,.F.);
#1648=EDGE_LOOP('2610',(#1643,#1644,#1646,#1647));
#1649=FACE_OUTER_BOUND('2610',#1648,.F.);
#1651=CARTESIAN_POINT('',(-4.E0,-1.785564E2,-6.E0));
#1652=DIRECTION('',(0.E0,1.E0,0.E0));
#1653=DIRECTION('',(0.E0,0.E0,1.E0));
#1654=AXIS2_PLACEMENT_3D('',#1651,#1652,#1653);
#1655=CYLINDRICAL_SURFACE('2647',#1654,3.E0);
#1656=ORIENTED_EDGE('2705',*,*,#1642,.F.);
#1657=ORIENTED_EDGE('2723',*,*,#1632,.T.);
#1659=ORIENTED_EDGE('2706',*,*,#1658,.T.);
#1660=ORIENTED_EDGE('2724',*,*,#1291,.T.);
#1661=EDGE_LOOP('2647',(#1656,#1657,#1659,#1660));
#1662=FACE_OUTER_BOUND('2647',#1661,.F.);
#1664=CARTESIAN_POINT('',(-1.E0,-4.95E1,-9.E0));
#1665=DIRECTION('',(1.E0,0.E0,0.E0));
#1666=DIRECTION('',(0.E0,0.E0,1.E0));
#1667=AXIS2_PLACEMENT_3D('',#1664,#1665,#1666);
#1668=PLANE('2608',#1667);
#1669=ORIENTED_EDGE('2706',*,*,#1658,.F.);
#1670=ORIENTED_EDGE('2717',*,*,#1630,.F.);
#1671=ORIENTED_EDGE('2626',*,*,#1248,.T.);
#1672=ORIENTED_EDGE('2720',*,*,#1293,.T.);
#1673=EDGE_LOOP('2608',(#1669,#1670,#1671,#1672));
#1674=FACE_OUTER_BOUND('2608',#1673,.F.);
#1676=CARTESIAN_POINT('',(-1.8E1,-1.785564E2,-6.E0));
#1677=DIRECTION('',(0.E0,1.E0,0.E0));
#1678=DIRECTION('',(-1.E0,0.E0,0.E0));
#1679=AXIS2_PLACEMENT_3D('',#1676,#1677,#1678);
#1680=CYLINDRICAL_SURFACE('2652',#1679,3.E0);
#1682=ORIENTED_EDGE('2711',*,*,#1681,.F.);
#1683=ORIENTED_EDGE('2725',*,*,#1617,.T.);
#1684=ORIENTED_EDGE('2712',*,*,#1645,.T.);
#1685=ORIENTED_EDGE('2726',*,*,#1287,.T.);
#1686=EDGE_LOOP('2652',(#1682,#1683,#1684,#1685));
#1687=FACE_OUTER_BOUND('2652',#1686,.F.);
#1689=CARTESIAN_POINT('',(-2.1E1,-4.95E1,-3.E0));
#1690=DIRECTION('',(-1.E0,0.E0,0.E0));
#1691=DIRECTION('',(0.E0,0.E0,-1.E0));
#1692=AXIS2_PLACEMENT_3D('',#1689,#1690,#1691);
#1693=PLANE('2612',#1692);
#1694=ORIENTED_EDGE('2711',*,*,#1681,.T.);
#1695=ORIENTED_EDGE('2722',*,*,#1285,.F.);
#1696=ORIENTED_EDGE('2628',*,*,#1220,.F.);
#1697=ORIENTED_EDGE('2719',*,*,#1619,.T.);
#1698=EDGE_LOOP('2612',(#1694,#1695,#1696,#1697));
#1699=FACE_OUTER_BOUND('2612',#1698,.F.);
#1701=CARTESIAN_POINT('',(-3.3E1,4.95E1,-9.E0));
#1702=DIRECTION('',(-1.E0,0.E0,0.E0));
#1703=DIRECTION('',(0.E0,0.E0,1.E0));
#1704=AXIS2_PLACEMENT_3D('',#1701,#1702,#1703);
#1705=PLANE('1372',#1704);
#1706=ORIENTED_EDGE('1357',*,*,#1082,.T.);
#1708=ORIENTED_EDGE('1375',*,*,#1707,.T.);
#1709=ORIENTED_EDGE('1363',*,*,#1622,.F.);
#1710=ORIENTED_EDGE('1891',*,*,#1216,.F.);
#1711=EDGE_LOOP('1372',(#1706,#1708,#1709,#1710));
#1712=FACE_OUTER_BOUND('1372',#1711,.F.);
#1714=CARTESIAN_POINT('',(-3.3E1,4.95E1,1.E0));
#1715=DIRECTION('',(-7.808688094430E-1,0.E0,6.246950475544E-1));
#1716=DIRECTION('',(6.246950475544E-1,0.E0,7.808688094430E-1));
#1717=AXIS2_PLACEMENT_3D('',#1714,#1715,#1716);
#1718=PLANE('1374',#1717);
#1719=ORIENTED_EDGE('1358',*,*,#1080,.T.);
#1720=ORIENTED_EDGE('1377',*,*,#1571,.T.);
#1721=ORIENTED_EDGE('1364',*,*,#1624,.F.);
#1722=ORIENTED_EDGE('1375',*,*,#1707,.F.);
#1723=EDGE_LOOP('1374',(#1719,#1720,#1721,#1722));
#1724=FACE_OUTER_BOUND('1374',#1723,.F.);
#1726=CARTESIAN_POINT('',(2.6E1,-3.3E1,6.E0));
#1727=DIRECTION('',(1.E0,0.E0,0.E0));
#1728=DIRECTION('',(0.E0,1.E0,0.E0));
#1729=AXIS2_PLACEMENT_3D('',#1726,#1727,#1728);
#1730=PLANE('411',#1729);
#1731=ORIENTED_EDGE('841',*,*,#1391,.F.);
#1732=ORIENTED_EDGE('1535',*,*,#1361,.T.);
#1733=ORIENTED_EDGE('842',*,*,#1516,.T.);
#1734=ORIENTED_EDGE('1533',*,*,#1576,.F.);
#1735=EDGE_LOOP('411',(#1731,#1732,#1733,#1734));
#1736=FACE_OUTER_BOUND('411',#1735,.F.);
#1738=CARTESIAN_POINT('',(2.2E1,-3.61E1,6.E0));
#1739=DIRECTION('',(0.E0,0.E0,1.E0));
#1740=DIRECTION('',(0.E0,-1.E0,0.E0));
#1741=AXIS2_PLACEMENT_3D('',#1738,#1739,#1740);
#1742=CYLINDRICAL_SURFACE('1836',#1741,1.25E0);
#1743=ORIENTED_EDGE('1860',*,*,#1430,.T.);
#1745=ORIENTED_EDGE('1869',*,*,#1744,.T.);
#1747=ORIENTED_EDGE('1828',*,*,#1746,.F.);
#1749=ORIENTED_EDGE('1868',*,*,#1748,.F.);
#1750=EDGE_LOOP('1836',(#1743,#1745,#1747,#1749));
#1751=FACE_OUTER_BOUND('1836',#1750,.F.);
#1753=CARTESIAN_POINT('',(2.2E1,-3.61E1,6.E0));
#1754=DIRECTION('',(0.E0,0.E0,1.E0));
#1755=DIRECTION('',(0.E0,-1.E0,0.E0));
#1756=AXIS2_PLACEMENT_3D('',#1753,#1754,#1755);
#1757=CYLINDRICAL_SURFACE('1838',#1756,1.25E0);
#1758=ORIENTED_EDGE('1861',*,*,#1432,.T.);
#1759=ORIENTED_EDGE('1868',*,*,#1748,.T.);
#1761=ORIENTED_EDGE('1829',*,*,#1760,.F.);
#1762=ORIENTED_EDGE('1869',*,*,#1744,.F.);
#1763=EDGE_LOOP('1838',(#1758,#1759,#1761,#1762));
#1764=FACE_OUTER_BOUND('1838',#1763,.F.);
#1766=CARTESIAN_POINT('',(0.E0,0.E0,0.E0));
#1767=DIRECTION('',(0.E0,0.E0,1.E0));
#1768=DIRECTION('',(0.E0,-1.E0,0.E0));
#1769=AXIS2_PLACEMENT_3D('',#1766,#1767,#1768);
#1770=PLANE('1827',#1769);
#1771=ORIENTED_EDGE('1828',*,*,#1746,.T.);
#1772=ORIENTED_EDGE('1829',*,*,#1760,.T.);
#1773=EDGE_LOOP('1827',(#1771,#1772));
#1774=FACE_OUTER_BOUND('1827',#1773,.F.);
#1776=CARTESIAN_POINT('',(0.E0,0.E0,0.E0));
#1777=DIRECTION('',(0.E0,0.E0,1.E0));
#1778=DIRECTION('',(0.E0,-1.E0,0.E0));
#1779=AXIS2_PLACEMENT_3D('',#1776,#1777,#1778);
#1780=PLANE('1827',#1779);
#1782=ORIENTED_EDGE('1830',*,*,#1781,.T.);
#1784=ORIENTED_EDGE('1831',*,*,#1783,.T.);
#1785=EDGE_LOOP('1827',(#1782,#1784));
#1786=FACE_OUTER_BOUND('1827',#1785,.F.);
#1788=CARTESIAN_POINT('',(0.E0,0.E0,0.E0));
#1789=DIRECTION('',(0.E0,0.E0,1.E0));
#1790=DIRECTION('',(0.E0,-1.E0,0.E0));
#1791=AXIS2_PLACEMENT_3D('',#1788,#1789,#1790);
#1792=PLANE('1827',#1791);
#1794=ORIENTED_EDGE('1832',*,*,#1793,.T.);
#1796=ORIENTED_EDGE('1833',*,*,#1795,.T.);
#1797=EDGE_LOOP('1827',(#1794,#1796));
#1798=FACE_OUTER_BOUND('1827',#1797,.F.);
#1800=CARTESIAN_POINT('',(0.E0,0.E0,0.E0));
#1801=DIRECTION('',(0.E0,0.E0,1.E0));
#1802=DIRECTION('',(0.E0,-1.E0,0.E0));
#1803=AXIS2_PLACEMENT_3D('',#1800,#1801,#1802);
#1804=PLANE('1827',#1803);
#1806=ORIENTED_EDGE('1834',*,*,#1805,.T.);
#1808=ORIENTED_EDGE('1835',*,*,#1807,.T.);
#1809=EDGE_LOOP('1827',(#1806,#1808));
#1810=FACE_OUTER_BOUND('1827',#1809,.F.);
#1812=CARTESIAN_POINT('',(2.2E1,4.E1,6.E0));
#1813=DIRECTION('',(0.E0,0.E0,1.E0));
#1814=DIRECTION('',(0.E0,-1.E0,0.E0));
#1815=AXIS2_PLACEMENT_3D('',#1812,#1813,#1814);
#1816=CYLINDRICAL_SURFACE('1840',#1815,1.25E0);
#1817=ORIENTED_EDGE('1862',*,*,#1448,.T.);
#1819=ORIENTED_EDGE('1871',*,*,#1818,.T.);
#1820=ORIENTED_EDGE('1830',*,*,#1781,.F.);
#1822=ORIENTED_EDGE('1870',*,*,#1821,.F.);
#1823=EDGE_LOOP('1840',(#1817,#1819,#1820,#1822));
#1824=FACE_OUTER_BOUND('1840',#1823,.F.);
#1826=CARTESIAN_POINT('',(2.2E1,4.E1,6.E0));
#1827=DIRECTION('',(0.E0,0.E0,1.E0));
#1828=DIRECTION('',(0.E0,-1.E0,0.E0));
#1829=AXIS2_PLACEMENT_3D('',#1826,#1827,#1828);
#1830=CYLINDRICAL_SURFACE('1842',#1829,1.25E0);
#1831=ORIENTED_EDGE('1863',*,*,#1450,.T.);
#1832=ORIENTED_EDGE('1870',*,*,#1821,.T.);
#1833=ORIENTED_EDGE('1831',*,*,#1783,.F.);
#1834=ORIENTED_EDGE('1871',*,*,#1818,.F.);
#1835=EDGE_LOOP('1842',(#1831,#1832,#1833,#1834));
#1836=FACE_OUTER_BOUND('1842',#1835,.F.);
#1838=CARTESIAN_POINT('',(-2.2E1,4.E1,6.E0));
#1839=DIRECTION('',(0.E0,0.E0,1.E0));
#1840=DIRECTION('',(0.E0,-1.E0,0.E0));
#1841=AXIS2_PLACEMENT_3D('',#1838,#1839,#1840);
#1842=CYLINDRICAL_SURFACE('1844',#1841,1.25E0);
#1843=ORIENTED_EDGE('1864',*,*,#1466,.T.);
#1845=ORIENTED_EDGE('1873',*,*,#1844,.T.);
#1846=ORIENTED_EDGE('1832',*,*,#1793,.F.);
#1848=ORIENTED_EDGE('1872',*,*,#1847,.F.);
#1849=EDGE_LOOP('1844',(#1843,#1845,#1846,#1848));
#1850=FACE_OUTER_BOUND('1844',#1849,.F.);
#1852=CARTESIAN_POINT('',(-2.2E1,4.E1,6.E0));
#1853=DIRECTION('',(0.E0,0.E0,1.E0));
#1854=DIRECTION('',(0.E0,-1.E0,0.E0));
#1855=AXIS2_PLACEMENT_3D('',#1852,#1853,#1854);
#1856=CYLINDRICAL_SURFACE('1846',#1855,1.25E0);
#1857=ORIENTED_EDGE('1865',*,*,#1468,.T.);
#1858=ORIENTED_EDGE('1872',*,*,#1847,.T.);
#1859=ORIENTED_EDGE('1833',*,*,#1795,.F.);
#1860=ORIENTED_EDGE('1873',*,*,#1844,.F.);
#1861=EDGE_LOOP('1846',(#1857,#1858,#1859,#1860));
#1862=FACE_OUTER_BOUND('1846',#1861,.F.);
#1864=CARTESIAN_POINT('',(-2.2E1,-3.61E1,6.E0));
#1865=DIRECTION('',(0.E0,0.E0,1.E0));
#1866=DIRECTION('',(0.E0,-1.E0,0.E0));
#1867=AXIS2_PLACEMENT_3D('',#1864,#1865,#1866);
#1868=CYLINDRICAL_SURFACE('1848',#1867,1.25E0);
#1869=ORIENTED_EDGE('1866',*,*,#1413,.T.);
#1871=ORIENTED_EDGE('1875',*,*,#1870,.T.);
#1872=ORIENTED_EDGE('1834',*,*,#1805,.F.);
#1874=ORIENTED_EDGE('1874',*,*,#1873,.F.);
#1875=EDGE_LOOP('1848',(#1869,#1871,#1872,#1874));
#1876=FACE_OUTER_BOUND('1848',#1875,.F.);
#1878=CARTESIAN_POINT('',(-2.2E1,-3.61E1,6.E0));
#1879=DIRECTION('',(0.E0,0.E0,1.E0));
#1880=DIRECTION('',(0.E0,-1.E0,0.E0));
#1881=AXIS2_PLACEMENT_3D('',#1878,#1879,#1880);
#1882=CYLINDRICAL_SURFACE('1850',#1881,1.25E0);
#1883=ORIENTED_EDGE('1867',*,*,#1415,.T.);
#1884=ORIENTED_EDGE('1874',*,*,#1873,.T.);
#1885=ORIENTED_EDGE('1835',*,*,#1807,.F.);
#1886=ORIENTED_EDGE('1875',*,*,#1870,.F.);
#1887=EDGE_LOOP('1850',(#1883,#1884,#1885,#1886));
#1888=FACE_OUTER_BOUND('1850',#1887,.F.);
#1890=CARTESIAN_POINT('',(-2.95E1,4.6E1,-9.E0));
#1891=DIRECTION('',(0.E0,0.E0,-1.E0));
#1892=DIRECTION('',(0.E0,1.E0,0.E0));
#1893=AXIS2_PLACEMENT_3D('',#1890,#1891,#1892);
#1894=CYLINDRICAL_SURFACE('2767',#1893,3.5E0);
#1895=ORIENTED_EDGE('2857',*,*,#1211,.T.);
#1897=ORIENTED_EDGE('2818',*,*,#1896,.F.);
#1899=ORIENTED_EDGE('2858',*,*,#1898,.T.);
#1900=ORIENTED_EDGE('2826',*,*,#1336,.F.);
#1901=ORIENTED_EDGE('2802',*,*,#1176,.T.);
#1902=EDGE_LOOP('2767',(#1895,#1897,#1899,#1900,#1901));
#1903=FACE_OUTER_BOUND('2767',#1902,.F.);
#1905=CARTESIAN_POINT('',(-3.1E1,4.95E1,-9.E0));
#1906=DIRECTION('',(-1.E0,0.E0,0.E0));
#1907=DIRECTION('',(0.E0,0.E0,1.E0));
#1908=AXIS2_PLACEMENT_3D('',#1905,#1906,#1907);
#1909=PLANE('1459',#1908);
#1911=ORIENTED_EDGE('2817',*,*,#1910,.F.);
#1913=ORIENTED_EDGE('2831',*,*,#1912,.F.);
#1914=ORIENTED_EDGE('2818',*,*,#1896,.T.);
#1915=ORIENTED_EDGE('2833',*,*,#1209,.F.);
#1916=EDGE_LOOP('1459',(#1911,#1913,#1914,#1915));
#1917=FACE_OUTER_BOUND('1459',#1916,.F.);
#1919=CARTESIAN_POINT('',(-2.95E1,-4.6E1,-9.E0));
#1920=DIRECTION('',(0.E0,0.E0,-1.E0));
#1921=DIRECTION('',(0.E0,1.E0,0.E0));
#1922=AXIS2_PLACEMENT_3D('',#1919,#1920,#1921);
#1923=CYLINDRICAL_SURFACE('2763',#1922,3.5E0);
#1925=ORIENTED_EDGE('2855',*,*,#1924,.T.);
#1926=ORIENTED_EDGE('2817',*,*,#1910,.T.);
#1927=ORIENTED_EDGE('2856',*,*,#1207,.T.);
#1928=ORIENTED_EDGE('2806',*,*,#1282,.F.);
#1929=ORIENTED_EDGE('2825',*,*,#1340,.F.);
#1930=EDGE_LOOP('2763',(#1925,#1926,#1927,#1928,#1929));
#1931=FACE_OUTER_BOUND('2763',#1930,.F.);
#1933=CARTESIAN_POINT('',(-3.143826238111E1,4.95E1,-2.493900951088E-1));
#1934=DIRECTION('',(-7.808688094430E-1,0.E0,6.246950475544E-1));
#1935=DIRECTION('',(6.246950475544E-1,0.E0,7.808688094430E-1));
#1936=AXIS2_PLACEMENT_3D('',#1933,#1934,#1935);
#1937=PLANE('1460',#1936);
#1938=ORIENTED_EDGE('2855',*,*,#1924,.F.);
#1939=ORIENTED_EDGE('2832',*,*,#1338,.F.);
#1940=ORIENTED_EDGE('2858',*,*,#1898,.F.);
#1941=ORIENTED_EDGE('2831',*,*,#1912,.T.);
#1942=EDGE_LOOP('1460',(#1938,#1939,#1940,#1941));
#1943=FACE_OUTER_BOUND('1460',#1942,.F.);
#1945=CARTESIAN_POINT('',(3.1E1,4.95E1,1.E0));
#1946=DIRECTION('',(1.E0,0.E0,0.E0));
#1947=DIRECTION('',(0.E0,0.E0,-1.E0));
#1948=AXIS2_PLACEMENT_3D('',#1945,#1946,#1947);
#1949=PLANE('1458',#1948);
#1950=ORIENTED_EDGE('2813',*,*,#1195,.F.);
#1951=ORIENTED_EDGE('2830',*,*,#1324,.T.);
#1952=ORIENTED_EDGE('2814',*,*,#1310,.T.);
#1953=ORIENTED_EDGE('2834',*,*,#1242,.T.);
#1954=EDGE_LOOP('1458',(#1950,#1951,#1952,#1953));
#1955=FACE_OUTER_BOUND('1458',#1954,.F.);
#1957=CARTESIAN_POINT('',(2.95E1,4.6E1,-9.E0));
#1958=DIRECTION('',(0.E0,0.E0,-1.E0));
#1959=DIRECTION('',(0.E0,1.E0,0.E0));
#1960=AXIS2_PLACEMENT_3D('',#1957,#1958,#1959);
#1961=CYLINDRICAL_SURFACE('2888',#1960,1.4E0);
#1962=ORIENTED_EDGE('2912',*,*,#1260,.F.);
#1964=ORIENTED_EDGE('2920',*,*,#1963,.T.);
#1966=ORIENTED_EDGE('2880',*,*,#1965,.T.);
#1968=ORIENTED_EDGE('2921',*,*,#1967,.F.);
#1969=EDGE_LOOP('2888',(#1962,#1964,#1966,#1968));
#1970=FACE_OUTER_BOUND('2888',#1969,.F.);
#1972=CARTESIAN_POINT('',(2.95E1,4.6E1,-9.E0));
#1973=DIRECTION('',(0.E0,0.E0,-1.E0));
#1974=DIRECTION('',(0.E0,1.E0,0.E0));
#1975=AXIS2_PLACEMENT_3D('',#1972,#1973,#1974);
#1976=CYLINDRICAL_SURFACE('2890',#1975,1.4E0);
#1977=ORIENTED_EDGE('2913',*,*,#1262,.F.);
#1978=ORIENTED_EDGE('2921',*,*,#1967,.T.);
#1980=ORIENTED_EDGE('2881',*,*,#1979,.T.);
#1981=ORIENTED_EDGE('2920',*,*,#1963,.F.);
#1982=EDGE_LOOP('2890',(#1977,#1978,#1980,#1981));
#1983=FACE_OUTER_BOUND('2890',#1982,.F.);
#1985=CARTESIAN_POINT('',(0.E0,4.95E1,1.E0));
#1986=DIRECTION('',(0.E0,0.E0,-1.E0));
#1987=DIRECTION('',(0.E0,1.E0,0.E0));
#1988=AXIS2_PLACEMENT_3D('',#1985,#1986,#1987);
#1989=PLANE('2879',#1988);
#1990=ORIENTED_EDGE('2880',*,*,#1965,.F.);
#1991=ORIENTED_EDGE('2881',*,*,#1979,.F.);
#1992=EDGE_LOOP('2879',(#1990,#1991));
#1993=FACE_OUTER_BOUND('2879',#1992,.F.);
#1995=CARTESIAN_POINT('',(0.E0,4.95E1,1.E0));
#1996=DIRECTION('',(0.E0,0.E0,-1.E0));
#1997=DIRECTION('',(0.E0,1.E0,0.E0));
#1998=AXIS2_PLACEMENT_3D('',#1995,#1996,#1997);
#1999=PLANE('2879',#1998);
#2001=ORIENTED_EDGE('2882',*,*,#2000,.F.);
#2003=ORIENTED_EDGE('2883',*,*,#2002,.F.);
#2004=EDGE_LOOP('2879',(#2001,#2003));
#2005=FACE_OUTER_BOUND('2879',#2004,.F.);
#2007=CARTESIAN_POINT('',(0.E0,4.95E1,1.E0));
#2008=DIRECTION('',(0.E0,0.E0,-1.E0));
#2009=DIRECTION('',(0.E0,1.E0,0.E0));
#2010=AXIS2_PLACEMENT_3D('',#2007,#2008,#2009);
#2011=PLANE('2879',#2010);
#2013=ORIENTED_EDGE('2884',*,*,#2012,.F.);
#2015=ORIENTED_EDGE('2885',*,*,#2014,.F.);
#2016=EDGE_LOOP('2879',(#2013,#2015));
#2017=FACE_OUTER_BOUND('2879',#2016,.F.);
#2019=CARTESIAN_POINT('',(0.E0,4.95E1,1.E0));
#2020=DIRECTION('',(0.E0,0.E0,-1.E0));
#2021=DIRECTION('',(0.E0,1.E0,0.E0));
#2022=AXIS2_PLACEMENT_3D('',#2019,#2020,#2021);
#2023=PLANE('2879',#2022);
#2025=ORIENTED_EDGE('2886',*,*,#2024,.F.);
#2027=ORIENTED_EDGE('2887',*,*,#2026,.F.);
#2028=EDGE_LOOP('2879',(#2025,#2027));
#2029=FACE_OUTER_BOUND('2879',#2028,.F.);
#2031=CARTESIAN_POINT('',(2.95E1,-4.6E1,-9.E0));
#2032=DIRECTION('',(0.E0,0.E0,-1.E0));
#2033=DIRECTION('',(0.E0,1.E0,0.E0));
#2034=AXIS2_PLACEMENT_3D('',#2031,#2032,#2033);
#2035=CYLINDRICAL_SURFACE('2892',#2034,1.4E0);
#2036=ORIENTED_EDGE('2914',*,*,#1266,.F.);
#2038=ORIENTED_EDGE('2922',*,*,#2037,.T.);
#2039=ORIENTED_EDGE('2882',*,*,#2000,.T.);
#2041=ORIENTED_EDGE('2923',*,*,#2040,.F.);
#2042=EDGE_LOOP('2892',(#2036,#2038,#2039,#2041));
#2043=FACE_OUTER_BOUND('2892',#2042,.F.);
#2045=CARTESIAN_POINT('',(2.95E1,-4.6E1,-9.E0));
#2046=DIRECTION('',(0.E0,0.E0,-1.E0));
#2047=DIRECTION('',(0.E0,1.E0,0.E0));
#2048=AXIS2_PLACEMENT_3D('',#2045,#2046,#2047);
#2049=CYLINDRICAL_SURFACE('2894',#2048,1.4E0);
#2050=ORIENTED_EDGE('2915',*,*,#1268,.F.);
#2051=ORIENTED_EDGE('2923',*,*,#2040,.T.);
#2052=ORIENTED_EDGE('2883',*,*,#2002,.T.);
#2053=ORIENTED_EDGE('2922',*,*,#2037,.F.);
#2054=EDGE_LOOP('2894',(#2050,#2051,#2052,#2053));
#2055=FACE_OUTER_BOUND('2894',#2054,.F.);
#2057=CARTESIAN_POINT('',(-2.95E1,-4.6E1,-9.E0));
#2058=DIRECTION('',(0.E0,0.E0,-1.E0));
#2059=DIRECTION('',(0.E0,1.E0,0.E0));
#2060=AXIS2_PLACEMENT_3D('',#2057,#2058,#2059);
#2061=CYLINDRICAL_SURFACE('2896',#2060,1.4E0);
#2062=ORIENTED_EDGE('2916',*,*,#1224,.F.);
#2064=ORIENTED_EDGE('2924',*,*,#2063,.T.);
#2065=ORIENTED_EDGE('2884',*,*,#2012,.T.);
#2067=ORIENTED_EDGE('2925',*,*,#2066,.F.);
#2068=EDGE_LOOP('2896',(#2062,#2064,#2065,#2067));
#2069=FACE_OUTER_BOUND('2896',#2068,.F.);
#2071=CARTESIAN_POINT('',(-2.95E1,-4.6E1,-9.E0));
#2072=DIRECTION('',(0.E0,0.E0,-1.E0));
#2073=DIRECTION('',(0.E0,1.E0,0.E0));
#2074=AXIS2_PLACEMENT_3D('',#2071,#2072,#2073);
#2075=CYLINDRICAL_SURFACE('2898',#2074,1.4E0);
#2076=ORIENTED_EDGE('2917',*,*,#1226,.F.);
#2077=ORIENTED_EDGE('2925',*,*,#2066,.T.);
#2078=ORIENTED_EDGE('2885',*,*,#2014,.T.);
#2079=ORIENTED_EDGE('2924',*,*,#2063,.F.);
#2080=EDGE_LOOP('2898',(#2076,#2077,#2078,#2079));
#2081=FACE_OUTER_BOUND('2898',#2080,.F.);
#2083=CARTESIAN_POINT('',(-2.95E1,4.6E1,-9.E0));
#2084=DIRECTION('',(0.E0,0.E0,-1.E0));
#2085=DIRECTION('',(0.E0,1.E0,0.E0));
#2086=AXIS2_PLACEMENT_3D('',#2083,#2084,#2085);
#2087=CYLINDRICAL_SURFACE('2900',#2086,1.4E0);
#2088=ORIENTED_EDGE('2918',*,*,#1230,.F.);
#2090=ORIENTED_EDGE('2926',*,*,#2089,.T.);
#2091=ORIENTED_EDGE('2886',*,*,#2024,.T.);
#2093=ORIENTED_EDGE('2927',*,*,#2092,.F.);
#2094=EDGE_LOOP('2900',(#2088,#2090,#2091,#2093));
#2095=FACE_OUTER_BOUND('2900',#2094,.F.);
#2097=CARTESIAN_POINT('',(-2.95E1,4.6E1,-9.E0));
#2098=DIRECTION('',(0.E0,0.E0,-1.E0));
#2099=DIRECTION('',(0.E0,1.E0,0.E0));
#2100=AXIS2_PLACEMENT_3D('',#2097,#2098,#2099);
#2101=CYLINDRICAL_SURFACE('2902',#2100,1.4E0);
#2102=ORIENTED_EDGE('2919',*,*,#1232,.F.);
#2103=ORIENTED_EDGE('2927',*,*,#2092,.T.);
#2104=ORIENTED_EDGE('2887',*,*,#2026,.T.);
#2105=ORIENTED_EDGE('2926',*,*,#2089,.F.);
#2106=EDGE_LOOP('2902',(#2102,#2103,#2104,#2105));
#2107=FACE_OUTER_BOUND('2902',#2106,.F.);
#2113=PLANE_ANGLE_MEASURE_WITH_UNIT(PLANE_ANGLE_MEASURE(1.745329251994E-2),
#2112);
#2114=(CONVERSION_BASED_UNIT('DEGREE',#2113)NAMED_UNIT(*)PLANE_ANGLE_UNIT());
#2116=UNCERTAINTY_MEASURE_WITH_UNIT(LENGTH_MEASURE(1.E-2),#2111,
'distance_accuracy_value',
'Maximum model space distance between geometric entities at asserted connectivities');
#2119=APPLICATION_CONTEXT('automotive_design');
#2120=APPLICATION_PROTOCOL_DEFINITION('international standard',
'automotive_design',2001,#2119);
#2121=PRODUCT_DEFINITION_CONTEXT('part definition',#2119,'design');
#2122=PRODUCT_CONTEXT('',#2119,'mechanical');
#2123=PRODUCT('00000000000_-_GEH_DECKEL','00000000000_-_GEH_DECKEL',
'NOT SPECIFIED',(#2122));
#2124=PRODUCT_DEFINITION_FORMATION('1','LAST_VERSION',#2123);
#2132=DERIVED_UNIT_ELEMENT(#2131,2.E0);
#2133=DERIVED_UNIT((#2132));
#2134=MEASURE_REPRESENTATION_ITEM('surface area measure',AREA_MEASURE(
1.436697781514E4),#2133);
#2139=DERIVED_UNIT_ELEMENT(#2138,3.E0);
#2140=DERIVED_UNIT((#2139));
#2141=MEASURE_REPRESENTATION_ITEM('volume measure',VOLUME_MEASURE(
1.373327305667E4),#2140);
#2145=CARTESIAN_POINT('centre point',(-1.832092041818E-1,-1.400749992035E0,
2.052421331526E-1));
#2150=DERIVED_UNIT_ELEMENT(#2149,2.E0);
#2151=DERIVED_UNIT((#2150));
#2152=MEASURE_REPRESENTATION_ITEM('surface area measure',AREA_MEASURE(
1.436697781514E4),#2151);
#2157=DERIVED_UNIT_ELEMENT(#2156,3.E0);
#2158=DERIVED_UNIT((#2157));
#2159=MEASURE_REPRESENTATION_ITEM('volume measure',VOLUME_MEASURE(
1.373327305667E4),#2158);
#2163=CARTESIAN_POINT('centre point',(-1.832092041818E-1,-1.400749992035E0,
2.052421331526E-1));
#2168=PRODUCT_RELATED_PRODUCT_CATEGORY('part','',(#2123));
#2170=GENERAL_PROPERTY('','CHANGE_NUMBER','user defined attribute');
#2171=GENERAL_PROPERTY_ASSOCIATION('user defined attribute','',#2170,#2169);
#2172=DESCRIPTIVE_REPRESENTATION_ITEM('CHANGE_NUMBER','');
#2176=GENERAL_PROPERTY('','CLASS_CODE','user defined attribute');
#2177=GENERAL_PROPERTY_ASSOCIATION('user defined attribute','',#2176,#2175);
#2178=DESCRIPTIVE_REPRESENTATION_ITEM('CLASS_CODE','');
#2182=GENERAL_PROPERTY('','DESCR1_R1','user defined attribute');
#2183=GENERAL_PROPERTY_ASSOCIATION('user defined attribute','',#2182,#2181);
#2184=DESCRIPTIVE_REPRESENTATION_ITEM('DESCR1_R1','');
#2188=GENERAL_PROPERTY('','DESCR1_R2','user defined attribute');
#2189=GENERAL_PROPERTY_ASSOCIATION('user defined attribute','',#2188,#2187);
#2190=DESCRIPTIVE_REPRESENTATION_ITEM('DESCR1_R2','');
#2194=GENERAL_PROPERTY('','DESCR2_R1','user defined attribute');
#2195=GENERAL_PROPERTY_ASSOCIATION('user defined attribute','',#2194,#2193);
#2196=DESCRIPTIVE_REPRESENTATION_ITEM('DESCR2_R1','');
#2200=GENERAL_PROPERTY('','DESCR2_R2','user defined attribute');
#2201=GENERAL_PROPERTY_ASSOCIATION('user defined attribute','',#2200,#2199);
#2202=DESCRIPTIVE_REPRESENTATION_ITEM('DESCR2_R2','');
#2206=GENERAL_PROPERTY('','DESCR3_R1','user defined attribute');
#2207=GENERAL_PROPERTY_ASSOCIATION('user defined attribute','',#2206,#2205);
#2208=DESCRIPTIVE_REPRESENTATION_ITEM('DESCR3_R1','');
#2212=GENERAL_PROPERTY('','DESCR3_R2','user defined attribute');
#2213=GENERAL_PROPERTY_ASSOCIATION('user defined attribute','',#2212,#2211);
#2214=DESCRIPTIVE_REPRESENTATION_ITEM('DESCR3_R2','');
#2218=GENERAL_PROPERTY('','LANG_DESCR3','user defined attribute');
#2219=GENERAL_PROPERTY_ASSOCIATION('user defined attribute','',#2218,#2217);
#2220=DESCRIPTIVE_REPRESENTATION_ITEM('LANG_DESCR3','--');
#2224=GENERAL_PROPERTY('','MANUFACTURING_ID','user defined attribute');
#2225=GENERAL_PROPERTY_ASSOCIATION('user defined attribute','',#2224,#2223);
#2226=DESCRIPTIVE_REPRESENTATION_ITEM('MANUFACTURING_ID','');
#2230=GENERAL_PROPERTY('','MATERIAL','user defined attribute');
#2231=GENERAL_PROPERTY_ASSOCIATION('user defined attribute','',#2230,#2229);
#2232=DESCRIPTIVE_REPRESENTATION_ITEM('MATERIAL','');
#2236=GENERAL_PROPERTY('','PROJECT','user defined attribute');
#2237=GENERAL_PROPERTY_ASSOCIATION('user defined attribute','',#2236,#2235);
#2238=DESCRIPTIVE_REPRESENTATION_ITEM('PROJECT','');
#2242=GENERAL_PROPERTY('','WEIGHT','user defined attribute');
#2243=GENERAL_PROPERTY_ASSOCIATION('user defined attribute','',#2242,#2241);
#2244=VALUE_REPRESENTATION_ITEM('WEIGHT',NUMERIC_MEASURE(0.E0));
#2247=DESCRIPTIVE_REPRESENTATION_ITEM('attribute description','Real Number');
#2252=GENERAL_PROPERTY('','WEIGHT_FACTOR','user defined attribute');
#2253=GENERAL_PROPERTY_ASSOCIATION('user defined attribute','',#2252,#2251);
#2254=VALUE_REPRESENTATION_ITEM('WEIGHT_FACTOR',NUMERIC_MEASURE(1.E0));
#2257=DESCRIPTIVE_REPRESENTATION_ITEM('attribute description','Real Number');
#2262=GENERAL_PROPERTY('','WEIGHT_ADD','user defined attribute');
#2263=GENERAL_PROPERTY_ASSOCIATION('user defined attribute','',#2262,#2261);
#2264=VALUE_REPRESENTATION_ITEM('WEIGHT_ADD',NUMERIC_MEASURE(0.E0));
#2267=DESCRIPTIVE_REPRESENTATION_ITEM('attribute description','Real Number');
#2272=GENERAL_PROPERTY('','_MASS_TEMP','user defined attribute');
#2273=GENERAL_PROPERTY_ASSOCIATION('user defined attribute','',#2272,#2271);
#2274=VALUE_REPRESENTATION_ITEM('_MASS_TEMP',NUMERIC_MEASURE(0.E0));
#2277=DESCRIPTIVE_REPRESENTATION_ITEM('attribute description','Real Number');
#2282=GENERAL_PROPERTY('','_DIFF_TEMP','user defined attribute');
#2283=GENERAL_PROPERTY_ASSOCIATION('user defined attribute','',#2282,#2281);
#2285=MEASURE_REPRESENTATION_ITEM('_DIFF_TEMP',MASS_MEASURE(0.E0),#2284);
#2289=GENERAL_PROPERTY('','DCC','user defined attribute');
#2290=GENERAL_PROPERTY_ASSOCIATION('user defined attribute','',#2289,#2288);
#2291=DESCRIPTIVE_REPRESENTATION_ITEM('DCC','');
#2295=GENERAL_PROPERTY('','RAW_PART','user defined attribute');
#2296=GENERAL_PROPERTY_ASSOCIATION('user defined attribute','',#2295,#2294);
#2297=DESCRIPTIVE_REPRESENTATION_ITEM('RAW_PART','');
#2301=GENERAL_PROPERTY('','SIEMENS_NUMBER','user defined attribute');
#2302=GENERAL_PROPERTY_ASSOCIATION('user defined attribute','',#2301,#2300);
#2303=DESCRIPTIVE_REPRESENTATION_ITEM('SIEMENS_NUMBER','');
#2307=GENERAL_PROPERTY('','ASSIGNED_DOCUMENT_NUMBER','user defined attribute');
#2308=GENERAL_PROPERTY_ASSOCIATION('user defined attribute','',#2307,#2306);
#2309=DESCRIPTIVE_REPRESENTATION_ITEM('ASSIGNED_DOCUMENT_NUMBER','');
#2313=GENERAL_PROPERTY('','ASSIGNED_MATERIAL_NUMBER','user defined attribute');
#2314=GENERAL_PROPERTY_ASSOCIATION('user defined attribute','',#2313,#2312);
#2315=DESCRIPTIVE_REPRESENTATION_ITEM('ASSIGNED_MATERIAL_NUMBER','');
#2319=GENERAL_PROPERTY('','MANUFACTURER','user defined attribute');
#2320=GENERAL_PROPERTY_ASSOCIATION('user defined attribute','',#2319,#2318);
#2321=DESCRIPTIVE_REPRESENTATION_ITEM('MANUFACTURER','--');
#2325=GENERAL_PROPERTY('','MC_ERRORS','user defined attribute');
#2326=GENERAL_PROPERTY_ASSOCIATION('user defined attribute','',#2325,#2324);
#2327=VALUE_REPRESENTATION_ITEM('MC_ERRORS',COUNT_MEASURE(0));
#2330=DESCRIPTIVE_REPRESENTATION_ITEM('attribute description','Integer');
#2335=GENERAL_PROPERTY('','MODEL_CHECK','user defined attribute');
#2336=GENERAL_PROPERTY_ASSOCIATION('user defined attribute','',#2335,#2334);
#2337=DESCRIPTIVE_REPRESENTATION_ITEM('MODEL_CHECK','');
#2341=GENERAL_PROPERTY('','STEP_VERSION','user defined attribute');
#2342=GENERAL_PROPERTY_ASSOCIATION('user defined attribute','',#2341,#2340);
#2343=DESCRIPTIVE_REPRESENTATION_ITEM('STEP_VERSION','');
#2347=GENERAL_PROPERTY('','SUPPLIER_FILENAME','user defined attribute');
#2348=GENERAL_PROPERTY_ASSOCIATION('user defined attribute','',#2347,#2346);
#2349=DESCRIPTIVE_REPRESENTATION_ITEM('SUPPLIER_FILENAME','');
#2353=GENERAL_PROPERTY('','PTC_WM_REVISION','user defined attribute');
#2354=GENERAL_PROPERTY_ASSOCIATION('user defined attribute','',#2353,#2352);
#2355=DESCRIPTIVE_REPRESENTATION_ITEM('PTC_WM_REVISION','-');
#2359=GENERAL_PROPERTY('','PTC_WM_ITERATION','user defined attribute');
#2360=GENERAL_PROPERTY_ASSOCIATION('user defined attribute','',#2359,#2358);
#2361=DESCRIPTIVE_REPRESENTATION_ITEM('PTC_WM_ITERATION','0');
#2365=GENERAL_PROPERTY('','PTC_WM_VERSION','user defined attribute');
#2366=GENERAL_PROPERTY_ASSOCIATION('user defined attribute','',#2365,#2364);
#2367=DESCRIPTIVE_REPRESENTATION_ITEM('PTC_WM_VERSION','-.0');
#2371=GENERAL_PROPERTY('','PTC_WM_LIFECYCLE_STATE','user defined attribute');
#2372=GENERAL_PROPERTY_ASSOCIATION('user defined attribute','',#2371,#2370);
#2373=DESCRIPTIVE_REPRESENTATION_ITEM('PTC_WM_LIFECYCLE_STATE','In Work');
#2377=GENERAL_PROPERTY('','PTC_WM_LIFECYCLE','user defined attribute');
#2378=GENERAL_PROPERTY_ASSOCIATION('user defined attribute','',#2377,#2376);
#2379=DESCRIPTIVE_REPRESENTATION_ITEM('PTC_WM_LIFECYCLE','MO_CADDocument');
#2383=GENERAL_PROPERTY('','PTC_WM_LOCATION','user defined attribute');
#2384=GENERAL_PROPERTY_ASSOCIATION('user defined attribute','',#2383,#2382);
#2385=DESCRIPTIVE_REPRESENTATION_ITEM('PTC_WM_LOCATION','');
#2389=GENERAL_PROPERTY('','PTC_WM_CREATED_BY','user defined attribute');
#2390=GENERAL_PROPERTY_ASSOCIATION('user defined attribute','',#2389,#2388);
#2391=DESCRIPTIVE_REPRESENTATION_ITEM('PTC_WM_CREATED_BY',
'Maximilian Roepper (Z0017RMS: MO)');
#2395=GENERAL_PROPERTY('','PTC_WM_CREATED_ON','user defined attribute');
#2396=GENERAL_PROPERTY_ASSOCIATION('user defined attribute','',#2395,#2394);
#2397=DESCRIPTIVE_REPRESENTATION_ITEM('PTC_WM_CREATED_ON',
'18-Sep-26 11:36:42 AM');
#2401=GENERAL_PROPERTY('','PTC_WM_MODIFIED_BY','user defined attribute');
#2402=GENERAL_PROPERTY_ASSOCIATION('user defined attribute','',#2401,#2400);
#2403=DESCRIPTIVE_REPRESENTATION_ITEM('PTC_WM_MODIFIED_BY',
'Maximilian Roepper (Z0017RMS: MO)');
#2407=GENERAL_PROPERTY('','PTC_WM_MODIFIED_ON','user defined attribute');
#2408=GENERAL_PROPERTY_ASSOCIATION('user defined attribute','',#2407,#2406);
#2409=DESCRIPTIVE_REPRESENTATION_ITEM('PTC_WM_MODIFIED_ON',
'18-Sep-26 11:36:46 AM');
#2413=GENERAL_PROPERTY('','PTC_WM_TEAM','user defined attribute');
#2414=GENERAL_PROPERTY_ASSOCIATION('user defined attribute','',#2413,#2412);
#2415=DESCRIPTIVE_REPRESENTATION_ITEM('PTC_WM_TEAM','');
#2419=GENERAL_PROPERTY('','SUPPLIER','user defined attribute');
#2420=GENERAL_PROPERTY_ASSOCIATION('user defined attribute','',#2419,#2418);
#2421=VALUE_REPRESENTATION_ITEM('SUPPLIER',COUNT_MEASURE(0));
#2424=DESCRIPTIVE_REPRESENTATION_ITEM('attribute description','Integer');
#2429=GENERAL_PROPERTY('','PTC_ORGANIZATION_ID','user defined attribute');
#2430=GENERAL_PROPERTY_ASSOCIATION('user defined attribute','',#2429,#2428);
#2431=DESCRIPTIVE_REPRESENTATION_ITEM('PTC_ORGANIZATION_ID','MO');
#2435=GENERAL_PROPERTY('','PTC_MODIFIED','user defined attribute');
#2436=GENERAL_PROPERTY_ASSOCIATION('user defined attribute','',#2435,#2434);
#2437=DESCRIPTIVE_REPRESENTATION_ITEM('PTC_MODIFIED','YES');
#2440=DESCRIPTIVE_REPRESENTATION_ITEM('attribute description','Yes No');
#2445=GENERAL_PROPERTY('','PLM','user defined attribute');
#2446=GENERAL_PROPERTY_ASSOCIATION('user defined attribute','',#2445,#2444);
#2447=DESCRIPTIVE_REPRESENTATION_ITEM('PLM','');
#2451=GENERAL_PROPERTY('','DOCUMENT_NUMBER','user defined attribute');
#2452=GENERAL_PROPERTY_ASSOCIATION('user defined attribute','',#2451,#2450);
#2453=DESCRIPTIVE_REPRESENTATION_ITEM('DOCUMENT_NUMBER','');
#2457=GENERAL_PROPERTY('','MATERIAL_TYPE','user defined attribute');
#2458=GENERAL_PROPERTY_ASSOCIATION('user defined attribute','',#2457,#2456);
#2459=DESCRIPTIVE_REPRESENTATION_ITEM('MATERIAL_TYPE','');
#2463=GENERAL_PROPERTY('','MATERIAL_NUMBER','user defined attribute');
#2464=GENERAL_PROPERTY_ASSOCIATION('user defined attribute','',#2463,#2462);
#2465=DESCRIPTIVE_REPRESENTATION_ITEM('MATERIAL_NUMBER','');
#2469=GENERAL_PROPERTY('','PDMLINKNUMBER','user defined attribute');
#2470=GENERAL_PROPERTY_ASSOCIATION('user defined attribute','',#2469,#2468);
#2471=DESCRIPTIVE_REPRESENTATION_ITEM('PDMLINKNUMBER','PDM000071455264');
#2475=GENERAL_PROPERTY('','VISIBLE','user defined attribute');
#2476=GENERAL_PROPERTY_ASSOCIATION('user defined attribute','',#2475,#2474);
#2477=DESCRIPTIVE_REPRESENTATION_ITEM('VISIBLE','');
#2481=GENERAL_PROPERTY('','PTC_WM_NAME','user defined attribute');
#2482=GENERAL_PROPERTY_ASSOCIATION('user defined attribute','',#2481,#2480);
#2483=DESCRIPTIVE_REPRESENTATION_ITEM('PTC_WM_NAME',
'00000000000_-_geh_deckel.prt');
#2487=GENERAL_PROPERTY('','PTC_WM_NUMBER','user defined attribute');
#2488=GENERAL_PROPERTY_ASSOCIATION('user defined attribute','',#2487,#2486);
#2489=DESCRIPTIVE_REPRESENTATION_ITEM('PTC_WM_NUMBER','PDM000071455264');
#2493=GENERAL_PROPERTY('','TC_CREO_MAT_ID','user defined attribute');
#2494=GENERAL_PROPERTY_ASSOCIATION('user defined attribute','',#2493,#2492);
#2495=DESCRIPTIVE_REPRESENTATION_ITEM('TC_CREO_MAT_ID','');
#2499=GENERAL_PROPERTY('','PTC_MASTER_MATERIAL','user defined attribute');
#2500=GENERAL_PROPERTY_ASSOCIATION('user defined attribute','',#2499,#2498);
#2501=DESCRIPTIVE_REPRESENTATION_ITEM('PTC_MASTER_MATERIAL',
'PTC_SYSTEM_MTRL_PROPS');
#1=DRAUGHTING_PRE_DEFINED_COLOUR('black');
#2=COLOUR_RGB('',0.E0,0.E0,8.04E-1);
#3=COLOUR_RGB('',0.E0,0.E0,9.61E-1);
#4=DRAUGHTING_PRE_DEFINED_COLOUR('blue');
#5=COLOUR_RGB('',0.E0,4.51E-1,1.E0);
#6=COLOUR_RGB('',0.E0,5.01961E-1,0.E0);
#7=COLOUR_RGB('',0.E0,5.61E-1,6.59E-1);
#8=COLOUR_RGB('',0.E0,6.E-1,9.02E-1);
#9=COLOUR_RGB('',0.E0,6.59E-1,0.E0);
#10=COLOUR_RGB('',0.E0,6.59E-1,3.18E-1);
#11=COLOUR_RGB('',0.E0,6.59E-1,4.51E-1);
#12=COLOUR_RGB('',0.E0,6.59E-1,5.61E-1);
#13=COLOUR_RGB('',0.E0,6.59E-1,6.59E-1);
#14=COLOUR_RGB('',0.E0,6.59E-1,1.E0);
#15=COLOUR_RGB('',0.E0,6.78E-1,8.04E-1);
#16=COLOUR_RGB('',0.E0,7.61E-1,9.02E-1);
#17=COLOUR_RGB('',0.E0,8.04E-1,0.E0);
#18=COLOUR_RGB('',0.E0,8.04E-1,3.76E-1);
#19=COLOUR_RGB('',0.E0,8.04E-1,5.37E-1);
#20=COLOUR_RGB('',0.E0,8.04E-1,6.78E-1);
#21=COLOUR_RGB('',0.E0,8.04E-1,8.04E-1);
#22=COLOUR_RGB('',0.E0,8.15686E-1,8.15686E-1);
#23=COLOUR_RGB('',0.E0,8.39E-1,1.E0);
#24=COLOUR_RGB('',0.E0,9.02E-1,0.E0);
#25=COLOUR_RGB('',0.E0,9.02E-1,4.12E-1);
#26=COLOUR_RGB('',0.E0,9.02E-1,6.E-1);
#27=COLOUR_RGB('',0.E0,9.02E-1,7.61E-1);
#28=COLOUR_RGB('',0.E0,9.02E-1,9.02E-1);
#29=COLOUR_RGB('',0.E0,9.61E-1,0.E0);
#30=COLOUR_RGB('',0.E0,9.61E-1,9.61E-1);
#31=DRAUGHTING_PRE_DEFINED_COLOUR('green');
#32=COLOUR_RGB('',0.E0,1.E0,4.51E-1);
#33=COLOUR_RGB('',0.E0,1.E0,6.59E-1);
#34=COLOUR_RGB('',0.E0,1.E0,8.39E-1);
#35=DRAUGHTING_PRE_DEFINED_COLOUR('cyan');
#36=COLOUR_RGB('',2.31373E-1,4.86275E-1,1.E0);
#37=COLOUR_RGB('',3.18E-1,6.59E-1,0.E0);
#38=COLOUR_RGB('',3.76E-1,0.E0,8.04E-1);
#39=COLOUR_RGB('',3.76E-1,8.04E-1,0.E0);
#40=COLOUR_RGB('',4.12E-1,9.02E-1,0.E0);
#41=COLOUR_RGB('',4.51E-1,0.E0,1.E0);
#42=COLOUR_RGB('',4.51E-1,6.59E-1,0.E0);
#43=COLOUR_RGB('',4.78431E-1,3.01961E-1,0.E0);
#44=COLOUR_RGB('',5.37E-1,0.E0,8.04E-1);
#45=COLOUR_RGB('',5.37E-1,8.04E-1,0.E0);
#46=COLOUR_RGB('',5.61E-1,6.59E-1,0.E0);
#47=COLOUR_RGB('',6.E-1,0.E0,9.02E-1);
#48=COLOUR_RGB('',6.E-1,6.E-1,6.E-1);
#49=COLOUR_RGB('',6.E-1,9.02E-1,0.E0);
#50=COLOUR_RGB('',6.35294E-1,6.86275E-1,7.4902E-1);
#51=COLOUR_RGB('',6.59E-1,0.E0,0.E0);
#52=COLOUR_RGB('',6.59E-1,0.E0,1.E0);
#53=COLOUR_RGB('',6.59E-1,3.18E-1,0.E0);
#54=COLOUR_RGB('',6.59E-1,4.51E-1,0.E0);
#55=COLOUR_RGB('',6.59E-1,5.61E-1,0.E0);
#56=COLOUR_RGB('',6.59E-1,6.59E-1,0.E0);
#57=COLOUR_RGB('',6.78E-1,0.E0,8.04E-1);
#58=COLOUR_RGB('',6.78E-1,8.04E-1,0.E0);
#59=COLOUR_RGB('',7.61E-1,0.E0,9.02E-1);
#60=COLOUR_RGB('',7.61E-1,9.02E-1,0.E0);
#61=COLOUR_RGB('',8.E-1,8.E-1,8.E-1);
#62=COLOUR_RGB('',8.04E-1,0.E0,0.E0);
#63=COLOUR_RGB('',8.04E-1,0.E0,3.76E-1);
#64=COLOUR_RGB('',8.04E-1,0.E0,5.37E-1);
#65=COLOUR_RGB('',8.04E-1,0.E0,6.78E-1);
#66=COLOUR_RGB('',8.04E-1,0.E0,8.04E-1);
#67=COLOUR_RGB('',8.04E-1,3.76E-1,0.E0);
#68=COLOUR_RGB('',8.04E-1,5.37E-1,0.E0);
#69=COLOUR_RGB('',8.04E-1,6.78E-1,0.E0);
#70=COLOUR_RGB('',8.04E-1,8.04E-1,0.E0);
#71=COLOUR_RGB('',8.39E-1,0.E0,1.E0);
#72=COLOUR_RGB('',9.02E-1,0.E0,0.E0);
#73=COLOUR_RGB('',9.02E-1,0.E0,4.12E-1);
#74=COLOUR_RGB('',9.02E-1,0.E0,6.E-1);
#75=COLOUR_RGB('',9.02E-1,0.E0,7.61E-1);
#76=COLOUR_RGB('',9.02E-1,0.E0,9.02E-1);
#77=COLOUR_RGB('',9.02E-1,4.12E-1,0.E0);
#78=COLOUR_RGB('',9.02E-1,6.E-1,0.E0);
#79=COLOUR_RGB('',9.02E-1,7.61E-1,0.E0);
#80=COLOUR_RGB('',9.02E-1,9.02E-1,0.E0);
#81=COLOUR_RGB('',9.14E-1,9.14E-1,9.14E-1);
#82=COLOUR_RGB('',9.61E-1,0.E0,9.61E-1);
#83=COLOUR_RGB('',9.96078E-1,5.33333E-1,0.E0);
#84=COLOUR_RGB('',9.96078E-1,9.96078E-1,0.E0);
#85=DRAUGHTING_PRE_DEFINED_COLOUR('red');
#86=COLOUR_RGB('',1.E0,0.E0,4.51E-1);
#87=COLOUR_RGB('',1.E0,0.E0,6.59E-1);
#88=COLOUR_RGB('',1.E0,0.E0,8.39E-1);
#89=DRAUGHTING_PRE_DEFINED_COLOUR('magenta');
#90=COLOUR_RGB('',1.E0,6.59E-1,0.E0);
#91=DRAUGHTING_PRE_DEFINED_COLOUR('yellow');
#92=DRAUGHTING_PRE_DEFINED_COLOUR('white');
#141=CIRCLE('2584',#140,3.E0);
#146=CIRCLE('2585',#145,3.E0);
#159=CIRCLE('2582',#158,3.E0);
#164=CIRCLE('2583',#163,3.E0);
#197=CIRCLE('2851',#196,3.5E0);
#205=B_SPLINE_CURVE_WITH_KNOTS('2852',3,(#198,#199,#200,#201,#202,#203,#204),
.UNSPECIFIED.,.F.,.F.,(4,1,1,1,4),(0.E0,2.5E-1,5.E-1,7.5E-1,1.E0),
.UNSPECIFIED.);
#254=CIRCLE('2912',#253,1.4E0);
#259=CIRCLE('2913',#258,1.4E0);
#264=CIRCLE('2914',#263,1.4E0);
#269=CIRCLE('2915',#268,1.4E0);
#274=CIRCLE('2916',#273,1.4E0);
#279=CIRCLE('2917',#278,1.4E0);
#284=CIRCLE('2918',#283,1.4E0);
#289=CIRCLE('2919',#288,1.4E0);
#321=B_SPLINE_CURVE_WITH_KNOTS('2853',3,(#314,#315,#316,#317,#318,#319,#320),
.UNSPECIFIED.,.F.,.F.,(4,1,1,1,4),(0.E0,2.5E-1,5.E-1,7.5E-1,1.E0),
.UNSPECIFIED.);
#326=CIRCLE('2854',#325,3.5E0);
#367=CIRCLE('2823',#366,3.5E0);
#372=CIRCLE('2826',#371,3.5E0);
#381=CIRCLE('2825',#380,3.5E0);
#386=CIRCLE('2824',#385,3.5E0);
#411=CIRCLE('1860',#410,1.25E0);
#416=CIRCLE('1861',#415,1.25E0);
#421=CIRCLE('1862',#420,1.25E0);
#426=CIRCLE('1863',#425,1.25E0);
#431=CIRCLE('1864',#430,1.25E0);
#436=CIRCLE('1865',#435,1.25E0);
#441=CIRCLE('1866',#440,1.25E0);
#446=CIRCLE('1867',#445,1.25E0);
#451=CIRCLE('1786',#450,4.E0);
#460=CIRCLE('449',#459,4.E0);
#469=CIRCLE('1788',#468,4.E0);
#478=CIRCLE('453',#477,4.E0);
#491=CIRCLE('456',#490,4.E0);
#500=CIRCLE('1789',#499,4.E0);
#509=CIRCLE('452',#508,4.E0);
#518=CIRCLE('1787',#517,4.E0);
#607=CIRCLE('2723',#606,3.E0);
#612=CIRCLE('2724',#611,3.E0);
#621=CIRCLE('2725',#620,3.E0);
#626=CIRCLE('2726',#625,3.E0);
#655=CIRCLE('1828',#654,1.25E0);
#660=CIRCLE('1829',#659,1.25E0);
#665=CIRCLE('1830',#664,1.25E0);
#670=CIRCLE('1831',#669,1.25E0);
#675=CIRCLE('1832',#674,1.25E0);
#680=CIRCLE('1833',#679,1.25E0);
#685=CIRCLE('1834',#684,1.25E0);
#690=CIRCLE('1835',#689,1.25E0);
#719=CIRCLE('2857',#718,3.5E0);
#725=B_SPLINE_CURVE_WITH_KNOTS('2858',3,(#720,#721,#722,#723,#724),
.UNSPECIFIED.,.F.,.F.,(4,1,4),(0.E0,5.E-1,1.E0),.UNSPECIFIED.);
#739=B_SPLINE_CURVE_WITH_KNOTS('2855',3,(#734,#735,#736,#737,#738),
.UNSPECIFIED.,.F.,.F.,(4,1,4),(0.E0,5.E-1,1.E0),.UNSPECIFIED.);
#744=CIRCLE('2856',#743,3.5E0);
#773=CIRCLE('2880',#772,1.4E0);
#778=CIRCLE('2881',#777,1.4E0);
#783=CIRCLE('2882',#782,1.4E0);
#788=CIRCLE('2883',#787,1.4E0);
#793=CIRCLE('2884',#792,1.4E0);
#798=CIRCLE('2885',#797,1.4E0);
#803=CIRCLE('2886',#802,1.4E0);
#808=CIRCLE('2887',#807,1.4E0);
#1062=EDGE_CURVE('2576',#939,#959,#96,.T.);
#1064=EDGE_CURVE('2584',#955,#959,#141,.T.);
#1066=EDGE_CURVE('2577',#955,#951,#100,.T.);
#1068=EDGE_CURVE('2582',#947,#951,#159,.T.);
#1070=EDGE_CURVE('2578',#943,#947,#104,.T.);
#1072=EDGE_CURVE('2489',#886,#943,#108,.T.);
#1074=EDGE_CURVE('1355',#884,#886,#112,.T.);
#1076=EDGE_CURVE('1354',#883,#884,#116,.T.);
#1078=EDGE_CURVE('1359',#892,#883,#120,.T.);
#1080=EDGE_CURVE('1358',#890,#892,#124,.T.);
#1082=EDGE_CURVE('1357',#889,#890,#128,.T.);
#1084=EDGE_CURVE('2490',#939,#889,#132,.T.);
#1088=ADVANCED_FACE('190',(#1087),#1061,.T.);
#1094=EDGE_CURVE('2571',#959,#960,#136,.T.);
#1097=EDGE_CURVE('2487',#939,#940,#221,.T.);
#1099=EDGE_CURVE('2579',#940,#960,#184,.T.);
#1103=ADVANCED_FACE('2475',(#1102),#1093,.F.);
#1109=EDGE_CURVE('2570',#955,#956,#154,.T.);
#1113=EDGE_CURVE('2585',#960,#956,#146,.T.);
#1117=ADVANCED_FACE('2511',(#1116),#1108,.F.);
#1123=EDGE_CURVE('2565',#951,#952,#150,.T.);
#1127=EDGE_CURVE('2580',#956,#952,#180,.T.);
#1131=ADVANCED_FACE('2477',(#1130),#1122,.F.);
#1137=EDGE_CURVE('2564',#947,#948,#168,.T.);
#1141=EDGE_CURVE('2583',#952,#948,#164,.T.);
#1145=ADVANCED_FACE('2506',(#1144),#1136,.F.);
#1152=EDGE_CURVE('2581',#944,#948,#176,.T.);
#1154=EDGE_CURVE('2488',#943,#944,#245,.T.);
#1159=ADVANCED_FACE('2479',(#1158),#1150,.F.);
#1165=EDGE_CURVE('2801',#987,#988,#172,.T.);
#1167=EDGE_CURVE('2835',#988,#944,#249,.T.);
#1174=EDGE_CURVE('2836',#940,#992,#217,.T.);
#1176=EDGE_CURVE('2802',#991,#992,#188,.T.);
#1178=EDGE_CURVE('2827',#991,#987,#192,.T.);
#1182=ADVANCED_FACE('1455',(#1181),#1164,.F.);
#1188=EDGE_CURVE('2851',#1004,#988,#197,.T.);
#1191=EDGE_CURVE('2823',#1018,#987,#367,.T.);
#1193=EDGE_CURVE('2852',#1018,#1003,#205,.T.);
#1195=EDGE_CURVE('2813',#1003,#1004,#752,.T.);
#1199=ADVANCED_FACE('2755',(#1198),#1187,.T.);
#1205=EDGE_CURVE('2838',#968,#1000,#209,.T.);
#1207=EDGE_CURVE('2856',#1012,#1000,#744,.T.);
#1209=EDGE_CURVE('2833',#1012,#1016,#213,.T.);
#1211=EDGE_CURVE('2857',#992,#1016,#719,.T.);
#1216=EDGE_CURVE('1891',#889,#901,#634,.T.);
#1218=EDGE_CURVE('2631',#967,#901,#566,.T.);
#1220=EDGE_CURVE('2628',#967,#968,#225,.T.);
#1224=EDGE_CURVE('2916',#1051,#1052,#274,.T.);
#1226=EDGE_CURVE('2917',#1052,#1051,#279,.T.);
#1230=EDGE_CURVE('2918',#1055,#1056,#284,.T.);
#1232=EDGE_CURVE('2919',#1056,#1055,#289,.T.);
#1236=ADVANCED_FACE('1889',(#1223,#1229,#1235),#1204,.T.);
#1242=EDGE_CURVE('2834',#1008,#1004,#229,.T.);
#1244=EDGE_CURVE('2854',#996,#1008,#326,.T.);
#1246=EDGE_CURVE('2837',#996,#964,#233,.T.);
#1248=EDGE_CURVE('2626',#963,#964,#237,.T.);
#1250=EDGE_CURVE('2630',#898,#963,#590,.T.);
#1252=EDGE_CURVE('2454',#886,#898,#241,.T.);
#1260=EDGE_CURVE('2912',#1043,#1044,#254,.T.);
#1262=EDGE_CURVE('2913',#1044,#1043,#259,.T.);
#1266=EDGE_CURVE('2914',#1047,#1048,#264,.T.);
#1268=EDGE_CURVE('2915',#1048,#1047,#269,.T.);
#1272=ADVANCED_FACE('1889',(#1259,#1265,#1271),#1241,.T.);
#1278=EDGE_CURVE('2805',#995,#996,#293,.T.);
#1280=EDGE_CURVE('2828',#999,#995,#297,.T.);
#1282=EDGE_CURVE('2806',#999,#1000,#301,.T.);
#1285=EDGE_CURVE('2722',#968,#980,#305,.T.);
#1287=EDGE_CURVE('2726',#984,#980,#626,.T.);
#1289=EDGE_CURVE('2721',#972,#984,#309,.T.);
#1291=EDGE_CURVE('2724',#976,#972,#612,.T.);
#1293=EDGE_CURVE('2720',#964,#976,#313,.T.);
#1298=ADVANCED_FACE('1456',(#1297),#1277,.T.);
#1304=EDGE_CURVE('2853',#1007,#1020,#321,.T.);
#1306=EDGE_CURVE('2824',#995,#1020,#386,.T.);
#1310=EDGE_CURVE('2814',#1007,#1008,#760,.T.);
#1314=ADVANCED_FACE('2759',(#1313),#1303,.T.);
#1321=EDGE_CURVE('2829',#1018,#1020,#330,.T.);
#1324=EDGE_CURVE('2830',#1003,#1007,#756,.T.);
#1328=ADVANCED_FACE('1457',(#1327),#1319,.F.);
#1336=EDGE_CURVE('2826',#991,#1024,#372,.T.);
#1338=EDGE_CURVE('2832',#1024,#1022,#376,.T.);
#1340=EDGE_CURVE('2825',#1022,#999,#381,.T.);
#1347=EDGE_CURVE('1499',#867,#850,#334,.T.);
#1349=EDGE_CURVE('1536',#879,#867,#338,.T.);
#1351=EDGE_CURVE('1642',#854,#879,#342,.T.);
#1353=EDGE_CURVE('1787',#856,#854,#518,.T.);
#1355=EDGE_CURVE('1641',#862,#856,#346,.T.);
#1357=EDGE_CURVE('1789',#864,#862,#500,.T.);
#1359=EDGE_CURVE('1500',#864,#875,#350,.T.);
#1361=EDGE_CURVE('1535',#871,#875,#354,.T.);
#1363=EDGE_CURVE('1640',#860,#871,#358,.T.);
#1365=EDGE_CURVE('1788',#858,#860,#469,.T.);
#1367=EDGE_CURVE('1639',#852,#858,#362,.T.);
#1369=EDGE_CURVE('1786',#850,#852,#451,.T.);
#1373=ADVANCED_FACE('1461',(#1346,#1372),#1333,.F.);
#1379=EDGE_CURVE('421',#835,#836,#394,.T.);
#1381=EDGE_CURVE('426',#836,#852,#455,.T.);
#1384=EDGE_CURVE('429',#839,#858,#482,.T.);
#1386=EDGE_CURVE('422',#839,#840,#398,.T.);
#1388=EDGE_CURVE('430',#840,#860,#473,.T.);
#1391=EDGE_CURVE('841',#871,#872,#642,.T.);
#1393=EDGE_CURVE('1392',#868,#872,#534,.T.);
#1395=EDGE_CURVE('840',#867,#868,#390,.T.);
#1398=EDGE_CURVE('425',#835,#850,#464,.T.);
#1402=ADVANCED_FACE('409',(#1401),#1378,.F.);
#1409=EDGE_CURVE('449',#836,#835,#460,.T.);
#1413=EDGE_CURVE('1866',#935,#936,#441,.T.);
#1415=EDGE_CURVE('1867',#936,#935,#446,.T.);
#1419=ADVANCED_FACE('354',(#1412,#1418),#1407,.F.);
#1426=EDGE_CURVE('453',#840,#839,#478,.T.);
#1430=EDGE_CURVE('1860',#923,#924,#411,.T.);
#1432=EDGE_CURVE('1861',#924,#923,#416,.T.);
#1436=ADVANCED_FACE('354',(#1429,#1435),#1424,.F.);
#1442=EDGE_CURVE('423',#843,#844,#402,.T.);
#1444=EDGE_CURVE('456',#843,#844,#491,.T.);
#1448=EDGE_CURVE('1862',#927,#928,#421,.T.);
#1450=EDGE_CURVE('1863',#928,#927,#426,.T.);
#1454=ADVANCED_FACE('354',(#1447,#1453),#1441,.F.);
#1460=EDGE_CURVE('424',#847,#848,#406,.T.);
#1462=EDGE_CURVE('452',#847,#848,#509,.T.);
#1466=EDGE_CURVE('1864',#931,#932,#431,.T.);
#1468=EDGE_CURVE('1865',#932,#931,#436,.T.);
#1472=ADVANCED_FACE('354',(#1465,#1471),#1459,.F.);
#1484=ADVANCED_FACE('359',(#1483),#1477,.T.);
#1496=ADVANCED_FACE('384',(#1495),#1489,.T.);
#1503=EDGE_CURVE('431',#843,#862,#504,.T.);
#1506=EDGE_CURVE('428',#848,#856,#513,.T.);
#1509=EDGE_CURVE('427',#847,#854,#522,.T.);
#1512=EDGE_CURVE('843',#879,#880,#526,.T.);
#1514=EDGE_CURVE('1393',#880,#876,#542,.T.);
#1516=EDGE_CURVE('842',#875,#876,#486,.T.);
#1519=EDGE_CURVE('432',#844,#864,#495,.T.);
#1523=ADVANCED_FACE('413',(#1522),#1501,.F.);
#1535=ADVANCED_FACE('388',(#1534),#1528,.T.);
#1547=ADVANCED_FACE('363',(#1546),#1540,.T.);
#1554=EDGE_CURVE('1534',#880,#868,#546,.T.);
#1560=ADVANCED_FACE('415',(#1559),#1552,.F.);
#1567=EDGE_CURVE('1367',#883,#895,#550,.T.);
#1569=EDGE_CURVE('1365',#904,#895,#578,.T.);
#1571=EDGE_CURVE('1377',#892,#904,#530,.T.);
#1576=EDGE_CURVE('1533',#872,#876,#538,.T.);
#1582=ADVANCED_FACE('1376',(#1574,#1581),#1565,.T.);
#1589=EDGE_CURVE('1369',#884,#896,#554,.T.);
#1591=EDGE_CURVE('1360',#895,#896,#582,.T.);
#1596=ADVANCED_FACE('1366',(#1595),#1587,.T.);
#1604=EDGE_CURVE('1361',#896,#898,#586,.T.);
#1609=ADVANCED_FACE('1368',(#1608),#1601,.T.);
#1615=EDGE_CURVE('2718',#971,#983,#558,.T.);
#1617=EDGE_CURVE('2725',#979,#983,#621,.T.);
#1619=EDGE_CURVE('2719',#967,#979,#562,.T.);
#1622=EDGE_CURVE('1363',#901,#902,#570,.T.);
#1624=EDGE_CURVE('1364',#902,#904,#574,.T.);
#1630=EDGE_CURVE('2717',#963,#975,#594,.T.);
#1632=EDGE_CURVE('2723',#971,#975,#607,.T.);
#1636=ADVANCED_FACE('197',(#1635),#1614,.F.);
#1642=EDGE_CURVE('2705',#971,#972,#598,.T.);
#1645=EDGE_CURVE('2712',#983,#984,#602,.T.);
#1650=ADVANCED_FACE('2610',(#1649),#1641,.F.);
#1658=EDGE_CURVE('2706',#975,#976,#616,.T.);
#1663=ADVANCED_FACE('2647',(#1662),#1655,.F.);
#1675=ADVANCED_FACE('2608',(#1674),#1668,.F.);
#1681=EDGE_CURVE('2711',#979,#980,#630,.T.);
#1688=ADVANCED_FACE('2652',(#1687),#1680,.F.);
#1700=ADVANCED_FACE('2612',(#1699),#1693,.F.);
#1707=EDGE_CURVE('1375',#890,#902,#638,.T.);
#1713=ADVANCED_FACE('1372',(#1712),#1705,.T.);
#1725=ADVANCED_FACE('1374',(#1724),#1718,.T.);
#1737=ADVANCED_FACE('411',(#1736),#1730,.F.);
#1744=EDGE_CURVE('1869',#924,#908,#650,.T.);
#1746=EDGE_CURVE('1828',#907,#908,#655,.T.);
#1748=EDGE_CURVE('1868',#923,#907,#646,.T.);
#1752=ADVANCED_FACE('1836',(#1751),#1742,.T.);
#1760=EDGE_CURVE('1829',#908,#907,#660,.T.);
#1765=ADVANCED_FACE('1838',(#1764),#1757,.T.);
#1775=ADVANCED_FACE('1827',(#1774),#1770,.F.);
#1781=EDGE_CURVE('1830',#911,#912,#665,.T.);
#1783=EDGE_CURVE('1831',#912,#911,#670,.T.);
#1787=ADVANCED_FACE('1827',(#1786),#1780,.F.);
#1793=EDGE_CURVE('1832',#915,#916,#675,.T.);
#1795=EDGE_CURVE('1833',#916,#915,#680,.T.);
#1799=ADVANCED_FACE('1827',(#1798),#1792,.F.);
#1805=EDGE_CURVE('1834',#919,#920,#685,.T.);
#1807=EDGE_CURVE('1835',#920,#919,#690,.T.);
#1811=ADVANCED_FACE('1827',(#1810),#1804,.F.);
#1818=EDGE_CURVE('1871',#928,#912,#698,.T.);
#1821=EDGE_CURVE('1870',#927,#911,#694,.T.);
#1825=ADVANCED_FACE('1840',(#1824),#1816,.T.);
#1837=ADVANCED_FACE('1842',(#1836),#1830,.T.);
#1844=EDGE_CURVE('1873',#932,#916,#706,.T.);
#1847=EDGE_CURVE('1872',#931,#915,#702,.T.);
#1851=ADVANCED_FACE('1844',(#1850),#1842,.T.);
#1863=ADVANCED_FACE('1846',(#1862),#1856,.T.);
#1870=EDGE_CURVE('1875',#936,#920,#714,.T.);
#1873=EDGE_CURVE('1874',#935,#919,#710,.T.);
#1877=ADVANCED_FACE('1848',(#1876),#1868,.T.);
#1889=ADVANCED_FACE('1850',(#1888),#1882,.T.);
#1896=EDGE_CURVE('2818',#1015,#1016,#733,.T.);
#1898=EDGE_CURVE('2858',#1015,#1024,#725,.T.);
#1904=ADVANCED_FACE('2767',(#1903),#1894,.T.);
#1910=EDGE_CURVE('2817',#1011,#1012,#729,.T.);
#1912=EDGE_CURVE('2831',#1015,#1011,#748,.T.);
#1918=ADVANCED_FACE('1459',(#1917),#1909,.F.);
#1924=EDGE_CURVE('2855',#1022,#1011,#739,.T.);
#1932=ADVANCED_FACE('2763',(#1931),#1923,.T.);
#1944=ADVANCED_FACE('1460',(#1943),#1937,.F.);
#1956=ADVANCED_FACE('1458',(#1955),#1949,.F.);
#1963=EDGE_CURVE('2920',#1043,#1027,#764,.T.);
#1965=EDGE_CURVE('2880',#1027,#1028,#773,.T.);
#1967=EDGE_CURVE('2921',#1044,#1028,#768,.T.);
#1971=ADVANCED_FACE('2888',(#1970),#1961,.F.);
#1979=EDGE_CURVE('2881',#1028,#1027,#778,.T.);
#1984=ADVANCED_FACE('2890',(#1983),#1976,.F.);
#1994=ADVANCED_FACE('2879',(#1993),#1989,.T.);
#2000=EDGE_CURVE('2882',#1031,#1032,#783,.T.);
#2002=EDGE_CURVE('2883',#1032,#1031,#788,.T.);
#2006=ADVANCED_FACE('2879',(#2005),#1999,.T.);
#2012=EDGE_CURVE('2884',#1035,#1036,#793,.T.);
#2014=EDGE_CURVE('2885',#1036,#1035,#798,.T.);
#2018=ADVANCED_FACE('2879',(#2017),#2011,.T.);
#2024=EDGE_CURVE('2886',#1039,#1040,#803,.T.);
#2026=EDGE_CURVE('2887',#1040,#1039,#808,.T.);
#2030=ADVANCED_FACE('2879',(#2029),#2023,.T.);
#2037=EDGE_CURVE('2922',#1047,#1031,#812,.T.);
#2040=EDGE_CURVE('2923',#1048,#1032,#816,.T.);
#2044=ADVANCED_FACE('2892',(#2043),#2035,.F.);
#2056=ADVANCED_FACE('2894',(#2055),#2049,.F.);
#2063=EDGE_CURVE('2924',#1051,#1035,#820,.T.);
#2066=EDGE_CURVE('2925',#1052,#1036,#824,.T.);
#2070=ADVANCED_FACE('2896',(#2069),#2061,.F.);
#2082=ADVANCED_FACE('2898',(#2081),#2075,.F.);
#2089=EDGE_CURVE('2926',#1055,#1039,#828,.T.);
#2092=EDGE_CURVE('2927',#1056,#1040,#832,.T.);
#2096=ADVANCED_FACE('2900',(#2095),#2087,.F.);
#2108=ADVANCED_FACE('2902',(#2107),#2101,.F.);
#2109=CLOSED_SHELL('',(#1088,#1103,#1117,#1131,#1145,#1159,#1182,#1199,#1236,
#1272,#1298,#1314,#1328,#1373,#1402,#1419,#1436,#1454,#1472,#1484,#1496,#1523,
#1535,#1547,#1560,#1582,#1596,#1609,#1636,#1650,#1663,#1675,#1688,#1700,#1713,
#1725,#1737,#1752,#1765,#1775,#1787,#1799,#1811,#1825,#1837,#1851,#1863,#1877,
#1889,#1904,#1918,#1932,#1944,#1956,#1971,#1984,#1994,#2006,#2018,#2030,#2044,
#2056,#2070,#2082,#2096,#2108));
#2110=MANIFOLD_SOLID_BREP('',#2109);
#2111=(LENGTH_UNIT()NAMED_UNIT(*)SI_UNIT(.MILLI.,.METRE.));
#2112=(NAMED_UNIT(*)PLANE_ANGLE_UNIT()SI_UNIT($,.RADIAN.));
#2115=(NAMED_UNIT(*)SI_UNIT($,.STERADIAN.)SOLID_ANGLE_UNIT());
#2117=(GEOMETRIC_REPRESENTATION_CONTEXT(3)GLOBAL_UNCERTAINTY_ASSIGNED_CONTEXT((
#2116))GLOBAL_UNIT_ASSIGNED_CONTEXT((#2111,#2114,#2115))REPRESENTATION_CONTEXT(
'ID1','3'));
#2118=ADVANCED_BREP_SHAPE_REPRESENTATION('',(#2110),#2117);
#2125=PRODUCT_DEFINITION('part definition','',#2124,#2121);
#2126=PRODUCT_DEFINITION_SHAPE('','SHAPE FOR 00000000000_-_GEH_DECKEL.',#2125);
#2127=SHAPE_ASPECT('','solid data associated with 00000000000_-_GEH_DECKEL',
#2126,.F.);
#2128=PROPERTY_DEFINITION('',
'shape for solid data with which properties are associated',#2127);
#2129=SHAPE_REPRESENTATION('',(#2110),#2117);
#2130=SHAPE_DEFINITION_REPRESENTATION(#2128,#2129);
#2131=(LENGTH_UNIT()NAMED_UNIT(*)SI_UNIT(.MILLI.,.METRE.));
#2135=PROPERTY_DEFINITION('geometric validation property',
'area of 00000000000_-_GEH_DECKEL',#2127);
#2136=REPRESENTATION('surface area',(#2134),#2117);
#2137=PROPERTY_DEFINITION_REPRESENTATION(#2135,#2136);
#2138=(LENGTH_UNIT()NAMED_UNIT(*)SI_UNIT(.MILLI.,.METRE.));
#2142=PROPERTY_DEFINITION('geometric validation property',
'volume of 00000000000_-_GEH_DECKEL',#2127);
#2143=REPRESENTATION('volume',(#2141),#2117);
#2144=PROPERTY_DEFINITION_REPRESENTATION(#2142,#2143);
#2146=PROPERTY_DEFINITION('geometric validation property',
'centroid of 00000000000_-_GEH_DECKEL',#2127);
#2147=REPRESENTATION('centroid',(#2145),#2117);
#2148=PROPERTY_DEFINITION_REPRESENTATION(#2146,#2147);
#2149=(LENGTH_UNIT()NAMED_UNIT(*)SI_UNIT(.MILLI.,.METRE.));
#2153=PROPERTY_DEFINITION('geometric validation property',
'area of 00000000000_-_GEH_DECKEL',#2126);
#2154=REPRESENTATION('surface area',(#2152),#2117);
#2155=PROPERTY_DEFINITION_REPRESENTATION(#2153,#2154);
#2156=(LENGTH_UNIT()NAMED_UNIT(*)SI_UNIT(.MILLI.,.METRE.));
#2160=PROPERTY_DEFINITION('geometric validation property',
'volume of 00000000000_-_GEH_DECKEL',#2126);
#2161=REPRESENTATION('volume',(#2159),#2117);
#2162=PROPERTY_DEFINITION_REPRESENTATION(#2160,#2161);
#2164=PROPERTY_DEFINITION('geometric validation property',
'centroid of 00000000000_-_GEH_DECKEL',#2126);
#2165=REPRESENTATION('centroid',(#2163),#2117);
#2166=PROPERTY_DEFINITION_REPRESENTATION(#2164,#2165);
#2167=SHAPE_DEFINITION_REPRESENTATION(#2126,#2118);
#2169=PROPERTY_DEFINITION('CHANGE_NUMBER','user defined attribute',#2125);
#2173=REPRESENTATION('',(#2172),#2117);
#2174=PROPERTY_DEFINITION_REPRESENTATION(#2169,#2173);
#2175=PROPERTY_DEFINITION('CLASS_CODE','user defined attribute',#2125);
#2179=REPRESENTATION('',(#2178),#2117);
#2180=PROPERTY_DEFINITION_REPRESENTATION(#2175,#2179);
#2181=PROPERTY_DEFINITION('DESCR1_R1','user defined attribute',#2125);
#2185=REPRESENTATION('',(#2184),#2117);
#2186=PROPERTY_DEFINITION_REPRESENTATION(#2181,#2185);
#2187=PROPERTY_DEFINITION('DESCR1_R2','user defined attribute',#2125);
#2191=REPRESENTATION('',(#2190),#2117);
#2192=PROPERTY_DEFINITION_REPRESENTATION(#2187,#2191);
#2193=PROPERTY_DEFINITION('DESCR2_R1','user defined attribute',#2125);
#2197=REPRESENTATION('',(#2196),#2117);
#2198=PROPERTY_DEFINITION_REPRESENTATION(#2193,#2197);
#2199=PROPERTY_DEFINITION('DESCR2_R2','user defined attribute',#2125);
#2203=REPRESENTATION('',(#2202),#2117);
#2204=PROPERTY_DEFINITION_REPRESENTATION(#2199,#2203);
#2205=PROPERTY_DEFINITION('DESCR3_R1','user defined attribute',#2125);
#2209=REPRESENTATION('',(#2208),#2117);
#2210=PROPERTY_DEFINITION_REPRESENTATION(#2205,#2209);
#2211=PROPERTY_DEFINITION('DESCR3_R2','user defined attribute',#2125);
#2215=REPRESENTATION('',(#2214),#2117);
#2216=PROPERTY_DEFINITION_REPRESENTATION(#2211,#2215);
#2217=PROPERTY_DEFINITION('LANG_DESCR3','user defined attribute',#2125);
#2221=REPRESENTATION('',(#2220),#2117);
#2222=PROPERTY_DEFINITION_REPRESENTATION(#2217,#2221);
#2223=PROPERTY_DEFINITION('MANUFACTURING_ID','user defined attribute',#2125);
#2227=REPRESENTATION('',(#2226),#2117);
#2228=PROPERTY_DEFINITION_REPRESENTATION(#2223,#2227);
#2229=PROPERTY_DEFINITION('MATERIAL','user defined attribute',#2125);
#2233=REPRESENTATION('',(#2232),#2117);
#2234=PROPERTY_DEFINITION_REPRESENTATION(#2229,#2233);
#2235=PROPERTY_DEFINITION('PROJECT','user defined attribute',#2125);
#2239=REPRESENTATION('',(#2238),#2117);
#2240=PROPERTY_DEFINITION_REPRESENTATION(#2235,#2239);
#2241=PROPERTY_DEFINITION('WEIGHT','user defined attribute',#2125);
#2245=REPRESENTATION('',(#2244),#2117);
#2246=PROPERTY_DEFINITION_REPRESENTATION(#2241,#2245);
#2248=REPRESENTATION('',(#2247),#2117);
#2249=PROPERTY_DEFINITION('attribute type designation','Real Number',#2242);
#2250=PROPERTY_DEFINITION_REPRESENTATION(#2249,#2248);
#2251=PROPERTY_DEFINITION('WEIGHT_FACTOR','user defined attribute',#2125);
#2255=REPRESENTATION('',(#2254),#2117);
#2256=PROPERTY_DEFINITION_REPRESENTATION(#2251,#2255);
#2258=REPRESENTATION('',(#2257),#2117);
#2259=PROPERTY_DEFINITION('attribute type designation','Real Number',#2252);
#2260=PROPERTY_DEFINITION_REPRESENTATION(#2259,#2258);
#2261=PROPERTY_DEFINITION('WEIGHT_ADD','user defined attribute',#2125);
#2265=REPRESENTATION('',(#2264),#2117);
#2266=PROPERTY_DEFINITION_REPRESENTATION(#2261,#2265);
#2268=REPRESENTATION('',(#2267),#2117);
#2269=PROPERTY_DEFINITION('attribute type designation','Real Number',#2262);
#2270=PROPERTY_DEFINITION_REPRESENTATION(#2269,#2268);
#2271=PROPERTY_DEFINITION('_MASS_TEMP','user defined attribute',#2125);
#2275=REPRESENTATION('',(#2274),#2117);
#2276=PROPERTY_DEFINITION_REPRESENTATION(#2271,#2275);
#2278=REPRESENTATION('',(#2277),#2117);
#2279=PROPERTY_DEFINITION('attribute type designation','Real Number',#2272);
#2280=PROPERTY_DEFINITION_REPRESENTATION(#2279,#2278);
#2281=PROPERTY_DEFINITION('_DIFF_TEMP','user defined attribute',#2125);
#2284=(MASS_UNIT()NAMED_UNIT(*)SI_UNIT(.KILO.,.GRAM.));
#2286=REPRESENTATION('',(#2285),#2117);
#2287=PROPERTY_DEFINITION_REPRESENTATION(#2281,#2286);
#2288=PROPERTY_DEFINITION('DCC','user defined attribute',#2125);
#2292=REPRESENTATION('',(#2291),#2117);
#2293=PROPERTY_DEFINITION_REPRESENTATION(#2288,#2292);
#2294=PROPERTY_DEFINITION('RAW_PART','user defined attribute',#2125);
#2298=REPRESENTATION('',(#2297),#2117);
#2299=PROPERTY_DEFINITION_REPRESENTATION(#2294,#2298);
#2300=PROPERTY_DEFINITION('SIEMENS_NUMBER','user defined attribute',#2125);
#2304=REPRESENTATION('',(#2303),#2117);
#2305=PROPERTY_DEFINITION_REPRESENTATION(#2300,#2304);
#2306=PROPERTY_DEFINITION('ASSIGNED_DOCUMENT_NUMBER','user defined attribute',
#2125);
#2310=REPRESENTATION('',(#2309),#2117);
#2311=PROPERTY_DEFINITION_REPRESENTATION(#2306,#2310);
#2312=PROPERTY_DEFINITION('ASSIGNED_MATERIAL_NUMBER','user defined attribute',
#2125);
#2316=REPRESENTATION('',(#2315),#2117);
#2317=PROPERTY_DEFINITION_REPRESENTATION(#2312,#2316);
#2318=PROPERTY_DEFINITION('MANUFACTURER','user defined attribute',#2125);
#2322=REPRESENTATION('',(#2321),#2117);
#2323=PROPERTY_DEFINITION_REPRESENTATION(#2318,#2322);
#2324=PROPERTY_DEFINITION('MC_ERRORS','user defined attribute',#2125);
#2328=REPRESENTATION('',(#2327),#2117);
#2329=PROPERTY_DEFINITION_REPRESENTATION(#2324,#2328);
#2331=REPRESENTATION('',(#2330),#2117);
#2332=PROPERTY_DEFINITION('attribute type designation','Integer',#2325);
#2333=PROPERTY_DEFINITION_REPRESENTATION(#2332,#2331);
#2334=PROPERTY_DEFINITION('MODEL_CHECK','user defined attribute',#2125);
#2338=REPRESENTATION('',(#2337),#2117);
#2339=PROPERTY_DEFINITION_REPRESENTATION(#2334,#2338);
#2340=PROPERTY_DEFINITION('STEP_VERSION','user defined attribute',#2125);
#2344=REPRESENTATION('',(#2343),#2117);
#2345=PROPERTY_DEFINITION_REPRESENTATION(#2340,#2344);
#2346=PROPERTY_DEFINITION('SUPPLIER_FILENAME','user defined attribute',#2125);
#2350=REPRESENTATION('',(#2349),#2117);
#2351=PROPERTY_DEFINITION_REPRESENTATION(#2346,#2350);
#2352=PROPERTY_DEFINITION('PTC_WM_REVISION','user defined attribute',#2125);
#2356=REPRESENTATION('',(#2355),#2117);
#2357=PROPERTY_DEFINITION_REPRESENTATION(#2352,#2356);
#2358=PROPERTY_DEFINITION('PTC_WM_ITERATION','user defined attribute',#2125);
#2362=REPRESENTATION('',(#2361),#2117);
#2363=PROPERTY_DEFINITION_REPRESENTATION(#2358,#2362);
#2364=PROPERTY_DEFINITION('PTC_WM_VERSION','user defined attribute',#2125);
#2368=REPRESENTATION('',(#2367),#2117);
#2369=PROPERTY_DEFINITION_REPRESENTATION(#2364,#2368);
#2370=PROPERTY_DEFINITION('PTC_WM_LIFECYCLE_STATE','user defined attribute',
#2125);
#2374=REPRESENTATION('',(#2373),#2117);
#2375=PROPERTY_DEFINITION_REPRESENTATION(#2370,#2374);
#2376=PROPERTY_DEFINITION('PTC_WM_LIFECYCLE','user defined attribute',#2125);
#2380=REPRESENTATION('',(#2379),#2117);
#2381=PROPERTY_DEFINITION_REPRESENTATION(#2376,#2380);
#2382=PROPERTY_DEFINITION('PTC_WM_LOCATION','user defined attribute',#2125);
#2386=REPRESENTATION('',(#2385),#2117);
#2387=PROPERTY_DEFINITION_REPRESENTATION(#2382,#2386);
#2388=PROPERTY_DEFINITION('PTC_WM_CREATED_BY','user defined attribute',#2125);
#2392=REPRESENTATION('',(#2391),#2117);
#2393=PROPERTY_DEFINITION_REPRESENTATION(#2388,#2392);
#2394=PROPERTY_DEFINITION('PTC_WM_CREATED_ON','user defined attribute',#2125);
#2398=REPRESENTATION('',(#2397),#2117);
#2399=PROPERTY_DEFINITION_REPRESENTATION(#2394,#2398);
#2400=PROPERTY_DEFINITION('PTC_WM_MODIFIED_BY','user defined attribute',#2125);
#2404=REPRESENTATION('',(#2403),#2117);
#2405=PROPERTY_DEFINITION_REPRESENTATION(#2400,#2404);
#2406=PROPERTY_DEFINITION('PTC_WM_MODIFIED_ON','user defined attribute',#2125);
#2410=REPRESENTATION('',(#2409),#2117);
#2411=PROPERTY_DEFINITION_REPRESENTATION(#2406,#2410);
#2412=PROPERTY_DEFINITION('PTC_WM_TEAM','user defined attribute',#2125);
#2416=REPRESENTATION('',(#2415),#2117);
#2417=PROPERTY_DEFINITION_REPRESENTATION(#2412,#2416);
#2418=PROPERTY_DEFINITION('SUPPLIER','user defined attribute',#2125);
#2422=REPRESENTATION('',(#2421),#2117);
#2423=PROPERTY_DEFINITION_REPRESENTATION(#2418,#2422);
#2425=REPRESENTATION('',(#2424),#2117);
#2426=PROPERTY_DEFINITION('attribute type designation','Integer',#2419);
#2427=PROPERTY_DEFINITION_REPRESENTATION(#2426,#2425);
#2428=PROPERTY_DEFINITION('PTC_ORGANIZATION_ID','user defined attribute',#2125);
#2432=REPRESENTATION('',(#2431),#2117);
#2433=PROPERTY_DEFINITION_REPRESENTATION(#2428,#2432);
#2434=PROPERTY_DEFINITION('PTC_MODIFIED','user defined attribute',#2125);
#2438=REPRESENTATION('',(#2437),#2117);
#2439=PROPERTY_DEFINITION_REPRESENTATION(#2434,#2438);
#2441=REPRESENTATION('',(#2440),#2117);
#2442=PROPERTY_DEFINITION('attribute type designation','Yes No',#2435);
#2443=PROPERTY_DEFINITION_REPRESENTATION(#2442,#2441);
#2444=PROPERTY_DEFINITION('PLM','user defined attribute',#2125);
#2448=REPRESENTATION('',(#2447),#2117);
#2449=PROPERTY_DEFINITION_REPRESENTATION(#2444,#2448);
#2450=PROPERTY_DEFINITION('DOCUMENT_NUMBER','user defined attribute',#2125);
#2454=REPRESENTATION('',(#2453),#2117);
#2455=PROPERTY_DEFINITION_REPRESENTATION(#2450,#2454);
#2456=PROPERTY_DEFINITION('MATERIAL_TYPE','user defined attribute',#2125);
#2460=REPRESENTATION('',(#2459),#2117);
#2461=PROPERTY_DEFINITION_REPRESENTATION(#2456,#2460);
#2462=PROPERTY_DEFINITION('MATERIAL_NUMBER','user defined attribute',#2125);
#2466=REPRESENTATION('',(#2465),#2117);
#2467=PROPERTY_DEFINITION_REPRESENTATION(#2462,#2466);
#2468=PROPERTY_DEFINITION('PDMLINKNUMBER','user defined attribute',#2125);
#2472=REPRESENTATION('',(#2471),#2117);
#2473=PROPERTY_DEFINITION_REPRESENTATION(#2468,#2472);
#2474=PROPERTY_DEFINITION('VISIBLE','user defined attribute',#2125);
#2478=REPRESENTATION('',(#2477),#2117);
#2479=PROPERTY_DEFINITION_REPRESENTATION(#2474,#2478);
#2480=PROPERTY_DEFINITION('PTC_WM_NAME','user defined attribute',#2125);
#2484=REPRESENTATION('',(#2483),#2117);
#2485=PROPERTY_DEFINITION_REPRESENTATION(#2480,#2484);
#2486=PROPERTY_DEFINITION('PTC_WM_NUMBER','user defined attribute',#2125);
#2490=REPRESENTATION('',(#2489),#2117);
#2491=PROPERTY_DEFINITION_REPRESENTATION(#2486,#2490);
#2492=PROPERTY_DEFINITION('TC_CREO_MAT_ID','user defined attribute',#2125);
#2496=REPRESENTATION('',(#2495),#2117);
#2497=PROPERTY_DEFINITION_REPRESENTATION(#2492,#2496);
#2498=PROPERTY_DEFINITION('PTC_MASTER_MATERIAL','user defined attribute',#2125);
#2502=REPRESENTATION('',(#2501),#2117);
#2503=PROPERTY_DEFINITION_REPRESENTATION(#2498,#2502);
ENDSEC;
END-ISO-10303-21;
