ISO-10303-21;
HEADER;
FILE_DESCRIPTION((''),'2;1');
FILE_NAME('FUSSSDF','2026-09-04T10:49:10',('mkmrppm1'),
('Siemens Mobility GmbH'),'CREO PARAMETRIC BY PTC INC, 2025323',
'CREO PARAMETRIC BY PTC INC, 2025323','');
FILE_SCHEMA(('AUTOMOTIVE_DESIGN { 1 0 10303 214 1 1 1 1 }'));
ENDSEC;
DATA;
#93=DIRECTION('',(0.E0,1.E0,0.E0));
#94=VECTOR('',#93,3.E0);
#95=CARTESIAN_POINT('',(9.643863682918E1,0.E0,1.5E2));
#96=LINE('1891',#95,#94);
#97=DIRECTION('',(0.E0,1.E0,0.E0));
#98=VECTOR('',#97,3.E0);
#99=CARTESIAN_POINT('',(2.356136317082E1,0.E0,1.5E2));
#100=LINE('1894',#99,#98);
#101=DIRECTION('',(0.E0,0.E0,-1.E0));
#102=VECTOR('',#101,1.4E2);
#103=CARTESIAN_POINT('',(9.643863682918E1,3.E0,1.5E2));
#104=LINE('1915',#103,#102);
#105=DIRECTION('',(0.E0,1.E0,0.E0));
#106=VECTOR('',#105,3.E0);
#107=CARTESIAN_POINT('',(9.643863682918E1,0.E0,1.E1));
#108=LINE('1879',#107,#106);
#109=DIRECTION('',(0.E0,1.E0,0.E0));
#110=VECTOR('',#109,3.E0);
#111=CARTESIAN_POINT('',(2.356136317082E1,0.E0,1.E1));
#112=LINE('1882',#111,#110);
#113=CARTESIAN_POINT('',(4.E0,0.E0,1.66E2));
#114=DIRECTION('',(0.E0,-1.E0,0.E0));
#115=DIRECTION('',(2.020605904818E-14,0.E0,1.E0));
#116=AXIS2_PLACEMENT_3D('',#113,#114,#115);
#118=DIRECTION('',(-1.E0,0.E0,0.E0));
#119=VECTOR('',#118,1.12E2);
#120=CARTESIAN_POINT('',(1.16E2,0.E0,1.7E2));
#121=LINE('1368',#120,#119);
#122=CARTESIAN_POINT('',(1.16E2,0.E0,1.66E2));
#123=DIRECTION('',(0.E0,-1.E0,0.E0));
#124=DIRECTION('',(1.E0,0.E0,0.E0));
#125=AXIS2_PLACEMENT_3D('',#122,#123,#124);
#127=CARTESIAN_POINT('',(1.16E2,0.E0,-6.E0));
#128=DIRECTION('',(0.E0,-1.E0,0.E0));
#129=DIRECTION('',(0.E0,0.E0,-1.E0));
#130=AXIS2_PLACEMENT_3D('',#127,#128,#129);
#132=DIRECTION('',(-1.E0,0.E0,0.E0));
#133=VECTOR('',#132,1.12E2);
#134=CARTESIAN_POINT('',(1.16E2,0.E0,-1.E1));
#135=LINE('230',#134,#133);
#136=CARTESIAN_POINT('',(4.E0,0.E0,-6.E0));
#137=DIRECTION('',(0.E0,-1.E0,0.E0));
#138=DIRECTION('',(-1.E0,0.E0,0.E0));
#139=AXIS2_PLACEMENT_3D('',#136,#137,#138);
#141=DIRECTION('',(0.E0,0.E0,-1.E0));
#142=VECTOR('',#141,1.4E2);
#143=CARTESIAN_POINT('',(9.643863682918E1,0.E0,1.5E2));
#144=LINE('1916',#143,#142);
#145=DIRECTION('',(1.E0,0.E0,0.E0));
#146=VECTOR('',#145,7.287727365836E1);
#147=CARTESIAN_POINT('',(2.356136317082E1,0.E0,1.5E2));
#148=LINE('1909',#147,#146);
#149=DIRECTION('',(1.E0,0.E0,0.E0));
#150=VECTOR('',#149,7.287727365836E1);
#151=CARTESIAN_POINT('',(2.356136317082E1,0.E0,1.E1));
#152=LINE('1903',#151,#150);
#153=DIRECTION('',(0.E0,0.E0,1.E0));
#154=VECTOR('',#153,1.484501655647E2);
#155=CARTESIAN_POINT('',(0.E0,3.E0,5.774917217635E0));
#156=LINE('1928',#155,#154);
#157=DIRECTION('',(-7.343753973726E-11,1.E0,0.E0));
#158=VECTOR('',#157,2.35E1);
#159=CARTESIAN_POINT('',(1.725782183826E-9,4.5E0,1.58E2));
#160=LINE('1783',#159,#158);
#161=DIRECTION('',(-6.772074469361E-11,1.E0,0.E0));
#162=VECTOR('',#161,2.35E1);
#163=CARTESIAN_POINT('',(1.591437500300E-9,4.5E0,1.62E2));
#164=LINE('1787',#163,#162);
#165=DIRECTION('',(0.E0,0.E0,-1.E0));
#166=VECTOR('',#165,2.250827823646E-1);
#167=CARTESIAN_POINT('',(0.E0,3.E0,1.66E2));
#168=LINE('1788',#167,#166);
#169=DIRECTION('',(0.E0,1.E0,0.E0));
#170=VECTOR('',#169,3.E0);
#171=CARTESIAN_POINT('',(0.E0,0.E0,1.66E2));
#172=LINE('1340',#171,#170);
#173=DIRECTION('',(0.E0,0.E0,-1.E0));
#174=VECTOR('',#173,1.72E2);
#175=CARTESIAN_POINT('',(0.E0,0.E0,1.66E2));
#176=LINE('1929',#175,#174);
#177=DIRECTION('',(0.E0,-1.E0,0.E0));
#178=VECTOR('',#177,3.E0);
#179=CARTESIAN_POINT('',(0.E0,3.E0,-6.E0));
#180=LINE('222',#179,#178);
#181=DIRECTION('',(0.E0,0.E0,1.E0));
#182=VECTOR('',#181,2.250827823646E-1);
#183=CARTESIAN_POINT('',(0.E0,3.E0,-6.E0));
#184=LINE('930',#183,#182);
#185=DIRECTION('',(6.772065650568E-11,-1.E0,0.E0));
#186=VECTOR('',#185,2.35E1);
#187=CARTESIAN_POINT('',(0.E0,2.8E1,-2.E0));
#188=LINE('929',#187,#186);
#189=DIRECTION('',(7.343784209588E-11,-1.E0,0.E0));
#190=VECTOR('',#189,2.35E1);
#191=CARTESIAN_POINT('',(0.E0,2.8E1,2.E0));
#192=LINE('925',#191,#190);
#193=DIRECTION('',(0.E0,0.E0,-1.E0));
#194=VECTOR('',#193,1.4E2);
#195=CARTESIAN_POINT('',(2.356136317082E1,3.E0,1.5E2));
#196=LINE('1921',#195,#194);
#197=DIRECTION('',(1.E0,0.E0,0.E0));
#198=VECTOR('',#197,7.287727365836E1);
#199=CARTESIAN_POINT('',(2.356136317082E1,3.E0,1.5E2));
#200=LINE('1911',#199,#198);
#201=DIRECTION('',(1.E0,0.E0,0.E0));
#202=VECTOR('',#201,7.287727365836E1);
#203=CARTESIAN_POINT('',(2.356136317082E1,3.E0,1.E1));
#204=LINE('1905',#203,#202);
#205=CARTESIAN_POINT('',(1.16E2,3.E0,1.66E2));
#206=DIRECTION('',(0.E0,1.E0,0.E0));
#207=DIRECTION('',(2.131628207280E-14,0.E0,1.E0));
#208=AXIS2_PLACEMENT_3D('',#205,#206,#207);
#210=DIRECTION('',(-1.E0,0.E0,0.E0));
#211=VECTOR('',#210,1.12E2);
#212=CARTESIAN_POINT('',(1.16E2,3.E0,1.7E2));
#213=LINE('1371',#212,#211);
#214=CARTESIAN_POINT('',(4.E0,3.E0,1.66E2));
#215=DIRECTION('',(0.E0,1.E0,0.E0));
#216=DIRECTION('',(-1.E0,0.E0,0.E0));
#217=AXIS2_PLACEMENT_3D('',#214,#215,#216);
#219=CARTESIAN_POINT('',(4.E0,3.E0,1.62E2));
#220=DIRECTION('',(0.E0,-1.E0,0.E0));
#221=DIRECTION('',(3.665754571763E-14,0.E0,1.E0));
#222=AXIS2_PLACEMENT_3D('',#219,#220,#221);
#224=DIRECTION('',(-1.E0,0.E0,3.422308188521E-12));
#225=VECTOR('',#224,1.699999999976E1);
#226=CARTESIAN_POINT('',(2.099999999978E1,3.E0,1.674999999999E2));
#227=LINE('1743',#226,#225);
#228=CARTESIAN_POINT('',(2.1E1,3.E0,1.62E2));
#229=DIRECTION('',(0.E0,-1.E0,0.E0));
#230=DIRECTION('',(9.315409787236E-1,0.E0,3.636363636364E-1));
#231=AXIS2_PLACEMENT_3D('',#228,#229,#230);
#233=DIRECTION('',(1.E0,8.666367221874E-9,0.E0));
#234=VECTOR('',#233,8.749863707591E1);
#235=CARTESIAN_POINT('',(2.612347538298E1,3.E0,1.64E2));
#236=LINE('1738',#235,#234);
#237=CARTESIAN_POINT('',(1.136221124589E2,3.000000758295E0,1.64E2));
#238=CARTESIAN_POINT('',(1.136414016990E2,3.000001191050E0,1.639805618856E2));
#239=CARTESIAN_POINT('',(1.136763561488E2,2.999999447012E0,1.639370565222E2));
#240=CARTESIAN_POINT('',(1.137164360455E2,3.000000148881E0,1.638548066472E2));
#241=CARTESIAN_POINT('',(1.137419328254E2,2.999999957462E0,1.637581952049E2));
#242=CARTESIAN_POINT('',(1.137480018651E2,3.E0,1.636847899158E2));
#243=CARTESIAN_POINT('',(1.137480232029E2,3.E0,1.636457952212E2));
#245=CARTESIAN_POINT('',(1.137480152241E2,3.E0,1.563541730144E2));
#246=CARTESIAN_POINT('',(1.137480035957E2,3.E0,1.563154388853E2));
#247=CARTESIAN_POINT('',(1.137420239488E2,2.999999999606E0,1.562423444125E2));
#248=CARTESIAN_POINT('',(1.137163695922E2,3.000000001380E0,1.561447505219E2));
#249=CARTESIAN_POINT('',(1.136758811171E2,2.999999994873E0,1.560624642854E2));
#250=CARTESIAN_POINT('',(1.136413877475E2,3.000000011043E0,1.560190332984E2));
#251=CARTESIAN_POINT('',(1.136221384664E2,2.999999997787E0,1.56E2));
#253=DIRECTION('',(-1.E0,2.529300270832E-11,0.E0));
#254=VECTOR('',#253,8.749866308343E1);
#255=CARTESIAN_POINT('',(1.136221384664E2,2.999999997787E0,1.56E2));
#256=LINE('1758',#255,#254);
#257=CARTESIAN_POINT('',(2.1E1,3.E0,1.58E2));
#258=DIRECTION('',(0.E0,-1.E0,0.E0));
#259=DIRECTION('',(-5.038393948854E-14,0.E0,-1.E0));
#260=AXIS2_PLACEMENT_3D('',#257,#258,#259);
#262=DIRECTION('',(1.E0,0.E0,1.698615104799E-12));
#263=VECTOR('',#262,1.699999999983E1);
#264=CARTESIAN_POINT('',(4.000000000022E0,3.E0,1.525E2));
#265=LINE('1763',#264,#263);
#266=CARTESIAN_POINT('',(4.E0,3.E0,1.58E2));
#267=DIRECTION('',(0.E0,-1.E0,0.E0));
#268=DIRECTION('',(-7.272727272727E-1,0.E0,-6.863485850246E-1));
#269=AXIS2_PLACEMENT_3D('',#266,#267,#268);
#271=CARTESIAN_POINT('',(4.E0,3.E0,2.E0));
#272=DIRECTION('',(0.E0,-1.E0,0.E0));
#273=DIRECTION('',(0.E0,0.E0,1.E0));
#274=AXIS2_PLACEMENT_3D('',#271,#272,#273);
#276=DIRECTION('',(-1.E0,0.E0,2.991071442927E-13));
#277=VECTOR('',#276,1.699999999936E1);
#278=CARTESIAN_POINT('',(2.099999999966E1,3.E0,7.499999999912E0));
#279=LINE('907',#278,#277);
#280=CARTESIAN_POINT('',(2.1E1,3.E0,2.E0));
#281=DIRECTION('',(0.E0,-1.E0,0.E0));
#282=DIRECTION('',(9.315409787236E-1,0.E0,3.636363636364E-1));
#283=AXIS2_PLACEMENT_3D('',#280,#281,#282);
#285=DIRECTION('',(1.E0,7.839440537902E-9,0.E0));
#286=VECTOR('',#285,8.749863863454E1);
#287=CARTESIAN_POINT('',(2.612347538298E1,3.E0,4.E0));
#288=LINE('902',#287,#286);
#289=CARTESIAN_POINT('',(1.136221140175E2,3.000000685940E0,4.E0));
#290=CARTESIAN_POINT('',(1.136420908609E2,2.999998990675E0,3.980041829211E0));
#291=CARTESIAN_POINT('',(1.136775580740E2,3.000000468615E0,3.935225338586E0));
#292=CARTESIAN_POINT('',(1.137174218819E2,2.999999873834E0,3.852216868195E0));
#293=CARTESIAN_POINT('',(1.137423455127E2,3.000000036047E0,3.755435301522E0));
#294=CARTESIAN_POINT('',(1.137479919985E2,3.E0,3.683650192860E0));
#295=CARTESIAN_POINT('',(1.137480248619E2,3.E0,3.645789087081E0));
#297=CARTESIAN_POINT('',(1.137480250751E2,3.E0,-3.645790861396E0));
#298=CARTESIAN_POINT('',(1.137480326398E2,3.E0,-3.667686517867E0));
#299=CARTESIAN_POINT('',(1.137460980153E2,3.000000002391E0,-3.710984827657E0));
#300=CARTESIAN_POINT('',(1.137370270865E2,2.999999991632E0,-3.774116682959E0));
#301=CARTESIAN_POINT('',(1.137210925354E2,3.000000031080E0,-3.836209553554E0));
#302=CARTESIAN_POINT('',(1.136972255208E2,2.999999884046E0,-3.895936446662E0));
#303=CARTESIAN_POINT('',(1.136651155416E2,3.000000432735E0,-3.951413673840E0));
#304=CARTESIAN_POINT('',(1.136376368138E2,2.999999067587E0,-3.984587837288E0));
#305=CARTESIAN_POINT('',(1.136221227892E2,3.000000396333E0,-4.E0));
#307=DIRECTION('',(-1.E0,-4.529587732621E-9,0.E0));
#308=VECTOR('',#307,8.749864740626E1);
#309=CARTESIAN_POINT('',(1.136221227892E2,3.000000396333E0,-4.E0));
#310=LINE('882',#309,#308);
#311=CARTESIAN_POINT('',(2.1E1,3.E0,-2.E0));
#312=DIRECTION('',(0.E0,-1.E0,0.E0));
#313=DIRECTION('',(0.E0,0.E0,-1.E0));
#314=AXIS2_PLACEMENT_3D('',#311,#312,#313);
#316=DIRECTION('',(1.E0,0.E0,1.270408614963E-12));
#317=VECTOR('',#316,1.699999999925E1);
#318=CARTESIAN_POINT('',(4.000000000357E0,3.E0,-7.499999999913E0));
#319=LINE('887',#318,#317);
#320=CARTESIAN_POINT('',(4.E0,3.E0,-2.E0));
#321=DIRECTION('',(0.E0,-1.E0,0.E0));
#322=DIRECTION('',(-7.272727272727E-1,0.E0,-6.863485850246E-1));
#323=AXIS2_PLACEMENT_3D('',#320,#321,#322);
#325=CARTESIAN_POINT('',(4.E0,3.E0,-6.E0));
#326=DIRECTION('',(0.E0,1.E0,0.E0));
#327=DIRECTION('',(0.E0,0.E0,-1.E0));
#328=AXIS2_PLACEMENT_3D('',#325,#326,#327);
#330=DIRECTION('',(-1.E0,0.E0,0.E0));
#331=VECTOR('',#330,1.12E2);
#332=CARTESIAN_POINT('',(1.16E2,3.E0,-1.E1));
#333=LINE('234',#332,#331);
#334=CARTESIAN_POINT('',(1.16E2,3.E0,-6.E0));
#335=DIRECTION('',(0.E0,1.E0,0.E0));
#336=DIRECTION('',(1.E0,0.E0,0.E0));
#337=AXIS2_PLACEMENT_3D('',#334,#335,#336);
#339=DIRECTION('',(0.E0,0.E0,-1.E0));
#340=VECTOR('',#339,1.4E2);
#341=CARTESIAN_POINT('',(2.356136317082E1,0.E0,1.5E2));
#342=LINE('1920',#341,#340);
#343=DIRECTION('',(0.E0,0.E0,1.E0));
#344=VECTOR('',#343,1.72E2);
#345=CARTESIAN_POINT('',(1.2E2,0.E0,-6.E0));
#346=LINE('1924',#345,#344);
#347=DIRECTION('',(0.E0,1.E0,0.E0));
#348=VECTOR('',#347,3.E0);
#349=CARTESIAN_POINT('',(1.2E2,0.E0,1.66E2));
#350=LINE('1334',#349,#348);
#351=DIRECTION('',(0.E0,0.E0,-1.E0));
#352=VECTOR('',#351,1.72E2);
#353=CARTESIAN_POINT('',(1.2E2,3.E0,1.66E2));
#354=LINE('1925',#353,#352);
#355=DIRECTION('',(0.E0,-1.E0,0.E0));
#356=VECTOR('',#355,3.E0);
#357=CARTESIAN_POINT('',(1.2E2,3.E0,-6.E0));
#358=LINE('216',#357,#356);
#359=DIRECTION('',(0.E0,1.E0,0.E0));
#360=VECTOR('',#359,3.E0);
#361=CARTESIAN_POINT('',(1.16E2,0.E0,1.7E2));
#362=LINE('1336',#361,#360);
#363=DIRECTION('',(0.E0,1.E0,0.E0));
#364=VECTOR('',#363,3.E0);
#365=CARTESIAN_POINT('',(4.E0,0.E0,1.7E2));
#366=LINE('1338',#365,#364);
#367=DIRECTION('',(0.E0,-1.E0,0.E0));
#368=VECTOR('',#367,3.E0);
#369=CARTESIAN_POINT('',(1.16E2,3.E0,-1.E1));
#370=LINE('218',#369,#368);
#371=DIRECTION('',(0.E0,-1.E0,0.E0));
#372=VECTOR('',#371,3.E0);
#373=CARTESIAN_POINT('',(4.E0,3.E0,-1.E1));
#374=LINE('220',#373,#372);
#375=CARTESIAN_POINT('',(4.E0,4.5E0,1.674999999952E2));
#376=DIRECTION('',(-1.E0,0.E0,0.E0));
#377=DIRECTION('',(0.E0,0.E0,-1.E0));
#378=AXIS2_PLACEMENT_3D('',#375,#376,#377);
#380=CARTESIAN_POINT('',(0.E0,3.E0,1.657749172176E2));
#381=CARTESIAN_POINT('',(0.E0,2.999999999684E0,1.656301369686E2));
#382=CARTESIAN_POINT('',(7.850227627058E-14,3.019496832847E0,1.653408747335E2));
#383=CARTESIAN_POINT('',(-2.747579669470E-13,3.100081031833E0,
1.649031620556E2));
#384=CARTESIAN_POINT('',(1.020529591518E-12,3.222468391806E0,1.644756802618E2));
#385=CARTESIAN_POINT('',(-3.807360399123E-12,3.375795431190E0,
1.640648327700E2));
#386=CARTESIAN_POINT('',(1.420891200497E-11,3.549605543291E0,1.636747319596E2));
#387=CARTESIAN_POINT('',(-5.302828762078E-11,3.741025494666E0,
1.632949590800E2));
#388=CARTESIAN_POINT('',(1.979042384781E-10,3.956933010449E0,1.629036166989E2));
#389=CARTESIAN_POINT('',(-7.385886662917E-10,4.204253908496E0,
1.624833720868E2));
#390=CARTESIAN_POINT('',(1.591437395695E-9,4.397885259143E0,1.621667526734E2));
#391=CARTESIAN_POINT('',(1.591437500300E-9,4.5E0,1.62E2));
#393=CARTESIAN_POINT('',(4.E0,4.5E0,1.62E2));
#394=DIRECTION('',(0.E0,-1.E0,0.E0));
#395=DIRECTION('',(0.E0,0.E0,1.E0));
#396=AXIS2_PLACEMENT_3D('',#393,#394,#395);
#398=CARTESIAN_POINT('',(2.1E1,2.8E1,1.58E2));
#399=DIRECTION('',(0.E0,1.E0,0.E0));
#400=DIRECTION('',(1.E0,0.E0,0.E0));
#401=AXIS2_PLACEMENT_3D('',#398,#399,#400);
#403=DIRECTION('',(0.E0,0.E0,1.E0));
#404=VECTOR('',#403,4.E0);
#405=CARTESIAN_POINT('',(2.5E1,2.8E1,1.58E2));
#406=LINE('1374',#405,#404);
#407=CARTESIAN_POINT('',(2.1E1,2.8E1,1.62E2));
#408=DIRECTION('',(0.E0,1.E0,0.E0));
#409=DIRECTION('',(2.042810365310E-14,0.E0,1.E0));
#410=AXIS2_PLACEMENT_3D('',#407,#408,#409);
#412=DIRECTION('',(-1.E0,0.E0,0.E0));
#413=VECTOR('',#412,1.7E1);
#414=CARTESIAN_POINT('',(2.1E1,2.8E1,1.66E2));
#415=LINE('1375',#414,#413);
#416=CARTESIAN_POINT('',(4.E0,2.8E1,1.62E2));
#417=DIRECTION('',(0.E0,1.E0,0.E0));
#418=DIRECTION('',(-1.E0,0.E0,0.E0));
#419=AXIS2_PLACEMENT_3D('',#416,#417,#418);
#421=DIRECTION('',(0.E0,0.E0,-1.E0));
#422=VECTOR('',#421,4.E0);
#423=CARTESIAN_POINT('',(0.E0,2.8E1,1.62E2));
#424=LINE('1372',#423,#422);
#425=CARTESIAN_POINT('',(4.E0,2.8E1,1.58E2));
#426=DIRECTION('',(0.E0,1.E0,0.E0));
#427=DIRECTION('',(-2.031708135064E-14,0.E0,-1.E0));
#428=AXIS2_PLACEMENT_3D('',#425,#426,#427);
#430=DIRECTION('',(1.E0,0.E0,0.E0));
#431=VECTOR('',#430,1.7E1);
#432=CARTESIAN_POINT('',(4.E0,2.8E1,1.54E2));
#433=LINE('1373',#432,#431);
#434=CARTESIAN_POINT('',(2.E1,2.8E1,1.6E2));
#435=DIRECTION('',(0.E0,1.E0,0.E0));
#436=DIRECTION('',(1.E0,0.E0,0.E0));
#437=AXIS2_PLACEMENT_3D('',#434,#435,#436);
#439=CARTESIAN_POINT('',(2.E1,2.8E1,1.6E2));
#440=DIRECTION('',(0.E0,1.E0,0.E0));
#441=DIRECTION('',(-1.E0,0.E0,0.E0));
#442=AXIS2_PLACEMENT_3D('',#439,#440,#441);
#444=CARTESIAN_POINT('',(5.E0,2.8E1,1.6E2));
#445=DIRECTION('',(0.E0,1.E0,0.E0));
#446=DIRECTION('',(1.E0,0.E0,0.E0));
#447=AXIS2_PLACEMENT_3D('',#444,#445,#446);
#449=CARTESIAN_POINT('',(5.E0,2.8E1,1.6E2));
#450=DIRECTION('',(0.E0,1.E0,0.E0));
#451=DIRECTION('',(-1.E0,0.E0,0.E0));
#452=AXIS2_PLACEMENT_3D('',#449,#450,#451);
#454=CARTESIAN_POINT('',(2.1E1,4.5E0,1.58E2));
#455=DIRECTION('',(0.E0,-1.E0,0.E0));
#456=DIRECTION('',(0.E0,0.E0,-1.E0));
#457=AXIS2_PLACEMENT_3D('',#454,#455,#456);
#459=DIRECTION('',(1.213669355710E-10,1.E0,0.E0));
#460=VECTOR('',#459,1.311261658649E1);
#461=CARTESIAN_POINT('',(2.499999999841E1,4.5E0,1.58E2));
#462=LINE('1791',#461,#460);
#463=CARTESIAN_POINT('',(2.1E1,4.5E0,1.525000000048E2));
#464=DIRECTION('',(1.E0,0.E0,0.E0));
#465=DIRECTION('',(0.E0,0.E0,1.E0));
#466=AXIS2_PLACEMENT_3D('',#463,#464,#465);
#468=CARTESIAN_POINT('',(2.5E1,4.174627345307E0,1.625357142917E2));
#469=CARTESIAN_POINT('',(2.5E1,4.209997162013E0,1.624765069972E2));
#470=CARTESIAN_POINT('',(2.499999999977E1,4.281398137381E0,1.623579627406E2));
#471=CARTESIAN_POINT('',(2.500000000081E1,4.390152255703E0,1.621793811044E2));
#472=CARTESIAN_POINT('',(2.499999999827E1,4.463313992780E0,1.620599079989E2));
#473=CARTESIAN_POINT('',(2.499999999827E1,4.5E0,1.62E2));
#475=CARTESIAN_POINT('',(2.5E1,1.647872558511E1,1.625E2));
#476=CARTESIAN_POINT('',(2.5E1,1.670462559935E1,1.625E2));
#477=CARTESIAN_POINT('',(2.5E1,1.711472922303E1,1.624058810501E2));
#478=CARTESIAN_POINT('',(2.5E1,1.746084109258E1,1.621673171117E2));
#479=CARTESIAN_POINT('',(2.5E1,1.761261658649E1,1.62E2));
#481=CARTESIAN_POINT('',(2.499999999841E1,4.5E0,1.58E2));
#482=CARTESIAN_POINT('',(2.499999999841E1,4.463313992621E0,1.579400920009E2));
#483=CARTESIAN_POINT('',(2.500000000074E1,4.390152261981E0,1.578206188910E2));
#484=CARTESIAN_POINT('',(2.499999999979E1,4.281398137964E0,1.576420372584E2));
#485=CARTESIAN_POINT('',(2.5E1,4.209997163816E0,1.575234930024E2));
#486=CARTESIAN_POINT('',(2.5E1,4.174627347399E0,1.574642857088E2));
#488=CARTESIAN_POINT('',(2.5E1,4.5E0,1.56E2));
#489=DIRECTION('',(1.E0,0.E0,0.E0));
#490=DIRECTION('',(0.E0,0.E0,1.E0));
#491=AXIS2_PLACEMENT_3D('',#488,#489,#490);
#493=CARTESIAN_POINT('',(2.5E1,1.761261658649E1,1.58E2));
#494=CARTESIAN_POINT('',(2.5E1,1.746084109258E1,1.578326828883E2));
#495=CARTESIAN_POINT('',(2.5E1,1.711472922303E1,1.575941189499E2));
#496=CARTESIAN_POINT('',(2.5E1,1.670462559935E1,1.575E2));
#497=CARTESIAN_POINT('',(2.5E1,1.647872558511E1,1.575E2));
#499=DIRECTION('',(-9.860153996160E-1,1.666542280297E-1,1.667542932846E-10));
#500=VECTOR('',#499,7.187771780729E1);
#501=CARTESIAN_POINT('',(9.587253664724E1,4.500000011399E0,1.624999999880E2));
#502=LINE('1737',#501,#500);
#503=DIRECTION('',(1.E0,1.608351963807E-10,-1.691193599507E-10));
#504=VECTOR('',#503,7.087253664724E1);
#505=CARTESIAN_POINT('',(2.5E1,4.5E0,1.625E2));
#506=LINE('1739',#505,#504);
#507=DIRECTION('',(0.E0,-1.E0,0.E0));
#508=VECTOR('',#507,1.197872558511E1);
#509=CARTESIAN_POINT('',(2.5E1,1.647872558511E1,1.625E2));
#510=LINE('1780',#509,#508);
#511=CARTESIAN_POINT('',(2.5E1,1.761261658649E1,1.62E2));
#512=CARTESIAN_POINT('',(2.5E1,1.787006018638E1,1.617161945024E2));
#513=CARTESIAN_POINT('',(2.5E1,1.8E1,1.613831745915E2));
#514=CARTESIAN_POINT('',(2.5E1,1.8E1,1.61E2));
#516=DIRECTION('',(0.E0,-1.E0,0.E0));
#517=VECTOR('',#516,1.038738341351E1);
#518=CARTESIAN_POINT('',(2.5E1,2.8E1,1.58E2));
#519=LINE('1824',#518,#517);
#520=DIRECTION('',(0.E0,0.E0,1.E0));
#521=VECTOR('',#520,2.E0);
#522=CARTESIAN_POINT('',(2.5E1,1.8E1,1.59E2));
#523=LINE('1790',#522,#521);
#524=DIRECTION('',(0.E0,1.E0,0.E0));
#525=VECTOR('',#524,1.038738341351E1);
#526=CARTESIAN_POINT('',(2.5E1,1.761261658649E1,1.62E2));
#527=LINE('1823',#526,#525);
#528=CARTESIAN_POINT('',(2.5E1,1.8E1,1.59E2));
#529=CARTESIAN_POINT('',(2.5E1,1.8E1,1.586168254085E2));
#530=CARTESIAN_POINT('',(2.5E1,1.787006018638E1,1.582838054976E2));
#531=CARTESIAN_POINT('',(2.5E1,1.761261658649E1,1.58E2));
#533=DIRECTION('',(9.860153996287E-1,-1.666542279545E-1,3.766494295002E-10));
#534=VECTOR('',#533,7.187771782881E1);
#535=CARTESIAN_POINT('',(2.5E1,1.647872558511E1,1.575E2));
#536=LINE('1756',#535,#534);
#537=DIRECTION('',(0.E0,-1.E0,0.E0));
#538=VECTOR('',#537,1.197872558511E1);
#539=CARTESIAN_POINT('',(2.5E1,1.647872558511E1,1.575E2));
#540=LINE('1779',#539,#538);
#541=DIRECTION('',(-1.E0,-1.864987239375E-10,-3.819914269514E-10));
#542=VECTOR('',#541,7.087253666937E1);
#543=CARTESIAN_POINT('',(9.587253666937E1,4.500000013218E0,1.575000000271E2));
#544=LINE('1759',#543,#542);
#545=CARTESIAN_POINT('',(2.5E1,4.174627347399E0,1.574642857088E2));
#546=CARTESIAN_POINT('',(2.501777486283E1,4.083206975974E0,1.574439715798E2));
#547=CARTESIAN_POINT('',(2.506961045667E1,3.897280297258E0,1.573845188527E2));
#548=CARTESIAN_POINT('',(2.519868946016E1,3.625224624771E0,1.572327173025E2));
#549=CARTESIAN_POINT('',(2.538111084827E1,3.373162655600E0,1.570099876811E2));
#550=CARTESIAN_POINT('',(2.560820863948E1,3.166698639323E0,1.567192475360E2));
#551=CARTESIAN_POINT('',(2.586646966758E1,3.030488866596E0,1.563700369296E2));
#552=CARTESIAN_POINT('',(2.603825375893E1,2.999999999801E0,1.561247516837E2));
#553=CARTESIAN_POINT('',(2.612347538298E1,3.E0,1.56E2));
#555=CARTESIAN_POINT('',(1.114940909367E2,3.380952465965E0,1.575000094872E2));
#556=CARTESIAN_POINT('',(1.115902992494E2,3.364691549091E0,1.574718451667E2));
#557=CARTESIAN_POINT('',(1.117755634767E2,3.333378571765E0,1.574154855230E2));
#558=CARTESIAN_POINT('',(1.120307400609E2,3.290249171977E0,1.573316916634E2));
#559=CARTESIAN_POINT('',(1.122667883487E2,3.250352790565E0,1.572478739779E2));
#560=CARTESIAN_POINT('',(1.124845129664E2,3.213553438411E0,1.571640217654E2));
#561=CARTESIAN_POINT('',(1.126856642145E2,3.179555281769E0,1.570796879263E2));
#562=CARTESIAN_POINT('',(1.128711648891E2,3.148202351269E0,1.569945833997E2));
#563=CARTESIAN_POINT('',(1.130415562173E2,3.119403172760E0,1.569084780604E2));
#564=CARTESIAN_POINT('',(1.131971649616E2,3.093102506341E0,1.568211324444E2));
#565=CARTESIAN_POINT('',(1.133381756030E2,3.069269213307E0,1.567322510542E2));
#566=CARTESIAN_POINT('',(1.134645100394E2,3.047916337910E0,1.566415268795E2));
#567=CARTESIAN_POINT('',(1.135759293105E2,3.029084852475E0,1.565485854782E2));
#568=CARTESIAN_POINT('',(1.136719409786E2,3.012855809137E0,1.564528377135E2));
#569=CARTESIAN_POINT('',(1.137246367199E2,3.003952658483E0,1.563874474152E2));
#570=CARTESIAN_POINT('',(1.137480152241E2,3.E0,1.563541730144E2));
#572=CARTESIAN_POINT('',(1.112441401212E2,1.901924207190E0,1.575000007249E2));
#573=DIRECTION('',(9.473384384486E-1,-1.601171306888E-1,-2.773308268077E-1));
#574=DIRECTION('',(1.821062729353E-6,8.660279578547E-1,-4.999955761912E-1));
#575=AXIS2_PLACEMENT_3D('',#572,#573,#574);
#577=CARTESIAN_POINT('',(1.136221384664E2,2.999999997787E0,1.56E2));
#578=CARTESIAN_POINT('',(1.136221380976E2,3.000000010644E0,1.560180015855E2));
#579=CARTESIAN_POINT('',(1.136144214067E2,3.000649315188E0,1.560532984571E2));
#580=CARTESIAN_POINT('',(1.135827585681E2,3.003326811376E0,1.561038776515E2));
#581=CARTESIAN_POINT('',(1.135330629625E2,3.007528610514E0,1.561526983538E2));
#582=CARTESIAN_POINT('',(1.134656153797E2,3.013229186863E0,1.562006921374E2));
#583=CARTESIAN_POINT('',(1.133817915222E2,3.020312909163E0,1.562474989776E2));
#584=CARTESIAN_POINT('',(1.132830099206E2,3.028660429985E0,1.562930163685E2));
#585=CARTESIAN_POINT('',(1.131701164153E2,3.038200598991E0,1.563373679239E2));
#586=CARTESIAN_POINT('',(1.130434752206E2,3.048902632533E0,1.563807543850E2));
#587=CARTESIAN_POINT('',(1.129032521699E2,3.060752531684E0,1.564233347783E2));
#588=CARTESIAN_POINT('',(1.127494374004E2,3.073751111742E0,1.564652449219E2));
#589=CARTESIAN_POINT('',(1.125818312768E2,3.087915232065E0,1.565066091738E2));
#590=CARTESIAN_POINT('',(1.124001083734E2,3.103272380887E0,1.565475308401E2));
#591=CARTESIAN_POINT('',(1.122037174237E2,3.119869148458E0,1.565881184319E2));
#592=CARTESIAN_POINT('',(1.119917348994E2,3.137783536216E0,1.566285104312E2));
#593=CARTESIAN_POINT('',(1.117626290558E2,3.157145135776E0,1.566688929992E2));
#594=CARTESIAN_POINT('',(1.115155764812E2,3.178022977864E0,1.567092827581E2));
#595=CARTESIAN_POINT('',(1.113368877520E2,3.193124695062E0,1.567364254938E2));
#596=CARTESIAN_POINT('',(1.112441765475E2,3.200959242557E0,1.567499954072E2));
#598=CARTESIAN_POINT('',(9.612251785803E1,5.979023138546E0,1.590000001082E2));
#599=CARTESIAN_POINT('',(9.658977529414E1,5.900048502752E0,1.590000009022E2));
#600=CARTESIAN_POINT('',(9.749176713054E1,5.747595371974E0,1.589937544668E2));
#601=CARTESIAN_POINT('',(9.873892654379E1,5.536803292278E0,1.589695954489E2));
#602=CARTESIAN_POINT('',(9.990504279914E1,5.339708758050E0,1.589332682745E2));
#603=CARTESIAN_POINT('',(1.010025904993E2,5.154203588140E0,1.588863843668E2));
#604=CARTESIAN_POINT('',(1.020166761257E2,4.982804986535E0,1.588315283779E2));
#605=CARTESIAN_POINT('',(1.029391711944E2,4.826886830235E0,1.587715128489E2));
#606=CARTESIAN_POINT('',(1.037931824553E2,4.682543660677E0,1.587068860337E2));
#607=CARTESIAN_POINT('',(1.046132490499E2,4.543937746659E0,1.586360382432E2));
#608=CARTESIAN_POINT('',(1.054284037858E2,4.406162024989E0,1.585563450699E2));
#609=CARTESIAN_POINT('',(1.062506174874E2,4.267193210077E0,1.584655964114E2));
#610=CARTESIAN_POINT('',(1.070702559360E2,4.128659665966E0,1.583635540450E2));
#611=CARTESIAN_POINT('',(1.078875843277E2,3.990516536589E0,1.582488246346E2));
#612=CARTESIAN_POINT('',(1.087142923238E2,3.850788184071E0,1.581175151507E2));
#613=CARTESIAN_POINT('',(1.095641840139E2,3.707141008304E0,1.579634707053E2));
#614=CARTESIAN_POINT('',(1.104723621403E2,3.553643743347E0,1.577725033360E2));
#615=CARTESIAN_POINT('',(1.111452626370E2,3.439908861080E0,1.576021132005E2));
#616=CARTESIAN_POINT('',(1.114940909367E2,3.380952465965E0,1.575000094872E2));
#618=DIRECTION('',(1.094246119162E-6,0.E0,9.999999999994E-1));
#619=VECTOR('',#618,7.291622206764E0);
#620=CARTESIAN_POINT('',(1.137480152241E2,3.E0,1.563541730144E2));
#621=LINE('1820',#620,#619);
#622=CARTESIAN_POINT('',(1.114941014535E2,3.380950688534E0,1.624999935066E2));
#623=CARTESIAN_POINT('',(1.111974241118E2,3.431093334514E0,1.624131510929E2));
#624=CARTESIAN_POINT('',(1.106138774716E2,3.529724800039E0,1.622618930992E2));
#625=CARTESIAN_POINT('',(1.097869689742E2,3.669486453958E0,1.620812969443E2));
#626=CARTESIAN_POINT('',(1.089741321944E2,3.806870577892E0,1.619276430767E2));
#627=CARTESIAN_POINT('',(1.081754415563E2,3.941863525430E0,1.617952011608E2));
#628=CARTESIAN_POINT('',(1.073759231095E2,4.076996447880E0,1.616778191061E2));
#629=CARTESIAN_POINT('',(1.065719966433E2,4.212874388215E0,1.615730474306E2));
#630=CARTESIAN_POINT('',(1.057717872126E2,4.348124087421E0,1.614803324443E2));
#631=CARTESIAN_POINT('',(1.049749017235E2,4.482811979946E0,1.613981717758E2));
#632=CARTESIAN_POINT('',(1.041562301737E2,4.621182106432E0,1.613233017749E2));
#633=CARTESIAN_POINT('',(1.032819764752E2,4.768946609776E0,1.612531350554E2));
#634=CARTESIAN_POINT('',(1.023146679163E2,4.932439047130E0,1.611864797917E2));
#635=CARTESIAN_POINT('',(1.012524018457E2,5.111981004622E0,1.611258415342E2));
#636=CARTESIAN_POINT('',(1.001193337325E2,5.303489761006E0,1.610746979965E2));
#637=CARTESIAN_POINT('',(9.890351116228E1,5.508985544624E0,1.610344208920E2));
#638=CARTESIAN_POINT('',(9.758286418972E1,5.732198359258E0,1.610071245530E2));
#639=CARTESIAN_POINT('',(9.662210494762E1,5.894584173029E0,1.609999992362E2));
#640=CARTESIAN_POINT('',(9.612252250040E1,5.979022331304E0,1.609999999681E2));
#642=DIRECTION('',(-9.860153995768E-1,1.666542282613E-1,4.424221698260E-10));
#643=VECTOR('',#642,7.213124919847E1);
#644=CARTESIAN_POINT('',(9.612252250040E1,5.979022331304E0,1.609999999681E2));
#645=LINE('1736',#644,#643);
#646=DIRECTION('',(9.860153996283E-1,-1.666542279567E-1,1.500716020124E-9));
#647=VECTOR('',#646,7.213124448649E1);
#648=CARTESIAN_POINT('',(2.5E1,1.8E1,1.59E2));
#649=LINE('1757',#648,#647);
#650=CARTESIAN_POINT('',(9.587253650865E1,4.5E0,1.590000002166E2));
#651=DIRECTION('',(9.860153995363E-1,-1.666542285008E-1,2.441971750987E-8));
#652=DIRECTION('',(2.407821679182E-8,-4.069649804593E-9,-1.E0));
#653=AXIS2_PLACEMENT_3D('',#650,#651,#652);
#655=CARTESIAN_POINT('',(1.112441765475E2,3.200959242557E0,1.567499954072E2));
#656=CARTESIAN_POINT('',(1.108945765198E2,3.230489781743E0,1.568011416683E2));
#657=CARTESIAN_POINT('',(1.102226948735E2,3.287294235587E0,1.568862180259E2));
#658=CARTESIAN_POINT('',(1.093141108905E2,3.364063951128E0,1.569817453469E2));
#659=CARTESIAN_POINT('',(1.084643313283E2,3.435882108988E0,1.570587554732E2));
#660=CARTESIAN_POINT('',(1.076375949728E2,3.505747213627E0,1.571244131665E2));
#661=CARTESIAN_POINT('',(1.068202751735E2,3.574818454483E0,1.571817769309E2));
#662=CARTESIAN_POINT('',(1.060006347656E2,3.644085227965E0,1.572327983208E2));
#663=CARTESIAN_POINT('',(1.051784215057E2,3.713569625283E0,1.572781725712E2));
#664=CARTESIAN_POINT('',(1.043632672438E2,3.782457414003E0,1.573180191368E2));
#665=CARTESIAN_POINT('',(1.035432015058E2,3.851760293409E0,1.573534429881E2));
#666=CARTESIAN_POINT('',(1.026891909393E2,3.923931815168E0,1.573857563708E2));
#667=CARTESIAN_POINT('',(1.017666961321E2,4.001890874980E0,1.574157641273E2));
#668=CARTESIAN_POINT('',(1.007526099216E2,4.087590230800E0,1.574431921259E2));
#669=CARTESIAN_POINT('',(9.965506209249E1,4.180342834141E0,1.574666340777E2));
#670=CARTESIAN_POINT('',(9.848894519270E1,4.278890133828E0,1.574847976382E2));
#671=CARTESIAN_POINT('',(9.724178876108E1,4.384285991976E0,1.574968771996E2));
#672=CARTESIAN_POINT('',(9.633978885560E1,4.460513071280E0,1.575000002269E2));
#673=CARTESIAN_POINT('',(9.587253666937E1,4.500000013218E0,1.575000000271E2));
#675=CARTESIAN_POINT('',(1.112441656080E2,3.200960104029E0,1.632500031008E2));
#676=CARTESIAN_POINT('',(1.113463129686E2,3.192328316511E0,1.632649538465E2));
#677=CARTESIAN_POINT('',(1.115429059683E2,3.175713255052E0,1.632949266027E2));
#678=CARTESIAN_POINT('',(1.118142869005E2,3.152779556606E0,1.633398263101E2));
#679=CARTESIAN_POINT('',(1.120638626114E2,3.131688134556E0,1.633847487423E2));
#680=CARTESIAN_POINT('',(1.122943797097E2,3.112207554339E0,1.634300458306E2));
#681=CARTESIAN_POINT('',(1.125095124871E2,3.094027164092E0,1.634764706154E2));
#682=CARTESIAN_POINT('',(1.127092899614E2,3.077144583062E0,1.635242391678E2));
#683=CARTESIAN_POINT('',(1.128914249021E2,3.061752979055E0,1.635730093685E2));
#684=CARTESIAN_POINT('',(1.130544044990E2,3.047980123230E0,1.636224788290E2));
#685=CARTESIAN_POINT('',(1.131985496214E2,3.035798811192E0,1.636728520726E2));
#686=CARTESIAN_POINT('',(1.133247199330E2,3.025136144211E0,1.637247825796E2));
#687=CARTESIAN_POINT('',(1.134322235639E2,3.016048961973E0,1.637788242085E2));
#688=CARTESIAN_POINT('',(1.135180341835E2,3.008795379627E0,1.638345286783E2));
#689=CARTESIAN_POINT('',(1.135795613600E2,3.003597900628E0,1.638911413697E2));
#690=CARTESIAN_POINT('',(1.136149828498E2,3.000607176741E0,1.639468961353E2));
#691=CARTESIAN_POINT('',(1.136221005963E2,3.000001153692E0,1.639825108035E2));
#692=CARTESIAN_POINT('',(1.136221124589E2,3.000000758295E0,1.64E2));
#694=CARTESIAN_POINT('',(1.137480232029E2,3.E0,1.636457952212E2));
#695=CARTESIAN_POINT('',(1.137197361772E2,3.004783823431E0,1.636054998046E2));
#696=CARTESIAN_POINT('',(1.136545787588E2,3.015788995421E0,1.635268334275E2));
#697=CARTESIAN_POINT('',(1.135323894415E2,3.036444227495E0,1.634121114761E2));
#698=CARTESIAN_POINT('',(1.133898100342E2,3.060541877967E0,1.633024520486E2));
#699=CARTESIAN_POINT('',(1.132262261268E2,3.088190701755E0,1.631955555094E2));
#700=CARTESIAN_POINT('',(1.130405277253E2,3.119576992416E0,1.630902861222E2));
#701=CARTESIAN_POINT('',(1.128333484631E2,3.154594006952E0,1.629868244496E2));
#702=CARTESIAN_POINT('',(1.126078997495E2,3.192698865629E0,1.628863722463E2));
#703=CARTESIAN_POINT('',(1.123655166646E2,3.233665940261E0,1.627889130557E2));
#704=CARTESIAN_POINT('',(1.121019627937E2,3.278211257953E0,1.626925515821E2));
#705=CARTESIAN_POINT('',(1.118137544501E2,3.326923610647E0,1.625963161911E2));
#706=CARTESIAN_POINT('',(1.116035727684E2,3.362448095561E0,1.625320405637E2));
#707=CARTESIAN_POINT('',(1.114941014535E2,3.380950688534E0,1.624999935066E2));
#709=CARTESIAN_POINT('',(2.5E1,4.5E0,1.64E2));
#710=DIRECTION('',(1.E0,0.E0,0.E0));
#711=DIRECTION('',(0.E0,-2.169151031284E-1,-9.761904722106E-1));
#712=AXIS2_PLACEMENT_3D('',#709,#710,#711);
#714=CARTESIAN_POINT('',(2.5E1,4.174627345307E0,1.625357142917E2));
#715=CARTESIAN_POINT('',(2.501777486293E1,4.083206973982E0,1.625560284208E2));
#716=CARTESIAN_POINT('',(2.506961045693E1,3.897280295503E0,1.626154811481E2));
#717=CARTESIAN_POINT('',(2.519868946056E1,3.625224623443E0,1.627672826985E2));
#718=CARTESIAN_POINT('',(2.538111084864E1,3.373162654758E0,1.629900123199E2));
#719=CARTESIAN_POINT('',(2.560820863966E1,3.166698638972E0,1.632807524647E2));
#720=CARTESIAN_POINT('',(2.586646966719E1,3.030488866569E0,1.636299630708E2));
#721=CARTESIAN_POINT('',(2.603825375892E1,2.999999999785E0,1.638752483163E2));
#722=CARTESIAN_POINT('',(2.612347538298E1,3.E0,1.64E2));
#724=CARTESIAN_POINT('',(2.1E1,4.5E0,1.675E2));
#725=DIRECTION('',(-1.E0,0.E0,0.E0));
#726=DIRECTION('',(0.E0,0.E0,-1.E0));
#727=AXIS2_PLACEMENT_3D('',#724,#725,#726);
#729=DIRECTION('',(-1.E0,0.E0,5.926762349104E-12));
#730=VECTOR('',#729,1.699999999933E1);
#731=CARTESIAN_POINT('',(2.099999999936E1,4.5E0,1.659999999987E2));
#732=LINE('1742',#731,#730);
#733=DIRECTION('',(-1.575855285506E-12,1.E0,5.079019946935E-11));
#734=VECTOR('',#733,2.35E1);
#735=CARTESIAN_POINT('',(4.000000000037E0,4.5E0,1.659999999988E2));
#736=LINE('1786',#735,#734);
#737=DIRECTION('',(2.706230511552E-11,1.E0,5.507764457279E-11));
#738=VECTOR('',#737,2.35E1);
#739=CARTESIAN_POINT('',(2.099999999936E1,4.5E0,1.659999999987E2));
#740=LINE('1782',#739,#738);
#741=CARTESIAN_POINT('',(2.1E1,4.5E0,1.62E2));
#742=DIRECTION('',(0.E0,-1.E0,0.E0));
#743=DIRECTION('',(1.E0,0.E0,0.E0));
#744=AXIS2_PLACEMENT_3D('',#741,#742,#743);
#746=DIRECTION('',(1.316122069220E-10,1.E0,0.E0));
#747=VECTOR('',#746,1.311261658649E1);
#748=CARTESIAN_POINT('',(2.499999999827E1,4.5E0,1.62E2));
#749=LINE('1792',#748,#747);
#750=CARTESIAN_POINT('',(1.112441409520E2,1.901924066775E0,1.624999995183E2));
#751=DIRECTION('',(-9.473384226873E-1,1.601171280249E-1,-2.773308821848E-1));
#752=DIRECTION('',(1.361444930133E-6,8.660273248574E-1,4.999966725875E-1));
#753=AXIS2_PLACEMENT_3D('',#750,#751,#752);
#755=CARTESIAN_POINT('',(9.587253664724E1,4.500000011399E0,1.624999999880E2));
#756=CARTESIAN_POINT('',(9.637211986982E1,4.457780890293E0,1.624999998037E2));
#757=CARTESIAN_POINT('',(9.733288514323E1,4.376587485794E0,1.625035622597E2));
#758=CARTESIAN_POINT('',(9.865353000153E1,4.264981246586E0,1.625172104995E2));
#759=CARTESIAN_POINT('',(9.986935311570E1,4.162233310954E0,1.625373490291E2));
#760=CARTESIAN_POINT('',(1.010024208795E2,4.066478964752E0,1.625629207967E2));
#761=CARTESIAN_POINT('',(1.020646874922E2,3.976707934206E0,1.625932399310E2));
#762=CARTESIAN_POINT('',(1.030319962286E2,3.894961693509E0,1.626265675707E2));
#763=CARTESIAN_POINT('',(1.039062493695E2,3.821079491424E0,1.626616509112E2));
#764=CARTESIAN_POINT('',(1.047249202937E2,3.751894483915E0,1.626990858796E2));
#765=CARTESIAN_POINT('',(1.055218052631E2,3.684550602689E0,1.627401661836E2));
#766=CARTESIAN_POINT('',(1.063220141747E2,3.616925790194E0,1.627865236169E2));
#767=CARTESIAN_POINT('',(1.071259419386E2,3.548986808654E0,1.628389095550E2));
#768=CARTESIAN_POINT('',(1.079254554864E2,3.481420537644E0,1.628976000888E2));
#769=CARTESIAN_POINT('',(1.087241627460E2,3.413923537209E0,1.629638225776E2));
#770=CARTESIAN_POINT('',(1.095369343778E2,3.345234596946E0,1.630406428818E2));
#771=CARTESIAN_POINT('',(1.103640831654E2,3.275341542928E0,1.631309653855E2));
#772=CARTESIAN_POINT('',(1.109470298413E2,3.226061577267E0,1.632065273612E2));
#773=CARTESIAN_POINT('',(1.112441656080E2,3.200960104029E0,1.632500031008E2));
#775=CARTESIAN_POINT('',(9.587253650865E1,4.5E0,1.609999999041E2));
#776=DIRECTION('',(9.860153995363E-1,-1.666542285008E-1,-2.251802679092E-8));
#777=DIRECTION('',(1.666542285008E-1,9.860153995363E-1,6.392489414807E-8));
#778=AXIS2_PLACEMENT_3D('',#775,#776,#777);
#780=CARTESIAN_POINT('',(4.E0,4.5E0,1.525E2));
#781=DIRECTION('',(1.E0,0.E0,0.E0));
#782=DIRECTION('',(0.E0,0.E0,1.E0));
#783=AXIS2_PLACEMENT_3D('',#780,#781,#782);
#785=DIRECTION('',(1.E0,0.E0,-5.926762349039E-12));
#786=VECTOR('',#785,1.699999999951E1);
#787=CARTESIAN_POINT('',(4.000000000054E0,4.5E0,1.540000000013E2));
#788=LINE('1762',#787,#786);
#789=DIRECTION('',(1.838990425661E-11,1.E0,-5.079019946935E-11));
#790=VECTOR('',#789,2.35E1);
#791=CARTESIAN_POINT('',(2.099999999957E1,4.5E0,1.540000000012E2));
#792=LINE('1781',#791,#790);
#793=DIRECTION('',(-2.309188301568E-12,1.E0,-5.507764457279E-11));
#794=VECTOR('',#793,2.35E1);
#795=CARTESIAN_POINT('',(4.000000000054E0,4.5E0,1.540000000013E2));
#796=LINE('1784',#795,#794);
#797=CARTESIAN_POINT('',(4.E0,4.5E0,1.58E2));
#798=DIRECTION('',(0.E0,-1.E0,0.E0));
#799=DIRECTION('',(-1.E0,0.E0,0.E0));
#800=AXIS2_PLACEMENT_3D('',#797,#798,#799);
#802=CARTESIAN_POINT('',(1.725782183826E-9,4.5E0,1.58E2));
#803=CARTESIAN_POINT('',(1.725782099333E-9,4.349066892510E0,1.577535272677E2));
#804=CARTESIAN_POINT('',(-8.009398989009E-10,4.058247920389E0,
1.572779667728E2));
#805=CARTESIAN_POINT('',(2.146164971540E-10,3.678068600332E0,1.565973817387E2));
#806=CARTESIAN_POINT('',(-5.752608971506E-11,3.375483897737E0,
1.559518372332E2));
#807=CARTESIAN_POINT('',(1.548786170624E-11,3.157319598252E0,1.553366120628E2));
#808=CARTESIAN_POINT('',(-4.425357109903E-12,3.027966418743E0,
1.547566009063E2));
#809=CARTESIAN_POINT('',(0.E0,2.999999999591E0,1.543978492018E2));
#810=CARTESIAN_POINT('',(0.E0,3.E0,1.542250827824E2));
#812=DIRECTION('',(0.E0,-1.E0,0.E0));
#813=VECTOR('',#812,1.517E1);
#814=CARTESIAN_POINT('',(2.175E1,2.8E1,1.6E2));
#815=LINE('1073',#814,#813);
#816=DIRECTION('',(0.E0,-1.E0,0.E0));
#817=VECTOR('',#816,1.517E1);
#818=CARTESIAN_POINT('',(1.825E1,2.8E1,1.6E2));
#819=LINE('1074',#818,#817);
#820=CARTESIAN_POINT('',(2.E1,1.283E1,1.6E2));
#821=DIRECTION('',(0.E0,1.E0,0.E0));
#822=DIRECTION('',(1.E0,0.E0,0.E0));
#823=AXIS2_PLACEMENT_3D('',#820,#821,#822);
#825=CARTESIAN_POINT('',(2.E1,1.283E1,1.6E2));
#826=DIRECTION('',(0.E0,1.E0,0.E0));
#827=DIRECTION('',(-1.E0,0.E0,0.E0));
#828=AXIS2_PLACEMENT_3D('',#825,#826,#827);
#830=DIRECTION('',(0.E0,-1.E0,0.E0));
#831=VECTOR('',#830,1.517E1);
#832=CARTESIAN_POINT('',(6.75E0,2.8E1,1.6E2));
#833=LINE('1086',#832,#831);
#834=DIRECTION('',(0.E0,-1.E0,0.E0));
#835=VECTOR('',#834,1.517E1);
#836=CARTESIAN_POINT('',(3.25E0,2.8E1,1.6E2));
#837=LINE('1087',#836,#835);
#838=CARTESIAN_POINT('',(5.E0,1.283E1,1.6E2));
#839=DIRECTION('',(0.E0,1.E0,0.E0));
#840=DIRECTION('',(1.E0,0.E0,0.E0));
#841=AXIS2_PLACEMENT_3D('',#838,#839,#840);
#843=CARTESIAN_POINT('',(5.E0,1.283E1,1.6E2));
#844=DIRECTION('',(0.E0,1.E0,0.E0));
#845=DIRECTION('',(-1.E0,0.E0,0.E0));
#846=AXIS2_PLACEMENT_3D('',#843,#844,#845);
#848=CARTESIAN_POINT('',(4.E0,4.5E0,7.499999994823E0));
#849=DIRECTION('',(-1.E0,0.E0,0.E0));
#850=DIRECTION('',(0.E0,0.E0,-1.E0));
#851=AXIS2_PLACEMENT_3D('',#848,#849,#850);
#853=CARTESIAN_POINT('',(0.E0,3.E0,5.774917217635E0));
#854=CARTESIAN_POINT('',(0.E0,2.999999999494E0,5.561132226011E0));
#855=CARTESIAN_POINT('',(1.651486792668E-11,3.042580163176E0,5.117307711672E0));
#856=CARTESIAN_POINT('',(-5.780159365418E-11,3.236494946878E0,
4.397120814916E0));
#857=CARTESIAN_POINT('',(2.146915066900E-10,3.554680043596E0,3.639543304707E0));
#858=CARTESIAN_POINT('',(-8.009644331059E-10,3.984511491065E0,
2.842869680623E0));
#859=CARTESIAN_POINT('',(1.725789339454E-9,4.323465786720E0,2.288279162933E0));
#860=CARTESIAN_POINT('',(1.725789289253E-9,4.5E0,2.E0));
#862=CARTESIAN_POINT('',(4.E0,4.5E0,2.E0));
#863=DIRECTION('',(0.E0,-1.E0,0.E0));
#864=DIRECTION('',(0.E0,0.E0,1.E0));
#865=AXIS2_PLACEMENT_3D('',#862,#863,#864);
#867=CARTESIAN_POINT('',(2.1E1,2.8E1,2.E0));
#868=DIRECTION('',(0.E0,1.E0,0.E0));
#869=DIRECTION('',(0.E0,0.E0,1.E0));
#870=AXIS2_PLACEMENT_3D('',#867,#868,#869);
#872=DIRECTION('',(1.E0,0.E0,0.E0));
#873=VECTOR('',#872,1.7E1);
#874=CARTESIAN_POINT('',(4.E0,2.8E1,6.E0));
#875=LINE('418',#874,#873);
#876=CARTESIAN_POINT('',(4.E0,2.8E1,2.E0));
#877=DIRECTION('',(0.E0,1.E0,0.E0));
#878=DIRECTION('',(-1.E0,0.E0,0.E0));
#879=AXIS2_PLACEMENT_3D('',#876,#877,#878);
#881=DIRECTION('',(0.E0,0.E0,1.E0));
#882=VECTOR('',#881,4.E0);
#883=CARTESIAN_POINT('',(0.E0,2.8E1,-2.E0));
#884=LINE('417',#883,#882);
#885=CARTESIAN_POINT('',(4.E0,2.8E1,-2.E0));
#886=DIRECTION('',(0.E0,1.E0,0.E0));
#887=DIRECTION('',(0.E0,0.E0,-1.E0));
#888=AXIS2_PLACEMENT_3D('',#885,#886,#887);
#890=DIRECTION('',(-1.E0,0.E0,0.E0));
#891=VECTOR('',#890,1.7E1);
#892=CARTESIAN_POINT('',(2.1E1,2.8E1,-6.E0));
#893=LINE('420',#892,#891);
#894=CARTESIAN_POINT('',(2.1E1,2.8E1,-2.E0));
#895=DIRECTION('',(0.E0,1.E0,0.E0));
#896=DIRECTION('',(1.E0,0.E0,0.E0));
#897=AXIS2_PLACEMENT_3D('',#894,#895,#896);
#899=DIRECTION('',(0.E0,0.E0,-1.E0));
#900=VECTOR('',#899,4.E0);
#901=CARTESIAN_POINT('',(2.5E1,2.8E1,2.E0));
#902=LINE('419',#901,#900);
#903=CARTESIAN_POINT('',(2.E1,2.8E1,0.E0));
#904=DIRECTION('',(0.E0,-1.E0,0.E0));
#905=DIRECTION('',(1.E0,0.E0,0.E0));
#906=AXIS2_PLACEMENT_3D('',#903,#904,#905);
#908=CARTESIAN_POINT('',(2.E1,2.8E1,0.E0));
#909=DIRECTION('',(0.E0,-1.E0,0.E0));
#910=DIRECTION('',(-1.E0,0.E0,0.E0));
#911=AXIS2_PLACEMENT_3D('',#908,#909,#910);
#913=CARTESIAN_POINT('',(5.E0,2.8E1,0.E0));
#914=DIRECTION('',(0.E0,-1.E0,0.E0));
#915=DIRECTION('',(1.E0,0.E0,0.E0));
#916=AXIS2_PLACEMENT_3D('',#913,#914,#915);
#918=CARTESIAN_POINT('',(5.E0,2.8E1,0.E0));
#919=DIRECTION('',(0.E0,-1.E0,0.E0));
#920=DIRECTION('',(-1.E0,0.E0,0.E0));
#921=AXIS2_PLACEMENT_3D('',#918,#919,#920);
#923=CARTESIAN_POINT('',(2.1E1,4.5E0,2.E0));
#924=DIRECTION('',(0.E0,-1.E0,0.E0));
#925=DIRECTION('',(1.E0,0.E0,0.E0));
#926=AXIS2_PLACEMENT_3D('',#923,#924,#925);
#928=DIRECTION('',(-1.213669355710E-10,-1.E0,-1.408880600444E-14));
#929=VECTOR('',#928,1.311261658649E1);
#930=CARTESIAN_POINT('',(2.5E1,1.761261658649E1,2.E0));
#931=LINE('933',#930,#929);
#932=CARTESIAN_POINT('',(2.5E1,4.174627347399E0,2.535714291219E0));
#933=CARTESIAN_POINT('',(2.501800731852E1,4.082011400792E0,2.556294083838E0));
#934=CARTESIAN_POINT('',(2.507052121061E1,3.894710208763E0,2.616529850790E0));
#935=CARTESIAN_POINT('',(2.519989650195E1,3.623414151980E0,2.768741195687E0));
#936=CARTESIAN_POINT('',(2.538110647500E1,3.373328627535E0,2.990024282190E0));
#937=CARTESIAN_POINT('',(2.560722036790E1,3.167620046664E0,3.279498489528E0));
#938=CARTESIAN_POINT('',(2.586344562307E1,3.031583884816E0,3.625765740200E0));
#939=CARTESIAN_POINT('',(2.603697189732E1,2.999999999798E0,3.873371863028E0));
#940=CARTESIAN_POINT('',(2.612347538298E1,3.E0,4.E0));
#942=CARTESIAN_POINT('',(2.499999999827E1,4.5E0,-2.E0));
#943=CARTESIAN_POINT('',(2.499999999827E1,4.463349847860E0,-2.059849447788E0));
#944=CARTESIAN_POINT('',(2.500000000081E1,4.390235953027E0,-2.179244336917E0));
#945=CARTESIAN_POINT('',(2.499999999977E1,4.281487631107E0,-2.357814943691E0));
#946=CARTESIAN_POINT('',(2.5E1,4.210035169136E0,-2.476443375213E0));
#947=CARTESIAN_POINT('',(2.5E1,4.174627345307E0,-2.535714291684E0));
#949=CARTESIAN_POINT('',(2.5E1,4.5E0,-4.E0));
#950=DIRECTION('',(1.E0,0.E0,0.E0));
#951=DIRECTION('',(0.E0,0.E0,1.E0));
#952=AXIS2_PLACEMENT_3D('',#949,#950,#951);
#954=CARTESIAN_POINT('',(2.5E1,1.761261658649E1,-2.E0));
#955=CARTESIAN_POINT('',(2.5E1,1.746084109258E1,-2.167317111742E0));
#956=CARTESIAN_POINT('',(2.5E1,1.711472922303E1,-2.405881050053E0));
#957=CARTESIAN_POINT('',(2.5E1,1.670462559935E1,-2.5E0));
#958=CARTESIAN_POINT('',(2.5E1,1.647872558511E1,-2.5E0));
#960=CARTESIAN_POINT('',(2.5E1,4.174627347399E0,2.535714291219E0));
#961=CARTESIAN_POINT('',(2.5E1,4.210035171257E0,2.476443375048E0));
#962=CARTESIAN_POINT('',(2.499999999979E1,4.281487632435E0,2.357814943552E0));
#963=CARTESIAN_POINT('',(2.500000000074E1,4.390235959788E0,2.179244340705E0));
#964=CARTESIAN_POINT('',(2.499999999841E1,4.463349847905E0,2.059849447717E0));
#965=CARTESIAN_POINT('',(2.499999999841E1,4.5E0,2.E0));
#967=CARTESIAN_POINT('',(2.5E1,1.647872558511E1,2.5E0));
#968=CARTESIAN_POINT('',(2.5E1,1.670462559935E1,2.5E0));
#969=CARTESIAN_POINT('',(2.5E1,1.711472922303E1,2.405881050053E0));
#970=CARTESIAN_POINT('',(2.5E1,1.746084109258E1,2.167317111742E0));
#971=CARTESIAN_POINT('',(2.5E1,1.761261658649E1,2.E0));
#973=CARTESIAN_POINT('',(2.1E1,4.5E0,-7.499999994823E0));
#974=DIRECTION('',(1.E0,0.E0,0.E0));
#975=DIRECTION('',(0.E0,0.E0,1.E0));
#976=AXIS2_PLACEMENT_3D('',#973,#974,#975);
#978=CARTESIAN_POINT('',(2.1E1,4.5E0,-2.E0));
#979=DIRECTION('',(0.E0,-1.E0,0.E0));
#980=DIRECTION('',(0.E0,0.E0,-1.E0));
#981=AXIS2_PLACEMENT_3D('',#978,#979,#980);
#983=DIRECTION('',(-1.316130197377E-10,-1.E0,0.E0));
#984=VECTOR('',#983,1.311261658649E1);
#985=CARTESIAN_POINT('',(2.5E1,1.761261658649E1,-2.E0));
#986=LINE('934',#985,#984);
#987=DIRECTION('',(0.E0,0.E0,-1.E0));
#988=VECTOR('',#987,2.E0);
#989=CARTESIAN_POINT('',(2.5E1,1.8E1,1.E0));
#990=LINE('932',#989,#988);
#991=DIRECTION('',(0.E0,1.E0,-1.778514414489E-14));
#992=VECTOR('',#991,1.038738341351E1);
#993=CARTESIAN_POINT('',(2.5E1,1.761261658649E1,2.E0));
#994=LINE('968',#993,#992);
#995=DIRECTION('',(0.E0,-1.E0,0.E0));
#996=VECTOR('',#995,1.038738341351E1);
#997=CARTESIAN_POINT('',(2.5E1,2.8E1,-2.E0));
#998=LINE('967',#997,#996);
#999=DIRECTION('',(-2.925025681514E-8,0.E0,1.E0));
#1000=VECTOR('',#999,7.291579948477E0);
#1001=CARTESIAN_POINT('',(1.137480250751E2,3.E0,-3.645790861396E0));
#1002=LINE('966',#1001,#1000);
#1003=CARTESIAN_POINT('',(1.114940903797E2,3.380952560151E0,2.499990289611E0));
#1004=CARTESIAN_POINT('',(1.111977480934E2,3.431038580448E0,2.413246299405E0));
#1005=CARTESIAN_POINT('',(1.106142249038E2,3.529666075654E0,2.261916151293E0));
#1006=CARTESIAN_POINT('',(1.097808887223E2,3.670514125794E0,2.080025395959E0));
#1007=CARTESIAN_POINT('',(1.089680847506E2,3.807892703847E0,1.926585856495E0));
#1008=CARTESIAN_POINT('',(1.081693689696E2,3.942889901175E0,1.794254225008E0));
#1009=CARTESIAN_POINT('',(1.073704778343E2,4.077916796714E0,1.677072184620E0));
#1010=CARTESIAN_POINT('',(1.065672546494E2,4.213675869945E0,1.572467609280E0));
#1011=CARTESIAN_POINT('',(1.057672836770E2,4.348885265453E0,1.479840025303E0));
#1012=CARTESIAN_POINT('',(1.049700298360E2,4.483635416029E0,1.397697501539E0));
#1013=CARTESIAN_POINT('',(1.041507969776E2,4.622100413700E0,1.322832260108E0));
#1014=CARTESIAN_POINT('',(1.032745721530E2,4.770198072587E0,1.252575259924E0));
#1015=CARTESIAN_POINT('',(1.023051754607E2,4.934043441804E0,1.185880453288E0));
#1016=CARTESIAN_POINT('',(1.012434348103E2,5.113496593949E0,1.125392491188E0));
#1017=CARTESIAN_POINT('',(1.001127710200E2,5.304598976546E0,1.074453130665E0));
#1018=CARTESIAN_POINT('',(9.889925396140E1,5.509705088372E0,1.034314335592E0));
#1019=CARTESIAN_POINT('',(9.758014130345E1,5.732658573110E0,1.007095176490E0));
#1020=CARTESIAN_POINT('',(9.662114357391E1,5.894746667977E0,9.999992186703E-1));
#1021=CARTESIAN_POINT('',(9.612252285172E1,5.979022273245E0,9.999999657366E-1));
#1023=DIRECTION('',(-9.860153995798E-1,1.666542282435E-1,4.750141123712E-10));
#1024=VECTOR('',#1023,7.213124955455E1);
#1025=CARTESIAN_POINT('',(9.612252285172E1,5.979022273245E0,9.999999657366E-1));
#1026=LINE('900',#1025,#1024);
#1027=DIRECTION('',(9.860153996268E-1,-1.666542279653E-1,1.477171118745E-9));
#1028=VECTOR('',#1027,7.213124448649E1);
#1029=CARTESIAN_POINT('',(2.5E1,1.8E1,-1.E0));
#1030=LINE('881',#1029,#1028);
#1031=CARTESIAN_POINT('',(9.612251785793E1,5.979023137928E0,
-9.999998934498E-1));
#1032=CARTESIAN_POINT('',(9.659023591614E1,5.899970648535E0,
-9.999991002896E-1));
#1033=CARTESIAN_POINT('',(9.749315404195E1,5.747360959556E0,-1.006257473357E0));
#1034=CARTESIAN_POINT('',(9.874185037308E1,5.536309112754E0,-1.030472142209E0));
#1035=CARTESIAN_POINT('',(9.990925397969E1,5.338996993286E0,-1.066882989524E0));
#1036=CARTESIAN_POINT('',(1.010071331258E2,5.153435803055E0,-1.113836902360E0));
#1037=CARTESIAN_POINT('',(1.020200066861E2,4.982242062300E0,-1.168674788594E0));
#1038=CARTESIAN_POINT('',(1.029415080418E2,4.826491861249E0,-1.228652171911E0));
#1039=CARTESIAN_POINT('',(1.037957373884E2,4.682111831313E0,-1.293319749914E0));
#1040=CARTESIAN_POINT('',(1.046156955709E2,4.543524240868E0,-1.364187953126E0));
#1041=CARTESIAN_POINT('',(1.054303794052E2,4.405828109991E0,-1.443862564196E0));
#1042=CARTESIAN_POINT('',(1.062517408641E2,4.267003339315E0,-1.534541091249E0));
#1043=CARTESIAN_POINT('',(1.070704585116E2,4.128625427086E0,-1.636471854478E0));
#1044=CARTESIAN_POINT('',(1.078877481434E2,3.990488848697E0,-1.751212058632E0));
#1045=CARTESIAN_POINT('',(1.087109086631E2,3.851360083584E0,-1.881934215719E0));
#1046=CARTESIAN_POINT('',(1.095603645772E2,3.707786560012E0,-2.035769542658E0));
#1047=CARTESIAN_POINT('',(1.104710794547E2,3.553860545286E0,-2.227171937453E0));
#1048=CARTESIAN_POINT('',(1.111448344272E2,3.439981225134E0,-2.397761058038E0));
#1049=CARTESIAN_POINT('',(1.114941016402E2,3.380950656935E0,-2.499993604661E0));
#1051=CARTESIAN_POINT('',(1.112441766595E2,3.200959170825E0,3.250004717096E0));
#1052=CARTESIAN_POINT('',(1.113500365987E2,3.192013744407E0,3.265498729612E0));
#1053=CARTESIAN_POINT('',(1.115541631086E2,3.174761803288E0,3.296661604850E0));
#1054=CARTESIAN_POINT('',(1.118375372591E2,3.150814737646E0,3.343782720600E0));
#1055=CARTESIAN_POINT('',(1.120988495218E2,3.128731628680E0,3.391287015370E0));
#1056=CARTESIAN_POINT('',(1.123395506114E2,3.108390649501E0,3.439344415568E0));
#1057=CARTESIAN_POINT('',(1.125619123335E2,3.089599584380E0,3.488431360267E0));
#1058=CARTESIAN_POINT('',(1.127661832838E2,3.072337330775E0,3.538768391794E0));
#1059=CARTESIAN_POINT('',(1.129512590571E2,3.056696888146E0,3.590299659709E0));
#1060=CARTESIAN_POINT('',(1.131165447577E2,3.042727654804E0,3.643107547403E0));
#1061=CARTESIAN_POINT('',(1.132623420025E2,3.030404642850E0,3.697726172601E0));
#1062=CARTESIAN_POINT('',(1.133881494771E2,3.019772548939E0,3.754844965731E0));
#1063=CARTESIAN_POINT('',(1.134911519579E2,3.011068527246E0,3.814696069037E0));
#1064=CARTESIAN_POINT('',(1.135674173119E2,3.004633278953E0,3.876631180539E0));
#1065=CARTESIAN_POINT('',(1.136129069029E2,3.000767987868E0,3.940043097481E0));
#1066=CARTESIAN_POINT('',(1.136221638878E2,2.999999004662E0,3.980207030978E0));
#1067=CARTESIAN_POINT('',(1.136221140175E2,3.000000685940E0,4.E0));
#1069=CARTESIAN_POINT('',(1.137480248619E2,3.E0,3.645789087081E0));
#1070=CARTESIAN_POINT('',(1.137159095992E2,3.005433116710E0,3.599984500385E0));
#1071=CARTESIAN_POINT('',(1.136409552560E2,3.018090435272E0,3.511485626632E0));
#1072=CARTESIAN_POINT('',(1.134994426192E2,3.042013144435E0,3.384097333411E0));
#1073=CARTESIAN_POINT('',(1.133340303346E2,3.069969559907E0,3.263553748332E0));
#1074=CARTESIAN_POINT('',(1.131444005304E2,3.102020712896E0,3.146962744195E0));
#1075=CARTESIAN_POINT('',(1.129299856390E2,3.138260574921E0,3.033170782889E0));
#1076=CARTESIAN_POINT('',(1.126925746080E2,3.178387306824E0,2.922510704282E0));
#1077=CARTESIAN_POINT('',(1.124333173903E2,3.222206403737E0,2.814905474021E0));
#1078=CARTESIAN_POINT('',(1.121492157464E2,3.270224665860E0,2.708892515186E0));
#1079=CARTESIAN_POINT('',(1.118381720879E2,3.322796588832E0,2.603893801938E0));
#1080=CARTESIAN_POINT('',(1.116118756094E2,3.361044776548E0,2.534470985721E0));
#1081=CARTESIAN_POINT('',(1.114940903797E2,3.380952560151E0,2.499990289611E0));
#1083=CARTESIAN_POINT('',(2.5E1,4.5E0,4.E0));
#1084=DIRECTION('',(1.E0,0.E0,0.E0));
#1085=DIRECTION('',(0.E0,-2.169151017342E-1,-9.761904725204E-1));
#1086=AXIS2_PLACEMENT_3D('',#1083,#1084,#1085);
#1088=DIRECTION('',(-9.860153996178E-1,1.666542280191E-1,1.790112171819E-10));
#1089=VECTOR('',#1088,7.187771781034E1);
#1090=CARTESIAN_POINT('',(9.587253665037E1,4.500000011657E0,2.499999987133E0));
#1091=LINE('901',#1090,#1089);
#1092=DIRECTION('',(1.E0,1.644758331024E-10,-1.815501231028E-10));
#1093=VECTOR('',#1092,7.087253665037E1);
#1094=CARTESIAN_POINT('',(2.5E1,4.5E0,2.5E0));
#1095=LINE('903',#1094,#1093);
#1096=DIRECTION('',(0.E0,-1.E0,0.E0));
#1097=VECTOR('',#1096,1.197872558511E1);
#1098=CARTESIAN_POINT('',(2.5E1,1.647872558511E1,2.5E0));
#1099=LINE('937',#1098,#1097);
#1100=CARTESIAN_POINT('',(2.5E1,1.761261658649E1,2.E0));
#1101=CARTESIAN_POINT('',(2.5E1,1.787006018638E1,1.716194502396E0));
#1102=CARTESIAN_POINT('',(2.5E1,1.8E1,1.383174591536E0));
#1103=CARTESIAN_POINT('',(2.5E1,1.8E1,1.E0));
#1105=CARTESIAN_POINT('',(1.112441401104E2,1.901924209027E0,2.499999271929E0));
#1106=DIRECTION('',(-9.473384386396E-1,1.601171307211E-1,-2.773308261364E-1));
#1107=DIRECTION('',(1.956410187647E-6,8.660281574820E-1,4.999952304218E-1));
#1108=AXIS2_PLACEMENT_3D('',#1105,#1106,#1107);
#1110=CARTESIAN_POINT('',(9.587253665037E1,4.500000011657E0,2.499999987133E0));
#1111=CARTESIAN_POINT('',(9.637115869480E1,4.457862114192E0,2.499999799060E0));
#1112=CARTESIAN_POINT('',(9.733016216662E1,4.376817604860E0,2.503547573271E0));
#1113=CARTESIAN_POINT('',(9.864927284632E1,4.265341014384E0,2.517157223147E0));
#1114=CARTESIAN_POINT('',(9.986279041934E1,4.162787918185E0,2.537226597738E0));
#1115=CARTESIAN_POINT('',(1.009934538328E2,4.067236761199E0,2.562696276174E0));
#1116=CARTESIAN_POINT('',(1.020551950071E2,3.977510135554E0,2.592940261933E0));
#1117=CARTESIAN_POINT('',(1.030245919338E2,3.895587423728E0,2.626287674302E0));
#1118=CARTESIAN_POINT('',(1.039008162190E2,3.821538641853E0,2.661416156094E0));
#1119=CARTESIAN_POINT('',(1.047200484140E2,3.752306202293E0,2.698848743352E0));
#1120=CARTESIAN_POINT('',(1.055173017209E2,3.684931192949E0,2.739919973818E0));
#1121=CARTESIAN_POINT('',(1.063172721955E2,3.617326531273E0,2.786233708620E0));
#1122=CARTESIAN_POINT('',(1.071204965728E2,3.549446990053E0,2.838536085005E0));
#1123=CARTESIAN_POINT('',(1.079193831424E2,3.481933711461E0,2.897126651509E0));
#1124=CARTESIAN_POINT('',(1.087181142234E2,3.414434680235E0,2.963293836889E0));
#1125=CARTESIAN_POINT('',(1.095308577759E2,3.345748158829E0,3.040007579757E0));
#1126=CARTESIAN_POINT('',(1.103644160437E2,3.275313387538E0,3.130974961392E0));
#1127=CARTESIAN_POINT('',(1.109473852228E2,3.226031586847E0,3.206579208344E0));
#1128=CARTESIAN_POINT('',(1.112441766595E2,3.200959170825E0,3.250004717096E0));
#1130=CARTESIAN_POINT('',(9.587253650865E1,4.5E0,9.999998970647E-1));
#1131=DIRECTION('',(9.860153995363E-1,-1.666542285008E-1,-2.279948989713E-8));
#1132=DIRECTION('',(1.666542285008E-1,9.860153995363E-1,6.862356032959E-8));
#1133=AXIS2_PLACEMENT_3D('',#1130,#1131,#1132);
#1135=CARTESIAN_POINT('',(2.5E1,1.8E1,-1.E0));
#1136=CARTESIAN_POINT('',(2.5E1,1.8E1,-1.383174591536E0));
#1137=CARTESIAN_POINT('',(2.5E1,1.787006018638E1,-1.716194502396E0));
#1138=CARTESIAN_POINT('',(2.5E1,1.761261658649E1,-2.E0));
#1140=DIRECTION('',(9.860153996285E-1,-1.666542279556E-1,3.707483542536E-10));
#1141=VECTOR('',#1140,7.187771782850E1);
#1142=CARTESIAN_POINT('',(2.5E1,1.647872558511E1,-2.5E0));
#1143=LINE('880',#1142,#1141);
#1144=DIRECTION('',(0.E0,-1.E0,0.E0));
#1145=VECTOR('',#1144,1.197872558511E1);
#1146=CARTESIAN_POINT('',(2.5E1,1.647872558511E1,-2.5E0));
#1147=LINE('938',#1146,#1145);
#1148=DIRECTION('',(-1.E0,-1.861289657005E-10,-3.760066570901E-10));
#1149=VECTOR('',#1148,7.087253666905E1);
#1150=CARTESIAN_POINT('',(9.587253666905E1,4.500000013191E0,-2.499999973351E0));
#1151=LINE('883',#1150,#1149);
#1152=CARTESIAN_POINT('',(2.5E1,4.174627345307E0,-2.535714291684E0));
#1153=CARTESIAN_POINT('',(2.501800731861E1,4.082011398831E0,-2.556294084412E0));
#1154=CARTESIAN_POINT('',(2.507052121085E1,3.894710207083E0,-2.616529851549E0));
#1155=CARTESIAN_POINT('',(2.519989650228E1,3.623414150764E0,-2.768741196578E0));
#1156=CARTESIAN_POINT('',(2.538110647530E1,3.373328626753E0,-2.990024283108E0));
#1157=CARTESIAN_POINT('',(2.560722036803E1,3.167620046354E0,-3.279498490179E0));
#1158=CARTESIAN_POINT('',(2.586344562260E1,3.031583884810E0,-3.625765740438E0));
#1159=CARTESIAN_POINT('',(2.603697189728E1,2.999999999781E0,-3.873371862970E0));
#1160=CARTESIAN_POINT('',(2.612347538298E1,3.E0,-4.E0));
#1162=CARTESIAN_POINT('',(1.114941016402E2,3.380950656935E0,-2.499993604661E0));
#1163=CARTESIAN_POINT('',(1.115946347872E2,3.363958769772E0,-2.529424087369E0));
#1164=CARTESIAN_POINT('',(1.117881338329E2,3.331253954975E0,-2.588389060735E0));
#1165=CARTESIAN_POINT('',(1.120544803349E2,3.286236641814E0,-2.676330204232E0));
#1166=CARTESIAN_POINT('',(1.123005188890E2,3.244651726133E0,-2.764542496040E0));
#1167=CARTESIAN_POINT('',(1.125279312450E2,3.206214973294E0,-2.853414753510E0));
#1168=CARTESIAN_POINT('',(1.127385406618E2,3.170618216665E0,-2.943583895808E0));
#1169=CARTESIAN_POINT('',(1.129330836857E2,3.137736968842E0,-3.035476902297E0));
#1170=CARTESIAN_POINT('',(1.131116537200E2,3.107555437839E0,-3.129386104406E0));
#1171=CARTESIAN_POINT('',(1.132740655099E2,3.080104953595E0,-3.225605739653E0));
#1172=CARTESIAN_POINT('',(1.134201017449E2,3.055422176332E0,-3.324622751825E0));
#1173=CARTESIAN_POINT('',(1.135492158236E2,3.033599749535E0,-3.427035472934E0));
#1174=CARTESIAN_POINT('',(1.136605278652E2,3.014785425539E0,-3.533724566895E0));
#1175=CARTESIAN_POINT('',(1.137212516704E2,3.004523507678E0,-3.607784373742E0));
#1176=CARTESIAN_POINT('',(1.137480250751E2,3.E0,-3.645790861396E0));
#1178=CARTESIAN_POINT('',(1.112441409378E2,1.901924069181E0,-2.499999514101E0));
#1179=DIRECTION('',(9.473384229670E-1,-1.601171280722E-1,-2.773308812021E-1));
#1180=DIRECTION('',(1.245029731460E-6,8.660271518338E-1,-4.999969722759E-1));
#1181=AXIS2_PLACEMENT_3D('',#1178,#1179,#1180);
#1183=CARTESIAN_POINT('',(1.136221227892E2,3.000000396333E0,-4.E0));
#1184=CARTESIAN_POINT('',(1.136221757540E2,2.999998589608E0,-3.979165395422E0));
#1185=CARTESIAN_POINT('',(1.136117763845E2,3.000865596770E0,-3.938068522103E0));
#1186=CARTESIAN_POINT('',(1.135679278869E2,3.004584675952E0,-3.877930009885E0));
#1187=CARTESIAN_POINT('',(1.134985399788E2,3.010447651810E0,-3.820241641255E0));
#1188=CARTESIAN_POINT('',(1.134067117628E2,3.018207615438E0,-3.764850097775E0));
#1189=CARTESIAN_POINT('',(1.132952192561E2,3.027628767572E0,-3.711804268223E0));
#1190=CARTESIAN_POINT('',(1.131659791943E2,3.038550179113E0,-3.660816343462E0));
#1191=CARTESIAN_POINT('',(1.130199719892E2,3.050888730144E0,-3.611516949943E0));
#1192=CARTESIAN_POINT('',(1.128576941374E2,3.064602442998E0,-3.563595251234E0));
#1193=CARTESIAN_POINT('',(1.126793727585E2,3.079672065058E0,-3.516818700248E0));
#1194=CARTESIAN_POINT('',(1.124851858722E2,3.096082523797E0,-3.471041026488E0));
#1195=CARTESIAN_POINT('',(1.122750317575E2,3.113842408471E0,-3.426116645201E0));
#1196=CARTESIAN_POINT('',(1.120481633454E2,3.133014793125E0,-3.381832068521E0));
#1197=CARTESIAN_POINT('',(1.118027831050E2,3.153751752877E0,-3.337874108336E0));
#1198=CARTESIAN_POINT('',(1.115371850519E2,3.176196800164E0,-3.294045810144E0));
#1199=CARTESIAN_POINT('',(1.113443578034E2,3.192493528357E0,-3.264667691992E0));
#1200=CARTESIAN_POINT('',(1.112441658437E2,3.200960148466E0,-3.250003023764E0));
#1202=CARTESIAN_POINT('',(9.587253650865E1,4.5E0,-9.999997868116E-1));
#1203=DIRECTION('',(9.860153995363E-1,-1.666542285008E-1,2.441587946926E-8));
#1204=DIRECTION('',(2.407443673197E-8,-4.069014465611E-9,-1.E0));
#1205=AXIS2_PLACEMENT_3D('',#1202,#1203,#1204);
#1207=CARTESIAN_POINT('',(1.112441658437E2,3.200960148466E0,-3.250003023764E0));
#1208=CARTESIAN_POINT('',(1.108941257558E2,3.230527785900E0,-3.198792621441E0));
#1209=CARTESIAN_POINT('',(1.102214228083E2,3.287401784307E0,-3.113620931023E0));
#1210=CARTESIAN_POINT('',(1.093102885426E2,3.364386966981E0,-3.017874414049E0));
#1211=CARTESIAN_POINT('',(1.084609483504E2,3.436167999529E0,-2.940969298961E0));
#1212=CARTESIAN_POINT('',(1.076377587643E2,3.505733365750E0,-2.875605169665E0));
#1213=CARTESIAN_POINT('',(1.068204777555E2,3.574801335856E0,-2.818236021117E0));
#1214=CARTESIAN_POINT('',(1.060017581454E2,3.643990290502E0,-2.767270429884E0));
#1215=CARTESIAN_POINT('',(1.051803971482E2,3.713402665377E0,-2.721931246795E0));
#1216=CARTESIAN_POINT('',(1.043657137722E2,3.782250659972E0,-2.682093961306E0));
#1217=CARTESIAN_POINT('',(1.035457564377E2,3.851544378488E0,-2.646659903243E0));
#1218=CARTESIAN_POINT('',(1.026915277416E2,3.923734334364E0,-2.614326137779E0));
#1219=CARTESIAN_POINT('',(1.017700266878E2,4.001609412683E0,-2.584337455375E0));
#1220=CARTESIAN_POINT('',(1.007571525808E2,4.087206334853E0,-2.556918508437E0));
#1221=CARTESIAN_POINT('',(9.965927327887E1,4.179986951027E0,-2.533441553606E0));
#1222=CARTESIAN_POINT('',(9.849186901540E1,4.278643044754E0,-2.515236156608E0));
#1223=CARTESIAN_POINT('',(9.724317567736E1,4.384168784436E0,-2.503128769369E0));
#1224=CARTESIAN_POINT('',(9.634024945893E1,4.460474147602E0,-2.499999773745E0));
#1225=CARTESIAN_POINT('',(9.587253666905E1,4.500000013191E0,-2.499999973351E0));
#1227=DIRECTION('',(1.E0,0.E0,5.927389299098E-12));
#1228=VECTOR('',#1227,1.699999999783E1);
#1229=CARTESIAN_POINT('',(4.000000001032E0,4.5E0,-5.999999998806E0));
#1230=LINE('886',#1229,#1228);
#1231=DIRECTION('',(-4.825703902672E-11,-1.E0,5.507840046932E-11));
#1232=VECTOR('',#1231,2.35E1);
#1233=CARTESIAN_POINT('',(2.1E1,2.8E1,-6.E0));
#1234=LINE('924',#1233,#1232);
#1235=DIRECTION('',(4.392250156962E-11,-1.E0,5.079050182796E-11));
#1236=VECTOR('',#1235,2.35E1);
#1237=CARTESIAN_POINT('',(4.E0,2.8E1,-6.E0));
#1238=LINE('928',#1237,#1236);
#1239=CARTESIAN_POINT('',(4.E0,4.5E0,-7.5E0));
#1240=DIRECTION('',(1.E0,0.E0,0.E0));
#1241=DIRECTION('',(0.E0,0.E0,1.E0));
#1242=AXIS2_PLACEMENT_3D('',#1239,#1240,#1241);
#1244=CARTESIAN_POINT('',(1.591435427883E-9,4.5E0,-2.E0));
#1245=CARTESIAN_POINT('',(1.591435393069E-9,4.323464005287E0,
-2.288282072015E0));
#1246=CARTESIAN_POINT('',(-7.386087638633E-10,3.984507422412E0,
-2.842876463149E0));
#1247=CARTESIAN_POINT('',(1.979775839175E-10,3.554677248863E0,
-3.639549415842E0));
#1248=CARTESIAN_POINT('',(-5.330157180679E-11,3.236494923017E0,
-4.397121338940E0));
#1249=CARTESIAN_POINT('',(1.522870330965E-11,3.042580070659E0,
-5.117308111248E0));
#1250=CARTESIAN_POINT('',(0.E0,2.999999999533E0,-5.561132195464E0));
#1251=CARTESIAN_POINT('',(0.E0,3.E0,-5.774917217635E0));
#1253=CARTESIAN_POINT('',(4.E0,4.5E0,-2.E0));
#1254=DIRECTION('',(0.E0,-1.E0,0.E0));
#1255=DIRECTION('',(-1.E0,0.E0,0.E0));
#1256=AXIS2_PLACEMENT_3D('',#1253,#1254,#1255);
#1258=CARTESIAN_POINT('',(2.1E1,4.5E0,7.5E0));
#1259=DIRECTION('',(-1.E0,0.E0,0.E0));
#1260=DIRECTION('',(0.E0,0.E0,-1.E0));
#1261=AXIS2_PLACEMENT_3D('',#1258,#1259,#1260);
#1263=DIRECTION('',(-1.E0,0.E0,-5.927389299001E-12));
#1264=VECTOR('',#1263,1.699999999811E1);
#1265=CARTESIAN_POINT('',(2.099999999896E1,4.5E0,5.999999998806E0));
#1266=LINE('906',#1265,#1264);
#1267=DIRECTION('',(3.617433539477E-11,-1.E0,-5.507840046932E-11));
#1268=VECTOR('',#1267,2.35E1);
#1269=CARTESIAN_POINT('',(4.E0,2.8E1,6.E0));
#1270=LINE('926',#1269,#1268);
#1271=DIRECTION('',(-4.427044074119E-11,-1.E0,-5.079050182796E-11));
#1272=VECTOR('',#1271,2.35E1);
#1273=CARTESIAN_POINT('',(2.1E1,2.8E1,6.E0));
#1274=LINE('923',#1273,#1272);
#1275=DIRECTION('',(0.E0,-1.E0,0.E0));
#1276=VECTOR('',#1275,1.517E1);
#1277=CARTESIAN_POINT('',(2.175E1,2.8E1,0.E0));
#1278=LINE('451',#1277,#1276);
#1279=DIRECTION('',(0.E0,-1.E0,0.E0));
#1280=VECTOR('',#1279,1.517E1);
#1281=CARTESIAN_POINT('',(1.825E1,2.8E1,0.E0));
#1282=LINE('452',#1281,#1280);
#1283=CARTESIAN_POINT('',(2.E1,1.283E1,0.E0));
#1284=DIRECTION('',(0.E0,-1.E0,0.E0));
#1285=DIRECTION('',(1.E0,0.E0,0.E0));
#1286=AXIS2_PLACEMENT_3D('',#1283,#1284,#1285);
#1288=CARTESIAN_POINT('',(2.E1,1.283E1,0.E0));
#1289=DIRECTION('',(0.E0,-1.E0,0.E0));
#1290=DIRECTION('',(-1.E0,0.E0,0.E0));
#1291=AXIS2_PLACEMENT_3D('',#1288,#1289,#1290);
#1293=DIRECTION('',(0.E0,-1.E0,0.E0));
#1294=VECTOR('',#1293,1.517E1);
#1295=CARTESIAN_POINT('',(6.75E0,2.8E1,0.E0));
#1296=LINE('479',#1295,#1294);
#1297=DIRECTION('',(0.E0,-1.E0,0.E0));
#1298=VECTOR('',#1297,1.517E1);
#1299=CARTESIAN_POINT('',(3.25E0,2.8E1,0.E0));
#1300=LINE('480',#1299,#1298);
#1301=CARTESIAN_POINT('',(5.E0,1.283E1,0.E0));
#1302=DIRECTION('',(0.E0,-1.E0,0.E0));
#1303=DIRECTION('',(1.E0,0.E0,0.E0));
#1304=AXIS2_PLACEMENT_3D('',#1301,#1302,#1303);
#1306=CARTESIAN_POINT('',(5.E0,1.283E1,0.E0));
#1307=DIRECTION('',(0.E0,-1.E0,0.E0));
#1308=DIRECTION('',(-1.E0,0.E0,0.E0));
#1309=AXIS2_PLACEMENT_3D('',#1306,#1307,#1308);
#1311=CARTESIAN_POINT('',(1.16E2,0.E0,-1.E1));
#1312=CARTESIAN_POINT('',(1.2E2,0.E0,-6.E0));
#1313=VERTEX_POINT('',#1311);
#1314=VERTEX_POINT('',#1312);
#1315=CARTESIAN_POINT('',(1.2E2,3.E0,-6.E0));
#1316=VERTEX_POINT('',#1315);
#1317=CARTESIAN_POINT('',(1.16E2,3.E0,-1.E1));
#1318=VERTEX_POINT('',#1317);
#1319=CARTESIAN_POINT('',(0.E0,0.E0,-6.E0));
#1320=CARTESIAN_POINT('',(4.E0,0.E0,-1.E1));
#1321=VERTEX_POINT('',#1319);
#1322=VERTEX_POINT('',#1320);
#1323=CARTESIAN_POINT('',(4.E0,3.E0,-1.E1));
#1324=VERTEX_POINT('',#1323);
#1325=CARTESIAN_POINT('',(0.E0,3.E0,-6.E0));
#1326=VERTEX_POINT('',#1325);
#1327=CARTESIAN_POINT('',(2.1E1,2.8E1,6.E0));
#1328=CARTESIAN_POINT('',(2.5E1,2.8E1,2.E0));
#1329=VERTEX_POINT('',#1327);
#1330=VERTEX_POINT('',#1328);
#1331=CARTESIAN_POINT('',(2.5E1,2.8E1,-2.E0));
#1332=CARTESIAN_POINT('',(2.1E1,2.8E1,-6.E0));
#1333=VERTEX_POINT('',#1331);
#1334=VERTEX_POINT('',#1332);
#1335=CARTESIAN_POINT('',(0.E0,2.8E1,2.E0));
#1336=CARTESIAN_POINT('',(4.E0,2.8E1,6.E0));
#1337=VERTEX_POINT('',#1335);
#1338=VERTEX_POINT('',#1336);
#1339=CARTESIAN_POINT('',(4.E0,2.8E1,-6.E0));
#1340=CARTESIAN_POINT('',(0.E0,2.8E1,-2.E0));
#1341=VERTEX_POINT('',#1339);
#1342=VERTEX_POINT('',#1340);
#1343=CARTESIAN_POINT('',(2.175E1,1.283E1,0.E0));
#1344=CARTESIAN_POINT('',(1.825E1,1.283E1,0.E0));
#1345=VERTEX_POINT('',#1343);
#1346=VERTEX_POINT('',#1344);
#1347=CARTESIAN_POINT('',(2.175E1,2.8E1,0.E0));
#1348=CARTESIAN_POINT('',(1.825E1,2.8E1,0.E0));
#1349=VERTEX_POINT('',#1347);
#1350=VERTEX_POINT('',#1348);
#1351=CARTESIAN_POINT('',(6.75E0,1.283E1,0.E0));
#1352=CARTESIAN_POINT('',(3.25E0,1.283E1,0.E0));
#1353=VERTEX_POINT('',#1351);
#1354=VERTEX_POINT('',#1352);
#1355=CARTESIAN_POINT('',(6.75E0,2.8E1,0.E0));
#1356=CARTESIAN_POINT('',(3.25E0,2.8E1,0.E0));
#1357=VERTEX_POINT('',#1355);
#1358=VERTEX_POINT('',#1356);
#1359=VERTEX_POINT('',#954);
#1360=VERTEX_POINT('',#958);
#1361=CARTESIAN_POINT('',(9.587253666905E1,4.500000013191E0,-2.499999973351E0));
#1362=VERTEX_POINT('',#1361);
#1363=CARTESIAN_POINT('',(2.5E1,1.8E1,-1.E0));
#1364=CARTESIAN_POINT('',(9.612251785793E1,5.979023137928E0,
-9.999998934498E-1));
#1365=VERTEX_POINT('',#1363);
#1366=VERTEX_POINT('',#1364);
#1367=CARTESIAN_POINT('',(1.136221227892E2,3.000000396333E0,-4.E0));
#1368=CARTESIAN_POINT('',(2.612347538298E1,3.E0,-4.E0));
#1369=VERTEX_POINT('',#1367);
#1370=VERTEX_POINT('',#1368);
#1371=CARTESIAN_POINT('',(2.5E1,4.5E0,-2.5E0));
#1372=VERTEX_POINT('',#1371);
#1373=CARTESIAN_POINT('',(3.472223397694E-9,3.E0,-5.774917214359E0));
#1374=CARTESIAN_POINT('',(4.E0,3.E0,-7.499999995226E0));
#1375=VERTEX_POINT('',#1373);
#1376=VERTEX_POINT('',#1374);
#1377=CARTESIAN_POINT('',(0.E0,4.5E0,-2.E0));
#1378=CARTESIAN_POINT('',(4.E0,4.5E0,-6.E0));
#1379=VERTEX_POINT('',#1377);
#1380=VERTEX_POINT('',#1378);
#1381=CARTESIAN_POINT('',(2.099999999887E1,4.5E0,-5.999999998706E0));
#1382=VERTEX_POINT('',#1381);
#1383=CARTESIAN_POINT('',(2.099999999961E1,3.E0,-7.499999999892E0));
#1384=VERTEX_POINT('',#1383);
#1385=CARTESIAN_POINT('',(2.5E1,4.5E0,-2.E0));
#1386=VERTEX_POINT('',#1385);
#1387=VERTEX_POINT('',#1049);
#1388=VERTEX_POINT('',#967);
#1389=VERTEX_POINT('',#971);
#1390=CARTESIAN_POINT('',(9.612252285172E1,5.979022273245E0,9.999999657366E-1));
#1391=CARTESIAN_POINT('',(2.5E1,1.8E1,1.E0));
#1392=VERTEX_POINT('',#1390);
#1393=VERTEX_POINT('',#1391);
#1394=CARTESIAN_POINT('',(9.587253665037E1,4.500000011657E0,2.499999987133E0));
#1395=VERTEX_POINT('',#1394);
#1396=CARTESIAN_POINT('',(2.612347538298E1,3.E0,4.E0));
#1397=CARTESIAN_POINT('',(1.136221140175E2,3.000000685940E0,4.E0));
#1398=VERTEX_POINT('',#1396);
#1399=VERTEX_POINT('',#1397);
#1400=CARTESIAN_POINT('',(2.5E1,4.5E0,2.5E0));
#1401=VERTEX_POINT('',#1400);
#1402=CARTESIAN_POINT('',(4.E0,4.5E0,6.E0));
#1403=CARTESIAN_POINT('',(0.E0,4.5E0,2.E0));
#1404=VERTEX_POINT('',#1402);
#1405=VERTEX_POINT('',#1403);
#1406=CARTESIAN_POINT('',(4.E0,3.E0,7.499999994823E0));
#1407=CARTESIAN_POINT('',(3.765357803331E-9,3.E0,5.774917214082E0));
#1408=VERTEX_POINT('',#1406);
#1409=VERTEX_POINT('',#1407);
#1410=CARTESIAN_POINT('',(2.099999999896E1,4.5E0,5.999999998806E0));
#1411=VERTEX_POINT('',#1410);
#1412=CARTESIAN_POINT('',(2.099999999966E1,3.E0,7.499999999912E0));
#1413=VERTEX_POINT('',#1412);
#1414=CARTESIAN_POINT('',(2.5E1,4.5E0,2.E0));
#1415=VERTEX_POINT('',#1414);
#1416=VERTEX_POINT('',#1003);
#1417=VERTEX_POINT('',#297);
#1418=VERTEX_POINT('',#295);
#1419=CARTESIAN_POINT('',(1.112441430450E2,3.200966445239E0,3.249992117556E0));
#1420=VERTEX_POINT('',#1419);
#1421=CARTESIAN_POINT('',(1.112441428053E2,3.200964796932E0,-3.249994972515E0));
#1422=VERTEX_POINT('',#1421);
#1423=VERTEX_POINT('',#932);
#1424=CARTESIAN_POINT('',(2.5E1,4.174627345307E0,-2.535714291684E0));
#1425=VERTEX_POINT('',#1424);
#1426=CARTESIAN_POINT('',(2.175E1,1.283E1,1.6E2));
#1427=CARTESIAN_POINT('',(1.825E1,1.283E1,1.6E2));
#1428=VERTEX_POINT('',#1426);
#1429=VERTEX_POINT('',#1427);
#1430=CARTESIAN_POINT('',(2.175E1,2.8E1,1.6E2));
#1431=VERTEX_POINT('',#1430);
#1432=CARTESIAN_POINT('',(1.825E1,2.8E1,1.6E2));
#1433=VERTEX_POINT('',#1432);
#1434=CARTESIAN_POINT('',(6.75E0,1.283E1,1.6E2));
#1435=CARTESIAN_POINT('',(3.25E0,1.283E1,1.6E2));
#1436=VERTEX_POINT('',#1434);
#1437=VERTEX_POINT('',#1435);
#1438=CARTESIAN_POINT('',(6.75E0,2.8E1,1.6E2));
#1439=VERTEX_POINT('',#1438);
#1440=CARTESIAN_POINT('',(3.25E0,2.8E1,1.6E2));
#1441=VERTEX_POINT('',#1440);
#1442=CARTESIAN_POINT('',(1.16E2,3.E0,1.7E2));
#1443=CARTESIAN_POINT('',(1.2E2,3.E0,1.66E2));
#1444=VERTEX_POINT('',#1442);
#1445=VERTEX_POINT('',#1443);
#1446=CARTESIAN_POINT('',(1.2E2,0.E0,1.66E2));
#1447=VERTEX_POINT('',#1446);
#1448=CARTESIAN_POINT('',(1.16E2,0.E0,1.7E2));
#1449=VERTEX_POINT('',#1448);
#1450=CARTESIAN_POINT('',(0.E0,3.E0,1.66E2));
#1451=CARTESIAN_POINT('',(4.E0,3.E0,1.7E2));
#1452=VERTEX_POINT('',#1450);
#1453=VERTEX_POINT('',#1451);
#1454=CARTESIAN_POINT('',(4.E0,0.E0,1.7E2));
#1455=VERTEX_POINT('',#1454);
#1456=CARTESIAN_POINT('',(0.E0,0.E0,1.66E2));
#1457=VERTEX_POINT('',#1456);
#1458=CARTESIAN_POINT('',(2.5E1,2.8E1,1.58E2));
#1459=CARTESIAN_POINT('',(2.1E1,2.8E1,1.54E2));
#1460=VERTEX_POINT('',#1458);
#1461=VERTEX_POINT('',#1459);
#1462=CARTESIAN_POINT('',(2.1E1,2.8E1,1.66E2));
#1463=CARTESIAN_POINT('',(2.5E1,2.8E1,1.62E2));
#1464=VERTEX_POINT('',#1462);
#1465=VERTEX_POINT('',#1463);
#1466=CARTESIAN_POINT('',(4.E0,2.8E1,1.54E2));
#1467=CARTESIAN_POINT('',(0.E0,2.8E1,1.58E2));
#1468=VERTEX_POINT('',#1466);
#1469=VERTEX_POINT('',#1467);
#1470=CARTESIAN_POINT('',(0.E0,2.8E1,1.62E2));
#1471=CARTESIAN_POINT('',(4.E0,2.8E1,1.66E2));
#1472=VERTEX_POINT('',#1470);
#1473=VERTEX_POINT('',#1471);
#1474=VERTEX_POINT('',#475);
#1475=VERTEX_POINT('',#479);
#1476=CARTESIAN_POINT('',(9.612252250040E1,5.979022331304E0,1.609999999681E2));
#1477=CARTESIAN_POINT('',(2.5E1,1.8E1,1.61E2));
#1478=VERTEX_POINT('',#1476);
#1479=VERTEX_POINT('',#1477);
#1480=CARTESIAN_POINT('',(9.587253664724E1,4.500000011399E0,1.624999999880E2));
#1481=VERTEX_POINT('',#1480);
#1482=CARTESIAN_POINT('',(2.612347538298E1,3.E0,1.64E2));
#1483=CARTESIAN_POINT('',(1.136221124589E2,3.000000758295E0,1.64E2));
#1484=VERTEX_POINT('',#1482);
#1485=VERTEX_POINT('',#1483);
#1486=CARTESIAN_POINT('',(2.5E1,4.5E0,1.625E2));
#1487=VERTEX_POINT('',#1486);
#1488=CARTESIAN_POINT('',(4.E0,4.5E0,1.66E2));
#1489=CARTESIAN_POINT('',(0.E0,4.5E0,1.62E2));
#1490=VERTEX_POINT('',#1488);
#1491=VERTEX_POINT('',#1489);
#1492=CARTESIAN_POINT('',(4.E0,3.E0,1.674999999952E2));
#1493=CARTESIAN_POINT('',(3.472231391299E-9,3.E0,1.657749172144E2));
#1494=VERTEX_POINT('',#1492);
#1495=VERTEX_POINT('',#1493);
#1496=CARTESIAN_POINT('',(2.099999999936E1,4.5E0,1.659999999987E2));
#1497=VERTEX_POINT('',#1496);
#1498=CARTESIAN_POINT('',(2.099999999978E1,3.E0,1.674999999999E2));
#1499=VERTEX_POINT('',#1498);
#1500=CARTESIAN_POINT('',(2.5E1,4.5E0,1.62E2));
#1501=VERTEX_POINT('',#1500);
#1502=VERTEX_POINT('',#622);
#1503=VERTEX_POINT('',#493);
#1504=VERTEX_POINT('',#497);
#1505=CARTESIAN_POINT('',(9.587253666937E1,4.500000013218E0,1.575000000271E2));
#1506=VERTEX_POINT('',#1505);
#1507=CARTESIAN_POINT('',(2.5E1,1.8E1,1.59E2));
#1508=CARTESIAN_POINT('',(9.612251785803E1,5.979023138546E0,1.590000001082E2));
#1509=VERTEX_POINT('',#1507);
#1510=VERTEX_POINT('',#1508);
#1511=CARTESIAN_POINT('',(1.136221384664E2,2.999999997787E0,1.56E2));
#1512=CARTESIAN_POINT('',(2.612347538298E1,3.E0,1.56E2));
#1513=VERTEX_POINT('',#1511);
#1514=VERTEX_POINT('',#1512);
#1515=CARTESIAN_POINT('',(2.5E1,4.5E0,1.575E2));
#1516=VERTEX_POINT('',#1515);
#1517=CARTESIAN_POINT('',(3.765337375228E-9,3.E0,1.542250827859E2));
#1518=CARTESIAN_POINT('',(4.E0,3.E0,1.525000000052E2));
#1519=VERTEX_POINT('',#1517);
#1520=VERTEX_POINT('',#1518);
#1521=CARTESIAN_POINT('',(0.E0,4.5E0,1.58E2));
#1522=CARTESIAN_POINT('',(4.E0,4.5E0,1.54E2));
#1523=VERTEX_POINT('',#1521);
#1524=VERTEX_POINT('',#1522);
#1525=CARTESIAN_POINT('',(2.099999999957E1,4.5E0,1.540000000012E2));
#1526=VERTEX_POINT('',#1525);
#1527=CARTESIAN_POINT('',(2.099999999985E1,3.E0,1.525E2));
#1528=VERTEX_POINT('',#1527);
#1529=CARTESIAN_POINT('',(2.5E1,4.5E0,1.58E2));
#1530=VERTEX_POINT('',#1529);
#1531=VERTEX_POINT('',#616);
#1532=VERTEX_POINT('',#243);
#1533=VERTEX_POINT('',#245);
#1534=CARTESIAN_POINT('',(1.112441428528E2,3.200966143971E0,1.567500073607E2));
#1535=VERTEX_POINT('',#1534);
#1536=CARTESIAN_POINT('',(1.112441429942E2,3.200965054054E0,1.632499945272E2));
#1537=VERTEX_POINT('',#1536);
#1538=CARTESIAN_POINT('',(2.5E1,4.174627347399E0,1.574642857088E2));
#1539=VERTEX_POINT('',#1538);
#1540=VERTEX_POINT('',#714);
#1541=CARTESIAN_POINT('',(9.643863682918E1,0.E0,1.E1));
#1542=CARTESIAN_POINT('',(9.643863682918E1,3.E0,1.E1));
#1543=VERTEX_POINT('',#1541);
#1544=VERTEX_POINT('',#1542);
#1545=CARTESIAN_POINT('',(2.356136317082E1,0.E0,1.E1));
#1546=CARTESIAN_POINT('',(2.356136317082E1,3.E0,1.E1));
#1547=VERTEX_POINT('',#1545);
#1548=VERTEX_POINT('',#1546);
#1549=CARTESIAN_POINT('',(9.643863682918E1,0.E0,1.5E2));
#1550=CARTESIAN_POINT('',(9.643863682918E1,3.E0,1.5E2));
#1551=VERTEX_POINT('',#1549);
#1552=VERTEX_POINT('',#1550);
#1553=CARTESIAN_POINT('',(2.356136317082E1,0.E0,1.5E2));
#1554=CARTESIAN_POINT('',(2.356136317082E1,3.E0,1.5E2));
#1555=VERTEX_POINT('',#1553);
#1556=VERTEX_POINT('',#1554);
#1557=CARTESIAN_POINT('',(0.E0,0.E0,1.5E2));
#1558=DIRECTION('',(0.E0,0.E0,1.E0));
#1559=DIRECTION('',(1.E0,0.E0,0.E0));
#1560=AXIS2_PLACEMENT_3D('',#1557,#1558,#1559);
#1561=PLANE('1014',#1560);
#1563=ORIENTED_EDGE('1891',*,*,#1562,.T.);
#1565=ORIENTED_EDGE('1911',*,*,#1564,.F.);
#1567=ORIENTED_EDGE('1894',*,*,#1566,.F.);
#1569=ORIENTED_EDGE('1909',*,*,#1568,.T.);
#1570=EDGE_LOOP('1014',(#1563,#1565,#1567,#1569));
#1571=FACE_OUTER_BOUND('1014',#1570,.F.);
#1573=CARTESIAN_POINT('',(9.643863682918E1,3.E0,1.56E2));
#1574=DIRECTION('',(-1.E0,0.E0,0.E0));
#1575=DIRECTION('',(0.E0,-1.E0,0.E0));
#1576=AXIS2_PLACEMENT_3D('',#1573,#1574,#1575);
#1577=PLANE('1864',#1576);
#1579=ORIENTED_EDGE('1879',*,*,#1578,.T.);
#1581=ORIENTED_EDGE('1915',*,*,#1580,.F.);
#1582=ORIENTED_EDGE('1891',*,*,#1562,.F.);
#1584=ORIENTED_EDGE('1916',*,*,#1583,.T.);
#1585=EDGE_LOOP('1864',(#1579,#1581,#1582,#1584));
#1586=FACE_OUTER_BOUND('1864',#1585,.F.);
#1588=CARTESIAN_POINT('',(0.E0,0.E0,1.E1));
#1589=DIRECTION('',(0.E0,0.E0,1.E0));
#1590=DIRECTION('',(1.E0,0.E0,0.E0));
#1591=AXIS2_PLACEMENT_3D('',#1588,#1589,#1590);
#1592=PLANE('106',#1591);
#1593=ORIENTED_EDGE('1879',*,*,#1578,.F.);
#1595=ORIENTED_EDGE('1903',*,*,#1594,.F.);
#1597=ORIENTED_EDGE('1882',*,*,#1596,.T.);
#1599=ORIENTED_EDGE('1905',*,*,#1598,.T.);
#1600=EDGE_LOOP('106',(#1593,#1595,#1597,#1599));
#1601=FACE_OUTER_BOUND('106',#1600,.F.);
#1603=CARTESIAN_POINT('',(0.E0,0.E0,0.E0));
#1604=DIRECTION('',(0.E0,1.E0,0.E0));
#1605=DIRECTION('',(1.E0,0.E0,0.E0));
#1606=AXIS2_PLACEMENT_3D('',#1603,#1604,#1605);
#1607=PLANE('94',#1606);
#1609=ORIENTED_EDGE('1929',*,*,#1608,.F.);
#1611=ORIENTED_EDGE('1339',*,*,#1610,.F.);
#1613=ORIENTED_EDGE('1368',*,*,#1612,.F.);
#1615=ORIENTED_EDGE('1335',*,*,#1614,.F.);
#1617=ORIENTED_EDGE('1924',*,*,#1616,.F.);
#1619=ORIENTED_EDGE('215',*,*,#1618,.F.);
#1621=ORIENTED_EDGE('230',*,*,#1620,.T.);
#1623=ORIENTED_EDGE('219',*,*,#1622,.F.);
#1624=EDGE_LOOP('94',(#1609,#1611,#1613,#1615,#1617,#1619,#1621,#1623));
#1625=FACE_OUTER_BOUND('94',#1624,.F.);
#1626=ORIENTED_EDGE('1916',*,*,#1583,.F.);
#1627=ORIENTED_EDGE('1909',*,*,#1568,.F.);
#1629=ORIENTED_EDGE('1920',*,*,#1628,.T.);
#1630=ORIENTED_EDGE('1903',*,*,#1594,.T.);
#1631=EDGE_LOOP('94',(#1626,#1627,#1629,#1630));
#1632=FACE_BOUND('94',#1631,.F.);
#1634=CARTESIAN_POINT('',(0.E0,0.E0,-1.E1));
#1635=DIRECTION('',(-1.E0,0.E0,0.E0));
#1636=DIRECTION('',(0.E0,0.E0,1.E0));
#1637=AXIS2_PLACEMENT_3D('',#1634,#1635,#1636);
#1638=PLANE('104',#1637);
#1640=ORIENTED_EDGE('1928',*,*,#1639,.T.);
#1642=ORIENTED_EDGE('1804',*,*,#1641,.F.);
#1644=ORIENTED_EDGE('1783',*,*,#1643,.T.);
#1646=ORIENTED_EDGE('1372',*,*,#1645,.F.);
#1648=ORIENTED_EDGE('1787',*,*,#1647,.F.);
#1650=ORIENTED_EDGE('1812',*,*,#1649,.F.);
#1652=ORIENTED_EDGE('1788',*,*,#1651,.F.);
#1654=ORIENTED_EDGE('1340',*,*,#1653,.F.);
#1655=ORIENTED_EDGE('1929',*,*,#1608,.T.);
#1657=ORIENTED_EDGE('222',*,*,#1656,.F.);
#1659=ORIENTED_EDGE('930',*,*,#1658,.T.);
#1661=ORIENTED_EDGE('956',*,*,#1660,.F.);
#1663=ORIENTED_EDGE('929',*,*,#1662,.F.);
#1665=ORIENTED_EDGE('417',*,*,#1664,.T.);
#1667=ORIENTED_EDGE('925',*,*,#1666,.T.);
#1669=ORIENTED_EDGE('948',*,*,#1668,.F.);
#1670=EDGE_LOOP('104',(#1640,#1642,#1644,#1646,#1648,#1650,#1652,#1654,#1655,
#1657,#1659,#1661,#1663,#1665,#1667,#1669));
#1671=FACE_OUTER_BOUND('104',#1670,.F.);
#1673=CARTESIAN_POINT('',(0.E0,3.E0,0.E0));
#1674=DIRECTION('',(0.E0,1.E0,0.E0));
#1675=DIRECTION('',(1.E0,0.E0,0.E0));
#1676=AXIS2_PLACEMENT_3D('',#1673,#1674,#1675);
#1677=PLANE('99',#1676);
#1679=ORIENTED_EDGE('1925',*,*,#1678,.F.);
#1681=ORIENTED_EDGE('1333',*,*,#1680,.F.);
#1683=ORIENTED_EDGE('1371',*,*,#1682,.T.);
#1685=ORIENTED_EDGE('1337',*,*,#1684,.F.);
#1686=ORIENTED_EDGE('1788',*,*,#1651,.T.);
#1688=ORIENTED_EDGE('1741',*,*,#1687,.F.);
#1690=ORIENTED_EDGE('1743',*,*,#1689,.F.);
#1692=ORIENTED_EDGE('1745',*,*,#1691,.F.);
#1694=ORIENTED_EDGE('1738',*,*,#1693,.T.);
#1696=ORIENTED_EDGE('1775',*,*,#1695,.T.);
#1698=ORIENTED_EDGE('1820',*,*,#1697,.F.);
#1700=ORIENTED_EDGE('1778',*,*,#1699,.T.);
#1702=ORIENTED_EDGE('1758',*,*,#1701,.T.);
#1704=ORIENTED_EDGE('1766',*,*,#1703,.F.);
#1706=ORIENTED_EDGE('1763',*,*,#1705,.F.);
#1708=ORIENTED_EDGE('1760',*,*,#1707,.F.);
#1709=ORIENTED_EDGE('1928',*,*,#1639,.F.);
#1711=ORIENTED_EDGE('905',*,*,#1710,.F.);
#1713=ORIENTED_EDGE('907',*,*,#1712,.F.);
#1715=ORIENTED_EDGE('909',*,*,#1714,.F.);
#1717=ORIENTED_EDGE('902',*,*,#1716,.T.);
#1719=ORIENTED_EDGE('922',*,*,#1718,.T.);
#1721=ORIENTED_EDGE('966',*,*,#1720,.F.);
#1723=ORIENTED_EDGE('919',*,*,#1722,.T.);
#1725=ORIENTED_EDGE('882',*,*,#1724,.T.);
#1727=ORIENTED_EDGE('890',*,*,#1726,.F.);
#1729=ORIENTED_EDGE('887',*,*,#1728,.F.);
#1731=ORIENTED_EDGE('884',*,*,#1730,.F.);
#1732=ORIENTED_EDGE('930',*,*,#1658,.F.);
#1734=ORIENTED_EDGE('221',*,*,#1733,.F.);
#1736=ORIENTED_EDGE('234',*,*,#1735,.F.);
#1738=ORIENTED_EDGE('217',*,*,#1737,.F.);
#1739=EDGE_LOOP('99',(#1679,#1681,#1683,#1685,#1686,#1688,#1690,#1692,#1694,
#1696,#1698,#1700,#1702,#1704,#1706,#1708,#1709,#1711,#1713,#1715,#1717,#1719,
#1721,#1723,#1725,#1727,#1729,#1731,#1732,#1734,#1736,#1738));
#1740=FACE_OUTER_BOUND('99',#1739,.F.);
#1742=ORIENTED_EDGE('1921',*,*,#1741,.F.);
#1743=ORIENTED_EDGE('1911',*,*,#1564,.T.);
#1744=ORIENTED_EDGE('1915',*,*,#1580,.T.);
#1745=ORIENTED_EDGE('1905',*,*,#1598,.F.);
#1746=EDGE_LOOP('99',(#1742,#1743,#1744,#1745));
#1747=FACE_BOUND('99',#1746,.F.);
#1749=CARTESIAN_POINT('',(2.356136317082E1,0.E0,1.56E2));
#1750=DIRECTION('',(1.E0,0.E0,0.E0));
#1751=DIRECTION('',(0.E0,1.E0,0.E0));
#1752=AXIS2_PLACEMENT_3D('',#1749,#1750,#1751);
#1753=PLANE('1874',#1752);
#1754=ORIENTED_EDGE('1882',*,*,#1596,.F.);
#1755=ORIENTED_EDGE('1920',*,*,#1628,.F.);
#1756=ORIENTED_EDGE('1894',*,*,#1566,.T.);
#1757=ORIENTED_EDGE('1921',*,*,#1741,.T.);
#1758=EDGE_LOOP('1874',(#1754,#1755,#1756,#1757));
#1759=FACE_OUTER_BOUND('1874',#1758,.F.);
#1761=CARTESIAN_POINT('',(1.2E2,0.E0,1.E1));
#1762=DIRECTION('',(1.E0,0.E0,0.E0));
#1763=DIRECTION('',(0.E0,0.E0,-1.E0));
#1764=AXIS2_PLACEMENT_3D('',#1761,#1762,#1763);
#1765=PLANE('108',#1764);
#1766=ORIENTED_EDGE('1924',*,*,#1616,.T.);
#1768=ORIENTED_EDGE('1334',*,*,#1767,.T.);
#1769=ORIENTED_EDGE('1925',*,*,#1678,.T.);
#1771=ORIENTED_EDGE('216',*,*,#1770,.T.);
#1772=EDGE_LOOP('108',(#1766,#1768,#1769,#1771));
#1773=FACE_OUTER_BOUND('108',#1772,.F.);
#1775=CARTESIAN_POINT('',(1.16E2,-3.65008E1,1.66E2));
#1776=DIRECTION('',(0.E0,1.E0,0.E0));
#1777=DIRECTION('',(0.E0,0.E0,1.E0));
#1778=AXIS2_PLACEMENT_3D('',#1775,#1776,#1777);
#1779=CYLINDRICAL_SURFACE('1138',#1778,4.E0);
#1780=ORIENTED_EDGE('1333',*,*,#1680,.T.);
#1781=ORIENTED_EDGE('1334',*,*,#1767,.F.);
#1782=ORIENTED_EDGE('1335',*,*,#1614,.T.);
#1784=ORIENTED_EDGE('1336',*,*,#1783,.T.);
#1785=EDGE_LOOP('1138',(#1780,#1781,#1782,#1784));
#1786=FACE_OUTER_BOUND('1138',#1785,.F.);
#1788=CARTESIAN_POINT('',(1.2E2,0.E0,1.7E2));
#1789=DIRECTION('',(0.E0,0.E0,-1.E0));
#1790=DIRECTION('',(-1.E0,0.E0,0.E0));
#1791=AXIS2_PLACEMENT_3D('',#1788,#1789,#1790);
#1792=PLANE('1016',#1791);
#1793=ORIENTED_EDGE('1336',*,*,#1783,.F.);
#1794=ORIENTED_EDGE('1368',*,*,#1612,.T.);
#1796=ORIENTED_EDGE('1338',*,*,#1795,.T.);
#1797=ORIENTED_EDGE('1371',*,*,#1682,.F.);
#1798=EDGE_LOOP('1016',(#1793,#1794,#1796,#1797));
#1799=FACE_OUTER_BOUND('1016',#1798,.F.);
#1801=CARTESIAN_POINT('',(4.E0,-3.65008E1,1.66E2));
#1802=DIRECTION('',(0.E0,1.E0,0.E0));
#1803=DIRECTION('',(-1.E0,0.E0,0.E0));
#1804=AXIS2_PLACEMENT_3D('',#1801,#1802,#1803);
#1805=CYLINDRICAL_SURFACE('1143',#1804,4.E0);
#1806=ORIENTED_EDGE('1337',*,*,#1684,.T.);
#1807=ORIENTED_EDGE('1338',*,*,#1795,.F.);
#1808=ORIENTED_EDGE('1339',*,*,#1610,.T.);
#1809=ORIENTED_EDGE('1340',*,*,#1653,.T.);
#1810=EDGE_LOOP('1143',(#1806,#1807,#1808,#1809));
#1811=FACE_OUTER_BOUND('1143',#1810,.F.);
#1813=CARTESIAN_POINT('',(1.16E2,6.45008E1,-6.E0));
#1814=DIRECTION('',(0.E0,-1.E0,0.E0));
#1815=DIRECTION('',(0.E0,0.E0,-1.E0));
#1816=AXIS2_PLACEMENT_3D('',#1813,#1814,#1815);
#1817=CYLINDRICAL_SURFACE('124',#1816,4.E0);
#1818=ORIENTED_EDGE('215',*,*,#1618,.T.);
#1819=ORIENTED_EDGE('216',*,*,#1770,.F.);
#1820=ORIENTED_EDGE('217',*,*,#1737,.T.);
#1822=ORIENTED_EDGE('218',*,*,#1821,.T.);
#1823=EDGE_LOOP('124',(#1818,#1819,#1820,#1822));
#1824=FACE_OUTER_BOUND('124',#1823,.F.);
#1826=CARTESIAN_POINT('',(1.2E2,0.E0,-1.E1));
#1827=DIRECTION('',(0.E0,0.E0,-1.E0));
#1828=DIRECTION('',(-1.E0,0.E0,0.E0));
#1829=AXIS2_PLACEMENT_3D('',#1826,#1827,#1828);
#1830=PLANE('110',#1829);
#1831=ORIENTED_EDGE('218',*,*,#1821,.F.);
#1832=ORIENTED_EDGE('234',*,*,#1735,.T.);
#1834=ORIENTED_EDGE('220',*,*,#1833,.T.);
#1835=ORIENTED_EDGE('230',*,*,#1620,.F.);
#1836=EDGE_LOOP('110',(#1831,#1832,#1834,#1835));
#1837=FACE_OUTER_BOUND('110',#1836,.F.);
#1839=CARTESIAN_POINT('',(4.E0,6.45008E1,-6.E0));
#1840=DIRECTION('',(0.E0,-1.E0,0.E0));
#1841=DIRECTION('',(-1.E0,0.E0,0.E0));
#1842=AXIS2_PLACEMENT_3D('',#1839,#1840,#1841);
#1843=CYLINDRICAL_SURFACE('129',#1842,4.E0);
#1844=ORIENTED_EDGE('219',*,*,#1622,.T.);
#1845=ORIENTED_EDGE('220',*,*,#1833,.F.);
#1846=ORIENTED_EDGE('221',*,*,#1733,.T.);
#1847=ORIENTED_EDGE('222',*,*,#1656,.T.);
#1848=EDGE_LOOP('129',(#1844,#1845,#1846,#1847));
#1849=FACE_OUTER_BOUND('129',#1848,.F.);
#1851=CARTESIAN_POINT('',(4.E0,4.5E0,1.62E2));
#1852=DIRECTION('',(0.E0,1.E0,0.E0));
#1853=DIRECTION('',(3.699622188348E-2,0.E0,9.993154054483E-1));
#1854=AXIS2_PLACEMENT_3D('',#1851,#1852,#1853);
#1855=TOROIDAL_SURFACE('1462',#1854,5.499999995226E0,1.5E0);
#1857=ORIENTED_EDGE('1740',*,*,#1856,.F.);
#1859=ORIENTED_EDGE('1797',*,*,#1858,.T.);
#1860=ORIENTED_EDGE('1741',*,*,#1687,.T.);
#1861=ORIENTED_EDGE('1812',*,*,#1649,.T.);
#1862=EDGE_LOOP('1462',(#1857,#1859,#1860,#1861));
#1863=FACE_OUTER_BOUND('1462',#1862,.F.);
#1865=CARTESIAN_POINT('',(4.E0,-3.65008E1,1.62E2));
#1866=DIRECTION('',(0.E0,1.E0,0.E0));
#1867=DIRECTION('',(-1.E0,0.E0,0.E0));
#1868=AXIS2_PLACEMENT_3D('',#1865,#1866,#1867);
#1869=CYLINDRICAL_SURFACE('1168',#1868,4.E0);
#1870=ORIENTED_EDGE('1740',*,*,#1856,.T.);
#1871=ORIENTED_EDGE('1787',*,*,#1647,.T.);
#1873=ORIENTED_EDGE('1360',*,*,#1872,.T.);
#1875=ORIENTED_EDGE('1786',*,*,#1874,.F.);
#1876=EDGE_LOOP('1168',(#1870,#1871,#1873,#1875));
#1877=FACE_OUTER_BOUND('1168',#1876,.F.);
#1879=CARTESIAN_POINT('',(0.E0,2.8E1,1.6E2));
#1880=DIRECTION('',(0.E0,-1.E0,0.E0));
#1881=DIRECTION('',(1.E0,0.E0,0.E0));
#1882=AXIS2_PLACEMENT_3D('',#1879,#1880,#1881);
#1883=PLANE('1033',#1882);
#1885=ORIENTED_EDGE('1345',*,*,#1884,.F.);
#1887=ORIENTED_EDGE('1374',*,*,#1886,.T.);
#1889=ORIENTED_EDGE('1350',*,*,#1888,.F.);
#1891=ORIENTED_EDGE('1375',*,*,#1890,.T.);
#1892=ORIENTED_EDGE('1360',*,*,#1872,.F.);
#1893=ORIENTED_EDGE('1372',*,*,#1645,.T.);
#1895=ORIENTED_EDGE('1355',*,*,#1894,.F.);
#1897=ORIENTED_EDGE('1373',*,*,#1896,.T.);
#1898=EDGE_LOOP('1033',(#1885,#1887,#1889,#1891,#1892,#1893,#1895,#1897));
#1899=FACE_OUTER_BOUND('1033',#1898,.F.);
#1901=ORIENTED_EDGE('1400',*,*,#1900,.T.);
#1903=ORIENTED_EDGE('1401',*,*,#1902,.T.);
#1904=EDGE_LOOP('1033',(#1901,#1903));
#1905=FACE_BOUND('1033',#1904,.F.);
#1907=ORIENTED_EDGE('1411',*,*,#1906,.T.);
#1909=ORIENTED_EDGE('1412',*,*,#1908,.T.);
#1910=EDGE_LOOP('1033',(#1907,#1909));
#1911=FACE_BOUND('1033',#1910,.F.);
#1913=CARTESIAN_POINT('',(2.1E1,-3.65008E1,1.58E2));
#1914=DIRECTION('',(0.E0,1.E0,0.E0));
#1915=DIRECTION('',(1.E0,0.E0,0.E0));
#1916=AXIS2_PLACEMENT_3D('',#1913,#1914,#1915);
#1917=CYLINDRICAL_SURFACE('1153',#1916,4.E0);
#1919=ORIENTED_EDGE('1765',*,*,#1918,.T.);
#1921=ORIENTED_EDGE('1791',*,*,#1920,.T.);
#1923=ORIENTED_EDGE('1824',*,*,#1922,.F.);
#1924=ORIENTED_EDGE('1345',*,*,#1884,.T.);
#1926=ORIENTED_EDGE('1781',*,*,#1925,.F.);
#1927=EDGE_LOOP('1153',(#1919,#1921,#1923,#1924,#1926));
#1928=FACE_OUTER_BOUND('1153',#1927,.F.);
#1930=CARTESIAN_POINT('',(2.1E1,4.5E0,1.58E2));
#1931=DIRECTION('',(0.E0,1.E0,0.E0));
#1932=DIRECTION('',(-3.699622188348E-2,0.E0,-9.993154054483E-1));
#1933=AXIS2_PLACEMENT_3D('',#1930,#1931,#1932);
#1934=TOROIDAL_SURFACE('1453',#1933,5.499999995226E0,1.5E0);
#1936=ORIENTED_EDGE('1822',*,*,#1935,.F.);
#1937=ORIENTED_EDGE('1765',*,*,#1918,.F.);
#1939=ORIENTED_EDGE('1796',*,*,#1938,.T.);
#1940=ORIENTED_EDGE('1766',*,*,#1703,.T.);
#1942=ORIENTED_EDGE('1808',*,*,#1941,.F.);
#1943=EDGE_LOOP('1453',(#1936,#1937,#1939,#1940,#1942));
#1944=FACE_OUTER_BOUND('1453',#1943,.F.);
#1946=CARTESIAN_POINT('',(2.5E1,1.8E1,1.575E2));
#1947=DIRECTION('',(1.E0,0.E0,0.E0));
#1948=DIRECTION('',(0.E0,-1.E0,0.E0));
#1949=AXIS2_PLACEMENT_3D('',#1946,#1947,#1948);
#1950=PLANE('1093',#1949);
#1952=ORIENTED_EDGE('1780',*,*,#1951,.T.);
#1954=ORIENTED_EDGE('1814',*,*,#1953,.F.);
#1956=ORIENTED_EDGE('1821',*,*,#1955,.T.);
#1958=ORIENTED_EDGE('1792',*,*,#1957,.T.);
#1960=ORIENTED_EDGE('1735',*,*,#1959,.F.);
#1961=EDGE_LOOP('1093',(#1952,#1954,#1956,#1958,#1960));
#1962=FACE_OUTER_BOUND('1093',#1961,.F.);
#1964=CARTESIAN_POINT('',(2.5E1,1.8E1,1.575E2));
#1965=DIRECTION('',(1.E0,0.E0,0.E0));
#1966=DIRECTION('',(0.E0,-1.E0,0.E0));
#1967=AXIS2_PLACEMENT_3D('',#1964,#1965,#1966);
#1968=PLANE('1093',#1967);
#1969=ORIENTED_EDGE('1822',*,*,#1935,.T.);
#1971=ORIENTED_EDGE('1807',*,*,#1970,.F.);
#1973=ORIENTED_EDGE('1779',*,*,#1972,.F.);
#1975=ORIENTED_EDGE('1755',*,*,#1974,.F.);
#1976=ORIENTED_EDGE('1791',*,*,#1920,.F.);
#1977=EDGE_LOOP('1093',(#1969,#1971,#1973,#1975,#1976));
#1978=FACE_OUTER_BOUND('1093',#1977,.F.);
#1980=CARTESIAN_POINT('',(0.E0,0.E0,1.625E2));
#1981=DIRECTION('',(0.E0,0.E0,1.E0));
#1982=DIRECTION('',(1.E0,0.E0,0.E0));
#1983=AXIS2_PLACEMENT_3D('',#1980,#1981,#1982);
#1984=PLANE('1092',#1983);
#1986=ORIENTED_EDGE('1737',*,*,#1985,.F.);
#1988=ORIENTED_EDGE('1739',*,*,#1987,.F.);
#1989=ORIENTED_EDGE('1780',*,*,#1951,.F.);
#1990=EDGE_LOOP('1092',(#1986,#1988,#1989));
#1991=FACE_OUTER_BOUND('1092',#1990,.F.);
#1993=CARTESIAN_POINT('',(2.783874E2,-2.634827455978E1,1.61E2));
#1994=DIRECTION('',(-9.860153995363E-1,1.666542285008E-1,0.E0));
#1995=DIRECTION('',(0.E0,0.E0,1.E0));
#1996=AXIS2_PLACEMENT_3D('',#1993,#1994,#1995);
#1997=CYLINDRICAL_SURFACE('1485',#1996,1.5E0);
#1998=ORIENTED_EDGE('1735',*,*,#1959,.T.);
#2000=ORIENTED_EDGE('1818',*,*,#1999,.T.);
#2002=ORIENTED_EDGE('1736',*,*,#2001,.F.);
#2004=ORIENTED_EDGE('1817',*,*,#2003,.T.);
#2005=ORIENTED_EDGE('1737',*,*,#1985,.T.);
#2006=EDGE_LOOP('1485',(#1998,#2000,#2002,#2004,#2005));
#2007=FACE_OUTER_BOUND('1485',#2006,.F.);
#2009=CARTESIAN_POINT('',(2.5E1,0.E0,1.54E2));
#2010=DIRECTION('',(-1.E0,0.E0,0.E0));
#2011=DIRECTION('',(0.E0,0.E0,1.E0));
#2012=AXIS2_PLACEMENT_3D('',#2009,#2010,#2011);
#2013=PLANE('1036',#2012);
#2014=ORIENTED_EDGE('1824',*,*,#1922,.T.);
#2016=ORIENTED_EDGE('1810',*,*,#2015,.F.);
#2018=ORIENTED_EDGE('1790',*,*,#2017,.T.);
#2019=ORIENTED_EDGE('1818',*,*,#1999,.F.);
#2021=ORIENTED_EDGE('1823',*,*,#2020,.T.);
#2022=ORIENTED_EDGE('1374',*,*,#1886,.F.);
#2023=EDGE_LOOP('1036',(#2014,#2016,#2018,#2019,#2021,#2022));
#2024=FACE_OUTER_BOUND('1036',#2023,.F.);
#2026=CARTESIAN_POINT('',(-1.598874E2,4.772800122624E1,1.59E2));
#2027=DIRECTION('',(9.860153995363E-1,-1.666542285008E-1,0.E0));
#2028=DIRECTION('',(0.E0,0.E0,-1.E0));
#2029=AXIS2_PLACEMENT_3D('',#2026,#2027,#2028);
#2030=CYLINDRICAL_SURFACE('1480',#2029,1.5E0);
#2031=ORIENTED_EDGE('1755',*,*,#1974,.T.);
#2033=ORIENTED_EDGE('1756',*,*,#2032,.T.);
#2035=ORIENTED_EDGE('1809',*,*,#2034,.T.);
#2037=ORIENTED_EDGE('1757',*,*,#2036,.F.);
#2038=ORIENTED_EDGE('1810',*,*,#2015,.T.);
#2039=EDGE_LOOP('1480',(#2031,#2033,#2035,#2037,#2038));
#2040=FACE_OUTER_BOUND('1480',#2039,.F.);
#2042=CARTESIAN_POINT('',(0.E0,0.E0,1.575E2));
#2043=DIRECTION('',(0.E0,0.E0,1.E0));
#2044=DIRECTION('',(1.E0,0.E0,0.E0));
#2045=AXIS2_PLACEMENT_3D('',#2042,#2043,#2044);
#2046=PLANE('1091',#2045);
#2047=ORIENTED_EDGE('1756',*,*,#2032,.F.);
#2048=ORIENTED_EDGE('1779',*,*,#1972,.T.);
#2050=ORIENTED_EDGE('1759',*,*,#2049,.F.);
#2051=EDGE_LOOP('1091',(#2047,#2048,#2050));
#2052=FACE_OUTER_BOUND('1091',#2051,.F.);
#2054=CARTESIAN_POINT('',(2.783874E2,4.5E0,1.56E2));
#2055=DIRECTION('',(-1.E0,0.E0,0.E0));
#2056=DIRECTION('',(0.E0,-1.E0,0.E0));
#2057=AXIS2_PLACEMENT_3D('',#2054,#2055,#2056);
#2058=CYLINDRICAL_SURFACE('1457',#2057,1.5E0);
#2059=ORIENTED_EDGE('1758',*,*,#1701,.F.);
#2061=ORIENTED_EDGE('1805',*,*,#2060,.T.);
#2063=ORIENTED_EDGE('1806',*,*,#2062,.T.);
#2064=ORIENTED_EDGE('1759',*,*,#2049,.T.);
#2065=ORIENTED_EDGE('1807',*,*,#1970,.T.);
#2066=ORIENTED_EDGE('1808',*,*,#1941,.T.);
#2067=EDGE_LOOP('1457',(#2059,#2061,#2063,#2064,#2065,#2066));
#2068=FACE_OUTER_BOUND('1457',#2067,.F.);
#2070=CARTESIAN_POINT('',(1.111565713681E2,3.143610642964E0,1.566614796033E2));
#2071=CARTESIAN_POINT('',(1.111729710433E2,3.142410214763E0,1.566590116547E2));
#2072=CARTESIAN_POINT('',(1.112837631029E2,3.134308460814E0,1.566422401469E2));
#2073=CARTESIAN_POINT('',(1.114811766356E2,3.119973426399E0,1.566111272819E2));
#2074=CARTESIAN_POINT('',(1.117411502022E2,3.101354436181E0,1.565670229943E2));
#2075=CARTESIAN_POINT('',(1.119800983644E2,3.084505481263E0,1.565233066348E2));
#2076=CARTESIAN_POINT('',(1.121998088902E2,3.069286465918E0,1.564798424080E2));
#2077=CARTESIAN_POINT('',(1.124015931618E2,3.055595746739E0,1.564365268019E2));
#2078=CARTESIAN_POINT('',(1.125864300140E2,3.043359271269E0,1.563932725523E2));
#2079=CARTESIAN_POINT('',(1.127548849773E2,3.032534502779E0,1.563500457285E2));
#2080=CARTESIAN_POINT('',(1.129072203998E2,3.023101091285E0,1.563068640783E2));
#2081=CARTESIAN_POINT('',(1.130434633009E2,3.015054325333E0,1.562638018556E2));
#2082=CARTESIAN_POINT('',(1.131634194354E2,3.008400756951E0,1.562210135661E2));
#2083=CARTESIAN_POINT('',(1.132666101659E2,3.003154627703E0,1.561788003743E2));
#2084=CARTESIAN_POINT('',(1.133521893984E2,2.999325430374E0,1.561377311765E2));
#2085=CARTESIAN_POINT('',(1.134191518944E2,2.996872547857E0,1.560987026994E2));
#2086=CARTESIAN_POINT('',(1.134670581469E2,2.995621393135E0,1.560626004815E2));
#2087=CARTESIAN_POINT('',(1.134959794945E2,2.995223891232E0,1.560297658679E2));
#2088=CARTESIAN_POINT('',(1.135026067615E2,2.995198032780E0,1.560087284849E2));
#2089=CARTESIAN_POINT('',(1.135022004621E2,2.995201030240E0,1.559978697848E2));
#2090=CARTESIAN_POINT('',(1.135021502027E2,2.995201469932E0,1.559970729447E2));
#2091=CARTESIAN_POINT('',(1.112709031250E2,3.340911876786E0,1.569416736097E2));
#2092=CARTESIAN_POINT('',(1.112876267976E2,3.339140400526E0,1.569394754743E2));
#2093=CARTESIAN_POINT('',(1.114006388935E2,3.327154028459E0,1.569245151016E2));
#2094=CARTESIAN_POINT('',(1.116024048163E2,3.305560527325E0,1.568964777461E2));
#2095=CARTESIAN_POINT('',(1.118692451921E2,3.276509971946E0,1.568559473474E2));
#2096=CARTESIAN_POINT('',(1.121157996109E2,3.249170454202E0,1.568149206050E2));
#2097=CARTESIAN_POINT('',(1.123440016563E2,3.223358053677E0,1.567731743221E2));
#2098=CARTESIAN_POINT('',(1.125553401790E2,3.198929673656E0,1.567304631975E2));
#2099=CARTESIAN_POINT('',(1.127510164235E2,3.175767290299E0,1.566864844130E2));
#2100=CARTESIAN_POINT('',(1.129318646993E2,3.153790401135E0,1.566408853856E2));
#2101=CARTESIAN_POINT('',(1.130984711431E2,3.132946126044E0,1.565932178842E2));
#2102=CARTESIAN_POINT('',(1.132512465187E2,3.113204742503E0,1.565428698159E2));
#2103=CARTESIAN_POINT('',(1.133904250369E2,3.094566176669E0,1.564889734130E2));
#2104=CARTESIAN_POINT('',(1.135159209440E2,3.077089898162E0,1.564303045687E2));
#2105=CARTESIAN_POINT('',(1.136269985411E2,3.060961655358E0,1.563652186357E2));
#2106=CARTESIAN_POINT('',(1.137219401074E2,3.046577171934E0,1.562916301607E2));
#2107=CARTESIAN_POINT('',(1.137979523275E2,3.034595704604E0,1.562068664578E2));
#2108=CARTESIAN_POINT('',(1.138499519180E2,3.026130775426E0,1.561083090921E2));
#2109=CARTESIAN_POINT('',(1.138630668529E2,3.023959342196E0,1.560316987174E2));
#2110=CARTESIAN_POINT('',(1.138622625818E2,3.024089657006E0,1.559922565696E2));
#2111=CARTESIAN_POINT('',(1.138621635056E2,3.024105604201E0,1.559893644194E2));
#2112=CARTESIAN_POINT('',(1.113813335973E2,3.423123366416E0,1.572756714953E2));
#2113=CARTESIAN_POINT('',(1.113983702117E2,3.420683586902E0,1.572735343178E2));
#2114=CARTESIAN_POINT('',(1.115135265907E2,3.404156404939E0,1.572589658944E2));
#2115=CARTESIAN_POINT('',(1.117194963892E2,3.374145764747E0,1.572313730681E2));
#2116=CARTESIAN_POINT('',(1.119929692615E2,3.333164903215E0,1.571906918401E2));
#2117=CARTESIAN_POINT('',(1.122468703924E2,3.293985044578E0,1.571486680209E2));
#2118=CARTESIAN_POINT('',(1.124832742057E2,3.256366952777E0,1.571049801509E2));
#2119=CARTESIAN_POINT('',(1.127038409644E2,3.220117800364E0,1.570592333247E2));
#2120=CARTESIAN_POINT('',(1.129099867343E2,3.185069646561E0,1.570109031742E2));
#2121=CARTESIAN_POINT('',(1.131028054318E2,3.151100686363E0,1.569593175816E2));
#2122=CARTESIAN_POINT('',(1.132831959340E2,3.118124001814E0,1.569035667025E2));
#2123=CARTESIAN_POINT('',(1.134519396548E2,3.086084618120E0,1.568423625664E2));
#2124=CARTESIAN_POINT('',(1.136096846411E2,3.054976426514E0,1.567738344109E2));
#2125=CARTESIAN_POINT('',(1.137567246165E2,3.024905041196E0,1.566952675536E2));
#2126=CARTESIAN_POINT('',(1.138924305105E2,2.996232175466E0,1.566028652230E2));
#2127=CARTESIAN_POINT('',(1.140143964314E2,2.969783791365E0,1.564916534701E2));
#2128=CARTESIAN_POINT('',(1.141175555733E2,2.947033186960E0,1.563554976844E2));
#2129=CARTESIAN_POINT('',(1.141918459196E2,2.930517240567E0,1.561888665717E2));
#2130=CARTESIAN_POINT('',(1.142112271469E2,2.926211301287E0,1.560552599865E2));
#2131=CARTESIAN_POINT('',(1.142100384841E2,2.926468399458E0,1.559864991549E2));
#2132=CARTESIAN_POINT('',(1.142098922568E2,2.926499795379E0,1.559814577272E2));
#2133=CARTESIAN_POINT('',(1.114741924945E2,3.380068075482E0,1.576221273529E2));
#2134=CARTESIAN_POINT('',(1.114914922557E2,3.376945467396E0,1.576198347319E2));
#2135=CARTESIAN_POINT('',(1.116084517220E2,3.355783394817E0,1.576041905523E2));
#2136=CARTESIAN_POINT('',(1.118179564801E2,3.317238908665E0,1.575743562460E2));
#2137=CARTESIAN_POINT('',(1.120970064933E2,3.264305863623E0,1.575298181420E2));
#2138=CARTESIAN_POINT('',(1.123570853356E2,3.213401612782E0,1.574832339810E2));
#2139=CARTESIAN_POINT('',(1.126003858605E2,3.164226961055E0,1.574341853437E2));
#2140=CARTESIAN_POINT('',(1.128287124686E2,3.116537229052E0,1.573821384252E2));
#2141=CARTESIAN_POINT('',(1.130436618645E2,3.070114792764E0,1.573263687372E2));
#2142=CARTESIAN_POINT('',(1.132465462633E2,3.024798320742E0,1.572659233003E2));
#2143=CARTESIAN_POINT('',(1.134385275199E2,2.980469563068E0,1.571994921660E2));
#2144=CARTESIAN_POINT('',(1.136206987203E2,2.937051177478E0,1.571252056221E2));
#2145=CARTESIAN_POINT('',(1.137940558988E2,2.894532358291E0,1.570403333532E2));
#2146=CARTESIAN_POINT('',(1.139592118741E2,2.853060068537E0,1.569408893159E2));
#2147=CARTESIAN_POINT('',(1.141156272375E2,2.813149912908E0,1.568212524474E2));
#2148=CARTESIAN_POINT('',(1.142603174275E2,2.775998729789E0,1.566740115571E2));
#2149=CARTESIAN_POINT('',(1.143863039030E2,2.743773285286E0,1.564900949643E2));
#2150=CARTESIAN_POINT('',(1.144793381245E2,2.720219374609E0,1.562614660217E2));
#2151=CARTESIAN_POINT('',(1.145039885587E2,2.714054230483E0,1.560764956209E2));
#2152=CARTESIAN_POINT('',(1.145024766681E2,2.714421883399E0,1.559813102561E2));
#2153=CARTESIAN_POINT('',(1.145022907924E2,2.714466756856E0,1.559743316448E2));
#2154=(BOUNDED_SURFACE()B_SPLINE_SURFACE(3,3,((#2070,#2071,#2072,#2073,#2074,
#2075,#2076,#2077,#2078,#2079,#2080,#2081,#2082,#2083,#2084,#2085,#2086,#2087,
#2088,#2089,#2090),(#2091,#2092,#2093,#2094,#2095,#2096,#2097,#2098,#2099,#2100,
#2101,#2102,#2103,#2104,#2105,#2106,#2107,#2108,#2109,#2110,#2111),(#2112,#2113,
#2114,#2115,#2116,#2117,#2118,#2119,#2120,#2121,#2122,#2123,#2124,#2125,#2126,
#2127,#2128,#2129,#2130,#2131,#2132),(#2133,#2134,#2135,#2136,#2137,#2138,#2139,
#2140,#2141,#2142,#2143,#2144,#2145,#2146,#2147,#2148,#2149,#2150,#2151,#2152,
#2153)),.UNSPECIFIED.,.F.,.F.,.F.)B_SPLINE_SURFACE_WITH_KNOTS((4,4),(4,1,1,1,1,
1,1,1,1,1,1,1,1,1,1,1,1,1,4),(0.E0,1.E0),(-1.311781240365E-3,0.E0,
7.554271597992E-3,1.453678686415E-2,2.101307238881E-2,2.702542791190E-2,
3.261805950727E-2,3.782275435735E-2,4.266092369912E-2,4.715007333286E-2,
5.130591417204E-2,5.514222018435E-2,5.867423130351E-2,6.191491592591E-2,
6.487074472350E-2,6.756547201898E-2,7.009794963185E-2,7.259573295779E-2,
7.279348803800E-2),.UNSPECIFIED.)GEOMETRIC_REPRESENTATION_ITEM()RATIONAL_B_SPLINE_SURFACE(((1.031936080570E0,1.031936080570E0,1.031936080570E0,1.031936080570E0,
1.031936080570E0,1.031936080570E0,1.031936080570E0,1.031936080570E0,
1.031936080570E0,1.031936080570E0,1.031936080570E0,1.031936080570E0,
1.031936080570E0,1.031936080570E0,1.031936080570E0,1.031936080570E0,
1.031936080570E0,1.031936080570E0,1.031936080570E0,1.031936080570E0,
1.031936080570E0),(9.893546398100E-1,9.893546398100E-1,9.893546398100E-1,
9.893546398100E-1,9.893546398100E-1,9.893546398100E-1,9.893546398100E-1,
9.893546398100E-1,9.893546398100E-1,9.893546398100E-1,9.893546398100E-1,
9.893546398100E-1,9.893546398100E-1,9.893546398100E-1,9.893546398100E-1,
9.893546398100E-1,9.893546398100E-1,9.893546398100E-1,9.893546398100E-1,
9.893546398100E-1,9.893546398100E-1),(9.893546398100E-1,9.893546398100E-1,
9.893546398100E-1,9.893546398100E-1,9.893546398100E-1,9.893546398100E-1,
9.893546398100E-1,9.893546398100E-1,9.893546398100E-1,9.893546398100E-1,
9.893546398100E-1,9.893546398100E-1,9.893546398100E-1,9.893546398100E-1,
9.893546398100E-1,9.893546398100E-1,9.893546398100E-1,9.893546398100E-1,
9.893546398100E-1,9.893546398100E-1,9.893546398100E-1),(1.031936080570E0,
1.031936080570E0,1.031936080570E0,1.031936080570E0,1.031936080570E0,
1.031936080570E0,1.031936080570E0,1.031936080570E0,1.031936080570E0,
1.031936080570E0,1.031936080570E0,1.031936080570E0,1.031936080570E0,
1.031936080570E0,1.031936080570E0,1.031936080570E0,1.031936080570E0,
1.031936080570E0,1.031936080570E0,1.031936080570E0,1.031936080570E0)))REPRESENTATION_ITEM('')SURFACE());
#2155=ORIENTED_EDGE('1778',*,*,#1699,.F.);
#2157=ORIENTED_EDGE('1799',*,*,#2156,.F.);
#2159=ORIENTED_EDGE('1800',*,*,#2158,.F.);
#2160=ORIENTED_EDGE('1805',*,*,#2060,.F.);
#2161=EDGE_LOOP('1514',(#2155,#2157,#2159,#2160));
#2162=FACE_OUTER_BOUND('1514',#2161,.F.);
#2164=CARTESIAN_POINT('',(1.137480091330E2,3.E0,1.575E2));
#2165=DIRECTION('',(-1.666542285008E-1,-9.860153995363E-1,0.E0));
#2166=DIRECTION('',(-9.860153995363E-1,1.666542285008E-1,0.E0));
#2167=AXIS2_PLACEMENT_3D('',#2164,#2165,#2166);
#2168=PLANE('1095',#2167);
#2170=ORIENTED_EDGE('1772',*,*,#2169,.T.);
#2171=ORIENTED_EDGE('1799',*,*,#2156,.T.);
#2172=ORIENTED_EDGE('1820',*,*,#1697,.T.);
#2174=ORIENTED_EDGE('1801',*,*,#2173,.T.);
#2176=ORIENTED_EDGE('1752',*,*,#2175,.T.);
#2177=ORIENTED_EDGE('1736',*,*,#2001,.T.);
#2178=ORIENTED_EDGE('1790',*,*,#2017,.F.);
#2179=ORIENTED_EDGE('1757',*,*,#2036,.T.);
#2180=EDGE_LOOP('1095',(#2170,#2171,#2172,#2174,#2176,#2177,#2178,#2179));
#2181=FACE_OUTER_BOUND('1095',#2180,.F.);
#2183=CARTESIAN_POINT('',(9.569849010087E1,4.394865755550E0,1.575057671433E2));
#2184=CARTESIAN_POINT('',(9.613056954654E1,4.358209050867E0,1.575032079430E2));
#2185=CARTESIAN_POINT('',(9.698905103104E1,4.285588740934E0,1.574954677782E2));
#2186=CARTESIAN_POINT('',(9.824473313911E1,4.179986707471E0,1.574763873056E2));
#2187=CARTESIAN_POINT('',(9.944065280956E1,4.079988168197E0,1.574509688333E2));
#2188=CARTESIAN_POINT('',(1.005548290495E2,3.987345650963E0,1.574207546088E2));
#2189=CARTESIAN_POINT('',(1.015866428486E2,3.902022634076E0,1.573868677508E2));
#2190=CARTESIAN_POINT('',(1.025374090288E2,3.823824380747E0,1.573503459057E2));
#2191=CARTESIAN_POINT('',(1.034219815529E2,3.751455937929E0,1.573115388081E2));
#2192=CARTESIAN_POINT('',(1.042668272839E2,3.682709244802E0,1.572698234796E2));
#2193=CARTESIAN_POINT('',(1.050965942328E2,3.615573784083E0,1.572240469037E2));
#2194=CARTESIAN_POINT('',(1.059238304358E2,3.549061563067E0,1.571731800921E2));
#2195=CARTESIAN_POINT('',(1.067515133253E2,3.482980703998E0,1.571164518430E2));
#2196=CARTESIAN_POINT('',(1.075816791146E2,3.417233270182E0,1.570529240708E2));
#2197=CARTESIAN_POINT('',(1.084234284750E2,3.351198164873E0,1.569806701444E2));
#2198=CARTESIAN_POINT('',(1.092970759976E2,3.283460941778E0,1.568957388578E2));
#2199=CARTESIAN_POINT('',(1.102300807624E2,3.212252564485E0,1.567910294310E2));
#2200=CARTESIAN_POINT('',(1.109214695418E2,3.160719875897E0,1.566982401874E2));
#2201=CARTESIAN_POINT('',(1.113042355648E2,3.132840993782E0,1.566389198584E2));
#2202=CARTESIAN_POINT('',(1.113533680772E2,3.129273360013E0,1.566311658097E2));
#2203=CARTESIAN_POINT('',(9.586370578310E1,5.371606411344E0,1.574178061918E2));
#2204=CARTESIAN_POINT('',(9.629575130497E1,5.337096851644E0,1.574390244500E2));
#2205=CARTESIAN_POINT('',(9.715444800214E1,5.266970290858E0,1.574786701438E2));
#2206=CARTESIAN_POINT('',(9.841128115576E1,5.159833883167E0,1.575292884107E2));
#2207=CARTESIAN_POINT('',(9.960911107877E1,5.053529642301E0,1.575705849770E2));
#2208=CARTESIAN_POINT('',(1.007258496384E2,4.950638651427E0,1.576027993161E2));
#2209=CARTESIAN_POINT('',(1.017608037928E2,4.851863852997E0,1.576269473612E2));
#2210=CARTESIAN_POINT('',(1.027152187219E2,4.757710848496E0,1.576440747477E2));
#2211=CARTESIAN_POINT('',(1.036039454913E2,4.667246213630E0,1.576553140188E2));
#2212=CARTESIAN_POINT('',(1.044535696410E2,4.578074520286E0,1.576614976994E2));
#2213=CARTESIAN_POINT('',(1.052889631732E2,4.487622442697E0,1.576628361726E2));
#2214=CARTESIAN_POINT('',(1.061229505557E2,4.394307888160E0,1.576589745625E2));
#2215=CARTESIAN_POINT('',(1.069588364131E2,4.297424053731E0,1.576492529030E2));
#2216=CARTESIAN_POINT('',(1.077991217219E2,4.196225299408E0,1.576327552118E2));
#2217=CARTESIAN_POINT('',(1.086537448188E2,4.088816548288E0,1.576079015122E2));
#2218=CARTESIAN_POINT('',(1.095446714324E2,3.971189778132E0,1.575715571229E2));
#2219=CARTESIAN_POINT('',(1.105029296035E2,3.836776207012E0,1.575172786608E2));
#2220=CARTESIAN_POINT('',(1.112222404690E2,3.727416171229E0,1.574593891731E2));
#2221=CARTESIAN_POINT('',(1.116273205995E2,3.661565272966E0,1.574168469678E2));
#2222=CARTESIAN_POINT('',(1.116794446652E2,3.653022228253E0,1.574111984879E2));
#2223=CARTESIAN_POINT('',(9.598090578996E1,6.071076037188E0,1.581149877033E2));
#2224=CARTESIAN_POINT('',(9.641292724710E1,6.019598622487E0,1.581532337018E2));
#2225=CARTESIAN_POINT('',(9.727177661093E1,5.914500595630E0,1.582254726159E2));
#2226=CARTESIAN_POINT('',(9.852942628840E1,5.752531927654E0,1.583201218207E2));
#2227=CARTESIAN_POINT('',(9.972861129836E1,5.590564411621E0,1.583999295314E2));
#2228=CARTESIAN_POINT('',(1.008471675055E2,5.432708135284E0,1.584649145460E2));
#2229=CARTESIAN_POINT('',(1.018843493519E2,5.280217473195E0,1.585165807618E2));
#2230=CARTESIAN_POINT('',(1.028413526152E2,5.134038921481E0,1.585565071331E2));
#2231=CARTESIAN_POINT('',(1.037330263058E2,4.992859844131E0,1.585866072773E2));
#2232=CARTESIAN_POINT('',(1.045860401500E2,4.853018615835E0,1.586085191410E2));
#2233=CARTESIAN_POINT('',(1.054254250443E2,4.710486678859E0,1.586229182566E2));
#2234=CARTESIAN_POINT('',(1.062642015501E2,4.562722067180E0,1.586294465983E2));
#2235=CARTESIAN_POINT('',(1.071059063945E2,4.408523587690E0,1.586271381440E2));
#2236=CARTESIAN_POINT('',(1.079533702454E2,4.246596588874E0,1.586146173684E2));
#2237=CARTESIAN_POINT('',(1.088171256596E2,4.073748458108E0,1.585895927030E2));
#2238=CARTESIAN_POINT('',(1.097203096422E2,3.883253430232E0,1.585475515005E2));
#2239=CARTESIAN_POINT('',(1.106964819686E2,3.663944298450E0,1.584789496597E2));
#2240=CARTESIAN_POINT('',(1.114356000862E2,3.483829942541E0,1.584008210538E2));
#2241=CARTESIAN_POINT('',(1.118565093047E2,3.374546379112E0,1.583410747804E2));
#2242=CARTESIAN_POINT('',(1.119107555059E2,3.360355754097E0,1.583331099645E2));
#2243=CARTESIAN_POINT('',(9.596765973398E1,6.001316024742E0,1.591069623709E2));
#2244=CARTESIAN_POINT('',(9.639968391094E1,5.925689771953E0,1.591435102555E2));
#2245=CARTESIAN_POINT('',(9.725851602024E1,5.772751576856E0,1.592106259324E2));
#2246=CARTESIAN_POINT('',(9.851607341341E1,5.541217986054E0,1.592926699540E2));
#2247=CARTESIAN_POINT('',(9.971510527016E1,5.313379323243E0,1.593556988365E2));
#2248=CARTESIAN_POINT('',(1.008334560451E2,5.094499733855E0,1.594007480095E2));
#2249=CARTESIAN_POINT('',(1.018703861156E2,4.885809153250E0,1.594300612835E2));
#2250=CARTESIAN_POINT('',(1.028270968429E2,4.688125433738E0,1.594459011620E2));
#2251=CARTESIAN_POINT('',(1.037184374697E2,4.499282698440E0,1.594504112488E2));
#2252=CARTESIAN_POINT('',(1.045710682074E2,4.314164850577E0,1.594448183523E2));
#2253=CARTESIAN_POINT('',(1.054100019941E2,4.127419186581E0,1.594290377499E2));
#2254=CARTESIAN_POINT('',(1.062482372287E2,3.935853202370E0,1.594020332194E2));
#2255=CARTESIAN_POINT('',(1.070892844057E2,3.738139569574E0,1.593623306496E2));
#2256=CARTESIAN_POINT('',(1.079359369310E2,3.532919453731E0,1.593079365365E2));
#2257=CARTESIAN_POINT('',(1.087986602020E2,3.316591747907E0,1.592352899584E2));
#2258=CARTESIAN_POINT('',(1.097004588451E2,3.081500249653E0,1.591372749770E2));
#2259=CARTESIAN_POINT('',(1.106746064967E2,2.815314862294E0,1.589996694889E2));
#2260=CARTESIAN_POINT('',(1.114114859798E2,2.601282913676E0,1.588603976883E2));
#2261=CARTESIAN_POINT('',(1.118306061798E2,2.473653571971E0,1.587615653077E2));
#2262=CARTESIAN_POINT('',(1.118846125352E2,2.457115315088E0,1.587484914017E2));
#2263=(BOUNDED_SURFACE()B_SPLINE_SURFACE(3,3,((#2183,#2184,#2185,#2186,#2187,
#2188,#2189,#2190,#2191,#2192,#2193,#2194,#2195,#2196,#2197,#2198,#2199,#2200,
#2201,#2202),(#2203,#2204,#2205,#2206,#2207,#2208,#2209,#2210,#2211,#2212,#2213,
#2214,#2215,#2216,#2217,#2218,#2219,#2220,#2221,#2222),(#2223,#2224,#2225,#2226,
#2227,#2228,#2229,#2230,#2231,#2232,#2233,#2234,#2235,#2236,#2237,#2238,#2239,
#2240,#2241,#2242),(#2243,#2244,#2245,#2246,#2247,#2248,#2249,#2250,#2251,#2252,
#2253,#2254,#2255,#2256,#2257,#2258,#2259,#2260,#2261,#2262)),.UNSPECIFIED.,.F.,
.F.,.F.)B_SPLINE_SURFACE_WITH_KNOTS((4,4),(4,1,1,1,1,1,1,1,1,1,1,1,1,1,1,1,1,4),
(0.E0,1.E0),(9.259039982752E-2,1.679453977310E-1,2.423156070723E-1,
3.116291867438E-1,3.766195751476E-1,4.368014792115E-1,4.918247584745E-1,
5.427553266844E-1,5.914715969290E-1,6.396603068153E-1,6.880834805849E-1,
7.365178812505E-1,7.849884549269E-1,8.341091318576E-1,8.849330411170E-1,
9.395354831701E-1,1.E0,1.008919712794E0),.UNSPECIFIED.)GEOMETRIC_REPRESENTATION_ITEM()RATIONAL_B_SPLINE_SURFACE(((1.213345922986E0,1.213345922986E0,
1.213345922986E0,1.213345922986E0,1.213345922986E0,1.213345922986E0,
1.213345922986E0,1.213345922986E0,1.213345922986E0,1.213345922986E0,
1.213345922986E0,1.213345922986E0,1.213345922986E0,1.213345922986E0,
1.213345922986E0,1.213345922986E0,1.213345922986E0,1.213345922986E0,
1.213345922986E0,1.213345922986E0),(9.288846923380E-1,9.288846923380E-1,
9.288846923380E-1,9.288846923380E-1,9.288846923380E-1,9.288846923380E-1,
9.288846923380E-1,9.288846923380E-1,9.288846923380E-1,9.288846923380E-1,
9.288846923380E-1,9.288846923380E-1,9.288846923380E-1,9.288846923380E-1,
9.288846923380E-1,9.288846923380E-1,9.288846923380E-1,9.288846923380E-1,
9.288846923380E-1,9.288846923380E-1),(9.288846923380E-1,9.288846923380E-1,
9.288846923380E-1,9.288846923380E-1,9.288846923380E-1,9.288846923380E-1,
9.288846923380E-1,9.288846923380E-1,9.288846923380E-1,9.288846923380E-1,
9.288846923380E-1,9.288846923380E-1,9.288846923380E-1,9.288846923380E-1,
9.288846923380E-1,9.288846923380E-1,9.288846923380E-1,9.288846923380E-1,
9.288846923380E-1,9.288846923380E-1),(1.213345922986E0,1.213345922986E0,
1.213345922986E0,1.213345922986E0,1.213345922986E0,1.213345922986E0,
1.213345922986E0,1.213345922986E0,1.213345922986E0,1.213345922986E0,
1.213345922986E0,1.213345922986E0,1.213345922986E0,1.213345922986E0,
1.213345922986E0,1.213345922986E0,1.213345922986E0,1.213345922986E0,
1.213345922986E0,1.213345922986E0)))REPRESENTATION_ITEM('')SURFACE());
#2264=ORIENTED_EDGE('1772',*,*,#2169,.F.);
#2265=ORIENTED_EDGE('1809',*,*,#2034,.F.);
#2266=ORIENTED_EDGE('1806',*,*,#2062,.F.);
#2267=ORIENTED_EDGE('1800',*,*,#2158,.T.);
#2268=EDGE_LOOP('1519',(#2264,#2265,#2266,#2267));
#2269=FACE_OUTER_BOUND('1519',#2268,.F.);
#2271=CARTESIAN_POINT('',(1.135021276457E2,2.995201650077E0,1.640029191970E2));
#2272=CARTESIAN_POINT('',(1.135025599274E2,2.995200074596E0,1.639959516139E2));
#2273=CARTESIAN_POINT('',(1.134996334292E2,2.995208677364E0,1.639778174551E2));
#2274=CARTESIAN_POINT('',(1.134767756660E2,2.995425725829E0,1.639457440006E2));
#2275=CARTESIAN_POINT('',(1.134237383991E2,2.996679249830E0,1.639036197801E2));
#2276=CARTESIAN_POINT('',(1.133416296423E2,2.999710375124E0,1.638562020155E2));
#2277=CARTESIAN_POINT('',(1.132323355338E2,3.004787456005E0,1.638060017649E2));
#2278=CARTESIAN_POINT('',(1.130981445187E2,3.011919809252E0,1.637546365518E2));
#2279=CARTESIAN_POINT('',(1.129402485886E2,3.021073577274E0,1.637027904414E2));
#2280=CARTESIAN_POINT('',(1.127587829698E2,3.032252987755E0,1.636506931543E2));
#2281=CARTESIAN_POINT('',(1.125545623884E2,3.045412681341E0,1.635987173262E2));
#2282=CARTESIAN_POINT('',(1.123291424751E2,3.060447268586E0,1.635472761930E2));
#2283=CARTESIAN_POINT('',(1.120828999962E2,3.077322555935E0,1.634964117776E2));
#2284=CARTESIAN_POINT('',(1.118140311454E2,3.096161248937E0,1.634457889742E2));
#2285=CARTESIAN_POINT('',(1.115195205752E2,3.117186005342E0,1.633950144602E2));
#2286=CARTESIAN_POINT('',(1.112970947567E2,3.133323246982E0,1.633597933531E2));
#2287=CARTESIAN_POINT('',(1.111729220086E2,3.142403259199E0,1.633409962111E2));
#2288=CARTESIAN_POINT('',(1.111565007981E2,3.143605232358E0,1.633385250031E2));
#2289=CARTESIAN_POINT('',(1.138621060638E2,3.024111308760E0,1.640106460824E2));
#2290=CARTESIAN_POINT('',(1.138629130267E2,3.023973545963E0,1.639852830346E2));
#2291=CARTESIAN_POINT('',(1.138573115249E2,3.024921980079E0,1.639187285667E2));
#2292=CARTESIAN_POINT('',(1.138143658495E2,3.031961805215E0,1.638145429604E2));
#2293=CARTESIAN_POINT('',(1.137280972486E2,3.045667281067E0,1.637118699791E2));
#2294=CARTESIAN_POINT('',(1.136120967239E2,3.063222013578E0,1.636236162434E2));
#2295=CARTESIAN_POINT('',(1.134729041949E2,3.083219290238E0,1.635472498373E2));
#2296=CARTESIAN_POINT('',(1.133136085577E2,3.104994101320E0,1.634794562091E2));
#2297=CARTESIAN_POINT('',(1.131348087974E2,3.128362676834E0,1.634175583852E2));
#2298=CARTESIAN_POINT('',(1.129358468049E2,3.153349168109E0,1.633597399691E2));
#2299=CARTESIAN_POINT('',(1.127169247859E2,3.179889926945E0,1.633051350595E2));
#2300=CARTESIAN_POINT('',(1.124790998976E2,3.207844514865E0,1.632533354356E2));
#2301=CARTESIAN_POINT('',(1.122222726111E2,3.237226234956E0,1.632038243373E2));
#2302=CARTESIAN_POINT('',(1.119442222303E2,3.268280729773E0,1.631559274828E2));
#2303=CARTESIAN_POINT('',(1.116416246125E2,3.301350810399E0,1.631090682782E2));
#2304=CARTESIAN_POINT('',(1.114142419336E2,3.325711816638E0,1.630772926958E2));
#2305=CARTESIAN_POINT('',(1.112875809084E2,3.339145733272E0,1.630605255217E2));
#2306=CARTESIAN_POINT('',(1.112708352507E2,3.340919531554E0,1.630583244857E2));
#2307=CARTESIAN_POINT('',(1.142098014809E2,2.926502204123E0,1.640185704281E2));
#2308=CARTESIAN_POINT('',(1.142109703404E2,2.926228961238E0,1.639743403237E2));
#2309=CARTESIAN_POINT('',(1.142027851101E2,2.928112155542E0,1.638581415097E2));
#2310=CARTESIAN_POINT('',(1.141404369520E2,2.941950922528E0,1.636795954371E2));
#2311=CARTESIAN_POINT('',(1.140220709198E2,2.968136836180E0,1.635132102530E2));
#2312=CARTESIAN_POINT('',(1.138733350649E2,3.000380136150E0,1.633803911502E2));
#2313=CARTESIAN_POINT('',(1.137052642941E2,3.035631899411E0,1.632738051498E2));
#2314=CARTESIAN_POINT('',(1.135217206422E2,3.072557728724E0,1.631853718324E2));
#2315=CARTESIAN_POINT('',(1.133227303215E2,3.110822023183E0,1.631091313375E2));
#2316=CARTESIAN_POINT('',(1.131068689576E2,3.150469089891E0,1.630412530513E2));
#2317=CARTESIAN_POINT('',(1.128737471360E2,3.191413296242E0,1.629796714561E2));
#2318=CARTESIAN_POINT('',(1.126239405490E2,3.233470522447E0,1.629231966331E2));
#2319=CARTESIAN_POINT('',(1.123568896243E2,3.276698404610E0,1.628707600114E2));
#2320=CARTESIAN_POINT('',(1.120699710012E2,3.321475066636E0,1.628213220895E2));
#2321=CARTESIAN_POINT('',(1.117595622779E2,3.368281426279E0,1.627740911090E2));
#2322=CARTESIAN_POINT('',(1.115273918739E2,3.402170361062E0,1.627427827019E2));
#2323=CARTESIAN_POINT('',(1.113983274755E2,3.420693687047E0,1.627264548032E2));
#2324=CARTESIAN_POINT('',(1.113812684411E2,3.423136701347E0,1.627243147949E2));
#2325=CARTESIAN_POINT('',(1.145021694172E2,2.714458283605E0,1.640257112048E2));
#2326=CARTESIAN_POINT('',(1.145036425859E2,2.714067040214E0,1.639644781822E2));
#2327=CARTESIAN_POINT('',(1.144932847663E2,2.716764200808E0,1.638035569245E2));
#2328=CARTESIAN_POINT('',(1.144146215705E2,2.736536369979E0,1.635576078515E2));
#2329=CARTESIAN_POINT('',(1.142692656522E2,2.773686136815E0,1.633322345544E2));
#2330=CARTESIAN_POINT('',(1.140930035187E2,2.818964528821E0,1.631566378537E2));
#2331=CARTESIAN_POINT('',(1.139006497935E2,2.867916573396E0,1.630195199874E2));
#2332=CARTESIAN_POINT('',(1.136967166232E2,2.918626294549E0,1.629087908877E2));
#2333=CARTESIAN_POINT('',(1.134807485912E2,2.970623138511E0,1.628156923781E2));
#2334=CARTESIAN_POINT('',(1.132506769901E2,3.023969305023E0,1.627346608864E2));
#2335=CARTESIAN_POINT('',(1.130056149278E2,3.078556203164E0,1.626626187110E2));
#2336=CARTESIAN_POINT('',(1.127457332453E2,3.134152807271E0,1.625977307671E2));
#2337=CARTESIAN_POINT('',(1.124700855320E2,3.190852434441E0,1.625384519598E2));
#2338=CARTESIAN_POINT('',(1.121757098369E2,3.249158833164E0,1.624833967372E2));
#2339=CARTESIAN_POINT('',(1.118587329604E2,3.309691883679E0,1.624315529212E2));
#2340=CARTESIAN_POINT('',(1.116225366843E2,3.353233359229E0,1.623976755040E2));
#2341=CARTESIAN_POINT('',(1.114914513524E2,3.376951533735E0,1.623801418061E2));
#2342=CARTESIAN_POINT('',(1.114741288079E2,3.380078306416E0,1.623778461261E2));
#2343=(BOUNDED_SURFACE()B_SPLINE_SURFACE(3,3,((#2271,#2272,#2273,#2274,#2275,
#2276,#2277,#2278,#2279,#2280,#2281,#2282,#2283,#2284,#2285,#2286,#2287,#2288),(
#2289,#2290,#2291,#2292,#2293,#2294,#2295,#2296,#2297,#2298,#2299,#2300,#2301,
#2302,#2303,#2304,#2305,#2306),(#2307,#2308,#2309,#2310,#2311,#2312,#2313,#2314,
#2315,#2316,#2317,#2318,#2319,#2320,#2321,#2322,#2323,#2324),(#2325,#2326,#2327,
#2328,#2329,#2330,#2331,#2332,#2333,#2334,#2335,#2336,#2337,#2338,#2339,#2340,
#2341,#2342)),.UNSPECIFIED.,.F.,.F.,.F.)B_SPLINE_SURFACE_WITH_KNOTS((4,4),(4,1,
1,1,1,1,1,1,1,1,1,1,1,1,1,4),(0.E0,1.E0),(9.272165815536E-1,9.289481792577E-1,
9.317354998607E-1,9.349068863585E-1,9.385005246725E-1,9.425226475688E-1,
9.469467520390E-1,9.518135834655E-1,9.571827582137E-1,9.630622321616E-1,
9.693939102669E-1,9.761582751994E-1,9.834508039102E-1,9.913769734415E-1,1.E0,
1.001313460144E0),.UNSPECIFIED.)GEOMETRIC_REPRESENTATION_ITEM()RATIONAL_B_SPLINE_SURFACE(((1.031938333598E0,1.031938333598E0,1.031938333598E0,1.031938333598E0,
1.031938333598E0,1.031938333598E0,1.031938333598E0,1.031938333598E0,
1.031938333598E0,1.031938333598E0,1.031938333598E0,1.031938333598E0,
1.031938333598E0,1.031938333598E0,1.031938333598E0,1.031938333598E0,
1.031938333598E0,1.031938333598E0),(9.893538888008E-1,9.893538888008E-1,
9.893538888008E-1,9.893538888008E-1,9.893538888008E-1,9.893538888008E-1,
9.893538888008E-1,9.893538888008E-1,9.893538888008E-1,9.893538888008E-1,
9.893538888008E-1,9.893538888008E-1,9.893538888008E-1,9.893538888008E-1,
9.893538888008E-1,9.893538888008E-1,9.893538888008E-1,9.893538888008E-1),(
9.893538888008E-1,9.893538888008E-1,9.893538888008E-1,9.893538888008E-1,
9.893538888008E-1,9.893538888008E-1,9.893538888008E-1,9.893538888008E-1,
9.893538888008E-1,9.893538888008E-1,9.893538888008E-1,9.893538888008E-1,
9.893538888008E-1,9.893538888008E-1,9.893538888008E-1,9.893538888008E-1,
9.893538888008E-1,9.893538888008E-1),(1.031938333598E0,1.031938333598E0,
1.031938333598E0,1.031938333598E0,1.031938333598E0,1.031938333598E0,
1.031938333598E0,1.031938333598E0,1.031938333598E0,1.031938333598E0,
1.031938333598E0,1.031938333598E0,1.031938333598E0,1.031938333598E0,
1.031938333598E0,1.031938333598E0,1.031938333598E0,1.031938333598E0)))REPRESENTATION_ITEM('')SURFACE());
#2344=ORIENTED_EDGE('1775',*,*,#1695,.F.);
#2346=ORIENTED_EDGE('1816',*,*,#2345,.F.);
#2348=ORIENTED_EDGE('1802',*,*,#2347,.T.);
#2349=ORIENTED_EDGE('1801',*,*,#2173,.F.);
#2350=EDGE_LOOP('1610',(#2344,#2346,#2348,#2349));
#2351=FACE_OUTER_BOUND('1610',#2350,.F.);
#2353=CARTESIAN_POINT('',(-1.598874E2,4.5E0,1.64E2));
#2354=DIRECTION('',(1.E0,0.E0,0.E0));
#2355=DIRECTION('',(0.E0,-1.E0,0.E0));
#2356=AXIS2_PLACEMENT_3D('',#2353,#2354,#2355);
#2357=CYLINDRICAL_SURFACE('1475',#2356,1.5E0);
#2358=ORIENTED_EDGE('1738',*,*,#1693,.F.);
#2360=ORIENTED_EDGE('1813',*,*,#2359,.F.);
#2361=ORIENTED_EDGE('1814',*,*,#1953,.T.);
#2362=ORIENTED_EDGE('1739',*,*,#1987,.T.);
#2364=ORIENTED_EDGE('1815',*,*,#2363,.T.);
#2365=ORIENTED_EDGE('1816',*,*,#2345,.T.);
#2366=EDGE_LOOP('1475',(#2358,#2360,#2361,#2362,#2364,#2365));
#2367=FACE_OUTER_BOUND('1475',#2366,.F.);
#2369=CARTESIAN_POINT('',(2.1E1,4.5E0,1.62E2));
#2370=DIRECTION('',(0.E0,1.E0,0.E0));
#2371=DIRECTION('',(-4.032845025394E-2,0.E0,9.991864771403E-1));
#2372=AXIS2_PLACEMENT_3D('',#2369,#2370,#2371);
#2373=TOROIDAL_SURFACE('1471',#2372,5.499999994823E0,1.5E0);
#2374=ORIENTED_EDGE('1821',*,*,#1955,.F.);
#2375=ORIENTED_EDGE('1813',*,*,#2359,.T.);
#2376=ORIENTED_EDGE('1745',*,*,#1691,.T.);
#2378=ORIENTED_EDGE('1798',*,*,#2377,.F.);
#2380=ORIENTED_EDGE('1746',*,*,#2379,.F.);
#2381=EDGE_LOOP('1471',(#2374,#2375,#2376,#2378,#2380));
#2382=FACE_OUTER_BOUND('1471',#2381,.F.);
#2384=CARTESIAN_POINT('',(2.1161184E1,4.5E0,1.675E2));
#2385=DIRECTION('',(-1.E0,0.E0,0.E0));
#2386=DIRECTION('',(0.E0,0.E0,-1.E0));
#2387=AXIS2_PLACEMENT_3D('',#2384,#2385,#2386);
#2388=CYLINDRICAL_SURFACE('1467',#2387,1.5E0);
#2390=ORIENTED_EDGE('1742',*,*,#2389,.F.);
#2391=ORIENTED_EDGE('1798',*,*,#2377,.T.);
#2392=ORIENTED_EDGE('1743',*,*,#1689,.T.);
#2393=ORIENTED_EDGE('1797',*,*,#1858,.F.);
#2394=EDGE_LOOP('1467',(#2390,#2391,#2392,#2393));
#2395=FACE_OUTER_BOUND('1467',#2394,.F.);
#2397=CARTESIAN_POINT('',(2.5E1,0.E0,1.66E2));
#2398=DIRECTION('',(0.E0,0.E0,-1.E0));
#2399=DIRECTION('',(-1.E0,0.E0,0.E0));
#2400=AXIS2_PLACEMENT_3D('',#2397,#2398,#2399);
#2401=PLANE('1037',#2400);
#2402=ORIENTED_EDGE('1742',*,*,#2389,.T.);
#2403=ORIENTED_EDGE('1786',*,*,#1874,.T.);
#2404=ORIENTED_EDGE('1375',*,*,#1890,.F.);
#2406=ORIENTED_EDGE('1782',*,*,#2405,.F.);
#2407=EDGE_LOOP('1037',(#2402,#2403,#2404,#2406));
#2408=FACE_OUTER_BOUND('1037',#2407,.F.);
#2410=CARTESIAN_POINT('',(2.1E1,-3.65008E1,1.62E2));
#2411=DIRECTION('',(0.E0,1.E0,0.E0));
#2412=DIRECTION('',(0.E0,0.E0,1.E0));
#2413=AXIS2_PLACEMENT_3D('',#2410,#2411,#2412);
#2414=CYLINDRICAL_SURFACE('1158',#2413,4.E0);
#2415=ORIENTED_EDGE('1746',*,*,#2379,.T.);
#2416=ORIENTED_EDGE('1782',*,*,#2405,.T.);
#2417=ORIENTED_EDGE('1350',*,*,#1888,.T.);
#2418=ORIENTED_EDGE('1823',*,*,#2020,.F.);
#2419=ORIENTED_EDGE('1792',*,*,#1957,.F.);
#2420=EDGE_LOOP('1158',(#2415,#2416,#2417,#2418,#2419));
#2421=FACE_OUTER_BOUND('1158',#2420,.F.);
#2423=CARTESIAN_POINT('',(1.113532401025E2,3.129283230604E0,1.633688173961E2));
#2424=CARTESIAN_POINT('',(1.113041509559E2,3.132847432993E0,1.633610681111E2));
#2425=CARTESIAN_POINT('',(1.109663854908E2,3.157447913029E0,1.633087154073E2));
#2426=CARTESIAN_POINT('',(1.103492985383E2,3.203325553337E0,1.632244668873E2));
#2427=CARTESIAN_POINT('',(1.095065341142E2,3.267395172001E0,1.631267820785E2));
#2428=CARTESIAN_POINT('',(1.086873989541E2,3.330653551903E0,1.630440225636E2));
#2429=CARTESIAN_POINT('',(1.078788543153E2,3.393850303180E0,1.629717167331E2));
#2430=CARTESIAN_POINT('',(1.070734598677E2,3.457421035673E0,1.629074081611E2));
#2431=CARTESIAN_POINT('',(1.062681567184E2,3.521515606099E0,1.628497247295E2));
#2432=CARTESIAN_POINT('',(1.054621895355E2,3.586128675431E0,1.627978045687E2));
#2433=CARTESIAN_POINT('',(1.046480705992E2,3.651815292980E0,1.627506064231E2));
#2434=CARTESIAN_POINT('',(1.038054497050E2,3.720202664302E0,1.627067706679E2));
#2435=CARTESIAN_POINT('',(1.029050426281E2,3.793693489913E0,1.626651024181E2));
#2436=CARTESIAN_POINT('',(1.019247344001E2,3.874158001209E0,1.626253978361E2));
#2437=CARTESIAN_POINT('',(1.008582637179E2,3.962196963806E0,1.625884941152E2));
#2438=CARTESIAN_POINT('',(9.970647721218E1,4.057829946056E0,1.625555449329E2));
#2439=CARTESIAN_POINT('',(9.846426634233E1,4.161576705386E0,1.625276061106E2));
#2440=CARTESIAN_POINT('',(9.711864171307E1,4.274642050116E0,1.625058939691E2));
#2441=CARTESIAN_POINT('',(9.618480911793E1,4.353607703183E0,1.624971136254E2));
#2442=CARTESIAN_POINT('',(9.569849297364E1,4.394865708543E0,1.624942328996E2));
#2443=CARTESIAN_POINT('',(1.116793141143E2,3.653040577090E0,1.625887933207E2));
#2444=CARTESIAN_POINT('',(1.116272328557E2,3.661578412141E0,1.625831458025E2));
#2445=CARTESIAN_POINT('',(1.112697656642E2,3.719694029512E0,1.625455921866E2));
#2446=CARTESIAN_POINT('',(1.106265839636E2,3.818250581564E0,1.624920781294E2));
#2447=CARTESIAN_POINT('',(1.097592687336E2,3.941638433952E0,1.624395143725E2));
#2448=CARTESIAN_POINT('',(1.089225236142E2,4.053878557350E0,1.624020383260E2));
#2449=CARTESIAN_POINT('',(1.081005310381E2,4.158838616279E0,1.623751107047E2));
#2450=CARTESIAN_POINT('',(1.072844708782E2,4.258651157890E0,1.623563489622E2));
#2451=CARTESIAN_POINT('',(1.064705060513E2,4.354423198891E0,1.623443680991E2));
#2452=CARTESIAN_POINT('',(1.056573967213E2,4.446760538369E0,1.623382426319E2));
#2453=CARTESIAN_POINT('',(1.048372745485E2,4.536876291430E0,1.623372913777E2));
#2454=CARTESIAN_POINT('',(1.039894678768E2,4.627144611260E0,1.623412659382E2));
#2455=CARTESIAN_POINT('',(1.030844666618E2,4.720517608412E0,1.623505907530E2));
#2456=CARTESIAN_POINT('',(1.021000856008E2,4.818810939672E0,1.623662624748E2));
#2457=CARTESIAN_POINT('',(1.010301113183E2,4.922014945692E0,1.623894079550E2));
#2458=CARTESIAN_POINT('',(9.987546113071E1,5.029391645471E0,1.624210621702E2));
#2459=CARTESIAN_POINT('',(9.863108794568E1,5.140716109119E0,1.624624880692E2));
#2460=CARTESIAN_POINT('',(9.728409150412E1,5.256270931475E0,1.625155279663E2));
#2461=CARTESIAN_POINT('',(9.634998656894E1,5.332764735055E0,1.625583121488E2));
#2462=CARTESIAN_POINT('',(9.586370863987E1,5.371606286809E0,1.625821935557E2));
#2463=CARTESIAN_POINT('',(1.119106231100E2,3.360385691712E0,1.616668801244E2));
#2464=CARTESIAN_POINT('',(1.118564193196E2,3.374567991970E0,1.616589157601E2));
#2465=CARTESIAN_POINT('',(1.114849762012E2,3.471015316306E0,1.616061724166E2));
#2466=CARTESIAN_POINT('',(1.108232835192E2,3.633484746595E0,1.615335475820E2));
#2467=CARTESIAN_POINT('',(1.099385525429E2,3.835145295882E0,1.614661362668E2));
#2468=CARTESIAN_POINT('',(1.090893153455E2,4.017278509432E0,1.614215204276E2));
#2469=CARTESIAN_POINT('',(1.082577831289E2,4.186536307208E0,1.613928368792E2));
#2470=CARTESIAN_POINT('',(1.074341569713E2,4.346580557525E0,1.613765120719E2));
#2471=CARTESIAN_POINT('',(1.066140477603E2,4.499332197963E0,1.613704539929E2));
#2472=CARTESIAN_POINT('',(1.057958719644E2,4.645865386501E0,1.613732502647E2));
#2473=CARTESIAN_POINT('',(1.049714912413E2,4.788182466406E0,1.613839682575E2));
#2474=CARTESIAN_POINT('',(1.041200059048E2,4.930060023031E0,1.614025253802E2));
#2475=CARTESIAN_POINT('',(1.032117457197E2,5.076094313820E0,1.614299872205E2));
#2476=CARTESIAN_POINT('',(1.022244754897E2,5.229009072109E0,1.614681722241E2));
#2477=CARTESIAN_POINT('',(1.011520158381E2,5.388629326967E0,1.615188558374E2));
#2478=CARTESIAN_POINT('',(9.999533422409E1,5.553643112259E0,1.615835676497E2));
#2479=CARTESIAN_POINT('',(9.874942714511E1,5.723515540758E0,1.616642666601E2));
#2480=CARTESIAN_POINT('',(9.740145757317E1,5.898430440942E0,1.617638956384E2));
#2481=CARTESIAN_POINT('',(9.646715944658E1,6.013136242003E0,1.618419655452E2));
#2482=CARTESIAN_POINT('',(9.598090862646E1,6.071075682320E0,1.618850119591E2));
#2483=CARTESIAN_POINT('',(1.118844803461E2,2.457151772038E0,1.612514877623E2));
#2484=CARTESIAN_POINT('',(1.118305164463E2,2.473679443763E0,1.612384174482E2));
#2485=CARTESIAN_POINT('',(1.114606529005E2,2.586315174187E0,1.611511789649E2));
#2486=CARTESIAN_POINT('',(1.108010523474E2,2.778979552789E0,1.610230393115E2));
#2487=CARTESIAN_POINT('',(1.099182897154E2,3.022815662845E0,1.608912545730E2));
#2488=CARTESIAN_POINT('',(1.090704643846E2,3.246595349494E0,1.607920973160E2));
#2489=CARTESIAN_POINT('',(1.082400103473E2,3.457462736571E0,1.607157587018E2));
#2490=CARTESIAN_POINT('',(1.074172393060E2,3.659365778716E0,1.606570469638E2));
#2491=CARTESIAN_POINT('',(1.065978245391E2,3.854323639629E0,1.606129662081E2));
#2492=CARTESIAN_POINT('',(1.057802213600E2,4.043406645725E0,1.605815363303E2));
#2493=CARTESIAN_POINT('',(1.049563219424E2,4.228982442316E0,1.605611385848E2));
#2494=CARTESIAN_POINT('',(1.041052523720E2,4.415899157705E0,1.605507941510E2));
#2495=CARTESIAN_POINT('',(1.031973605189E2,4.610335553923E0,1.605507806487E2));
#2496=CARTESIAN_POINT('',(1.022104168255E2,4.816247413794E0,1.605627816275E2));
#2497=CARTESIAN_POINT('',(1.011382380727E2,5.033855836914E0,1.605891238882E2));
#2498=CARTESIAN_POINT('',(9.998178605246E1,5.261862137665E0,1.606320970707E2));
#2499=CARTESIAN_POINT('',(9.873605233564E1,5.500074204010E0,1.606943555933E2));
#2500=CARTESIAN_POINT('',(9.738819274783E1,5.749470010606E0,1.607796431593E2));
#2501=CARTESIAN_POINT('',(9.645391645591E1,5.916195980978E0,1.608519024517E2));
#2502=CARTESIAN_POINT('',(9.596766257191E1,6.001315518595E0,1.608930374069E2));
#2503=(BOUNDED_SURFACE()B_SPLINE_SURFACE(3,3,((#2423,#2424,#2425,#2426,#2427,
#2428,#2429,#2430,#2431,#2432,#2433,#2434,#2435,#2436,#2437,#2438,#2439,#2440,
#2441,#2442),(#2443,#2444,#2445,#2446,#2447,#2448,#2449,#2450,#2451,#2452,#2453,
#2454,#2455,#2456,#2457,#2458,#2459,#2460,#2461,#2462),(#2463,#2464,#2465,#2466,
#2467,#2468,#2469,#2470,#2471,#2472,#2473,#2474,#2475,#2476,#2477,#2478,#2479,
#2480,#2481,#2482),(#2483,#2484,#2485,#2486,#2487,#2488,#2489,#2490,#2491,#2492,
#2493,#2494,#2495,#2496,#2497,#2498,#2499,#2500,#2501,#2502)),.UNSPECIFIED.,.F.,
.F.,.F.)B_SPLINE_SURFACE_WITH_KNOTS((4,4),(4,1,1,1,1,1,1,1,1,1,1,1,1,1,1,1,1,4),
(0.E0,1.E0),(-8.912120687319E-3,0.E0,5.231571492597E-2,1.018813771161E-1,
1.500525341309E-1,1.973970889593E-1,2.445841598632E-1,2.918360446918E-1,
3.388901791998E-1,3.859805501160E-1,4.344915624609E-1,4.863949500480E-1,
5.434690121244E-1,6.058296143060E-1,6.726736750924E-1,7.445424023317E-1,
8.225960060830E-1,9.074096675898E-1),.UNSPECIFIED.)GEOMETRIC_REPRESENTATION_ITEM()RATIONAL_B_SPLINE_SURFACE(((1.213345886227E0,1.213345886227E0,1.213345886227E0,
1.213345886227E0,1.213345886227E0,1.213345886227E0,1.213345886227E0,
1.213345886227E0,1.213345886227E0,1.213345886227E0,1.213345886227E0,
1.213345886227E0,1.213345886227E0,1.213345886227E0,1.213345886227E0,
1.213345886227E0,1.213345886227E0,1.213345886227E0,1.213345886227E0,
1.213345886227E0),(9.288847045909E-1,9.288847045909E-1,9.288847045909E-1,
9.288847045909E-1,9.288847045909E-1,9.288847045909E-1,9.288847045909E-1,
9.288847045909E-1,9.288847045909E-1,9.288847045909E-1,9.288847045909E-1,
9.288847045909E-1,9.288847045909E-1,9.288847045909E-1,9.288847045909E-1,
9.288847045909E-1,9.288847045909E-1,9.288847045909E-1,9.288847045909E-1,
9.288847045909E-1),(9.288847045909E-1,9.288847045909E-1,9.288847045909E-1,
9.288847045909E-1,9.288847045909E-1,9.288847045909E-1,9.288847045909E-1,
9.288847045909E-1,9.288847045909E-1,9.288847045909E-1,9.288847045909E-1,
9.288847045909E-1,9.288847045909E-1,9.288847045909E-1,9.288847045909E-1,
9.288847045909E-1,9.288847045909E-1,9.288847045909E-1,9.288847045909E-1,
9.288847045909E-1),(1.213345886227E0,1.213345886227E0,1.213345886227E0,
1.213345886227E0,1.213345886227E0,1.213345886227E0,1.213345886227E0,
1.213345886227E0,1.213345886227E0,1.213345886227E0,1.213345886227E0,
1.213345886227E0,1.213345886227E0,1.213345886227E0,1.213345886227E0,
1.213345886227E0,1.213345886227E0,1.213345886227E0,1.213345886227E0,
1.213345886227E0)))REPRESENTATION_ITEM('')SURFACE());
#2504=ORIENTED_EDGE('1752',*,*,#2175,.F.);
#2505=ORIENTED_EDGE('1802',*,*,#2347,.F.);
#2506=ORIENTED_EDGE('1815',*,*,#2363,.F.);
#2507=ORIENTED_EDGE('1817',*,*,#2003,.F.);
#2508=EDGE_LOOP('1615',(#2504,#2505,#2506,#2507));
#2509=FACE_OUTER_BOUND('1615',#2508,.F.);
#2511=CARTESIAN_POINT('',(3.838816E0,4.5E0,1.525E2));
#2512=DIRECTION('',(1.E0,0.E0,0.E0));
#2513=DIRECTION('',(0.E0,0.E0,1.E0));
#2514=AXIS2_PLACEMENT_3D('',#2511,#2512,#2513);
#2515=CYLINDRICAL_SURFACE('1449',#2514,1.5E0);
#2517=ORIENTED_EDGE('1762',*,*,#2516,.F.);
#2519=ORIENTED_EDGE('1795',*,*,#2518,.T.);
#2520=ORIENTED_EDGE('1763',*,*,#1705,.T.);
#2521=ORIENTED_EDGE('1796',*,*,#1938,.F.);
#2522=EDGE_LOOP('1449',(#2517,#2519,#2520,#2521));
#2523=FACE_OUTER_BOUND('1449',#2522,.F.);
#2525=CARTESIAN_POINT('',(0.E0,0.E0,1.54E2));
#2526=DIRECTION('',(0.E0,0.E0,1.E0));
#2527=DIRECTION('',(1.E0,0.E0,0.E0));
#2528=AXIS2_PLACEMENT_3D('',#2525,#2526,#2527);
#2529=PLANE('1035',#2528);
#2530=ORIENTED_EDGE('1762',*,*,#2516,.T.);
#2531=ORIENTED_EDGE('1781',*,*,#1925,.T.);
#2532=ORIENTED_EDGE('1373',*,*,#1896,.F.);
#2534=ORIENTED_EDGE('1784',*,*,#2533,.F.);
#2535=EDGE_LOOP('1035',(#2530,#2531,#2532,#2534));
#2536=FACE_OUTER_BOUND('1035',#2535,.F.);
#2538=CARTESIAN_POINT('',(4.E0,-3.65008E1,1.58E2));
#2539=DIRECTION('',(0.E0,1.E0,0.E0));
#2540=DIRECTION('',(0.E0,0.E0,-1.E0));
#2541=AXIS2_PLACEMENT_3D('',#2538,#2539,#2540);
#2542=CYLINDRICAL_SURFACE('1163',#2541,4.E0);
#2544=ORIENTED_EDGE('1761',*,*,#2543,.T.);
#2545=ORIENTED_EDGE('1784',*,*,#2533,.T.);
#2546=ORIENTED_EDGE('1355',*,*,#1894,.T.);
#2547=ORIENTED_EDGE('1783',*,*,#1643,.F.);
#2548=EDGE_LOOP('1163',(#2544,#2545,#2546,#2547));
#2549=FACE_OUTER_BOUND('1163',#2548,.F.);
#2551=CARTESIAN_POINT('',(4.E0,4.5E0,1.58E2));
#2552=DIRECTION('',(0.E0,1.E0,0.E0));
#2553=DIRECTION('',(4.032845025394E-2,0.E0,-9.991864771403E-1));
#2554=AXIS2_PLACEMENT_3D('',#2551,#2552,#2553);
#2555=TOROIDAL_SURFACE('1444',#2554,5.499999994823E0,1.5E0);
#2556=ORIENTED_EDGE('1760',*,*,#1707,.T.);
#2557=ORIENTED_EDGE('1795',*,*,#2518,.F.);
#2558=ORIENTED_EDGE('1761',*,*,#2543,.F.);
#2559=ORIENTED_EDGE('1804',*,*,#1641,.T.);
#2560=EDGE_LOOP('1444',(#2556,#2557,#2558,#2559));
#2561=FACE_OUTER_BOUND('1444',#2560,.F.);
#2563=CARTESIAN_POINT('',(2.E1,2.8E1,1.6E2));
#2564=DIRECTION('',(0.E0,1.E0,0.E0));
#2565=DIRECTION('',(1.E0,0.E0,0.E0));
#2566=AXIS2_PLACEMENT_3D('',#2563,#2564,#2565);
#2567=CYLINDRICAL_SURFACE('1065',#2566,1.75E0);
#2569=ORIENTED_EDGE('1073',*,*,#2568,.T.);
#2571=ORIENTED_EDGE('1069',*,*,#2570,.T.);
#2573=ORIENTED_EDGE('1074',*,*,#2572,.F.);
#2574=ORIENTED_EDGE('1400',*,*,#1900,.F.);
#2575=EDGE_LOOP('1065',(#2569,#2571,#2573,#2574));
#2576=FACE_OUTER_BOUND('1065',#2575,.F.);
#2578=CARTESIAN_POINT('',(2.E1,2.8E1,1.6E2));
#2579=DIRECTION('',(0.E0,1.E0,0.E0));
#2580=DIRECTION('',(1.E0,0.E0,0.E0));
#2581=AXIS2_PLACEMENT_3D('',#2578,#2579,#2580);
#2582=CYLINDRICAL_SURFACE('1066',#2581,1.75E0);
#2583=ORIENTED_EDGE('1073',*,*,#2568,.F.);
#2584=ORIENTED_EDGE('1401',*,*,#1902,.F.);
#2585=ORIENTED_EDGE('1074',*,*,#2572,.T.);
#2587=ORIENTED_EDGE('1070',*,*,#2586,.T.);
#2588=EDGE_LOOP('1066',(#2583,#2584,#2585,#2587));
#2589=FACE_OUTER_BOUND('1066',#2588,.F.);
#2591=CARTESIAN_POINT('',(2.E1,1.283E1,1.6E2));
#2592=DIRECTION('',(0.E0,1.E0,0.E0));
#2593=DIRECTION('',(1.E0,0.E0,0.E0));
#2594=AXIS2_PLACEMENT_3D('',#2591,#2592,#2593);
#2595=PLANE('1064',#2594);
#2596=ORIENTED_EDGE('1069',*,*,#2570,.F.);
#2597=ORIENTED_EDGE('1070',*,*,#2586,.F.);
#2598=EDGE_LOOP('1064',(#2596,#2597));
#2599=FACE_OUTER_BOUND('1064',#2598,.F.);
#2601=CARTESIAN_POINT('',(5.E0,2.8E1,1.6E2));
#2602=DIRECTION('',(0.E0,1.E0,0.E0));
#2603=DIRECTION('',(1.E0,0.E0,0.E0));
#2604=AXIS2_PLACEMENT_3D('',#2601,#2602,#2603);
#2605=CYLINDRICAL_SURFACE('1078',#2604,1.75E0);
#2607=ORIENTED_EDGE('1086',*,*,#2606,.T.);
#2609=ORIENTED_EDGE('1082',*,*,#2608,.T.);
#2611=ORIENTED_EDGE('1087',*,*,#2610,.F.);
#2612=ORIENTED_EDGE('1411',*,*,#1906,.F.);
#2613=EDGE_LOOP('1078',(#2607,#2609,#2611,#2612));
#2614=FACE_OUTER_BOUND('1078',#2613,.F.);
#2616=CARTESIAN_POINT('',(5.E0,2.8E1,1.6E2));
#2617=DIRECTION('',(0.E0,1.E0,0.E0));
#2618=DIRECTION('',(1.E0,0.E0,0.E0));
#2619=AXIS2_PLACEMENT_3D('',#2616,#2617,#2618);
#2620=CYLINDRICAL_SURFACE('1079',#2619,1.75E0);
#2621=ORIENTED_EDGE('1086',*,*,#2606,.F.);
#2622=ORIENTED_EDGE('1412',*,*,#1908,.F.);
#2623=ORIENTED_EDGE('1087',*,*,#2610,.T.);
#2625=ORIENTED_EDGE('1083',*,*,#2624,.T.);
#2626=EDGE_LOOP('1079',(#2621,#2622,#2623,#2625));
#2627=FACE_OUTER_BOUND('1079',#2626,.F.);
#2629=CARTESIAN_POINT('',(5.E0,1.283E1,1.6E2));
#2630=DIRECTION('',(0.E0,1.E0,0.E0));
#2631=DIRECTION('',(1.E0,0.E0,0.E0));
#2632=AXIS2_PLACEMENT_3D('',#2629,#2630,#2631);
#2633=PLANE('1077',#2632);
#2634=ORIENTED_EDGE('1082',*,*,#2608,.F.);
#2635=ORIENTED_EDGE('1083',*,*,#2624,.F.);
#2636=EDGE_LOOP('1077',(#2634,#2635));
#2637=FACE_OUTER_BOUND('1077',#2636,.F.);
#2639=CARTESIAN_POINT('',(4.E0,4.5E0,2.E0));
#2640=DIRECTION('',(0.E0,-1.E0,0.E0));
#2641=DIRECTION('',(4.032845025394E-2,0.E0,9.991864771403E-1));
#2642=AXIS2_PLACEMENT_3D('',#2639,#2640,#2641);
#2643=TOROIDAL_SURFACE('588',#2642,5.499999994823E0,1.5E0);
#2645=ORIENTED_EDGE('904',*,*,#2644,.F.);
#2647=ORIENTED_EDGE('939',*,*,#2646,.T.);
#2648=ORIENTED_EDGE('905',*,*,#1710,.T.);
#2649=ORIENTED_EDGE('948',*,*,#1668,.T.);
#2650=EDGE_LOOP('588',(#2645,#2647,#2648,#2649));
#2651=FACE_OUTER_BOUND('588',#2650,.F.);
#2653=CARTESIAN_POINT('',(4.E0,6.45008E1,2.E0));
#2654=DIRECTION('',(0.E0,-1.E0,0.E0));
#2655=DIRECTION('',(0.E0,0.E0,1.E0));
#2656=AXIS2_PLACEMENT_3D('',#2653,#2654,#2655);
#2657=CYLINDRICAL_SURFACE('303',#2656,4.E0);
#2658=ORIENTED_EDGE('904',*,*,#2644,.T.);
#2659=ORIENTED_EDGE('925',*,*,#1666,.F.);
#2661=ORIENTED_EDGE('408',*,*,#2660,.T.);
#2663=ORIENTED_EDGE('926',*,*,#2662,.T.);
#2664=EDGE_LOOP('303',(#2658,#2659,#2661,#2663));
#2665=FACE_OUTER_BOUND('303',#2664,.F.);
#2667=CARTESIAN_POINT('',(0.E0,2.8E1,0.E0));
#2668=DIRECTION('',(0.E0,1.E0,0.E0));
#2669=DIRECTION('',(1.E0,0.E0,0.E0));
#2670=AXIS2_PLACEMENT_3D('',#2667,#2668,#2669);
#2671=PLANE('253',#2670);
#2673=ORIENTED_EDGE('398',*,*,#2672,.F.);
#2675=ORIENTED_EDGE('418',*,*,#2674,.F.);
#2676=ORIENTED_EDGE('408',*,*,#2660,.F.);
#2677=ORIENTED_EDGE('417',*,*,#1664,.F.);
#2679=ORIENTED_EDGE('413',*,*,#2678,.F.);
#2681=ORIENTED_EDGE('420',*,*,#2680,.F.);
#2683=ORIENTED_EDGE('403',*,*,#2682,.F.);
#2685=ORIENTED_EDGE('419',*,*,#2684,.F.);
#2686=EDGE_LOOP('253',(#2673,#2675,#2676,#2677,#2679,#2681,#2683,#2685));
#2687=FACE_OUTER_BOUND('253',#2686,.F.);
#2689=ORIENTED_EDGE('449',*,*,#2688,.F.);
#2691=ORIENTED_EDGE('450',*,*,#2690,.F.);
#2692=EDGE_LOOP('253',(#2689,#2691));
#2693=FACE_BOUND('253',#2692,.F.);
#2695=ORIENTED_EDGE('477',*,*,#2694,.F.);
#2697=ORIENTED_EDGE('478',*,*,#2696,.F.);
#2698=EDGE_LOOP('253',(#2695,#2697));
#2699=FACE_BOUND('253',#2698,.F.);
#2701=CARTESIAN_POINT('',(2.1E1,6.45008E1,2.E0));
#2702=DIRECTION('',(0.E0,-1.E0,0.E0));
#2703=DIRECTION('',(1.E0,0.E0,0.E0));
#2704=AXIS2_PLACEMENT_3D('',#2701,#2702,#2703);
#2705=CYLINDRICAL_SURFACE('293',#2704,4.E0);
#2707=ORIENTED_EDGE('910',*,*,#2706,.T.);
#2709=ORIENTED_EDGE('923',*,*,#2708,.F.);
#2710=ORIENTED_EDGE('398',*,*,#2672,.T.);
#2712=ORIENTED_EDGE('968',*,*,#2711,.F.);
#2714=ORIENTED_EDGE('933',*,*,#2713,.T.);
#2715=EDGE_LOOP('293',(#2707,#2709,#2710,#2712,#2714));
#2716=FACE_OUTER_BOUND('293',#2715,.F.);
#2718=CARTESIAN_POINT('',(2.1E1,4.5E0,2.E0));
#2719=DIRECTION('',(0.E0,-1.E0,0.E0));
#2720=DIRECTION('',(-3.699622188348E-2,0.E0,9.993154054483E-1));
#2721=AXIS2_PLACEMENT_3D('',#2718,#2719,#2720);
#2722=TOROIDAL_SURFACE('597',#2721,5.499999995226E0,1.5E0);
#2724=ORIENTED_EDGE('964',*,*,#2723,.F.);
#2726=ORIENTED_EDGE('949',*,*,#2725,.T.);
#2727=ORIENTED_EDGE('909',*,*,#1714,.T.);
#2729=ORIENTED_EDGE('940',*,*,#2728,.F.);
#2730=ORIENTED_EDGE('910',*,*,#2706,.F.);
#2731=EDGE_LOOP('597',(#2724,#2726,#2727,#2729,#2730));
#2732=FACE_OUTER_BOUND('597',#2731,.F.);
#2734=CARTESIAN_POINT('',(2.5E1,1.8E1,2.5E0));
#2735=DIRECTION('',(-1.E0,0.E0,0.E0));
#2736=DIRECTION('',(0.E0,-1.E0,0.E0));
#2737=AXIS2_PLACEMENT_3D('',#2734,#2735,#2736);
#2738=PLANE('551',#2737);
#2740=ORIENTED_EDGE('963',*,*,#2739,.T.);
#2742=ORIENTED_EDGE('959',*,*,#2741,.F.);
#2744=ORIENTED_EDGE('938',*,*,#2743,.F.);
#2746=ORIENTED_EDGE('879',*,*,#2745,.F.);
#2748=ORIENTED_EDGE('934',*,*,#2747,.T.);
#2749=EDGE_LOOP('551',(#2740,#2742,#2744,#2746,#2748));
#2750=FACE_OUTER_BOUND('551',#2749,.F.);
#2752=CARTESIAN_POINT('',(2.5E1,1.8E1,2.5E0));
#2753=DIRECTION('',(-1.E0,0.E0,0.E0));
#2754=DIRECTION('',(0.E0,-1.E0,0.E0));
#2755=AXIS2_PLACEMENT_3D('',#2752,#2753,#2754);
#2756=PLANE('551',#2755);
#2758=ORIENTED_EDGE('937',*,*,#2757,.T.);
#2760=ORIENTED_EDGE('950',*,*,#2759,.F.);
#2761=ORIENTED_EDGE('964',*,*,#2723,.T.);
#2762=ORIENTED_EDGE('933',*,*,#2713,.F.);
#2764=ORIENTED_EDGE('899',*,*,#2763,.F.);
#2765=EDGE_LOOP('551',(#2758,#2760,#2761,#2762,#2764));
#2766=FACE_OUTER_BOUND('551',#2765,.F.);
#2768=CARTESIAN_POINT('',(2.1E1,4.5E0,-2.E0));
#2769=DIRECTION('',(0.E0,-1.E0,0.E0));
#2770=DIRECTION('',(-4.032845025394E-2,0.E0,-9.991864771403E-1));
#2771=AXIS2_PLACEMENT_3D('',#2768,#2769,#2770);
#2772=TOROIDAL_SURFACE('615',#2771,5.499999994823E0,1.5E0);
#2773=ORIENTED_EDGE('963',*,*,#2739,.F.);
#2775=ORIENTED_EDGE('889',*,*,#2774,.F.);
#2777=ORIENTED_EDGE('942',*,*,#2776,.T.);
#2778=ORIENTED_EDGE('890',*,*,#1726,.T.);
#2780=ORIENTED_EDGE('960',*,*,#2779,.F.);
#2781=EDGE_LOOP('615',(#2773,#2775,#2777,#2778,#2780));
#2782=FACE_OUTER_BOUND('615',#2781,.F.);
#2784=CARTESIAN_POINT('',(2.1E1,6.45008E1,-2.E0));
#2785=DIRECTION('',(0.E0,-1.E0,0.E0));
#2786=DIRECTION('',(0.E0,0.E0,-1.E0));
#2787=AXIS2_PLACEMENT_3D('',#2784,#2785,#2786);
#2788=CYLINDRICAL_SURFACE('298',#2787,4.E0);
#2789=ORIENTED_EDGE('889',*,*,#2774,.T.);
#2790=ORIENTED_EDGE('934',*,*,#2747,.F.);
#2792=ORIENTED_EDGE('967',*,*,#2791,.F.);
#2793=ORIENTED_EDGE('403',*,*,#2682,.T.);
#2795=ORIENTED_EDGE('924',*,*,#2794,.T.);
#2796=EDGE_LOOP('298',(#2789,#2790,#2792,#2793,#2795));
#2797=FACE_OUTER_BOUND('298',#2796,.F.);
#2799=CARTESIAN_POINT('',(2.5E1,0.E0,6.E0));
#2800=DIRECTION('',(1.E0,0.E0,0.E0));
#2801=DIRECTION('',(0.E0,0.E0,-1.E0));
#2802=AXIS2_PLACEMENT_3D('',#2799,#2800,#2801);
#2803=PLANE('262',#2802);
#2805=ORIENTED_EDGE('932',*,*,#2804,.F.);
#2807=ORIENTED_EDGE('954',*,*,#2806,.F.);
#2808=ORIENTED_EDGE('968',*,*,#2711,.T.);
#2809=ORIENTED_EDGE('419',*,*,#2684,.T.);
#2810=ORIENTED_EDGE('967',*,*,#2791,.T.);
#2812=ORIENTED_EDGE('962',*,*,#2811,.F.);
#2813=EDGE_LOOP('262',(#2805,#2807,#2808,#2809,#2810,#2812));
#2814=FACE_OUTER_BOUND('262',#2813,.F.);
#2816=CARTESIAN_POINT('',(1.137480091330E2,3.E0,2.5E0));
#2817=DIRECTION('',(1.666542285008E-1,9.860153995363E-1,0.E0));
#2818=DIRECTION('',(-9.860153995363E-1,1.666542285008E-1,0.E0));
#2819=AXIS2_PLACEMENT_3D('',#2816,#2817,#2818);
#2820=PLANE('555',#2819);
#2821=ORIENTED_EDGE('966',*,*,#1720,.T.);
#2823=ORIENTED_EDGE('943',*,*,#2822,.T.);
#2825=ORIENTED_EDGE('916',*,*,#2824,.T.);
#2827=ORIENTED_EDGE('900',*,*,#2826,.T.);
#2828=ORIENTED_EDGE('932',*,*,#2804,.T.);
#2830=ORIENTED_EDGE('881',*,*,#2829,.T.);
#2832=ORIENTED_EDGE('896',*,*,#2831,.T.);
#2834=ORIENTED_EDGE('945',*,*,#2833,.T.);
#2835=EDGE_LOOP('555',(#2821,#2823,#2825,#2827,#2828,#2830,#2832,#2834));
#2836=FACE_OUTER_BOUND('555',#2835,.F.);
#2838=CARTESIAN_POINT('',(1.135020965610E2,2.995203200040E0,4.003376237660E0));
#2839=CARTESIAN_POINT('',(1.135023830370E2,2.995200242760E0,3.999437529909E0));
#2840=CARTESIAN_POINT('',(1.135014950273E2,2.995202043060E0,3.982693579869E0));
#2841=CARTESIAN_POINT('',(1.134827796479E2,2.995313149180E0,3.950726391813E0));
#2842=CARTESIAN_POINT('',(1.134232243168E2,2.996646653314E0,3.902578613054E0));
#2843=CARTESIAN_POINT('',(1.133273088393E2,3.000283126339E0,3.848523231709E0));
#2844=CARTESIAN_POINT('',(1.131988990406E2,3.006459933680E0,3.792017646114E0));
#2845=CARTESIAN_POINT('',(1.130414578448E2,3.015105815704E0,3.734883564025E0));
#2846=CARTESIAN_POINT('',(1.128569140383E2,3.026117203932E0,3.677827547141E0));
#2847=CARTESIAN_POINT('',(1.126460601108E2,3.039438773405E0,3.621094136990E0));
#2848=CARTESIAN_POINT('',(1.124096683208E2,3.055011658998E0,3.564883241026E0));
#2849=CARTESIAN_POINT('',(1.121479031700E2,3.072816280370E0,3.509219091059E0));
#2850=CARTESIAN_POINT('',(1.118596690580E2,3.092926178623E0,3.453924999478E0));
#2851=CARTESIAN_POINT('',(1.115431027375E2,3.115479940046E0,3.398798201252E0));
#2852=CARTESIAN_POINT('',(1.113051247264E2,3.132736794510E0,3.361007946507E0));
#2853=CARTESIAN_POINT('',(1.111729329208E2,3.142403198077E0,3.340996784212E0));
#2854=CARTESIAN_POINT('',(1.111565169945E2,3.143604781811E0,3.338526337970E0));
#2855=CARTESIAN_POINT('',(1.138620170912E2,3.024121289743E0,4.012169880095E0));
#2856=CARTESIAN_POINT('',(1.138625912295E2,3.024030509569E0,3.997854562944E0));
#2857=CARTESIAN_POINT('',(1.138610371553E2,3.024307657661E0,3.936831091444E0));
#2858=CARTESIAN_POINT('',(1.138246024631E2,3.030312302396E0,3.827008999312E0));
#2859=CARTESIAN_POINT('',(1.137265393078E2,3.045951078944E0,3.708404700146E0));
#2860=CARTESIAN_POINT('',(1.135925552088E2,3.066137984679E0,3.610405494953E0));
#2861=CARTESIAN_POINT('',(1.134319269388E2,3.088963769336E0,3.527624591345E0));
#2862=CARTESIAN_POINT('',(1.132483468715E2,3.113675805389E0,3.455054316728E0));
#2863=CARTESIAN_POINT('',(1.130426036311E2,3.140089660039E0,3.389285885216E0));
#2864=CARTESIAN_POINT('',(1.128143838759E2,3.168208827524E0,3.328250300489E0));
#2865=CARTESIAN_POINT('',(1.125636043981E2,3.198027921489E0,3.270791809112E0));
#2866=CARTESIAN_POINT('',(1.122897559407E2,3.229601304729E0,3.216103024422E0));
#2867=CARTESIAN_POINT('',(1.119912189639E2,3.263102961643E0,3.163503589991E0));
#2868=CARTESIAN_POINT('',(1.116657481148E2,3.298758831531E0,3.112492265717E0));
#2869=CARTESIAN_POINT('',(1.114224329033E2,3.324843579097E0,3.078375805780E0));
#2870=CARTESIAN_POINT('',(1.112875920661E2,3.339145101703E0,3.060525669385E0));
#2871=CARTESIAN_POINT('',(1.112708517789E2,3.340918342374E0,3.058325296544E0));
#2872=CARTESIAN_POINT('',(1.142096564783E2,2.926520629156E0,4.021192773883E0));
#2873=CARTESIAN_POINT('',(1.142105084631E2,2.926342319226E0,3.996234130770E0));
#2874=CARTESIAN_POINT('',(1.142083110518E2,2.926893268751E0,3.889798322565E0));
#2875=CARTESIAN_POINT('',(1.141547616621E2,2.938764446962E0,3.699917381949E0));
#2876=CARTESIAN_POINT('',(1.140195046395E2,2.968732263460E0,3.507248509204E0));
#2877=CARTESIAN_POINT('',(1.138487508897E2,3.005672881912E0,3.361037983819E0));
#2878=CARTESIAN_POINT('',(1.136570035011E2,3.045563599009E0,3.247399624729E0));
#2879=CARTESIAN_POINT('',(1.134481764683E2,3.086968637086E0,3.154691429701E0));
#2880=CARTESIAN_POINT('',(1.132219571572E2,3.129614502099E0,3.075473958080E0));
#2881=CARTESIAN_POINT('',(1.129769641279E2,3.173558499863E0,3.005399469909E0));
#2882=CARTESIAN_POINT('',(1.127122878963E2,3.218843450869E0,2.941981692392E0));
#2883=CARTESIAN_POINT('',(1.124267684369E2,3.265595561261E0,2.883588781750E0));
#2884=CARTESIAN_POINT('',(1.121182801477E2,3.314094813902E0,2.829024983419E0));
#2885=CARTESIAN_POINT('',(1.117842086087E2,3.364665598072E0,2.777475398462E0));
#2886=CARTESIAN_POINT('',(1.115357383117E2,3.400972674608E0,2.743837271696E0));
#2887=CARTESIAN_POINT('',(1.113983388328E2,3.420692317594E0,2.726454731533E0));
#2888=CARTESIAN_POINT('',(1.113812852524E2,3.423134574118E0,2.724315352156E0));
#2889=CARTESIAN_POINT('',(1.145019771569E2,2.714484126462E0,4.029327889731E0));
#2890=CARTESIAN_POINT('',(1.145030627756E2,2.714229416047E0,3.994776841999E0));
#2891=CARTESIAN_POINT('',(1.145003243992E2,2.715018724180E0,3.847417904189E0));
#2892=CARTESIAN_POINT('',(1.144323837173E2,2.732003157105E0,3.585185412159E0));
#2893=CARTESIAN_POINT('',(1.142658513648E2,2.774549853815E0,3.324013066200E0));
#2894=CARTESIAN_POINT('',(1.140641789973E2,2.826373364556E0,3.131292259239E0));
#2895=CARTESIAN_POINT('',(1.138462643729E2,2.881632339951E0,2.986034443242E0));
#2896=CARTESIAN_POINT('',(1.136162078407E2,2.938290643564E0,2.870979663409E0));
#2897=CARTESIAN_POINT('',(1.133727707486E2,2.995988548912E0,2.775241509978E0));
#2898=CARTESIAN_POINT('',(1.131136735209E2,3.054825503923E0,2.692510400777E0));
#2899=CARTESIAN_POINT('',(1.128373118801E2,3.114881296033E0,2.619159402742E0));
#2900=CARTESIAN_POINT('',(1.125419785867E2,3.176342980774E0,2.552841443682E0));
#2901=CARTESIAN_POINT('',(1.122251225046E2,3.239588972093E0,2.491897447571E0));
#2902=CARTESIAN_POINT('',(1.118838188751E2,3.305041018165E0,2.435222503673E0));
#2903=CARTESIAN_POINT('',(1.116310138045E2,3.351699340825E0,2.398808031055E0));
#2904=CARTESIAN_POINT('',(1.114914628320E2,3.376949345206E0,2.380141769298E0));
#2905=CARTESIAN_POINT('',(1.114741458117E2,3.380075152704E0,2.377846752494E0));
#2906=(BOUNDED_SURFACE()B_SPLINE_SURFACE(3,3,((#2838,#2839,#2840,#2841,#2842,
#2843,#2844,#2845,#2846,#2847,#2848,#2849,#2850,#2851,#2852,#2853,#2854),(#2855,
#2856,#2857,#2858,#2859,#2860,#2861,#2862,#2863,#2864,#2865,#2866,#2867,#2868,
#2869,#2870,#2871),(#2872,#2873,#2874,#2875,#2876,#2877,#2878,#2879,#2880,#2881,
#2882,#2883,#2884,#2885,#2886,#2887,#2888),(#2889,#2890,#2891,#2892,#2893,#2894,
#2895,#2896,#2897,#2898,#2899,#2900,#2901,#2902,#2903,#2904,#2905)),
.UNSPECIFIED.,.F.,.F.,.F.)B_SPLINE_SURFACE_WITH_KNOTS((4,4),(4,1,1,1,1,1,1,1,1,
1,1,1,1,1,4),(0.E0,1.E0),(9.269682647341E-1,9.279484705750E-1,9.311376021358E-1,
9.347700502271E-1,9.388815129113E-1,9.434873104372E-1,9.485628856173E-1,
9.541529550060E-1,9.603069367923E-1,9.670138049590E-1,9.742687753156E-1,
9.821429990393E-1,9.907066800777E-1,1.E0,1.001317032292E0),.UNSPECIFIED.)GEOMETRIC_REPRESENTATION_ITEM()RATIONAL_B_SPLINE_SURFACE(((1.031938350264E0,
1.031938350264E0,1.031938350264E0,1.031938350264E0,1.031938350264E0,
1.031938350264E0,1.031938350264E0,1.031938350264E0,1.031938350264E0,
1.031938350264E0,1.031938350264E0,1.031938350264E0,1.031938350264E0,
1.031938350264E0,1.031938350264E0,1.031938350264E0,1.031938350264E0),(
9.893538832454E-1,9.893538832454E-1,9.893538832454E-1,9.893538832454E-1,
9.893538832454E-1,9.893538832454E-1,9.893538832454E-1,9.893538832454E-1,
9.893538832454E-1,9.893538832454E-1,9.893538832454E-1,9.893538832454E-1,
9.893538832454E-1,9.893538832454E-1,9.893538832454E-1,9.893538832454E-1,
9.893538832454E-1),(9.893538832454E-1,9.893538832454E-1,9.893538832454E-1,
9.893538832454E-1,9.893538832454E-1,9.893538832454E-1,9.893538832454E-1,
9.893538832454E-1,9.893538832454E-1,9.893538832454E-1,9.893538832454E-1,
9.893538832454E-1,9.893538832454E-1,9.893538832454E-1,9.893538832454E-1,
9.893538832454E-1,9.893538832454E-1),(1.031938350264E0,1.031938350264E0,
1.031938350264E0,1.031938350264E0,1.031938350264E0,1.031938350264E0,
1.031938350264E0,1.031938350264E0,1.031938350264E0,1.031938350264E0,
1.031938350264E0,1.031938350264E0,1.031938350264E0,1.031938350264E0,
1.031938350264E0,1.031938350264E0,1.031938350264E0)))REPRESENTATION_ITEM('')SURFACE());
#2907=ORIENTED_EDGE('922',*,*,#1718,.F.);
#2909=ORIENTED_EDGE('952',*,*,#2908,.F.);
#2911=ORIENTED_EDGE('944',*,*,#2910,.T.);
#2912=ORIENTED_EDGE('943',*,*,#2822,.F.);
#2913=EDGE_LOOP('684',(#2907,#2909,#2911,#2912));
#2914=FACE_OUTER_BOUND('684',#2913,.F.);
#2916=CARTESIAN_POINT('',(-1.56432E2,4.5E0,4.E0));
#2917=DIRECTION('',(1.E0,0.E0,0.E0));
#2918=DIRECTION('',(0.E0,-1.E0,0.E0));
#2919=AXIS2_PLACEMENT_3D('',#2916,#2917,#2918);
#2920=CYLINDRICAL_SURFACE('601',#2919,1.5E0);
#2921=ORIENTED_EDGE('902',*,*,#1716,.F.);
#2922=ORIENTED_EDGE('949',*,*,#2725,.F.);
#2923=ORIENTED_EDGE('950',*,*,#2759,.T.);
#2925=ORIENTED_EDGE('903',*,*,#2924,.T.);
#2927=ORIENTED_EDGE('951',*,*,#2926,.T.);
#2928=ORIENTED_EDGE('952',*,*,#2908,.T.);
#2929=EDGE_LOOP('601',(#2921,#2922,#2923,#2925,#2927,#2928));
#2930=FACE_OUTER_BOUND('601',#2929,.F.);
#2932=CARTESIAN_POINT('',(0.E0,0.E0,2.5E0));
#2933=DIRECTION('',(0.E0,0.E0,1.E0));
#2934=DIRECTION('',(1.E0,0.E0,0.E0));
#2935=AXIS2_PLACEMENT_3D('',#2932,#2933,#2934);
#2936=PLANE('543',#2935);
#2938=ORIENTED_EDGE('901',*,*,#2937,.F.);
#2939=ORIENTED_EDGE('903',*,*,#2924,.F.);
#2940=ORIENTED_EDGE('937',*,*,#2757,.F.);
#2941=EDGE_LOOP('543',(#2938,#2939,#2940));
#2942=FACE_OUTER_BOUND('543',#2941,.F.);
#2944=CARTESIAN_POINT('',(2.76432E2,-2.601777700512E1,1.E0));
#2945=DIRECTION('',(-9.860153995363E-1,1.666542285008E-1,0.E0));
#2946=DIRECTION('',(0.E0,0.E0,1.E0));
#2947=AXIS2_PLACEMENT_3D('',#2944,#2945,#2946);
#2948=CYLINDRICAL_SURFACE('624',#2947,1.5E0);
#2949=ORIENTED_EDGE('899',*,*,#2763,.T.);
#2950=ORIENTED_EDGE('954',*,*,#2806,.T.);
#2951=ORIENTED_EDGE('900',*,*,#2826,.F.);
#2953=ORIENTED_EDGE('953',*,*,#2952,.T.);
#2954=ORIENTED_EDGE('901',*,*,#2937,.T.);
#2955=EDGE_LOOP('624',(#2949,#2950,#2951,#2953,#2954));
#2956=FACE_OUTER_BOUND('624',#2955,.F.);
#2958=CARTESIAN_POINT('',(1.113532566904E2,3.129282025054E0,3.368820009532E0));
#2959=CARTESIAN_POINT('',(1.113041620241E2,3.132846626760E0,3.361069826885E0));
#2960=CARTESIAN_POINT('',(1.109660937573E2,3.157469154236E0,3.308670094071E0));
#2961=CARTESIAN_POINT('',(1.103472374452E2,3.203479137019E0,3.224189761463E0));
#2962=CARTESIAN_POINT('',(1.095022941283E2,3.267719223844E0,3.126311772503E0));
#2963=CARTESIAN_POINT('',(1.086812648898E2,3.331130160337E0,3.043438770892E0));
#2964=CARTESIAN_POINT('',(1.078724426095E2,3.394354124653E0,2.971176610670E0));
#2965=CARTESIAN_POINT('',(1.070673158766E2,3.457908219519E0,2.906945370795E0));
#2966=CARTESIAN_POINT('',(1.062623087303E2,3.521982867038E0,2.849328490912E0));
#2967=CARTESIAN_POINT('',(1.054563429533E2,3.586598918166E0,2.797447059441E0));
#2968=CARTESIAN_POINT('',(1.046417284263E2,3.652328459038E0,2.750256887009E0));
#2969=CARTESIAN_POINT('',(1.037978988249E2,3.720817070248E0,2.706397534424E0));
#2970=CARTESIAN_POINT('',(1.028958039733E2,3.794449475389E0,2.664699039963E0));
#2971=CARTESIAN_POINT('',(1.019142069083E2,3.875024570985E0,2.625002312681E0));
#2972=CARTESIAN_POINT('',(1.008477313876E2,3.963069203845E0,2.588164471236E0));
#2973=CARTESIAN_POINT('',(9.969715657156E1,4.058606474957E0,2.555311329708E0));
#2974=CARTESIAN_POINT('',(9.845653894700E1,4.162224352810E0,2.527460810067E0));
#2975=CARTESIAN_POINT('',(9.711401584753E1,4.275032691515E0,2.505843868148E0));
#2976=CARTESIAN_POINT('',(9.618271452571E1,4.353785402493E0,2.497101198644E0));
#2977=CARTESIAN_POINT('',(9.569849280925E1,4.394865722928E0,2.494232899438E0));
#2978=CARTESIAN_POINT('',(1.116793316962E2,3.653037703203E0,2.588795209111E0));
#2979=CARTESIAN_POINT('',(1.116272445655E2,3.661576510232E0,2.583147028674E0));
#2980=CARTESIAN_POINT('',(1.112694568579E2,3.719744279312E0,2.545559649011E0));
#2981=CARTESIAN_POINT('',(1.106244391054E2,3.818576930640E0,2.491904805356E0));
#2982=CARTESIAN_POINT('',(1.097549177129E2,3.942245689054E0,2.439274373615E0));
#2983=CARTESIAN_POINT('',(1.089162736617E2,4.054696634856E0,2.401796637522E0));
#2984=CARTESIAN_POINT('',(1.080940250633E2,4.159650453480E0,2.374932167710E0));
#2985=CARTESIAN_POINT('',(1.072782543020E2,4.259395624150E0,2.356234444242E0));
#2986=CARTESIAN_POINT('',(1.064646013554E2,4.355104960022E0,2.344304045931E0));
#2987=CARTESIAN_POINT('',(1.056515029171E2,4.447418844669E0,2.338217343655E0));
#2988=CARTESIAN_POINT('',(1.048308894737E2,4.537567433329E0,2.337301964066E0));
#2989=CARTESIAN_POINT('',(1.039818742726E2,4.627941765432E0,2.341320924469E0));
#2990=CARTESIAN_POINT('',(1.030751849957E2,4.721461285395E0,2.350710041104E0));
#2991=CARTESIAN_POINT('',(1.020895190910E2,4.819848196847E0,2.366460742909E0));
#2992=CARTESIAN_POINT('',(1.010195491638E2,4.923013578564E0,2.389670145215E0));
#2993=CARTESIAN_POINT('',(9.986612143489E1,5.030241074686E0,2.421350051196E0));
#2994=CARTESIAN_POINT('',(9.862335038857E1,5.141391831281E0,2.462773008050E0));
#2995=CARTESIAN_POINT('',(9.727946359665E1,5.256653735925E0,2.515733654350E0));
#2996=CARTESIAN_POINT('',(9.634789214354E1,5.332932040331E0,2.558414988868E0));
#2997=CARTESIAN_POINT('',(9.586370847537E1,5.371606299610E0,2.582193564330E0));
#2998=CARTESIAN_POINT('',(1.119106413969E2,3.360380919466E0,1.666882782072E0));
#2999=CARTESIAN_POINT('',(1.118564314845E2,3.374564835981E0,1.658917480922E0));
#3000=CARTESIAN_POINT('',(1.114846552840E2,3.471098717552E0,1.606126706137E0));
#3001=CARTESIAN_POINT('',(1.108210792401E2,3.634022290883E0,1.533313480184E0));
#3002=CARTESIAN_POINT('',(1.099341227567E2,3.836135476576E0,1.465834859420E0));
#3003=CARTESIAN_POINT('',(1.090829831848E2,4.018601928473E0,1.421245849584E0));
#3004=CARTESIAN_POINT('',(1.082512102818E2,4.187841524932E0,1.392662655035E0));
#3005=CARTESIAN_POINT('',(1.074278889049E2,4.347770846048E0,1.376430892279E0));
#3006=CARTESIAN_POINT('',(1.066081028374E2,4.500416682841E0,1.370444688793E0));
#3007=CARTESIAN_POINT('',(1.057899446622E2,4.646907553772E0,1.373299428791E0));
#3008=CARTESIAN_POINT('',(1.049650757330E2,4.789271500094E0,1.384078853548E0));
#3009=CARTESIAN_POINT('',(1.041123819932E2,4.931310180992E0,1.402720800892E0));
#3010=CARTESIAN_POINT('',(1.032024335423E2,5.077566732276E0,1.430304454990E0));
#3011=CARTESIAN_POINT('',(1.022138813014E2,5.230618144509E0,1.468627253112E0));
#3012=CARTESIAN_POINT('',(1.011414325270E2,5.390168513048E0,1.519406748761E0));
#3013=CARTESIAN_POINT('',(9.998598101095E1,5.554943237481E0,1.584138817447E0));
#3014=CARTESIAN_POINT('',(9.874168237946E1,5.724541930597E0,1.664809414105E0));
#3015=CARTESIAN_POINT('',(9.739682821720E1,5.899005663883E0,1.764273038312E0));
#3016=CARTESIAN_POINT('',(9.646506513950E1,6.013385812677E0,1.842150921147E0));
#3017=CARTESIAN_POINT('',(9.598090846186E1,6.071075700935E0,1.885011974680E0));
#3018=CARTESIAN_POINT('',(1.118844985533E2,2.457146206531E0,1.251492142255E0));
#3019=CARTESIAN_POINT('',(1.118305285598E2,2.473675757268E0,1.238420299856E0));
#3020=CARTESIAN_POINT('',(1.114603333521E2,2.586412553252E0,1.151103397879E0));
#3021=CARTESIAN_POINT('',(1.107988547841E2,2.779618181972E0,1.022622598913E0));
#3022=CARTESIAN_POINT('',(1.099138688313E2,3.024019168076E0,8.906432316929E-1));
#3023=CARTESIAN_POINT('',(1.090641415151E2,3.248232560256E0,7.914379867723E-1));
#3024=CARTESIAN_POINT('',(1.082334450581E2,3.459099689895E0,7.152284844E-1));
#3025=CARTESIAN_POINT('',(1.074109770590E2,3.660876868833E0,6.566607405199E-1));
#3026=CARTESIAN_POINT('',(1.065918841627E2,3.855715823816E0,6.126957097485E-1));
#3027=CARTESIAN_POINT('',(1.057742978438E2,4.044758490161E0,5.813498132658E-1));
#3028=CARTESIAN_POINT('',(1.049499098737E2,4.230409434235E0,5.610187376595E-1));
#3029=CARTESIAN_POINT('',(1.040976318858E2,4.417553963555E0,5.507435486523E-1));
#3030=CARTESIAN_POINT('',(1.031880517899E2,4.612305883716E0,5.508318878152E-1));
#3031=CARTESIAN_POINT('',(1.021998257654E2,4.818427254056E0,5.629757987019E-1));
#3032=CARTESIAN_POINT('',(1.011276571528E2,5.035969548939E0,5.894573412097E-1));
#3033=CARTESIAN_POINT('',(9.997243436706E1,5.263673766300E0,6.325140834374E-1));
#3034=CARTESIAN_POINT('',(9.872830838471E1,5.501527219193E0,6.948024089230E-1));
#3035=CARTESIAN_POINT('',(9.738356355556E1,5.750302573746E0,7.799874236181E-1));
#3036=CARTESIAN_POINT('',(9.645182213545E1,5.916562616819E0,8.520795822363E-1));
#3037=CARTESIAN_POINT('',(9.596766240732E1,6.001315546466E0,8.930374224896E-1));
#3038=(BOUNDED_SURFACE()B_SPLINE_SURFACE(3,3,((#2958,#2959,#2960,#2961,#2962,
#2963,#2964,#2965,#2966,#2967,#2968,#2969,#2970,#2971,#2972,#2973,#2974,#2975,
#2976,#2977),(#2978,#2979,#2980,#2981,#2982,#2983,#2984,#2985,#2986,#2987,#2988,
#2989,#2990,#2991,#2992,#2993,#2994,#2995,#2996,#2997),(#2998,#2999,#3000,#3001,
#3002,#3003,#3004,#3005,#3006,#3007,#3008,#3009,#3010,#3011,#3012,#3013,#3014,
#3015,#3016,#3017),(#3018,#3019,#3020,#3021,#3022,#3023,#3024,#3025,#3026,#3027,
#3028,#3029,#3030,#3031,#3032,#3033,#3034,#3035,#3036,#3037)),.UNSPECIFIED.,.F.,
.F.,.F.)B_SPLINE_SURFACE_WITH_KNOTS((4,4),(4,1,1,1,1,1,1,1,1,1,1,1,1,1,1,1,1,4),
(0.E0,1.E0),(-8.913122704829E-3,0.E0,5.236960097284E-2,1.021971834782E-1,
1.504361942945E-1,1.977819645892E-1,2.449455374341E-1,2.921701250400E-1,
3.392212902416E-1,3.863403509205E-1,4.349113581836E-1,4.869365824708E-1,
5.441228711704E-1,6.064734364893E-1,6.732150284796E-1,7.449839002597E-1,
8.229612725465E-1,9.074096719024E-1),.UNSPECIFIED.)GEOMETRIC_REPRESENTATION_ITEM()RATIONAL_B_SPLINE_SURFACE(((1.213345886159E0,1.213345886159E0,1.213345886159E0,
1.213345886159E0,1.213345886159E0,1.213345886159E0,1.213345886159E0,
1.213345886159E0,1.213345886159E0,1.213345886159E0,1.213345886159E0,
1.213345886159E0,1.213345886159E0,1.213345886159E0,1.213345886159E0,
1.213345886159E0,1.213345886159E0,1.213345886159E0,1.213345886159E0,
1.213345886159E0),(9.288847046137E-1,9.288847046137E-1,9.288847046137E-1,
9.288847046137E-1,9.288847046137E-1,9.288847046137E-1,9.288847046137E-1,
9.288847046137E-1,9.288847046137E-1,9.288847046137E-1,9.288847046137E-1,
9.288847046137E-1,9.288847046137E-1,9.288847046137E-1,9.288847046137E-1,
9.288847046137E-1,9.288847046137E-1,9.288847046137E-1,9.288847046137E-1,
9.288847046137E-1),(9.288847046137E-1,9.288847046137E-1,9.288847046137E-1,
9.288847046137E-1,9.288847046137E-1,9.288847046137E-1,9.288847046137E-1,
9.288847046137E-1,9.288847046137E-1,9.288847046137E-1,9.288847046137E-1,
9.288847046137E-1,9.288847046137E-1,9.288847046137E-1,9.288847046137E-1,
9.288847046137E-1,9.288847046137E-1,9.288847046137E-1,9.288847046137E-1,
9.288847046137E-1),(1.213345886159E0,1.213345886159E0,1.213345886159E0,
1.213345886159E0,1.213345886159E0,1.213345886159E0,1.213345886159E0,
1.213345886159E0,1.213345886159E0,1.213345886159E0,1.213345886159E0,
1.213345886159E0,1.213345886159E0,1.213345886159E0,1.213345886159E0,
1.213345886159E0,1.213345886159E0,1.213345886159E0,1.213345886159E0,
1.213345886159E0)))REPRESENTATION_ITEM('')SURFACE());
#3039=ORIENTED_EDGE('916',*,*,#2824,.F.);
#3040=ORIENTED_EDGE('944',*,*,#2910,.F.);
#3041=ORIENTED_EDGE('951',*,*,#2926,.F.);
#3042=ORIENTED_EDGE('953',*,*,#2952,.F.);
#3043=EDGE_LOOP('689',(#3039,#3040,#3041,#3042));
#3044=FACE_OUTER_BOUND('689',#3043,.F.);
#3046=CARTESIAN_POINT('',(-1.56432E2,4.714397685763E1,-1.E0));
#3047=DIRECTION('',(9.860153995363E-1,-1.666542285008E-1,0.E0));
#3048=DIRECTION('',(0.E0,0.E0,-1.E0));
#3049=AXIS2_PLACEMENT_3D('',#3046,#3047,#3048);
#3050=CYLINDRICAL_SURFACE('629',#3049,1.5E0);
#3051=ORIENTED_EDGE('879',*,*,#2745,.T.);
#3053=ORIENTED_EDGE('880',*,*,#3052,.T.);
#3055=ORIENTED_EDGE('961',*,*,#3054,.T.);
#3056=ORIENTED_EDGE('881',*,*,#2829,.F.);
#3057=ORIENTED_EDGE('962',*,*,#2811,.T.);
#3058=EDGE_LOOP('629',(#3051,#3053,#3055,#3056,#3057));
#3059=FACE_OUTER_BOUND('629',#3058,.F.);
#3061=CARTESIAN_POINT('',(0.E0,0.E0,-2.5E0));
#3062=DIRECTION('',(0.E0,0.E0,1.E0));
#3063=DIRECTION('',(1.E0,0.E0,0.E0));
#3064=AXIS2_PLACEMENT_3D('',#3061,#3062,#3063);
#3065=PLANE('547',#3064);
#3066=ORIENTED_EDGE('880',*,*,#3052,.F.);
#3067=ORIENTED_EDGE('938',*,*,#2743,.T.);
#3069=ORIENTED_EDGE('883',*,*,#3068,.F.);
#3070=EDGE_LOOP('547',(#3066,#3067,#3069));
#3071=FACE_OUTER_BOUND('547',#3070,.F.);
#3073=CARTESIAN_POINT('',(2.76432E2,4.5E0,-4.E0));
#3074=DIRECTION('',(-1.E0,0.E0,0.E0));
#3075=DIRECTION('',(0.E0,-1.E0,0.E0));
#3076=AXIS2_PLACEMENT_3D('',#3073,#3074,#3075);
#3077=CYLINDRICAL_SURFACE('619',#3076,1.5E0);
#3078=ORIENTED_EDGE('882',*,*,#1724,.F.);
#3080=ORIENTED_EDGE('957',*,*,#3079,.T.);
#3082=ORIENTED_EDGE('958',*,*,#3081,.T.);
#3083=ORIENTED_EDGE('883',*,*,#3068,.T.);
#3084=ORIENTED_EDGE('959',*,*,#2741,.T.);
#3085=ORIENTED_EDGE('960',*,*,#2779,.T.);
#3086=EDGE_LOOP('619',(#3078,#3080,#3082,#3083,#3084,#3085));
#3087=FACE_OUTER_BOUND('619',#3086,.F.);
#3089=CARTESIAN_POINT('',(1.111566028794E2,3.143593724031E0,-3.338546233599E0));
#3090=CARTESIAN_POINT('',(1.111729892931E2,3.142394310601E0,-3.341012253743E0));
#3091=CARTESIAN_POINT('',(1.112909240786E2,3.133770534118E0,-3.358865321062E0));
#3092=CARTESIAN_POINT('',(1.115017314934E2,3.118470369389E0,-3.392173723140E0));
#3093=CARTESIAN_POINT('',(1.117804466108E2,3.098543691795E0,-3.439866049668E0));
#3094=CARTESIAN_POINT('',(1.120359369176E2,3.080589340477E0,-3.487332076450E0));
#3095=CARTESIAN_POINT('',(1.122704592548E2,3.064436613348E0,-3.534815614403E0));
#3096=CARTESIAN_POINT('',(1.124855407805E2,3.049974780976E0,-3.582522399393E0));
#3097=CARTESIAN_POINT('',(1.126819235687E2,3.037154406441E0,-3.630575606177E0));
#3098=CARTESIAN_POINT('',(1.128596673510E2,3.025976396608E0,-3.678988174537E0));
#3099=CARTESIAN_POINT('',(1.130184444558E2,3.016468679161E0,-3.727689051225E0));
#3100=CARTESIAN_POINT('',(1.131576198131E2,3.008676990134E0,-3.776508987326E0));
#3101=CARTESIAN_POINT('',(1.132761111485E2,3.002662657474E0,-3.825076201908E0));
#3102=CARTESIAN_POINT('',(1.133721493991E2,2.998487202762E0,-3.872575579442E0));
#3103=CARTESIAN_POINT('',(1.134436360753E2,2.996116427301E0,-3.917644775780E0));
#3104=CARTESIAN_POINT('',(1.134886774162E2,2.995266105083E0,-3.958555774286E0));
#3105=CARTESIAN_POINT('',(1.135020003323E2,2.995198575740E0,-3.985844504401E0));
#3106=CARTESIAN_POINT('',(1.135022942098E2,2.995199397240E0,-4.000393073987E0));
#3107=CARTESIAN_POINT('',(1.135021030981E2,2.995201637017E0,-4.003173713698E0));
#3108=CARTESIAN_POINT('',(1.112709390360E2,3.340905213619E0,-3.058345789807E0));
#3109=CARTESIAN_POINT('',(1.112876492160E2,3.339135183413E0,-3.060542207598E0));
#3110=CARTESIAN_POINT('',(1.114079473078E2,3.326376207363E0,-3.076467275813E0));
#3111=CARTESIAN_POINT('',(1.116234294435E2,3.303301853849E0,-3.106501388403E0));
#3112=CARTESIAN_POINT('',(1.119096608301E2,3.272076823953E0,-3.150428596249E0));
#3113=CARTESIAN_POINT('',(1.121735954200E2,3.242698125605E0,-3.195167710195E0));
#3114=CARTESIAN_POINT('',(1.124177145243E2,3.214917865019E0,-3.241099425405E0));
#3115=CARTESIAN_POINT('',(1.126438347730E2,3.188547132058E0,-3.288663761988E0));
#3116=CARTESIAN_POINT('',(1.128530637594E2,3.163466440365E0,-3.338358144451E0));
#3117=CARTESIAN_POINT('',(1.130459143011E2,3.139620697032E0,-3.390773107047E0));
#3118=CARTESIAN_POINT('',(1.132226252074E2,3.116989133537E0,-3.446732119401E0));
#3119=CARTESIAN_POINT('',(1.133832514673E2,3.095582661886E0,-3.507487085599E0));
#3120=CARTESIAN_POINT('',(1.135274347807E2,3.075491232081E0,-3.574966415078E0));
#3121=CARTESIAN_POINT('',(1.136537565295E2,3.057009600877E0,-3.652034561194E0));
#3122=CARTESIAN_POINT('',(1.137589462660E2,3.040835820499E0,-3.742842564575E0));
#3123=CARTESIAN_POINT('',(1.138358351292E2,3.028462579682E0,-3.852180065923E0));
#3124=CARTESIAN_POINT('',(1.138620009175E2,3.024145831535E0,-3.948449775953E0));
#3125=CARTESIAN_POINT('',(1.138624486207E2,3.024056889273E0,-4.001359983139E0));
#3126=CARTESIAN_POINT('',(1.138620597954E2,3.024117401496E0,-4.011453356356E0));
#3127=CARTESIAN_POINT('',(1.113813740911E2,3.423119862713E0,-2.724337232749E0));
#3128=CARTESIAN_POINT('',(1.113983969908E2,3.420682030770E0,-2.726472751429E0));
#3129=CARTESIAN_POINT('',(1.115209777538E2,3.403089295789E0,-2.741980607501E0));
#3130=CARTESIAN_POINT('',(1.117409751110E2,3.371004076649E0,-2.771557111753E0));
#3131=CARTESIAN_POINT('',(1.120344663148E2,3.326877296270E0,-2.815746552383E0));
#3132=CARTESIAN_POINT('',(1.123065570723E2,3.284637221632E0,-2.861760709081E0));
#3133=CARTESIAN_POINT('',(1.125599455061E2,3.243944910995E0,-2.910136787829E0));
#3134=CARTESIAN_POINT('',(1.127967278412E2,3.204524458549E0,-2.961564922781E0));
#3135=CARTESIAN_POINT('',(1.130183647189E2,3.166182609430E0,-3.016924824026E0));
#3136=CARTESIAN_POINT('',(1.132258065837E2,3.128808692104E0,-3.077382148237E0));
#3137=CARTESIAN_POINT('',(1.134198393977E2,3.092335886599E0,-3.144643411429E0));
#3138=CARTESIAN_POINT('',(1.136011846645E2,3.056744335354E0,-3.221358705420E0));
#3139=CARTESIAN_POINT('',(1.137701833565E2,3.022157583059E0,-3.311711244966E0));
#3140=CARTESIAN_POINT('',(1.139257553434E2,2.989107349961E0,-3.422153947655E0));
#3141=CARTESIAN_POINT('',(1.140634982059E2,2.959016556691E0,-3.562202892180E0));
#3142=CARTESIAN_POINT('',(1.141711479673E2,2.935119996419E0,-3.742980141587E0));
#3143=CARTESIAN_POINT('',(1.142097184346E2,2.926574538478E0,-3.910096961475E0));
#3144=CARTESIAN_POINT('',(1.142103147149E2,2.926396454444E0,-4.002353937075E0));
#3145=CARTESIAN_POINT('',(1.142097349220E2,2.926515068154E0,-4.019948448532E0));
#3146=CARTESIAN_POINT('',(1.114742363273E2,3.380059603715E0,-2.377870391320E0));
#3147=CARTESIAN_POINT('',(1.114915221855E2,3.376939458065E0,-2.380161253360E0));
#3148=CARTESIAN_POINT('',(1.116160223930E2,3.354412817917E0,-2.396814334578E0));
#3149=CARTESIAN_POINT('',(1.118398164935E2,3.313195589859E0,-2.428806562963E0));
#3150=CARTESIAN_POINT('',(1.121394123066E2,3.256160880898E0,-2.477253123764E0));
#3151=CARTESIAN_POINT('',(1.124183613933E2,3.201214622519E0,-2.528386430151E0));
#3152=CARTESIAN_POINT('',(1.126795441880E2,3.147924240395E0,-2.582900449661E0));
#3153=CARTESIAN_POINT('',(1.129252920203E2,3.095928788021E0,-2.641720296499E0));
#3154=CARTESIAN_POINT('',(1.131573624015E2,3.044966655408E0,-2.706068675708E0));
#3155=CARTESIAN_POINT('',(1.133770737662E2,2.994878894098E0,-2.777612694908E0));
#3156=CARTESIAN_POINT('',(1.135856721643E2,2.945560978547E0,-2.858821120024E0));
#3157=CARTESIAN_POINT('',(1.137844395560E2,2.896970145306E0,-2.953546171493E0));
#3158=CARTESIAN_POINT('',(1.139743049152E2,2.849264347420E0,-3.067901342351E0));
#3159=CARTESIAN_POINT('',(1.141544727380E2,2.803186661167E0,-3.211392662511E0));
#3160=CARTESIAN_POINT('',(1.143195887574E2,2.760787755288E0,-3.398088717230E0));
#3161=CARTESIAN_POINT('',(1.144531046334E2,2.726794046802E0,-3.644474811176E0));
#3162=CARTESIAN_POINT('',(1.145021059030E2,2.714563896901E0,-3.875534089971E0));
#3163=CARTESIAN_POINT('',(1.145028271184E2,2.714308328719E0,-4.003251885577E0));
#3164=CARTESIAN_POINT('',(1.145020867452E2,2.714477680070E0,-4.027607308762E0));
#3165=(BOUNDED_SURFACE()B_SPLINE_SURFACE(3,3,((#3089,#3090,#3091,#3092,#3093,
#3094,#3095,#3096,#3097,#3098,#3099,#3100,#3101,#3102,#3103,#3104,#3105,#3106,
#3107),(#3108,#3109,#3110,#3111,#3112,#3113,#3114,#3115,#3116,#3117,#3118,#3119,
#3120,#3121,#3122,#3123,#3124,#3125,#3126),(#3127,#3128,#3129,#3130,#3131,#3132,
#3133,#3134,#3135,#3136,#3137,#3138,#3139,#3140,#3141,#3142,#3143,#3144,#3145),(
#3146,#3147,#3148,#3149,#3150,#3151,#3152,#3153,#3154,#3155,#3156,#3157,#3158,
#3159,#3160,#3161,#3162,#3163,#3164)),.UNSPECIFIED.,.F.,.F.,.F.)B_SPLINE_SURFACE_WITH_KNOTS((4,4),(4,1,1,1,1,1,1,1,1,1,1,1,1,1,1,1,4),(0.E0,1.E0),(
-1.312958287387E-3,0.E0,8.140785941784E-3,1.564316565694E-2,2.258540111907E-2,
2.903282755581E-2,3.503872293323E-2,4.063136527903E-2,4.582320562826E-2,
5.062482066795E-2,5.505080847448E-2,5.911557242565E-2,6.283302610576E-2,
6.621348823752E-2,6.931290621261E-2,7.223787459623E-2,7.292858802306E-2),
.UNSPECIFIED.)GEOMETRIC_REPRESENTATION_ITEM()RATIONAL_B_SPLINE_SURFACE(((
1.031938153356E0,1.031938153356E0,1.031938153356E0,1.031938153356E0,
1.031938153356E0,1.031938153356E0,1.031938153356E0,1.031938153356E0,
1.031938153356E0,1.031938153356E0,1.031938153356E0,1.031938153356E0,
1.031938153356E0,1.031938153356E0,1.031938153356E0,1.031938153356E0,
1.031938153356E0,1.031938153356E0,1.031938153356E0),(9.893539488814E-1,
9.893539488814E-1,9.893539488814E-1,9.893539488814E-1,9.893539488814E-1,
9.893539488814E-1,9.893539488814E-1,9.893539488814E-1,9.893539488814E-1,
9.893539488814E-1,9.893539488814E-1,9.893539488814E-1,9.893539488814E-1,
9.893539488814E-1,9.893539488814E-1,9.893539488814E-1,9.893539488814E-1,
9.893539488814E-1,9.893539488814E-1),(9.893539488814E-1,9.893539488814E-1,
9.893539488814E-1,9.893539488814E-1,9.893539488814E-1,9.893539488814E-1,
9.893539488814E-1,9.893539488814E-1,9.893539488814E-1,9.893539488814E-1,
9.893539488814E-1,9.893539488814E-1,9.893539488814E-1,9.893539488814E-1,
9.893539488814E-1,9.893539488814E-1,9.893539488814E-1,9.893539488814E-1,
9.893539488814E-1),(1.031938153356E0,1.031938153356E0,1.031938153356E0,
1.031938153356E0,1.031938153356E0,1.031938153356E0,1.031938153356E0,
1.031938153356E0,1.031938153356E0,1.031938153356E0,1.031938153356E0,
1.031938153356E0,1.031938153356E0,1.031938153356E0,1.031938153356E0,
1.031938153356E0,1.031938153356E0,1.031938153356E0,1.031938153356E0)))REPRESENTATION_ITEM('')SURFACE());
#3166=ORIENTED_EDGE('919',*,*,#1722,.F.);
#3167=ORIENTED_EDGE('945',*,*,#2833,.F.);
#3169=ORIENTED_EDGE('946',*,*,#3168,.F.);
#3170=ORIENTED_EDGE('957',*,*,#3079,.F.);
#3171=EDGE_LOOP('728',(#3166,#3167,#3169,#3170));
#3172=FACE_OUTER_BOUND('728',#3171,.F.);
#3174=CARTESIAN_POINT('',(9.569849025543E1,4.394865746326E0,-2.494232858699E0));
#3175=CARTESIAN_POINT('',(9.613160003025E1,4.358121631145E0,-2.496798166540E0));
#3176=CARTESIAN_POINT('',(9.699152674946E1,4.285379569308E0,-2.504557676751E0));
#3177=CARTESIAN_POINT('',(9.824900446377E1,4.179628323430E0,-2.523687985373E0));
#3178=CARTESIAN_POINT('',(9.944575141170E1,4.079562914853E0,-2.549152952604E0));
#3179=CARTESIAN_POINT('',(1.005599872542E2,3.986917966824E0,-2.579400454725E0));
#3180=CARTESIAN_POINT('',(1.015911549494E2,3.901650651274E0,-2.613294586156E0));
#3181=CARTESIAN_POINT('',(1.025411445521E2,3.823518029360E0,-2.649808643388E0));
#3182=CARTESIAN_POINT('',(1.034252277827E2,3.751191084647E0,-2.688612655508E0));
#3183=CARTESIAN_POINT('',(1.042697615815E2,3.682471195344E0,-2.730330365318E0));
#3184=CARTESIAN_POINT('',(1.050989930360E2,3.615380409534E0,-2.776094261561E0));
#3185=CARTESIAN_POINT('',(1.059254745173E2,3.548929986661E0,-2.826928609457E0));
#3186=CARTESIAN_POINT('',(1.067523090804E2,3.482917596580E0,-2.883607948059E0));
#3187=CARTESIAN_POINT('',(1.075810699727E2,3.417281705144E0,-2.947031667399E0));
#3188=CARTESIAN_POINT('',(1.084215032928E2,3.351348862820E0,-3.019160424939E0));
#3189=CARTESIAN_POINT('',(1.092946972929E2,3.283643848845E0,-3.104010968988E0));
#3190=CARTESIAN_POINT('',(1.102285685421E2,3.212365843448E0,-3.208774494159E0));
#3191=CARTESIAN_POINT('',(1.109210011044E2,3.160754014533E0,-3.301687396848E0));
#3192=CARTESIAN_POINT('',(1.113042248579E2,3.132841773927E0,-3.361078465954E0));
#3193=CARTESIAN_POINT('',(1.113533520548E2,3.129274520581E0,-3.368831621869E0));
#3194=CARTESIAN_POINT('',(9.586370593727E1,5.371606400658E0,-2.582193799024E0));
#3195=CARTESIAN_POINT('',(9.629678170687E1,5.337014546881E0,-2.560924948782E0));
#3196=CARTESIAN_POINT('',(9.715692467124E1,5.266766217988E0,-2.521218486322E0));
#3197=CARTESIAN_POINT('',(9.841555753619E1,5.159463336940E0,-2.470549295176E0));
#3198=CARTESIAN_POINT('',(9.961421938638E1,5.053068525275E0,-2.429251794031E0));
#3199=CARTESIAN_POINT('',(1.007310216175E2,4.950153342233E0,-2.397066132055E0));
#3200=CARTESIAN_POINT('',(1.017653315849E2,4.851423539523E0,-2.372960705215E0));
#3201=CARTESIAN_POINT('',(1.027189702700E2,4.757334365848E0,-2.355868693416E0));
#3202=CARTESIAN_POINT('',(1.036072084890E2,4.666908841138E0,-2.344653567865E0));
#3203=CARTESIAN_POINT('',(1.044565222108E2,4.577759463197E0,-2.338489628043E0));
#3204=CARTESIAN_POINT('',(1.052913800985E2,4.487355660865E0,-2.337168702710E0));
#3205=CARTESIAN_POINT('',(1.061246098761E2,4.394117849135E0,-2.341040724855E0));
#3206=CARTESIAN_POINT('',(1.069596415100E2,4.297327723098E0,-2.350761770627E0));
#3207=CARTESIAN_POINT('',(1.077985059237E2,4.196298115565E0,-2.367235112890E0));
#3208=CARTESIAN_POINT('',(1.086517888544E2,4.089064754441E0,-2.392037339474E0));
#3209=CARTESIAN_POINT('',(1.095422373625E2,3.971521835450E0,-2.428323443199E0));
#3210=CARTESIAN_POINT('',(1.105013614908E2,3.837010871357E0,-2.482603268372E0));
#3211=CARTESIAN_POINT('',(1.112217449425E2,3.727496613883E0,-2.540559052630E0));
#3212=CARTESIAN_POINT('',(1.116273092472E2,3.661567129076E0,-2.583151813348E0));
#3213=CARTESIAN_POINT('',(1.116794276106E2,3.653025054100E0,-2.588799596356E0));
#3214=CARTESIAN_POINT('',(9.598090594367E1,6.071076017828E0,-1.885012282311E0));
#3215=CARTESIAN_POINT('',(9.641395759079E1,6.019475845287E0,-1.846675090016E0));
#3216=CARTESIAN_POINT('',(9.727425395424E1,5.914194183700E0,-1.774323482781E0));
#3217=CARTESIAN_POINT('',(9.853370625511E1,5.751969932492E0,-1.679571005326E0));
#3218=CARTESIAN_POINT('',(9.973372649062E1,5.589859604542E0,-1.599749421690E0));
#3219=CARTESIAN_POINT('',(1.008523492558E2,5.431961127417E0,-1.534806444507E0));
#3220=CARTESIAN_POINT('',(1.018888882751E2,5.279535507480E0,-1.483213786423E0));
#3221=CARTESIAN_POINT('',(1.028451155308E2,5.133452741935E0,-1.443352103561E0));
#3222=CARTESIAN_POINT('',(1.037363011981E2,4.992332016765E0,-1.413295527371E0));
#3223=CARTESIAN_POINT('',(1.045890056815E2,4.852523261623E0,-1.391417995139E0));
#3224=CARTESIAN_POINT('',(1.054278548247E2,4.710065071703E0,-1.377053285562E0));
#3225=CARTESIAN_POINT('',(1.062658716805E2,4.562420118159E0,-1.370551912339E0));
#3226=CARTESIAN_POINT('',(1.071067181180E2,4.408369586715E0,-1.372872132317E0));
#3227=CARTESIAN_POINT('',(1.079527497253E2,4.246712804426E0,-1.385377133069E0));
#3228=CARTESIAN_POINT('',(1.088151478587E2,4.074148384129E0,-1.410343540677E0));
#3229=CARTESIAN_POINT('',(1.097178362972E2,3.883793377267E0,-1.452302747647E0));
#3230=CARTESIAN_POINT('',(1.106948742069E2,3.664330077866E0,-1.520892786537E0));
#3231=CARTESIAN_POINT('',(1.114350853430E2,3.483963420995E0,-1.599106296475E0));
#3232=CARTESIAN_POINT('',(1.118564974942E2,3.374549461663E0,-1.658923505186E0));
#3233=CARTESIAN_POINT('',(1.119107377187E2,3.360360453924E0,-1.666887321618E0));
#3234=CARTESIAN_POINT('',(9.596765988773E1,6.001315996956E0,
-8.930376176655E-1));
#3235=CARTESIAN_POINT('',(9.640071426119E1,5.925509401763E0,
-8.564025918612E-1));
#3236=CARTESIAN_POINT('',(9.726099328733E1,5.772307367533E0,
-7.891870070605E-1));
#3237=CARTESIAN_POINT('',(9.852035297478E1,5.540419908312E0,
-7.070725945375E-1));
#3238=CARTESIAN_POINT('',(9.972021968429E1,5.312394395531E0,
-6.440604922074E-1));
#3239=CARTESIAN_POINT('',(1.008386366910E2,5.093471015400E0,
-5.990752809530E-1));
#3240=CARTESIAN_POINT('',(1.018749237807E2,4.884882176049E0,
-5.698403379572E-1));
#3241=CARTESIAN_POINT('',(1.028308584737E2,4.687337478698E0,
-5.540599954212E-1));
#3242=CARTESIAN_POINT('',(1.037217110176E2,4.498580433970E0,
-5.495914302069E-1));
#3243=CARTESIAN_POINT('',(1.045740322739E2,4.313512718823E0,
-5.552202180025E-1));
#3244=CARTESIAN_POINT('',(1.054124303216E2,4.126870229929E0,
-5.710268581285E-1));
#3245=CARTESIAN_POINT('',(1.062499061373E2,3.935464606062E0,
-5.980369495036E-1));
#3246=CARTESIAN_POINT('',(1.070900953802E2,3.737944012679E0,
-6.377190402477E-1));
#3247=CARTESIAN_POINT('',(1.079353169445E2,3.533067562840E0,
-6.920287922937E-1));
#3248=CARTESIAN_POINT('',(1.087966848690E2,3.317090896159E0,
-7.645346193157E-1));
#3249=CARTESIAN_POINT('',(1.096979899390E2,3.082160610437E0,
-8.624144042467E-1));
#3250=CARTESIAN_POINT('',(1.106730032161E2,2.815775202233E0,-1.000043754962E0));
#3251=CARTESIAN_POINT('',(1.114109734085E2,2.601438857521E0,-1.139481950094E0));
#3252=CARTESIAN_POINT('',(1.118305944210E2,2.473657168286E0,-1.238431876537E0));
#3253=CARTESIAN_POINT('',(1.118845948307E2,2.457120779001E0,-1.251504194830E0));
#3254=(BOUNDED_SURFACE()B_SPLINE_SURFACE(3,3,((#3174,#3175,#3176,#3177,#3178,
#3179,#3180,#3181,#3182,#3183,#3184,#3185,#3186,#3187,#3188,#3189,#3190,#3191,
#3192,#3193),(#3194,#3195,#3196,#3197,#3198,#3199,#3200,#3201,#3202,#3203,#3204,
#3205,#3206,#3207,#3208,#3209,#3210,#3211,#3212,#3213),(#3214,#3215,#3216,#3217,
#3218,#3219,#3220,#3221,#3222,#3223,#3224,#3225,#3226,#3227,#3228,#3229,#3230,
#3231,#3232,#3233),(#3234,#3235,#3236,#3237,#3238,#3239,#3240,#3241,#3242,#3243,
#3244,#3245,#3246,#3247,#3248,#3249,#3250,#3251,#3252,#3253)),.UNSPECIFIED.,.F.,
.F.,.F.)B_SPLINE_SURFACE_WITH_KNOTS((4,4),(4,1,1,1,1,1,1,1,1,1,1,1,1,1,1,1,1,4),
(0.E0,1.E0),(9.259040938540E-2,1.681250974602E-1,2.425676901704E-1,
3.119425644467E-1,3.769439077140E-1,4.370643809532E-1,4.920257716648E-1,
5.429443961272E-1,5.916493603254E-1,6.398071958726E-1,6.881792574230E-1,
7.365637801949E-1,7.849867466494E-1,8.339579436919E-1,8.847463758863E-1,
9.394515652071E-1,1.E0,1.008918740830E0),.UNSPECIFIED.)GEOMETRIC_REPRESENTATION_ITEM()RATIONAL_B_SPLINE_SURFACE(((1.213345922271E0,1.213345922271E0,
1.213345922271E0,1.213345922271E0,1.213345922271E0,1.213345922271E0,
1.213345922271E0,1.213345922271E0,1.213345922271E0,1.213345922271E0,
1.213345922271E0,1.213345922271E0,1.213345922271E0,1.213345922271E0,
1.213345922271E0,1.213345922271E0,1.213345922271E0,1.213345922271E0,
1.213345922271E0,1.213345922271E0),(9.288846925764E-1,9.288846925764E-1,
9.288846925764E-1,9.288846925764E-1,9.288846925764E-1,9.288846925764E-1,
9.288846925764E-1,9.288846925764E-1,9.288846925764E-1,9.288846925764E-1,
9.288846925764E-1,9.288846925764E-1,9.288846925764E-1,9.288846925764E-1,
9.288846925764E-1,9.288846925764E-1,9.288846925764E-1,9.288846925764E-1,
9.288846925764E-1,9.288846925764E-1),(9.288846925764E-1,9.288846925764E-1,
9.288846925764E-1,9.288846925764E-1,9.288846925764E-1,9.288846925764E-1,
9.288846925764E-1,9.288846925764E-1,9.288846925764E-1,9.288846925764E-1,
9.288846925764E-1,9.288846925764E-1,9.288846925764E-1,9.288846925764E-1,
9.288846925764E-1,9.288846925764E-1,9.288846925764E-1,9.288846925764E-1,
9.288846925764E-1,9.288846925764E-1),(1.213345922271E0,1.213345922271E0,
1.213345922271E0,1.213345922271E0,1.213345922271E0,1.213345922271E0,
1.213345922271E0,1.213345922271E0,1.213345922271E0,1.213345922271E0,
1.213345922271E0,1.213345922271E0,1.213345922271E0,1.213345922271E0,
1.213345922271E0,1.213345922271E0,1.213345922271E0,1.213345922271E0,
1.213345922271E0,1.213345922271E0)))REPRESENTATION_ITEM('')SURFACE());
#3255=ORIENTED_EDGE('896',*,*,#2831,.F.);
#3256=ORIENTED_EDGE('961',*,*,#3054,.F.);
#3257=ORIENTED_EDGE('958',*,*,#3081,.F.);
#3258=ORIENTED_EDGE('946',*,*,#3168,.T.);
#3259=EDGE_LOOP('733',(#3255,#3256,#3257,#3258));
#3260=FACE_OUTER_BOUND('733',#3259,.F.);
#3262=CARTESIAN_POINT('',(2.5E1,0.E0,-6.E0));
#3263=DIRECTION('',(0.E0,0.E0,-1.E0));
#3264=DIRECTION('',(-1.E0,0.E0,0.E0));
#3265=AXIS2_PLACEMENT_3D('',#3262,#3263,#3264);
#3266=PLANE('264',#3265);
#3268=ORIENTED_EDGE('886',*,*,#3267,.T.);
#3269=ORIENTED_EDGE('924',*,*,#2794,.F.);
#3270=ORIENTED_EDGE('420',*,*,#2680,.T.);
#3272=ORIENTED_EDGE('928',*,*,#3271,.T.);
#3273=EDGE_LOOP('264',(#3268,#3269,#3270,#3272));
#3274=FACE_OUTER_BOUND('264',#3273,.F.);
#3276=CARTESIAN_POINT('',(3.852148E0,4.5E0,-7.5E0));
#3277=DIRECTION('',(1.E0,0.E0,0.E0));
#3278=DIRECTION('',(0.E0,0.E0,1.E0));
#3279=AXIS2_PLACEMENT_3D('',#3276,#3277,#3278);
#3280=CYLINDRICAL_SURFACE('611',#3279,1.5E0);
#3281=ORIENTED_EDGE('886',*,*,#3267,.F.);
#3283=ORIENTED_EDGE('941',*,*,#3282,.T.);
#3284=ORIENTED_EDGE('887',*,*,#1728,.T.);
#3285=ORIENTED_EDGE('942',*,*,#2776,.F.);
#3286=EDGE_LOOP('611',(#3281,#3283,#3284,#3285));
#3287=FACE_OUTER_BOUND('611',#3286,.F.);
#3289=CARTESIAN_POINT('',(4.E0,4.5E0,-2.E0));
#3290=DIRECTION('',(0.E0,-1.E0,0.E0));
#3291=DIRECTION('',(3.699622188348E-2,0.E0,-9.993154054483E-1));
#3292=AXIS2_PLACEMENT_3D('',#3289,#3290,#3291);
#3293=TOROIDAL_SURFACE('606',#3292,5.499999995226E0,1.5E0);
#3294=ORIENTED_EDGE('884',*,*,#1730,.T.);
#3295=ORIENTED_EDGE('941',*,*,#3282,.F.);
#3297=ORIENTED_EDGE('885',*,*,#3296,.F.);
#3298=ORIENTED_EDGE('956',*,*,#1660,.T.);
#3299=EDGE_LOOP('606',(#3294,#3295,#3297,#3298));
#3300=FACE_OUTER_BOUND('606',#3299,.F.);
#3302=CARTESIAN_POINT('',(4.E0,6.45008E1,-2.E0));
#3303=DIRECTION('',(0.E0,-1.E0,0.E0));
#3304=DIRECTION('',(-1.E0,0.E0,0.E0));
#3305=AXIS2_PLACEMENT_3D('',#3302,#3303,#3304);
#3306=CYLINDRICAL_SURFACE('308',#3305,4.E0);
#3307=ORIENTED_EDGE('885',*,*,#3296,.T.);
#3308=ORIENTED_EDGE('928',*,*,#3271,.F.);
#3309=ORIENTED_EDGE('413',*,*,#2678,.T.);
#3310=ORIENTED_EDGE('929',*,*,#1662,.T.);
#3311=EDGE_LOOP('308',(#3307,#3308,#3309,#3310));
#3312=FACE_OUTER_BOUND('308',#3311,.F.);
#3314=CARTESIAN_POINT('',(2.1147852E1,4.5E0,7.5E0));
#3315=DIRECTION('',(-1.E0,0.E0,0.E0));
#3316=DIRECTION('',(0.E0,0.E0,-1.E0));
#3317=AXIS2_PLACEMENT_3D('',#3314,#3315,#3316);
#3318=CYLINDRICAL_SURFACE('593',#3317,1.5E0);
#3320=ORIENTED_EDGE('906',*,*,#3319,.F.);
#3321=ORIENTED_EDGE('940',*,*,#2728,.T.);
#3322=ORIENTED_EDGE('907',*,*,#1712,.T.);
#3323=ORIENTED_EDGE('939',*,*,#2646,.F.);
#3324=EDGE_LOOP('593',(#3320,#3321,#3322,#3323));
#3325=FACE_OUTER_BOUND('593',#3324,.F.);
#3327=CARTESIAN_POINT('',(0.E0,0.E0,6.E0));
#3328=DIRECTION('',(0.E0,0.E0,1.E0));
#3329=DIRECTION('',(1.E0,0.E0,0.E0));
#3330=AXIS2_PLACEMENT_3D('',#3327,#3328,#3329);
#3331=PLANE('260',#3330);
#3332=ORIENTED_EDGE('906',*,*,#3319,.T.);
#3333=ORIENTED_EDGE('926',*,*,#2662,.F.);
#3334=ORIENTED_EDGE('418',*,*,#2674,.T.);
#3335=ORIENTED_EDGE('923',*,*,#2708,.T.);
#3336=EDGE_LOOP('260',(#3332,#3333,#3334,#3335));
#3337=FACE_OUTER_BOUND('260',#3336,.F.);
#3339=CARTESIAN_POINT('',(2.E1,2.8E1,0.E0));
#3340=DIRECTION('',(0.E0,-1.E0,0.E0));
#3341=DIRECTION('',(1.E0,0.E0,0.E0));
#3342=AXIS2_PLACEMENT_3D('',#3339,#3340,#3341);
#3343=CYLINDRICAL_SURFACE('443',#3342,1.75E0);
#3344=ORIENTED_EDGE('449',*,*,#2688,.T.);
#3346=ORIENTED_EDGE('452',*,*,#3345,.T.);
#3348=ORIENTED_EDGE('441',*,*,#3347,.F.);
#3350=ORIENTED_EDGE('451',*,*,#3349,.F.);
#3351=EDGE_LOOP('443',(#3344,#3346,#3348,#3350));
#3352=FACE_OUTER_BOUND('443',#3351,.F.);
#3354=CARTESIAN_POINT('',(2.E1,2.8E1,0.E0));
#3355=DIRECTION('',(0.E0,-1.E0,0.E0));
#3356=DIRECTION('',(1.E0,0.E0,0.E0));
#3357=AXIS2_PLACEMENT_3D('',#3354,#3355,#3356);
#3358=CYLINDRICAL_SURFACE('445',#3357,1.75E0);
#3359=ORIENTED_EDGE('450',*,*,#2690,.T.);
#3360=ORIENTED_EDGE('451',*,*,#3349,.T.);
#3362=ORIENTED_EDGE('442',*,*,#3361,.F.);
#3363=ORIENTED_EDGE('452',*,*,#3345,.F.);
#3364=EDGE_LOOP('445',(#3359,#3360,#3362,#3363));
#3365=FACE_OUTER_BOUND('445',#3364,.F.);
#3367=CARTESIAN_POINT('',(2.E1,1.283E1,0.E0));
#3368=DIRECTION('',(0.E0,-1.E0,0.E0));
#3369=DIRECTION('',(1.E0,0.E0,0.E0));
#3370=AXIS2_PLACEMENT_3D('',#3367,#3368,#3369);
#3371=PLANE('440',#3370);
#3372=ORIENTED_EDGE('441',*,*,#3347,.T.);
#3373=ORIENTED_EDGE('442',*,*,#3361,.T.);
#3374=EDGE_LOOP('440',(#3372,#3373));
#3375=FACE_OUTER_BOUND('440',#3374,.F.);
#3377=CARTESIAN_POINT('',(5.E0,2.8E1,0.E0));
#3378=DIRECTION('',(0.E0,-1.E0,0.E0));
#3379=DIRECTION('',(1.E0,0.E0,0.E0));
#3380=AXIS2_PLACEMENT_3D('',#3377,#3378,#3379);
#3381=CYLINDRICAL_SURFACE('471',#3380,1.75E0);
#3382=ORIENTED_EDGE('477',*,*,#2694,.T.);
#3384=ORIENTED_EDGE('480',*,*,#3383,.T.);
#3386=ORIENTED_EDGE('469',*,*,#3385,.F.);
#3388=ORIENTED_EDGE('479',*,*,#3387,.F.);
#3389=EDGE_LOOP('471',(#3382,#3384,#3386,#3388));
#3390=FACE_OUTER_BOUND('471',#3389,.F.);
#3392=CARTESIAN_POINT('',(5.E0,2.8E1,0.E0));
#3393=DIRECTION('',(0.E0,-1.E0,0.E0));
#3394=DIRECTION('',(1.E0,0.E0,0.E0));
#3395=AXIS2_PLACEMENT_3D('',#3392,#3393,#3394);
#3396=CYLINDRICAL_SURFACE('473',#3395,1.75E0);
#3397=ORIENTED_EDGE('478',*,*,#2696,.T.);
#3398=ORIENTED_EDGE('479',*,*,#3387,.T.);
#3400=ORIENTED_EDGE('470',*,*,#3399,.F.);
#3401=ORIENTED_EDGE('480',*,*,#3383,.F.);
#3402=EDGE_LOOP('473',(#3397,#3398,#3400,#3401));
#3403=FACE_OUTER_BOUND('473',#3402,.F.);
#3405=CARTESIAN_POINT('',(5.E0,1.283E1,0.E0));
#3406=DIRECTION('',(0.E0,-1.E0,0.E0));
#3407=DIRECTION('',(1.E0,0.E0,0.E0));
#3408=AXIS2_PLACEMENT_3D('',#3405,#3406,#3407);
#3409=PLANE('468',#3408);
#3410=ORIENTED_EDGE('469',*,*,#3385,.T.);
#3411=ORIENTED_EDGE('470',*,*,#3399,.T.);
#3412=EDGE_LOOP('468',(#3410,#3411));
#3413=FACE_OUTER_BOUND('468',#3412,.F.);
#3419=PLANE_ANGLE_MEASURE_WITH_UNIT(PLANE_ANGLE_MEASURE(1.745329251994E-2),
#3418);
#3420=(CONVERSION_BASED_UNIT('DEGREE',#3419)NAMED_UNIT(*)PLANE_ANGLE_UNIT());
#3422=UNCERTAINTY_MEASURE_WITH_UNIT(LENGTH_MEASURE(1.E-2),#3417,
'distance_accuracy_value',
'Maximum model space distance between geometric entities at asserted connectivities');
#3425=APPLICATION_CONTEXT('automotive_design');
#3426=APPLICATION_PROTOCOL_DEFINITION('international standard',
'automotive_design',2001,#3425);
#3427=PRODUCT_DEFINITION_CONTEXT('part definition',#3425,'design');
#3428=PRODUCT_CONTEXT('',#3425,'mechanical');
#3429=PRODUCT('FUSSSDF','FUSSSDF','NOT SPECIFIED',(#3428));
#3430=PRODUCT_DEFINITION_FORMATION('1','LAST_VERSION',#3429);
#3438=DERIVED_UNIT_ELEMENT(#3437,2.E0);
#3439=DERIVED_UNIT((#3438));
#3440=MEASURE_REPRESENTATION_ITEM('surface area measure',AREA_MEASURE(
3.192743187355E4),#3439);
#3445=DERIVED_UNIT_ELEMENT(#3444,3.E0);
#3446=DERIVED_UNIT((#3445));
#3447=MEASURE_REPRESENTATION_ITEM('volume measure',VOLUME_MEASURE(
5.460284571088E4),#3446);
#3451=CARTESIAN_POINT('centre point',(4.736231469125E1,5.740572357848E0,
8.000006262490E1));
#3456=DERIVED_UNIT_ELEMENT(#3455,2.E0);
#3457=DERIVED_UNIT((#3456));
#3458=MEASURE_REPRESENTATION_ITEM('surface area measure',AREA_MEASURE(
3.192743187355E4),#3457);
#3463=DERIVED_UNIT_ELEMENT(#3462,3.E0);
#3464=DERIVED_UNIT((#3463));
#3465=MEASURE_REPRESENTATION_ITEM('volume measure',VOLUME_MEASURE(
5.460284571088E4),#3464);
#3469=CARTESIAN_POINT('centre point',(4.736231469125E1,5.740572357848E0,
8.000006262490E1));
#3474=PRODUCT_RELATED_PRODUCT_CATEGORY('part','',(#3429));
#3476=GENERAL_PROPERTY('','CHANGE_NUMBER','user defined attribute');
#3477=GENERAL_PROPERTY_ASSOCIATION('user defined attribute','',#3476,#3475);
#3478=DESCRIPTIVE_REPRESENTATION_ITEM('CHANGE_NUMBER','');
#3482=GENERAL_PROPERTY('','CLASS_CODE','user defined attribute');
#3483=GENERAL_PROPERTY_ASSOCIATION('user defined attribute','',#3482,#3481);
#3484=DESCRIPTIVE_REPRESENTATION_ITEM('CLASS_CODE','');
#3488=GENERAL_PROPERTY('','DESCR1_R1','user defined attribute');
#3489=GENERAL_PROPERTY_ASSOCIATION('user defined attribute','',#3488,#3487);
#3490=DESCRIPTIVE_REPRESENTATION_ITEM('DESCR1_R1','');
#3494=GENERAL_PROPERTY('','DESCR1_R2','user defined attribute');
#3495=GENERAL_PROPERTY_ASSOCIATION('user defined attribute','',#3494,#3493);
#3496=DESCRIPTIVE_REPRESENTATION_ITEM('DESCR1_R2','');
#3500=GENERAL_PROPERTY('','DESCR2_R1','user defined attribute');
#3501=GENERAL_PROPERTY_ASSOCIATION('user defined attribute','',#3500,#3499);
#3502=DESCRIPTIVE_REPRESENTATION_ITEM('DESCR2_R1','');
#3506=GENERAL_PROPERTY('','DESCR2_R2','user defined attribute');
#3507=GENERAL_PROPERTY_ASSOCIATION('user defined attribute','',#3506,#3505);
#3508=DESCRIPTIVE_REPRESENTATION_ITEM('DESCR2_R2','');
#3512=GENERAL_PROPERTY('','DESCR3_R1','user defined attribute');
#3513=GENERAL_PROPERTY_ASSOCIATION('user defined attribute','',#3512,#3511);
#3514=DESCRIPTIVE_REPRESENTATION_ITEM('DESCR3_R1','');
#3518=GENERAL_PROPERTY('','DESCR3_R2','user defined attribute');
#3519=GENERAL_PROPERTY_ASSOCIATION('user defined attribute','',#3518,#3517);
#3520=DESCRIPTIVE_REPRESENTATION_ITEM('DESCR3_R2','');
#3524=GENERAL_PROPERTY('','LANG_DESCR3','user defined attribute');
#3525=GENERAL_PROPERTY_ASSOCIATION('user defined attribute','',#3524,#3523);
#3526=DESCRIPTIVE_REPRESENTATION_ITEM('LANG_DESCR3','--');
#3530=GENERAL_PROPERTY('','MANUFACTURING_ID','user defined attribute');
#3531=GENERAL_PROPERTY_ASSOCIATION('user defined attribute','',#3530,#3529);
#3532=DESCRIPTIVE_REPRESENTATION_ITEM('MANUFACTURING_ID','');
#3536=GENERAL_PROPERTY('','MATERIAL','user defined attribute');
#3537=GENERAL_PROPERTY_ASSOCIATION('user defined attribute','',#3536,#3535);
#3538=DESCRIPTIVE_REPRESENTATION_ITEM('MATERIAL','');
#3542=GENERAL_PROPERTY('','PROJECT','user defined attribute');
#3543=GENERAL_PROPERTY_ASSOCIATION('user defined attribute','',#3542,#3541);
#3544=DESCRIPTIVE_REPRESENTATION_ITEM('PROJECT','');
#3548=GENERAL_PROPERTY('','WEIGHT','user defined attribute');
#3549=GENERAL_PROPERTY_ASSOCIATION('user defined attribute','',#3548,#3547);
#3550=VALUE_REPRESENTATION_ITEM('WEIGHT',NUMERIC_MEASURE(0.E0));
#3553=DESCRIPTIVE_REPRESENTATION_ITEM('attribute description','Real Number');
#3558=GENERAL_PROPERTY('','WEIGHT_FACTOR','user defined attribute');
#3559=GENERAL_PROPERTY_ASSOCIATION('user defined attribute','',#3558,#3557);
#3560=VALUE_REPRESENTATION_ITEM('WEIGHT_FACTOR',NUMERIC_MEASURE(1.E0));
#3563=DESCRIPTIVE_REPRESENTATION_ITEM('attribute description','Real Number');
#3568=GENERAL_PROPERTY('','WEIGHT_ADD','user defined attribute');
#3569=GENERAL_PROPERTY_ASSOCIATION('user defined attribute','',#3568,#3567);
#3570=VALUE_REPRESENTATION_ITEM('WEIGHT_ADD',NUMERIC_MEASURE(0.E0));
#3573=DESCRIPTIVE_REPRESENTATION_ITEM('attribute description','Real Number');
#3578=GENERAL_PROPERTY('','_MASS_TEMP','user defined attribute');
#3579=GENERAL_PROPERTY_ASSOCIATION('user defined attribute','',#3578,#3577);
#3580=VALUE_REPRESENTATION_ITEM('_MASS_TEMP',NUMERIC_MEASURE(0.E0));
#3583=DESCRIPTIVE_REPRESENTATION_ITEM('attribute description','Real Number');
#3588=GENERAL_PROPERTY('','_DIFF_TEMP','user defined attribute');
#3589=GENERAL_PROPERTY_ASSOCIATION('user defined attribute','',#3588,#3587);
#3591=MEASURE_REPRESENTATION_ITEM('_DIFF_TEMP',MASS_MEASURE(0.E0),#3590);
#3595=GENERAL_PROPERTY('','DCC','user defined attribute');
#3596=GENERAL_PROPERTY_ASSOCIATION('user defined attribute','',#3595,#3594);
#3597=DESCRIPTIVE_REPRESENTATION_ITEM('DCC','');
#3601=GENERAL_PROPERTY('','RAW_PART','user defined attribute');
#3602=GENERAL_PROPERTY_ASSOCIATION('user defined attribute','',#3601,#3600);
#3603=DESCRIPTIVE_REPRESENTATION_ITEM('RAW_PART','');
#3607=GENERAL_PROPERTY('','SIEMENS_NUMBER','user defined attribute');
#3608=GENERAL_PROPERTY_ASSOCIATION('user defined attribute','',#3607,#3606);
#3609=DESCRIPTIVE_REPRESENTATION_ITEM('SIEMENS_NUMBER','');
#3613=GENERAL_PROPERTY('','ASSIGNED_DOCUMENT_NUMBER','user defined attribute');
#3614=GENERAL_PROPERTY_ASSOCIATION('user defined attribute','',#3613,#3612);
#3615=DESCRIPTIVE_REPRESENTATION_ITEM('ASSIGNED_DOCUMENT_NUMBER','');
#3619=GENERAL_PROPERTY('','ASSIGNED_MATERIAL_NUMBER','user defined attribute');
#3620=GENERAL_PROPERTY_ASSOCIATION('user defined attribute','',#3619,#3618);
#3621=DESCRIPTIVE_REPRESENTATION_ITEM('ASSIGNED_MATERIAL_NUMBER','');
#3625=GENERAL_PROPERTY('','MANUFACTURER','user defined attribute');
#3626=GENERAL_PROPERTY_ASSOCIATION('user defined attribute','',#3625,#3624);
#3627=DESCRIPTIVE_REPRESENTATION_ITEM('MANUFACTURER','--');
#3631=GENERAL_PROPERTY('','MC_ERRORS','user defined attribute');
#3632=GENERAL_PROPERTY_ASSOCIATION('user defined attribute','',#3631,#3630);
#3633=VALUE_REPRESENTATION_ITEM('MC_ERRORS',COUNT_MEASURE(0));
#3636=DESCRIPTIVE_REPRESENTATION_ITEM('attribute description','Integer');
#3641=GENERAL_PROPERTY('','MODEL_CHECK','user defined attribute');
#3642=GENERAL_PROPERTY_ASSOCIATION('user defined attribute','',#3641,#3640);
#3643=DESCRIPTIVE_REPRESENTATION_ITEM('MODEL_CHECK','');
#3647=GENERAL_PROPERTY('','STEP_VERSION','user defined attribute');
#3648=GENERAL_PROPERTY_ASSOCIATION('user defined attribute','',#3647,#3646);
#3649=DESCRIPTIVE_REPRESENTATION_ITEM('STEP_VERSION','');
#3653=GENERAL_PROPERTY('','SUPPLIER_FILENAME','user defined attribute');
#3654=GENERAL_PROPERTY_ASSOCIATION('user defined attribute','',#3653,#3652);
#3655=DESCRIPTIVE_REPRESENTATION_ITEM('SUPPLIER_FILENAME','');
#3659=GENERAL_PROPERTY('','PTC_WM_REVISION','user defined attribute');
#3660=GENERAL_PROPERTY_ASSOCIATION('user defined attribute','',#3659,#3658);
#3661=DESCRIPTIVE_REPRESENTATION_ITEM('PTC_WM_REVISION','-');
#3665=GENERAL_PROPERTY('','PTC_WM_ITERATION','user defined attribute');
#3666=GENERAL_PROPERTY_ASSOCIATION('user defined attribute','',#3665,#3664);
#3667=DESCRIPTIVE_REPRESENTATION_ITEM('PTC_WM_ITERATION','0');
#3671=GENERAL_PROPERTY('','PTC_WM_VERSION','user defined attribute');
#3672=GENERAL_PROPERTY_ASSOCIATION('user defined attribute','',#3671,#3670);
#3673=DESCRIPTIVE_REPRESENTATION_ITEM('PTC_WM_VERSION','-.0');
#3677=GENERAL_PROPERTY('','PTC_WM_LIFECYCLE_STATE','user defined attribute');
#3678=GENERAL_PROPERTY_ASSOCIATION('user defined attribute','',#3677,#3676);
#3679=DESCRIPTIVE_REPRESENTATION_ITEM('PTC_WM_LIFECYCLE_STATE','In Work');
#3683=GENERAL_PROPERTY('','PTC_WM_LIFECYCLE','user defined attribute');
#3684=GENERAL_PROPERTY_ASSOCIATION('user defined attribute','',#3683,#3682);
#3685=DESCRIPTIVE_REPRESENTATION_ITEM('PTC_WM_LIFECYCLE','MO_CADDocument');
#3689=GENERAL_PROPERTY('','PTC_WM_LOCATION','user defined attribute');
#3690=GENERAL_PROPERTY_ASSOCIATION('user defined attribute','',#3689,#3688);
#3691=DESCRIPTIVE_REPRESENTATION_ITEM('PTC_WM_LOCATION','');
#3695=GENERAL_PROPERTY('','PTC_WM_CREATED_BY','user defined attribute');
#3696=GENERAL_PROPERTY_ASSOCIATION('user defined attribute','',#3695,#3694);
#3697=DESCRIPTIVE_REPRESENTATION_ITEM('PTC_WM_CREATED_BY',
'Maximilian Roepper (Z0017RMS: MO)');
#3701=GENERAL_PROPERTY('','PTC_WM_CREATED_ON','user defined attribute');
#3702=GENERAL_PROPERTY_ASSOCIATION('user defined attribute','',#3701,#3700);
#3703=DESCRIPTIVE_REPRESENTATION_ITEM('PTC_WM_CREATED_ON',
'28-Aug-26 12:57:42 PM');
#3707=GENERAL_PROPERTY('','PTC_WM_MODIFIED_BY','user defined attribute');
#3708=GENERAL_PROPERTY_ASSOCIATION('user defined attribute','',#3707,#3706);
#3709=DESCRIPTIVE_REPRESENTATION_ITEM('PTC_WM_MODIFIED_BY',
'Maximilian Roepper (Z0017RMS: MO)');
#3713=GENERAL_PROPERTY('','PTC_WM_MODIFIED_ON','user defined attribute');
#3714=GENERAL_PROPERTY_ASSOCIATION('user defined attribute','',#3713,#3712);
#3715=DESCRIPTIVE_REPRESENTATION_ITEM('PTC_WM_MODIFIED_ON',
'28-Aug-26 12:57:42 PM');
#3719=GENERAL_PROPERTY('','PTC_WM_TEAM','user defined attribute');
#3720=GENERAL_PROPERTY_ASSOCIATION('user defined attribute','',#3719,#3718);
#3721=DESCRIPTIVE_REPRESENTATION_ITEM('PTC_WM_TEAM','');
#3725=GENERAL_PROPERTY('','SUPPLIER','user defined attribute');
#3726=GENERAL_PROPERTY_ASSOCIATION('user defined attribute','',#3725,#3724);
#3727=VALUE_REPRESENTATION_ITEM('SUPPLIER',COUNT_MEASURE(0));
#3730=DESCRIPTIVE_REPRESENTATION_ITEM('attribute description','Integer');
#3735=GENERAL_PROPERTY('','PTC_ORGANIZATION_ID','user defined attribute');
#3736=GENERAL_PROPERTY_ASSOCIATION('user defined attribute','',#3735,#3734);
#3737=DESCRIPTIVE_REPRESENTATION_ITEM('PTC_ORGANIZATION_ID','MO');
#3741=GENERAL_PROPERTY('','PTC_MODIFIED','user defined attribute');
#3742=GENERAL_PROPERTY_ASSOCIATION('user defined attribute','',#3741,#3740);
#3743=DESCRIPTIVE_REPRESENTATION_ITEM('PTC_MODIFIED','YES');
#3746=DESCRIPTIVE_REPRESENTATION_ITEM('attribute description','Yes No');
#3751=GENERAL_PROPERTY('','PLM','user defined attribute');
#3752=GENERAL_PROPERTY_ASSOCIATION('user defined attribute','',#3751,#3750);
#3753=DESCRIPTIVE_REPRESENTATION_ITEM('PLM','');
#3757=GENERAL_PROPERTY('','DOCUMENT_NUMBER','user defined attribute');
#3758=GENERAL_PROPERTY_ASSOCIATION('user defined attribute','',#3757,#3756);
#3759=DESCRIPTIVE_REPRESENTATION_ITEM('DOCUMENT_NUMBER','');
#3763=GENERAL_PROPERTY('','MATERIAL_TYPE','user defined attribute');
#3764=GENERAL_PROPERTY_ASSOCIATION('user defined attribute','',#3763,#3762);
#3765=DESCRIPTIVE_REPRESENTATION_ITEM('MATERIAL_TYPE','');
#3769=GENERAL_PROPERTY('','MATERIAL_NUMBER','user defined attribute');
#3770=GENERAL_PROPERTY_ASSOCIATION('user defined attribute','',#3769,#3768);
#3771=DESCRIPTIVE_REPRESENTATION_ITEM('MATERIAL_NUMBER','');
#3775=GENERAL_PROPERTY('','PDMLINKNUMBER','user defined attribute');
#3776=GENERAL_PROPERTY_ASSOCIATION('user defined attribute','',#3775,#3774);
#3777=DESCRIPTIVE_REPRESENTATION_ITEM('PDMLINKNUMBER','PDM000070910967');
#3781=GENERAL_PROPERTY('','VISIBLE','user defined attribute');
#3782=GENERAL_PROPERTY_ASSOCIATION('user defined attribute','',#3781,#3780);
#3783=DESCRIPTIVE_REPRESENTATION_ITEM('VISIBLE','');
#3787=GENERAL_PROPERTY('','PTC_WM_NAME','user defined attribute');
#3788=GENERAL_PROPERTY_ASSOCIATION('user defined attribute','',#3787,#3786);
#3789=DESCRIPTIVE_REPRESENTATION_ITEM('PTC_WM_NAME','fusssdf.prt');
#3793=GENERAL_PROPERTY('','PTC_WM_NUMBER','user defined attribute');
#3794=GENERAL_PROPERTY_ASSOCIATION('user defined attribute','',#3793,#3792);
#3795=DESCRIPTIVE_REPRESENTATION_ITEM('PTC_WM_NUMBER','PDM000070910967');
#3799=GENERAL_PROPERTY('','TC_CREO_MAT_ID','user defined attribute');
#3800=GENERAL_PROPERTY_ASSOCIATION('user defined attribute','',#3799,#3798);
#3801=DESCRIPTIVE_REPRESENTATION_ITEM('TC_CREO_MAT_ID','');
#3805=GENERAL_PROPERTY('','PTC_MASTER_MATERIAL','user defined attribute');
#3806=GENERAL_PROPERTY_ASSOCIATION('user defined attribute','',#3805,#3804);
#3807=DESCRIPTIVE_REPRESENTATION_ITEM('PTC_MASTER_MATERIAL',
'PTC_SYSTEM_MTRL_PROPS');
#1=DRAUGHTING_PRE_DEFINED_COLOUR('black');
#2=COLOUR_RGB('',0.E0,0.E0,8.04E-1);
#3=COLOUR_RGB('',0.E0,0.E0,9.61E-1);
#4=DRAUGHTING_PRE_DEFINED_COLOUR('blue');
#5=COLOUR_RGB('',0.E0,4.51E-1,1.E0);
#6=COLOUR_RGB('',0.E0,5.01961E-1,0.E0);
#7=COLOUR_RGB('',0.E0,5.61E-1,6.59E-1);
#8=COLOUR_RGB('',0.E0,6.E-1,9.02E-1);
#9=COLOUR_RGB('',0.E0,6.59E-1,0.E0);
#10=COLOUR_RGB('',0.E0,6.59E-1,3.18E-1);
#11=COLOUR_RGB('',0.E0,6.59E-1,4.51E-1);
#12=COLOUR_RGB('',0.E0,6.59E-1,5.61E-1);
#13=COLOUR_RGB('',0.E0,6.59E-1,6.59E-1);
#14=COLOUR_RGB('',0.E0,6.59E-1,1.E0);
#15=COLOUR_RGB('',0.E0,6.78E-1,8.04E-1);
#16=COLOUR_RGB('',0.E0,7.61E-1,9.02E-1);
#17=COLOUR_RGB('',0.E0,8.04E-1,0.E0);
#18=COLOUR_RGB('',0.E0,8.04E-1,3.76E-1);
#19=COLOUR_RGB('',0.E0,8.04E-1,5.37E-1);
#20=COLOUR_RGB('',0.E0,8.04E-1,6.78E-1);
#21=COLOUR_RGB('',0.E0,8.04E-1,8.04E-1);
#22=COLOUR_RGB('',0.E0,8.15686E-1,8.15686E-1);
#23=COLOUR_RGB('',0.E0,8.39E-1,1.E0);
#24=COLOUR_RGB('',0.E0,9.02E-1,0.E0);
#25=COLOUR_RGB('',0.E0,9.02E-1,4.12E-1);
#26=COLOUR_RGB('',0.E0,9.02E-1,6.E-1);
#27=COLOUR_RGB('',0.E0,9.02E-1,7.61E-1);
#28=COLOUR_RGB('',0.E0,9.02E-1,9.02E-1);
#29=COLOUR_RGB('',0.E0,9.61E-1,0.E0);
#30=COLOUR_RGB('',0.E0,9.61E-1,9.61E-1);
#31=DRAUGHTING_PRE_DEFINED_COLOUR('green');
#32=COLOUR_RGB('',0.E0,1.E0,4.51E-1);
#33=COLOUR_RGB('',0.E0,1.E0,6.59E-1);
#34=COLOUR_RGB('',0.E0,1.E0,8.39E-1);
#35=DRAUGHTING_PRE_DEFINED_COLOUR('cyan');
#36=COLOUR_RGB('',2.31373E-1,4.86275E-1,1.E0);
#37=COLOUR_RGB('',3.18E-1,6.59E-1,0.E0);
#38=COLOUR_RGB('',3.76E-1,0.E0,8.04E-1);
#39=COLOUR_RGB('',3.76E-1,8.04E-1,0.E0);
#40=COLOUR_RGB('',4.12E-1,9.02E-1,0.E0);
#41=COLOUR_RGB('',4.51E-1,0.E0,1.E0);
#42=COLOUR_RGB('',4.51E-1,6.59E-1,0.E0);
#43=COLOUR_RGB('',4.78431E-1,3.01961E-1,0.E0);
#44=COLOUR_RGB('',5.37E-1,0.E0,8.04E-1);
#45=COLOUR_RGB('',5.37E-1,8.04E-1,0.E0);
#46=COLOUR_RGB('',5.61E-1,6.59E-1,0.E0);
#47=COLOUR_RGB('',6.E-1,0.E0,9.02E-1);
#48=COLOUR_RGB('',6.E-1,6.E-1,6.E-1);
#49=COLOUR_RGB('',6.E-1,9.02E-1,0.E0);
#50=COLOUR_RGB('',6.35294E-1,6.86275E-1,7.4902E-1);
#51=COLOUR_RGB('',6.59E-1,0.E0,0.E0);
#52=COLOUR_RGB('',6.59E-1,0.E0,1.E0);
#53=COLOUR_RGB('',6.59E-1,3.18E-1,0.E0);
#54=COLOUR_RGB('',6.59E-1,4.51E-1,0.E0);
#55=COLOUR_RGB('',6.59E-1,5.61E-1,0.E0);
#56=COLOUR_RGB('',6.59E-1,6.59E-1,0.E0);
#57=COLOUR_RGB('',6.78E-1,0.E0,8.04E-1);
#58=COLOUR_RGB('',6.78E-1,8.04E-1,0.E0);
#59=COLOUR_RGB('',7.61E-1,0.E0,9.02E-1);
#60=COLOUR_RGB('',7.61E-1,9.02E-1,0.E0);
#61=COLOUR_RGB('',8.E-1,8.E-1,8.E-1);
#62=COLOUR_RGB('',8.04E-1,0.E0,0.E0);
#63=COLOUR_RGB('',8.04E-1,0.E0,3.76E-1);
#64=COLOUR_RGB('',8.04E-1,0.E0,5.37E-1);
#65=COLOUR_RGB('',8.04E-1,0.E0,6.78E-1);
#66=COLOUR_RGB('',8.04E-1,0.E0,8.04E-1);
#67=COLOUR_RGB('',8.04E-1,3.76E-1,0.E0);
#68=COLOUR_RGB('',8.04E-1,5.37E-1,0.E0);
#69=COLOUR_RGB('',8.04E-1,6.78E-1,0.E0);
#70=COLOUR_RGB('',8.04E-1,8.04E-1,0.E0);
#71=COLOUR_RGB('',8.39E-1,0.E0,1.E0);
#72=COLOUR_RGB('',9.02E-1,0.E0,0.E0);
#73=COLOUR_RGB('',9.02E-1,0.E0,4.12E-1);
#74=COLOUR_RGB('',9.02E-1,0.E0,6.E-1);
#75=COLOUR_RGB('',9.02E-1,0.E0,7.61E-1);
#76=COLOUR_RGB('',9.02E-1,0.E0,9.02E-1);
#77=COLOUR_RGB('',9.02E-1,4.12E-1,0.E0);
#78=COLOUR_RGB('',9.02E-1,6.E-1,0.E0);
#79=COLOUR_RGB('',9.02E-1,7.61E-1,0.E0);
#80=COLOUR_RGB('',9.02E-1,9.02E-1,0.E0);
#81=COLOUR_RGB('',9.14E-1,9.14E-1,9.14E-1);
#82=COLOUR_RGB('',9.61E-1,0.E0,9.61E-1);
#83=COLOUR_RGB('',9.96078E-1,5.33333E-1,0.E0);
#84=COLOUR_RGB('',9.96078E-1,9.96078E-1,0.E0);
#85=DRAUGHTING_PRE_DEFINED_COLOUR('red');
#86=COLOUR_RGB('',1.E0,0.E0,4.51E-1);
#87=COLOUR_RGB('',1.E0,0.E0,6.59E-1);
#88=COLOUR_RGB('',1.E0,0.E0,8.39E-1);
#89=DRAUGHTING_PRE_DEFINED_COLOUR('magenta');
#90=COLOUR_RGB('',1.E0,6.59E-1,0.E0);
#91=DRAUGHTING_PRE_DEFINED_COLOUR('yellow');
#92=DRAUGHTING_PRE_DEFINED_COLOUR('white');
#117=CIRCLE('1339',#116,4.E0);
#126=CIRCLE('1335',#125,4.E0);
#131=CIRCLE('215',#130,4.E0);
#140=CIRCLE('219',#139,4.E0);
#209=CIRCLE('1333',#208,4.E0);
#218=CIRCLE('1337',#217,4.E0);
#223=CIRCLE('1741',#222,5.499999995226E0);
#232=CIRCLE('1745',#231,5.499999994823E0);
#244=B_SPLINE_CURVE_WITH_KNOTS('1775',3,(#237,#238,#239,#240,#241,#242,#243),
.UNSPECIFIED.,.F.,.F.,(4,1,1,1,4),(0.E0,2.5E-1,5.E-1,7.5E-1,1.E0),
.UNSPECIFIED.);
#252=B_SPLINE_CURVE_WITH_KNOTS('1778',3,(#245,#246,#247,#248,#249,#250,#251),
.UNSPECIFIED.,.F.,.F.,(4,1,1,1,4),(0.E0,2.5E-1,5.E-1,7.5E-1,1.E0),
.UNSPECIFIED.);
#261=CIRCLE('1766',#260,5.499999995226E0);
#270=CIRCLE('1760',#269,5.499999994823E0);
#275=CIRCLE('905',#274,5.499999994823E0);
#284=CIRCLE('909',#283,5.499999995226E0);
#296=B_SPLINE_CURVE_WITH_KNOTS('922',3,(#289,#290,#291,#292,#293,#294,#295),
.UNSPECIFIED.,.F.,.F.,(4,1,1,1,4),(0.E0,2.5E-1,5.E-1,7.5E-1,1.E0),
.UNSPECIFIED.);
#306=B_SPLINE_CURVE_WITH_KNOTS('919',3,(#297,#298,#299,#300,#301,#302,#303,#304,
#305),.UNSPECIFIED.,.F.,.F.,(4,1,1,1,1,1,4),(0.E0,1.666666666667E-1,
3.333333333333E-1,5.E-1,6.666666666667E-1,8.333333333333E-1,1.E0),
.UNSPECIFIED.);
#315=CIRCLE('890',#314,5.499999994823E0);
#324=CIRCLE('884',#323,5.499999995226E0);
#329=CIRCLE('221',#328,4.E0);
#338=CIRCLE('217',#337,4.E0);
#379=CIRCLE('1797',#378,1.5E0);
#392=B_SPLINE_CURVE_WITH_KNOTS('1812',3,(#380,#381,#382,#383,#384,#385,#386,
#387,#388,#389,#390,#391),.UNSPECIFIED.,.F.,.F.,(4,1,1,1,1,1,1,1,1,4),(0.E0,
1.111111111111E-1,2.222222222222E-1,3.333333333333E-1,4.444444444444E-1,
5.555555555556E-1,6.666666666667E-1,7.777777777778E-1,8.888888888889E-1,1.E0),
.UNSPECIFIED.);
#397=CIRCLE('1740',#396,4.E0);
#402=CIRCLE('1345',#401,4.E0);
#411=CIRCLE('1350',#410,4.E0);
#420=CIRCLE('1360',#419,4.E0);
#429=CIRCLE('1355',#428,4.E0);
#438=CIRCLE('1400',#437,1.75E0);
#443=CIRCLE('1401',#442,1.75E0);
#448=CIRCLE('1411',#447,1.75E0);
#453=CIRCLE('1412',#452,1.75E0);
#458=CIRCLE('1765',#457,4.E0);
#467=CIRCLE('1796',#466,1.5E0);
#474=B_SPLINE_CURVE_WITH_KNOTS('1821',3,(#468,#469,#470,#471,#472,#473),
.UNSPECIFIED.,.F.,.F.,(4,1,1,4),(0.E0,3.333333333333E-1,6.666666666667E-1,1.E0),
.UNSPECIFIED.);
#480=B_SPLINE_CURVE_WITH_KNOTS('1735',3,(#475,#476,#477,#478,#479),
.UNSPECIFIED.,.F.,.F.,(4,1,4),(0.E0,5.E-1,1.E0),.UNSPECIFIED.);
#487=B_SPLINE_CURVE_WITH_KNOTS('1822',3,(#481,#482,#483,#484,#485,#486),
.UNSPECIFIED.,.F.,.F.,(4,1,1,4),(0.E0,3.333333333333E-1,6.666666666667E-1,1.E0),
.UNSPECIFIED.);
#492=CIRCLE('1807',#491,1.5E0);
#498=B_SPLINE_CURVE_WITH_KNOTS('1755',3,(#493,#494,#495,#496,#497),
.UNSPECIFIED.,.F.,.F.,(4,1,4),(0.E0,5.E-1,1.E0),.UNSPECIFIED.);
#515=B_SPLINE_CURVE_WITH_KNOTS('1818',3,(#511,#512,#513,#514),.UNSPECIFIED.,.F.,
.F.,(4,4),(0.E0,1.E0),.UNSPECIFIED.);
#532=B_SPLINE_CURVE_WITH_KNOTS('1810',3,(#528,#529,#530,#531),.UNSPECIFIED.,.F.,
.F.,(4,4),(0.E0,1.E0),.UNSPECIFIED.);
#554=B_SPLINE_CURVE_WITH_KNOTS('1808',3,(#545,#546,#547,#548,#549,#550,#551,
#552,#553),.UNSPECIFIED.,.F.,.F.,(4,1,1,1,1,1,4),(0.E0,1.666666666667E-1,
3.333333333333E-1,5.E-1,6.666666666667E-1,8.333333333333E-1,1.E0),
.UNSPECIFIED.);
#571=B_SPLINE_CURVE_WITH_KNOTS('1799',3,(#555,#556,#557,#558,#559,#560,#561,
#562,#563,#564,#565,#566,#567,#568,#569,#570),.UNSPECIFIED.,.F.,.F.,(4,1,1,1,1,
1,1,1,1,1,1,1,1,4),(0.E0,7.692307692308E-2,1.538461538462E-1,2.307692307692E-1,
3.076923076923E-1,3.846153846154E-1,4.615384615385E-1,5.384615384615E-1,
6.153846153846E-1,6.923076923077E-1,7.692307692308E-1,8.461538461538E-1,
9.230769230769E-1,1.E0),.UNSPECIFIED.);
#576=CIRCLE('1800',#575,1.5E0);
#597=B_SPLINE_CURVE_WITH_KNOTS('1805',3,(#577,#578,#579,#580,#581,#582,#583,
#584,#585,#586,#587,#588,#589,#590,#591,#592,#593,#594,#595,#596),.UNSPECIFIED.,
.F.,.F.,(4,1,1,1,1,1,1,1,1,1,1,1,1,1,1,1,1,4),(0.E0,5.882352941176E-2,
1.176470588235E-1,1.764705882353E-1,2.352941176471E-1,2.941176470588E-1,
3.529411764706E-1,4.117647058824E-1,4.705882352941E-1,5.294117647059E-1,
5.882352941176E-1,6.470588235294E-1,7.058823529412E-1,7.647058823529E-1,
8.235294117647E-1,8.823529411765E-1,9.411764705882E-1,1.E0),.UNSPECIFIED.);
#617=B_SPLINE_CURVE_WITH_KNOTS('1772',3,(#598,#599,#600,#601,#602,#603,#604,
#605,#606,#607,#608,#609,#610,#611,#612,#613,#614,#615,#616),.UNSPECIFIED.,.F.,
.F.,(4,1,1,1,1,1,1,1,1,1,1,1,1,1,1,1,4),(0.E0,6.25E-2,1.25E-1,1.875E-1,2.5E-1,
3.125E-1,3.75E-1,4.375E-1,5.E-1,5.625E-1,6.25E-1,6.875E-1,7.5E-1,8.125E-1,
8.75E-1,9.375E-1,1.E0),.UNSPECIFIED.);
#641=B_SPLINE_CURVE_WITH_KNOTS('1752',3,(#622,#623,#624,#625,#626,#627,#628,
#629,#630,#631,#632,#633,#634,#635,#636,#637,#638,#639,#640),.UNSPECIFIED.,.F.,
.F.,(4,1,1,1,1,1,1,1,1,1,1,1,1,1,1,1,4),(0.E0,6.25E-2,1.25E-1,1.875E-1,2.5E-1,
3.125E-1,3.75E-1,4.375E-1,5.E-1,5.625E-1,6.25E-1,6.875E-1,7.5E-1,8.125E-1,
8.75E-1,9.375E-1,1.E0),.UNSPECIFIED.);
#654=CIRCLE('1809',#653,1.500000108291E0);
#674=B_SPLINE_CURVE_WITH_KNOTS('1806',3,(#655,#656,#657,#658,#659,#660,#661,
#662,#663,#664,#665,#666,#667,#668,#669,#670,#671,#672,#673),.UNSPECIFIED.,.F.,
.F.,(4,1,1,1,1,1,1,1,1,1,1,1,1,1,1,1,4),(0.E0,6.25E-2,1.25E-1,1.875E-1,2.5E-1,
3.125E-1,3.75E-1,4.375E-1,5.E-1,5.625E-1,6.25E-1,6.875E-1,7.5E-1,8.125E-1,
8.75E-1,9.375E-1,1.E0),.UNSPECIFIED.);
#693=B_SPLINE_CURVE_WITH_KNOTS('1816',3,(#675,#676,#677,#678,#679,#680,#681,
#682,#683,#684,#685,#686,#687,#688,#689,#690,#691,#692),.UNSPECIFIED.,.F.,.F.,
(4,1,1,1,1,1,1,1,1,1,1,1,1,1,1,4),(0.E0,6.666666666667E-2,1.333333333333E-1,
2.E-1,2.666666666667E-1,3.333333333333E-1,4.E-1,4.666666666667E-1,
5.333333333333E-1,6.E-1,6.666666666667E-1,7.333333333333E-1,8.E-1,
8.666666666667E-1,9.333333333333E-1,1.E0),.UNSPECIFIED.);
#708=B_SPLINE_CURVE_WITH_KNOTS('1801',3,(#694,#695,#696,#697,#698,#699,#700,
#701,#702,#703,#704,#705,#706,#707),.UNSPECIFIED.,.F.,.F.,(4,1,1,1,1,1,1,1,1,1,
1,4),(0.E0,9.090909090909E-2,1.818181818182E-1,2.727272727273E-1,
3.636363636364E-1,4.545454545455E-1,5.454545454545E-1,6.363636363636E-1,
7.272727272727E-1,8.181818181818E-1,9.090909090909E-1,1.E0),.UNSPECIFIED.);
#713=CIRCLE('1814',#712,1.5E0);
#723=B_SPLINE_CURVE_WITH_KNOTS('1813',3,(#714,#715,#716,#717,#718,#719,#720,
#721,#722),.UNSPECIFIED.,.F.,.F.,(4,1,1,1,1,1,4),(0.E0,1.666666666667E-1,
3.333333333333E-1,5.E-1,6.666666666667E-1,8.333333333333E-1,1.E0),
.UNSPECIFIED.);
#728=CIRCLE('1798',#727,1.5E0);
#745=CIRCLE('1746',#744,4.E0);
#754=CIRCLE('1802',#753,1.499999999992E0);
#774=B_SPLINE_CURVE_WITH_KNOTS('1815',3,(#755,#756,#757,#758,#759,#760,#761,
#762,#763,#764,#765,#766,#767,#768,#769,#770,#771,#772,#773),.UNSPECIFIED.,.F.,
.F.,(4,1,1,1,1,1,1,1,1,1,1,1,1,1,1,1,4),(0.E0,6.25E-2,1.25E-1,1.875E-1,2.5E-1,
3.125E-1,3.75E-1,4.375E-1,5.E-1,5.625E-1,6.25E-1,6.875E-1,7.5E-1,8.125E-1,
8.75E-1,9.375E-1,1.E0),.UNSPECIFIED.);
#779=CIRCLE('1817',#778,1.500000047944E0);
#784=CIRCLE('1795',#783,1.5E0);
#801=CIRCLE('1761',#800,4.E0);
#811=B_SPLINE_CURVE_WITH_KNOTS('1804',3,(#802,#803,#804,#805,#806,#807,#808,
#809,#810),.UNSPECIFIED.,.F.,.F.,(4,1,1,1,1,1,4),(0.E0,1.666666666667E-1,
3.333333333333E-1,5.E-1,6.666666666667E-1,8.333333333333E-1,1.E0),
.UNSPECIFIED.);
#824=CIRCLE('1069',#823,1.75E0);
#829=CIRCLE('1070',#828,1.75E0);
#842=CIRCLE('1082',#841,1.75E0);
#847=CIRCLE('1083',#846,1.75E0);
#852=CIRCLE('939',#851,1.5E0);
#861=B_SPLINE_CURVE_WITH_KNOTS('948',3,(#853,#854,#855,#856,#857,#858,#859,
#860),.UNSPECIFIED.,.F.,.F.,(4,1,1,1,1,4),(0.E0,2.E-1,4.E-1,6.E-1,8.E-1,1.E0),
.UNSPECIFIED.);
#866=CIRCLE('904',#865,4.E0);
#871=CIRCLE('398',#870,4.E0);
#880=CIRCLE('408',#879,4.E0);
#889=CIRCLE('413',#888,4.E0);
#898=CIRCLE('403',#897,4.E0);
#907=CIRCLE('449',#906,1.75E0);
#912=CIRCLE('450',#911,1.75E0);
#917=CIRCLE('477',#916,1.75E0);
#922=CIRCLE('478',#921,1.75E0);
#927=CIRCLE('910',#926,4.E0);
#941=B_SPLINE_CURVE_WITH_KNOTS('949',3,(#932,#933,#934,#935,#936,#937,#938,#939,
#940),.UNSPECIFIED.,.F.,.F.,(4,1,1,1,1,1,4),(0.E0,1.666666666667E-1,
3.333333333333E-1,5.E-1,6.666666666667E-1,8.333333333333E-1,1.E0),
.UNSPECIFIED.);
#948=B_SPLINE_CURVE_WITH_KNOTS('963',3,(#942,#943,#944,#945,#946,#947),
.UNSPECIFIED.,.F.,.F.,(4,1,1,4),(0.E0,3.333333333333E-1,6.666666666667E-1,1.E0),
.UNSPECIFIED.);
#953=CIRCLE('959',#952,1.5E0);
#959=B_SPLINE_CURVE_WITH_KNOTS('879',3,(#954,#955,#956,#957,#958),.UNSPECIFIED.,
.F.,.F.,(4,1,4),(0.E0,5.E-1,1.E0),.UNSPECIFIED.);
#966=B_SPLINE_CURVE_WITH_KNOTS('964',3,(#960,#961,#962,#963,#964,#965),
.UNSPECIFIED.,.F.,.F.,(4,1,1,4),(0.E0,3.333333333333E-1,6.666666666667E-1,1.E0),
.UNSPECIFIED.);
#972=B_SPLINE_CURVE_WITH_KNOTS('899',3,(#967,#968,#969,#970,#971),.UNSPECIFIED.,
.F.,.F.,(4,1,4),(0.E0,5.E-1,1.E0),.UNSPECIFIED.);
#977=CIRCLE('942',#976,1.5E0);
#982=CIRCLE('889',#981,4.E0);
#1022=B_SPLINE_CURVE_WITH_KNOTS('916',3,(#1003,#1004,#1005,#1006,#1007,#1008,
#1009,#1010,#1011,#1012,#1013,#1014,#1015,#1016,#1017,#1018,#1019,#1020,#1021),
.UNSPECIFIED.,.F.,.F.,(4,1,1,1,1,1,1,1,1,1,1,1,1,1,1,1,4),(0.E0,6.25E-2,1.25E-1,
1.875E-1,2.5E-1,3.125E-1,3.75E-1,4.375E-1,5.E-1,5.625E-1,6.25E-1,6.875E-1,
7.5E-1,8.125E-1,8.75E-1,9.375E-1,1.E0),.UNSPECIFIED.);
#1050=B_SPLINE_CURVE_WITH_KNOTS('896',3,(#1031,#1032,#1033,#1034,#1035,#1036,
#1037,#1038,#1039,#1040,#1041,#1042,#1043,#1044,#1045,#1046,#1047,#1048,#1049),
.UNSPECIFIED.,.F.,.F.,(4,1,1,1,1,1,1,1,1,1,1,1,1,1,1,1,4),(0.E0,6.25E-2,1.25E-1,
1.875E-1,2.5E-1,3.125E-1,3.75E-1,4.375E-1,5.E-1,5.625E-1,6.25E-1,6.875E-1,
7.5E-1,8.125E-1,8.75E-1,9.375E-1,1.E0),.UNSPECIFIED.);
#1068=B_SPLINE_CURVE_WITH_KNOTS('952',3,(#1051,#1052,#1053,#1054,#1055,#1056,
#1057,#1058,#1059,#1060,#1061,#1062,#1063,#1064,#1065,#1066,#1067),
.UNSPECIFIED.,.F.,.F.,(4,1,1,1,1,1,1,1,1,1,1,1,1,1,4),(0.E0,7.142857142857E-2,
1.428571428571E-1,2.142857142857E-1,2.857142857143E-1,3.571428571429E-1,
4.285714285714E-1,5.E-1,5.714285714286E-1,6.428571428571E-1,7.142857142857E-1,
7.857142857143E-1,8.571428571429E-1,9.285714285714E-1,1.E0),.UNSPECIFIED.);
#1082=B_SPLINE_CURVE_WITH_KNOTS('943',3,(#1069,#1070,#1071,#1072,#1073,#1074,
#1075,#1076,#1077,#1078,#1079,#1080,#1081),.UNSPECIFIED.,.F.,.F.,(4,1,1,1,1,1,1,
1,1,1,4),(0.E0,1.E-1,2.E-1,3.E-1,4.E-1,5.E-1,6.E-1,7.E-1,8.E-1,9.E-1,1.E0),
.UNSPECIFIED.);
#1087=CIRCLE('950',#1086,1.5E0);
#1104=B_SPLINE_CURVE_WITH_KNOTS('954',3,(#1100,#1101,#1102,#1103),.UNSPECIFIED.,
.F.,.F.,(4,4),(0.E0,1.E0),.UNSPECIFIED.);
#1109=CIRCLE('944',#1108,1.499999999988E0);
#1129=B_SPLINE_CURVE_WITH_KNOTS('951',3,(#1110,#1111,#1112,#1113,#1114,#1115,
#1116,#1117,#1118,#1119,#1120,#1121,#1122,#1123,#1124,#1125,#1126,#1127,#1128),
.UNSPECIFIED.,.F.,.F.,(4,1,1,1,1,1,1,1,1,1,1,1,1,1,1,1,4),(0.E0,6.25E-2,1.25E-1,
1.875E-1,2.5E-1,3.125E-1,3.75E-1,4.375E-1,5.E-1,5.625E-1,6.25E-1,6.875E-1,
7.5E-1,8.125E-1,8.75E-1,9.375E-1,1.E0),.UNSPECIFIED.);
#1134=CIRCLE('953',#1133,1.500000051468E0);
#1139=B_SPLINE_CURVE_WITH_KNOTS('962',3,(#1135,#1136,#1137,#1138),.UNSPECIFIED.,
.F.,.F.,(4,4),(0.E0,1.E0),.UNSPECIFIED.);
#1161=B_SPLINE_CURVE_WITH_KNOTS('960',3,(#1152,#1153,#1154,#1155,#1156,#1157,
#1158,#1159,#1160),.UNSPECIFIED.,.F.,.F.,(4,1,1,1,1,1,4),(0.E0,
1.666666666667E-1,3.333333333333E-1,5.E-1,6.666666666667E-1,8.333333333333E-1,
1.E0),.UNSPECIFIED.);
#1177=B_SPLINE_CURVE_WITH_KNOTS('945',3,(#1162,#1163,#1164,#1165,#1166,#1167,
#1168,#1169,#1170,#1171,#1172,#1173,#1174,#1175,#1176),.UNSPECIFIED.,.F.,.F.,(4,
1,1,1,1,1,1,1,1,1,1,1,4),(0.E0,8.333333333333E-2,1.666666666667E-1,2.5E-1,
3.333333333333E-1,4.166666666667E-1,5.E-1,5.833333333333E-1,6.666666666667E-1,
7.5E-1,8.333333333333E-1,9.166666666667E-1,1.E0),.UNSPECIFIED.);
#1182=CIRCLE('946',#1181,1.5E0);
#1201=B_SPLINE_CURVE_WITH_KNOTS('957',3,(#1183,#1184,#1185,#1186,#1187,#1188,
#1189,#1190,#1191,#1192,#1193,#1194,#1195,#1196,#1197,#1198,#1199,#1200),
.UNSPECIFIED.,.F.,.F.,(4,1,1,1,1,1,1,1,1,1,1,1,1,1,1,4),(0.E0,6.666666666667E-2,
1.333333333333E-1,2.E-1,2.666666666667E-1,3.333333333333E-1,4.E-1,
4.666666666667E-1,5.333333333333E-1,6.E-1,6.666666666667E-1,7.333333333333E-1,
8.E-1,8.666666666667E-1,9.333333333333E-1,1.E0),.UNSPECIFIED.);
#1206=CIRCLE('961',#1205,1.500000106594E0);
#1226=B_SPLINE_CURVE_WITH_KNOTS('958',3,(#1207,#1208,#1209,#1210,#1211,#1212,
#1213,#1214,#1215,#1216,#1217,#1218,#1219,#1220,#1221,#1222,#1223,#1224,#1225),
.UNSPECIFIED.,.F.,.F.,(4,1,1,1,1,1,1,1,1,1,1,1,1,1,1,1,4),(0.E0,6.25E-2,1.25E-1,
1.875E-1,2.5E-1,3.125E-1,3.75E-1,4.375E-1,5.E-1,5.625E-1,6.25E-1,6.875E-1,
7.5E-1,8.125E-1,8.75E-1,9.375E-1,1.E0),.UNSPECIFIED.);
#1243=CIRCLE('941',#1242,1.5E0);
#1252=B_SPLINE_CURVE_WITH_KNOTS('956',3,(#1244,#1245,#1246,#1247,#1248,#1249,
#1250,#1251),.UNSPECIFIED.,.F.,.F.,(4,1,1,1,1,4),(0.E0,2.E-1,4.E-1,6.E-1,8.E-1,
1.E0),.UNSPECIFIED.);
#1257=CIRCLE('885',#1256,4.E0);
#1262=CIRCLE('940',#1261,1.5E0);
#1287=CIRCLE('441',#1286,1.75E0);
#1292=CIRCLE('442',#1291,1.75E0);
#1305=CIRCLE('469',#1304,1.75E0);
#1310=CIRCLE('470',#1309,1.75E0);
#1562=EDGE_CURVE('1891',#1551,#1552,#96,.T.);
#1564=EDGE_CURVE('1911',#1556,#1552,#200,.T.);
#1566=EDGE_CURVE('1894',#1555,#1556,#100,.T.);
#1568=EDGE_CURVE('1909',#1555,#1551,#148,.T.);
#1572=ADVANCED_FACE('1014',(#1571),#1561,.F.);
#1578=EDGE_CURVE('1879',#1543,#1544,#108,.T.);
#1580=EDGE_CURVE('1915',#1552,#1544,#104,.T.);
#1583=EDGE_CURVE('1916',#1551,#1543,#144,.T.);
#1587=ADVANCED_FACE('1864',(#1586),#1577,.T.);
#1594=EDGE_CURVE('1903',#1547,#1543,#152,.T.);
#1596=EDGE_CURVE('1882',#1547,#1548,#112,.T.);
#1598=EDGE_CURVE('1905',#1548,#1544,#204,.T.);
#1602=ADVANCED_FACE('106',(#1601),#1592,.T.);
#1608=EDGE_CURVE('1929',#1457,#1321,#176,.T.);
#1610=EDGE_CURVE('1339',#1455,#1457,#117,.T.);
#1612=EDGE_CURVE('1368',#1449,#1455,#121,.T.);
#1614=EDGE_CURVE('1335',#1447,#1449,#126,.T.);
#1616=EDGE_CURVE('1924',#1314,#1447,#346,.T.);
#1618=EDGE_CURVE('215',#1313,#1314,#131,.T.);
#1620=EDGE_CURVE('230',#1313,#1322,#135,.T.);
#1622=EDGE_CURVE('219',#1321,#1322,#140,.T.);
#1628=EDGE_CURVE('1920',#1555,#1547,#342,.T.);
#1633=ADVANCED_FACE('94',(#1625,#1632),#1607,.F.);
#1639=EDGE_CURVE('1928',#1409,#1519,#156,.T.);
#1641=EDGE_CURVE('1804',#1523,#1519,#811,.T.);
#1643=EDGE_CURVE('1783',#1523,#1469,#160,.T.);
#1645=EDGE_CURVE('1372',#1472,#1469,#424,.T.);
#1647=EDGE_CURVE('1787',#1491,#1472,#164,.T.);
#1649=EDGE_CURVE('1812',#1495,#1491,#392,.T.);
#1651=EDGE_CURVE('1788',#1452,#1495,#168,.T.);
#1653=EDGE_CURVE('1340',#1457,#1452,#172,.T.);
#1656=EDGE_CURVE('222',#1326,#1321,#180,.T.);
#1658=EDGE_CURVE('930',#1326,#1375,#184,.T.);
#1660=EDGE_CURVE('956',#1379,#1375,#1252,.T.);
#1662=EDGE_CURVE('929',#1342,#1379,#188,.T.);
#1664=EDGE_CURVE('417',#1342,#1337,#884,.T.);
#1666=EDGE_CURVE('925',#1337,#1405,#192,.T.);
#1668=EDGE_CURVE('948',#1409,#1405,#861,.T.);
#1672=ADVANCED_FACE('104',(#1671),#1638,.T.);
#1678=EDGE_CURVE('1925',#1445,#1316,#354,.T.);
#1680=EDGE_CURVE('1333',#1444,#1445,#209,.T.);
#1682=EDGE_CURVE('1371',#1444,#1453,#213,.T.);
#1684=EDGE_CURVE('1337',#1452,#1453,#218,.T.);
#1687=EDGE_CURVE('1741',#1494,#1495,#223,.T.);
#1689=EDGE_CURVE('1743',#1499,#1494,#227,.T.);
#1691=EDGE_CURVE('1745',#1484,#1499,#232,.T.);
#1693=EDGE_CURVE('1738',#1484,#1485,#236,.T.);
#1695=EDGE_CURVE('1775',#1485,#1532,#244,.T.);
#1697=EDGE_CURVE('1820',#1533,#1532,#621,.T.);
#1699=EDGE_CURVE('1778',#1533,#1513,#252,.T.);
#1701=EDGE_CURVE('1758',#1513,#1514,#256,.T.);
#1703=EDGE_CURVE('1766',#1528,#1514,#261,.T.);
#1705=EDGE_CURVE('1763',#1520,#1528,#265,.T.);
#1707=EDGE_CURVE('1760',#1519,#1520,#270,.T.);
#1710=EDGE_CURVE('905',#1408,#1409,#275,.T.);
#1712=EDGE_CURVE('907',#1413,#1408,#279,.T.);
#1714=EDGE_CURVE('909',#1398,#1413,#284,.T.);
#1716=EDGE_CURVE('902',#1398,#1399,#288,.T.);
#1718=EDGE_CURVE('922',#1399,#1418,#296,.T.);
#1720=EDGE_CURVE('966',#1417,#1418,#1002,.T.);
#1722=EDGE_CURVE('919',#1417,#1369,#306,.T.);
#1724=EDGE_CURVE('882',#1369,#1370,#310,.T.);
#1726=EDGE_CURVE('890',#1384,#1370,#315,.T.);
#1728=EDGE_CURVE('887',#1376,#1384,#319,.T.);
#1730=EDGE_CURVE('884',#1375,#1376,#324,.T.);
#1733=EDGE_CURVE('221',#1324,#1326,#329,.T.);
#1735=EDGE_CURVE('234',#1318,#1324,#333,.T.);
#1737=EDGE_CURVE('217',#1316,#1318,#338,.T.);
#1741=EDGE_CURVE('1921',#1556,#1548,#196,.T.);
#1748=ADVANCED_FACE('99',(#1740,#1747),#1677,.T.);
#1760=ADVANCED_FACE('1874',(#1759),#1753,.T.);
#1767=EDGE_CURVE('1334',#1447,#1445,#350,.T.);
#1770=EDGE_CURVE('216',#1316,#1314,#358,.T.);
#1774=ADVANCED_FACE('108',(#1773),#1765,.T.);
#1783=EDGE_CURVE('1336',#1449,#1444,#362,.T.);
#1787=ADVANCED_FACE('1138',(#1786),#1779,.T.);
#1795=EDGE_CURVE('1338',#1455,#1453,#366,.T.);
#1800=ADVANCED_FACE('1016',(#1799),#1792,.F.);
#1812=ADVANCED_FACE('1143',(#1811),#1805,.T.);
#1821=EDGE_CURVE('218',#1318,#1313,#370,.T.);
#1825=ADVANCED_FACE('124',(#1824),#1817,.T.);
#1833=EDGE_CURVE('220',#1324,#1322,#374,.T.);
#1838=ADVANCED_FACE('110',(#1837),#1830,.T.);
#1850=ADVANCED_FACE('129',(#1849),#1843,.T.);
#1856=EDGE_CURVE('1740',#1490,#1491,#397,.T.);
#1858=EDGE_CURVE('1797',#1490,#1494,#379,.T.);
#1864=ADVANCED_FACE('1462',(#1863),#1855,.F.);
#1872=EDGE_CURVE('1360',#1472,#1473,#420,.T.);
#1874=EDGE_CURVE('1786',#1490,#1473,#736,.T.);
#1878=ADVANCED_FACE('1168',(#1877),#1869,.T.);
#1884=EDGE_CURVE('1345',#1460,#1461,#402,.T.);
#1886=EDGE_CURVE('1374',#1460,#1465,#406,.T.);
#1888=EDGE_CURVE('1350',#1464,#1465,#411,.T.);
#1890=EDGE_CURVE('1375',#1464,#1473,#415,.T.);
#1894=EDGE_CURVE('1355',#1468,#1469,#429,.T.);
#1896=EDGE_CURVE('1373',#1468,#1461,#433,.T.);
#1900=EDGE_CURVE('1400',#1431,#1433,#438,.T.);
#1902=EDGE_CURVE('1401',#1433,#1431,#443,.T.);
#1906=EDGE_CURVE('1411',#1439,#1441,#448,.T.);
#1908=EDGE_CURVE('1412',#1441,#1439,#453,.T.);
#1912=ADVANCED_FACE('1033',(#1899,#1905,#1911),#1883,.F.);
#1918=EDGE_CURVE('1765',#1526,#1530,#458,.T.);
#1920=EDGE_CURVE('1791',#1530,#1503,#462,.T.);
#1922=EDGE_CURVE('1824',#1460,#1503,#519,.T.);
#1925=EDGE_CURVE('1781',#1526,#1461,#792,.T.);
#1929=ADVANCED_FACE('1153',(#1928),#1917,.T.);
#1935=EDGE_CURVE('1822',#1530,#1539,#487,.T.);
#1938=EDGE_CURVE('1796',#1526,#1528,#467,.T.);
#1941=EDGE_CURVE('1808',#1539,#1514,#554,.T.);
#1945=ADVANCED_FACE('1453',(#1944),#1934,.F.);
#1951=EDGE_CURVE('1780',#1474,#1487,#510,.T.);
#1953=EDGE_CURVE('1814',#1540,#1487,#713,.T.);
#1955=EDGE_CURVE('1821',#1540,#1501,#474,.T.);
#1957=EDGE_CURVE('1792',#1501,#1475,#749,.T.);
#1959=EDGE_CURVE('1735',#1474,#1475,#480,.T.);
#1963=ADVANCED_FACE('1093',(#1962),#1950,.F.);
#1970=EDGE_CURVE('1807',#1516,#1539,#492,.T.);
#1972=EDGE_CURVE('1779',#1504,#1516,#540,.T.);
#1974=EDGE_CURVE('1755',#1503,#1504,#498,.T.);
#1979=ADVANCED_FACE('1093',(#1978),#1968,.F.);
#1985=EDGE_CURVE('1737',#1481,#1474,#502,.T.);
#1987=EDGE_CURVE('1739',#1487,#1481,#506,.T.);
#1992=ADVANCED_FACE('1092',(#1991),#1984,.T.);
#1999=EDGE_CURVE('1818',#1475,#1479,#515,.T.);
#2001=EDGE_CURVE('1736',#1478,#1479,#645,.T.);
#2003=EDGE_CURVE('1817',#1478,#1481,#779,.T.);
#2008=ADVANCED_FACE('1485',(#2007),#1997,.T.);
#2015=EDGE_CURVE('1810',#1509,#1503,#532,.T.);
#2017=EDGE_CURVE('1790',#1509,#1479,#523,.T.);
#2020=EDGE_CURVE('1823',#1475,#1465,#527,.T.);
#2025=ADVANCED_FACE('1036',(#2024),#2013,.F.);
#2032=EDGE_CURVE('1756',#1504,#1506,#536,.T.);
#2034=EDGE_CURVE('1809',#1506,#1510,#654,.T.);
#2036=EDGE_CURVE('1757',#1509,#1510,#649,.T.);
#2041=ADVANCED_FACE('1480',(#2040),#2030,.T.);
#2049=EDGE_CURVE('1759',#1506,#1516,#544,.T.);
#2053=ADVANCED_FACE('1091',(#2052),#2046,.F.);
#2060=EDGE_CURVE('1805',#1513,#1535,#597,.T.);
#2062=EDGE_CURVE('1806',#1535,#1506,#674,.T.);
#2069=ADVANCED_FACE('1457',(#2068),#2058,.F.);
#2156=EDGE_CURVE('1799',#1531,#1533,#571,.T.);
#2158=EDGE_CURVE('1800',#1535,#1531,#576,.T.);
#2163=ADVANCED_FACE('1514',(#2162),#2154,.T.);
#2169=EDGE_CURVE('1772',#1510,#1531,#617,.T.);
#2173=EDGE_CURVE('1801',#1532,#1502,#708,.T.);
#2175=EDGE_CURVE('1752',#1502,#1478,#641,.T.);
#2182=ADVANCED_FACE('1095',(#2181),#2168,.F.);
#2270=ADVANCED_FACE('1519',(#2269),#2263,.T.);
#2345=EDGE_CURVE('1816',#1537,#1485,#693,.T.);
#2347=EDGE_CURVE('1802',#1537,#1502,#754,.T.);
#2352=ADVANCED_FACE('1610',(#2351),#2343,.T.);
#2359=EDGE_CURVE('1813',#1540,#1484,#723,.T.);
#2363=EDGE_CURVE('1815',#1481,#1537,#774,.T.);
#2368=ADVANCED_FACE('1475',(#2367),#2357,.F.);
#2377=EDGE_CURVE('1798',#1497,#1499,#728,.T.);
#2379=EDGE_CURVE('1746',#1501,#1497,#745,.T.);
#2383=ADVANCED_FACE('1471',(#2382),#2373,.F.);
#2389=EDGE_CURVE('1742',#1497,#1490,#732,.T.);
#2396=ADVANCED_FACE('1467',(#2395),#2388,.F.);
#2405=EDGE_CURVE('1782',#1497,#1464,#740,.T.);
#2409=ADVANCED_FACE('1037',(#2408),#2401,.F.);
#2422=ADVANCED_FACE('1158',(#2421),#2414,.T.);
#2510=ADVANCED_FACE('1615',(#2509),#2503,.T.);
#2516=EDGE_CURVE('1762',#1524,#1526,#788,.T.);
#2518=EDGE_CURVE('1795',#1524,#1520,#784,.T.);
#2524=ADVANCED_FACE('1449',(#2523),#2515,.F.);
#2533=EDGE_CURVE('1784',#1524,#1468,#796,.T.);
#2537=ADVANCED_FACE('1035',(#2536),#2529,.F.);
#2543=EDGE_CURVE('1761',#1523,#1524,#801,.T.);
#2550=ADVANCED_FACE('1163',(#2549),#2542,.T.);
#2562=ADVANCED_FACE('1444',(#2561),#2555,.F.);
#2568=EDGE_CURVE('1073',#1431,#1428,#815,.T.);
#2570=EDGE_CURVE('1069',#1428,#1429,#824,.T.);
#2572=EDGE_CURVE('1074',#1433,#1429,#819,.T.);
#2577=ADVANCED_FACE('1065',(#2576),#2567,.F.);
#2586=EDGE_CURVE('1070',#1429,#1428,#829,.T.);
#2590=ADVANCED_FACE('1066',(#2589),#2582,.F.);
#2600=ADVANCED_FACE('1064',(#2599),#2595,.T.);
#2606=EDGE_CURVE('1086',#1439,#1436,#833,.T.);
#2608=EDGE_CURVE('1082',#1436,#1437,#842,.T.);
#2610=EDGE_CURVE('1087',#1441,#1437,#837,.T.);
#2615=ADVANCED_FACE('1078',(#2614),#2605,.F.);
#2624=EDGE_CURVE('1083',#1437,#1436,#847,.T.);
#2628=ADVANCED_FACE('1079',(#2627),#2620,.F.);
#2638=ADVANCED_FACE('1077',(#2637),#2633,.T.);
#2644=EDGE_CURVE('904',#1404,#1405,#866,.T.);
#2646=EDGE_CURVE('939',#1404,#1408,#852,.T.);
#2652=ADVANCED_FACE('588',(#2651),#2643,.F.);
#2660=EDGE_CURVE('408',#1337,#1338,#880,.T.);
#2662=EDGE_CURVE('926',#1338,#1404,#1270,.T.);
#2666=ADVANCED_FACE('303',(#2665),#2657,.T.);
#2672=EDGE_CURVE('398',#1329,#1330,#871,.T.);
#2674=EDGE_CURVE('418',#1338,#1329,#875,.T.);
#2678=EDGE_CURVE('413',#1341,#1342,#889,.T.);
#2680=EDGE_CURVE('420',#1334,#1341,#893,.T.);
#2682=EDGE_CURVE('403',#1333,#1334,#898,.T.);
#2684=EDGE_CURVE('419',#1330,#1333,#902,.T.);
#2688=EDGE_CURVE('449',#1349,#1350,#907,.T.);
#2690=EDGE_CURVE('450',#1350,#1349,#912,.T.);
#2694=EDGE_CURVE('477',#1357,#1358,#917,.T.);
#2696=EDGE_CURVE('478',#1358,#1357,#922,.T.);
#2700=ADVANCED_FACE('253',(#2687,#2693,#2699),#2671,.T.);
#2706=EDGE_CURVE('910',#1415,#1411,#927,.T.);
#2708=EDGE_CURVE('923',#1329,#1411,#1274,.T.);
#2711=EDGE_CURVE('968',#1389,#1330,#994,.T.);
#2713=EDGE_CURVE('933',#1389,#1415,#931,.T.);
#2717=ADVANCED_FACE('293',(#2716),#2705,.T.);
#2723=EDGE_CURVE('964',#1423,#1415,#966,.T.);
#2725=EDGE_CURVE('949',#1423,#1398,#941,.T.);
#2728=EDGE_CURVE('940',#1411,#1413,#1262,.T.);
#2733=ADVANCED_FACE('597',(#2732),#2722,.F.);
#2739=EDGE_CURVE('963',#1386,#1425,#948,.T.);
#2741=EDGE_CURVE('959',#1372,#1425,#953,.T.);
#2743=EDGE_CURVE('938',#1360,#1372,#1147,.T.);
#2745=EDGE_CURVE('879',#1359,#1360,#959,.T.);
#2747=EDGE_CURVE('934',#1359,#1386,#986,.T.);
#2751=ADVANCED_FACE('551',(#2750),#2738,.T.);
#2757=EDGE_CURVE('937',#1388,#1401,#1099,.T.);
#2759=EDGE_CURVE('950',#1423,#1401,#1087,.T.);
#2763=EDGE_CURVE('899',#1388,#1389,#972,.T.);
#2767=ADVANCED_FACE('551',(#2766),#2756,.T.);
#2774=EDGE_CURVE('889',#1382,#1386,#982,.T.);
#2776=EDGE_CURVE('942',#1382,#1384,#977,.T.);
#2779=EDGE_CURVE('960',#1425,#1370,#1161,.T.);
#2783=ADVANCED_FACE('615',(#2782),#2772,.F.);
#2791=EDGE_CURVE('967',#1333,#1359,#998,.T.);
#2794=EDGE_CURVE('924',#1334,#1382,#1234,.T.);
#2798=ADVANCED_FACE('298',(#2797),#2788,.T.);
#2804=EDGE_CURVE('932',#1393,#1365,#990,.T.);
#2806=EDGE_CURVE('954',#1389,#1393,#1104,.T.);
#2811=EDGE_CURVE('962',#1365,#1359,#1139,.T.);
#2815=ADVANCED_FACE('262',(#2814),#2803,.T.);
#2822=EDGE_CURVE('943',#1418,#1416,#1082,.T.);
#2824=EDGE_CURVE('916',#1416,#1392,#1022,.T.);
#2826=EDGE_CURVE('900',#1392,#1393,#1026,.T.);
#2829=EDGE_CURVE('881',#1365,#1366,#1030,.T.);
#2831=EDGE_CURVE('896',#1366,#1387,#1050,.T.);
#2833=EDGE_CURVE('945',#1387,#1417,#1177,.T.);
#2837=ADVANCED_FACE('555',(#2836),#2820,.T.);
#2908=EDGE_CURVE('952',#1420,#1399,#1068,.T.);
#2910=EDGE_CURVE('944',#1420,#1416,#1109,.T.);
#2915=ADVANCED_FACE('684',(#2914),#2906,.T.);
#2924=EDGE_CURVE('903',#1401,#1395,#1095,.T.);
#2926=EDGE_CURVE('951',#1395,#1420,#1129,.T.);
#2931=ADVANCED_FACE('601',(#2930),#2920,.F.);
#2937=EDGE_CURVE('901',#1395,#1388,#1091,.T.);
#2943=ADVANCED_FACE('543',(#2942),#2936,.T.);
#2952=EDGE_CURVE('953',#1392,#1395,#1134,.T.);
#2957=ADVANCED_FACE('624',(#2956),#2948,.T.);
#3045=ADVANCED_FACE('689',(#3044),#3038,.T.);
#3052=EDGE_CURVE('880',#1360,#1362,#1143,.T.);
#3054=EDGE_CURVE('961',#1362,#1366,#1206,.T.);
#3060=ADVANCED_FACE('629',(#3059),#3050,.T.);
#3068=EDGE_CURVE('883',#1362,#1372,#1151,.T.);
#3072=ADVANCED_FACE('547',(#3071),#3065,.F.);
#3079=EDGE_CURVE('957',#1369,#1422,#1201,.T.);
#3081=EDGE_CURVE('958',#1422,#1362,#1226,.T.);
#3088=ADVANCED_FACE('619',(#3087),#3077,.F.);
#3168=EDGE_CURVE('946',#1422,#1387,#1182,.T.);
#3173=ADVANCED_FACE('728',(#3172),#3165,.T.);
#3261=ADVANCED_FACE('733',(#3260),#3254,.T.);
#3267=EDGE_CURVE('886',#1380,#1382,#1230,.T.);
#3271=EDGE_CURVE('928',#1341,#1380,#1238,.T.);
#3275=ADVANCED_FACE('264',(#3274),#3266,.T.);
#3282=EDGE_CURVE('941',#1380,#1376,#1243,.T.);
#3288=ADVANCED_FACE('611',(#3287),#3280,.F.);
#3296=EDGE_CURVE('885',#1379,#1380,#1257,.T.);
#3301=ADVANCED_FACE('606',(#3300),#3293,.F.);
#3313=ADVANCED_FACE('308',(#3312),#3306,.T.);
#3319=EDGE_CURVE('906',#1411,#1404,#1266,.T.);
#3326=ADVANCED_FACE('593',(#3325),#3318,.F.);
#3338=ADVANCED_FACE('260',(#3337),#3331,.T.);
#3345=EDGE_CURVE('452',#1350,#1346,#1282,.T.);
#3347=EDGE_CURVE('441',#1345,#1346,#1287,.T.);
#3349=EDGE_CURVE('451',#1349,#1345,#1278,.T.);
#3353=ADVANCED_FACE('443',(#3352),#3343,.F.);
#3361=EDGE_CURVE('442',#1346,#1345,#1292,.T.);
#3366=ADVANCED_FACE('445',(#3365),#3358,.F.);
#3376=ADVANCED_FACE('440',(#3375),#3371,.F.);
#3383=EDGE_CURVE('480',#1358,#1354,#1300,.T.);
#3385=EDGE_CURVE('469',#1353,#1354,#1305,.T.);
#3387=EDGE_CURVE('479',#1357,#1353,#1296,.T.);
#3391=ADVANCED_FACE('471',(#3390),#3381,.F.);
#3399=EDGE_CURVE('470',#1354,#1353,#1310,.T.);
#3404=ADVANCED_FACE('473',(#3403),#3396,.F.);
#3414=ADVANCED_FACE('468',(#3413),#3409,.F.);
#3415=CLOSED_SHELL('',(#1572,#1587,#1602,#1633,#1672,#1748,#1760,#1774,#1787,
#1800,#1812,#1825,#1838,#1850,#1864,#1878,#1912,#1929,#1945,#1963,#1979,#1992,
#2008,#2025,#2041,#2053,#2069,#2163,#2182,#2270,#2352,#2368,#2383,#2396,#2409,
#2422,#2510,#2524,#2537,#2550,#2562,#2577,#2590,#2600,#2615,#2628,#2638,#2652,
#2666,#2700,#2717,#2733,#2751,#2767,#2783,#2798,#2815,#2837,#2915,#2931,#2943,
#2957,#3045,#3060,#3072,#3088,#3173,#3261,#3275,#3288,#3301,#3313,#3326,#3338,
#3353,#3366,#3376,#3391,#3404,#3414));
#3416=MANIFOLD_SOLID_BREP('',#3415);
#3417=(LENGTH_UNIT()NAMED_UNIT(*)SI_UNIT(.MILLI.,.METRE.));
#3418=(NAMED_UNIT(*)PLANE_ANGLE_UNIT()SI_UNIT($,.RADIAN.));
#3421=(NAMED_UNIT(*)SI_UNIT($,.STERADIAN.)SOLID_ANGLE_UNIT());
#3423=(GEOMETRIC_REPRESENTATION_CONTEXT(3)GLOBAL_UNCERTAINTY_ASSIGNED_CONTEXT((
#3422))GLOBAL_UNIT_ASSIGNED_CONTEXT((#3417,#3420,#3421))REPRESENTATION_CONTEXT(
'ID1','3'));
#3424=ADVANCED_BREP_SHAPE_REPRESENTATION('',(#3416),#3423);
#3431=PRODUCT_DEFINITION('part definition','',#3430,#3427);
#3432=PRODUCT_DEFINITION_SHAPE('','SHAPE FOR FUSSSDF.',#3431);
#3433=SHAPE_ASPECT('','solid data associated with FUSSSDF',#3432,.F.);
#3434=PROPERTY_DEFINITION('',
'shape for solid data with which properties are associated',#3433);
#3435=SHAPE_REPRESENTATION('',(#3416),#3423);
#3436=SHAPE_DEFINITION_REPRESENTATION(#3434,#3435);
#3437=(LENGTH_UNIT()NAMED_UNIT(*)SI_UNIT(.MILLI.,.METRE.));
#3441=PROPERTY_DEFINITION('geometric validation property','area of FUSSSDF',
#3433);
#3442=REPRESENTATION('surface area',(#3440),#3423);
#3443=PROPERTY_DEFINITION_REPRESENTATION(#3441,#3442);
#3444=(LENGTH_UNIT()NAMED_UNIT(*)SI_UNIT(.MILLI.,.METRE.));
#3448=PROPERTY_DEFINITION('geometric validation property','volume of FUSSSDF',
#3433);
#3449=REPRESENTATION('volume',(#3447),#3423);
#3450=PROPERTY_DEFINITION_REPRESENTATION(#3448,#3449);
#3452=PROPERTY_DEFINITION('geometric validation property','centroid of FUSSSDF',
#3433);
#3453=REPRESENTATION('centroid',(#3451),#3423);
#3454=PROPERTY_DEFINITION_REPRESENTATION(#3452,#3453);
#3455=(LENGTH_UNIT()NAMED_UNIT(*)SI_UNIT(.MILLI.,.METRE.));
#3459=PROPERTY_DEFINITION('geometric validation property','area of FUSSSDF',
#3432);
#3460=REPRESENTATION('surface area',(#3458),#3423);
#3461=PROPERTY_DEFINITION_REPRESENTATION(#3459,#3460);
#3462=(LENGTH_UNIT()NAMED_UNIT(*)SI_UNIT(.MILLI.,.METRE.));
#3466=PROPERTY_DEFINITION('geometric validation property','volume of FUSSSDF',
#3432);
#3467=REPRESENTATION('volume',(#3465),#3423);
#3468=PROPERTY_DEFINITION_REPRESENTATION(#3466,#3467);
#3470=PROPERTY_DEFINITION('geometric validation property','centroid of FUSSSDF',
#3432);
#3471=REPRESENTATION('centroid',(#3469),#3423);
#3472=PROPERTY_DEFINITION_REPRESENTATION(#3470,#3471);
#3473=SHAPE_DEFINITION_REPRESENTATION(#3432,#3424);
#3475=PROPERTY_DEFINITION('CHANGE_NUMBER','user defined attribute',#3431);
#3479=REPRESENTATION('',(#3478),#3423);
#3480=PROPERTY_DEFINITION_REPRESENTATION(#3475,#3479);
#3481=PROPERTY_DEFINITION('CLASS_CODE','user defined attribute',#3431);
#3485=REPRESENTATION('',(#3484),#3423);
#3486=PROPERTY_DEFINITION_REPRESENTATION(#3481,#3485);
#3487=PROPERTY_DEFINITION('DESCR1_R1','user defined attribute',#3431);
#3491=REPRESENTATION('',(#3490),#3423);
#3492=PROPERTY_DEFINITION_REPRESENTATION(#3487,#3491);
#3493=PROPERTY_DEFINITION('DESCR1_R2','user defined attribute',#3431);
#3497=REPRESENTATION('',(#3496),#3423);
#3498=PROPERTY_DEFINITION_REPRESENTATION(#3493,#3497);
#3499=PROPERTY_DEFINITION('DESCR2_R1','user defined attribute',#3431);
#3503=REPRESENTATION('',(#3502),#3423);
#3504=PROPERTY_DEFINITION_REPRESENTATION(#3499,#3503);
#3505=PROPERTY_DEFINITION('DESCR2_R2','user defined attribute',#3431);
#3509=REPRESENTATION('',(#3508),#3423);
#3510=PROPERTY_DEFINITION_REPRESENTATION(#3505,#3509);
#3511=PROPERTY_DEFINITION('DESCR3_R1','user defined attribute',#3431);
#3515=REPRESENTATION('',(#3514),#3423);
#3516=PROPERTY_DEFINITION_REPRESENTATION(#3511,#3515);
#3517=PROPERTY_DEFINITION('DESCR3_R2','user defined attribute',#3431);
#3521=REPRESENTATION('',(#3520),#3423);
#3522=PROPERTY_DEFINITION_REPRESENTATION(#3517,#3521);
#3523=PROPERTY_DEFINITION('LANG_DESCR3','user defined attribute',#3431);
#3527=REPRESENTATION('',(#3526),#3423);
#3528=PROPERTY_DEFINITION_REPRESENTATION(#3523,#3527);
#3529=PROPERTY_DEFINITION('MANUFACTURING_ID','user defined attribute',#3431);
#3533=REPRESENTATION('',(#3532),#3423);
#3534=PROPERTY_DEFINITION_REPRESENTATION(#3529,#3533);
#3535=PROPERTY_DEFINITION('MATERIAL','user defined attribute',#3431);
#3539=REPRESENTATION('',(#3538),#3423);
#3540=PROPERTY_DEFINITION_REPRESENTATION(#3535,#3539);
#3541=PROPERTY_DEFINITION('PROJECT','user defined attribute',#3431);
#3545=REPRESENTATION('',(#3544),#3423);
#3546=PROPERTY_DEFINITION_REPRESENTATION(#3541,#3545);
#3547=PROPERTY_DEFINITION('WEIGHT','user defined attribute',#3431);
#3551=REPRESENTATION('',(#3550),#3423);
#3552=PROPERTY_DEFINITION_REPRESENTATION(#3547,#3551);
#3554=REPRESENTATION('',(#3553),#3423);
#3555=PROPERTY_DEFINITION('attribute type designation','Real Number',#3548);
#3556=PROPERTY_DEFINITION_REPRESENTATION(#3555,#3554);
#3557=PROPERTY_DEFINITION('WEIGHT_FACTOR','user defined attribute',#3431);
#3561=REPRESENTATION('',(#3560),#3423);
#3562=PROPERTY_DEFINITION_REPRESENTATION(#3557,#3561);
#3564=REPRESENTATION('',(#3563),#3423);
#3565=PROPERTY_DEFINITION('attribute type designation','Real Number',#3558);
#3566=PROPERTY_DEFINITION_REPRESENTATION(#3565,#3564);
#3567=PROPERTY_DEFINITION('WEIGHT_ADD','user defined attribute',#3431);
#3571=REPRESENTATION('',(#3570),#3423);
#3572=PROPERTY_DEFINITION_REPRESENTATION(#3567,#3571);
#3574=REPRESENTATION('',(#3573),#3423);
#3575=PROPERTY_DEFINITION('attribute type designation','Real Number',#3568);
#3576=PROPERTY_DEFINITION_REPRESENTATION(#3575,#3574);
#3577=PROPERTY_DEFINITION('_MASS_TEMP','user defined attribute',#3431);
#3581=REPRESENTATION('',(#3580),#3423);
#3582=PROPERTY_DEFINITION_REPRESENTATION(#3577,#3581);
#3584=REPRESENTATION('',(#3583),#3423);
#3585=PROPERTY_DEFINITION('attribute type designation','Real Number',#3578);
#3586=PROPERTY_DEFINITION_REPRESENTATION(#3585,#3584);
#3587=PROPERTY_DEFINITION('_DIFF_TEMP','user defined attribute',#3431);
#3590=(MASS_UNIT()NAMED_UNIT(*)SI_UNIT(.KILO.,.GRAM.));
#3592=REPRESENTATION('',(#3591),#3423);
#3593=PROPERTY_DEFINITION_REPRESENTATION(#3587,#3592);
#3594=PROPERTY_DEFINITION('DCC','user defined attribute',#3431);
#3598=REPRESENTATION('',(#3597),#3423);
#3599=PROPERTY_DEFINITION_REPRESENTATION(#3594,#3598);
#3600=PROPERTY_DEFINITION('RAW_PART','user defined attribute',#3431);
#3604=REPRESENTATION('',(#3603),#3423);
#3605=PROPERTY_DEFINITION_REPRESENTATION(#3600,#3604);
#3606=PROPERTY_DEFINITION('SIEMENS_NUMBER','user defined attribute',#3431);
#3610=REPRESENTATION('',(#3609),#3423);
#3611=PROPERTY_DEFINITION_REPRESENTATION(#3606,#3610);
#3612=PROPERTY_DEFINITION('ASSIGNED_DOCUMENT_NUMBER','user defined attribute',
#3431);
#3616=REPRESENTATION('',(#3615),#3423);
#3617=PROPERTY_DEFINITION_REPRESENTATION(#3612,#3616);
#3618=PROPERTY_DEFINITION('ASSIGNED_MATERIAL_NUMBER','user defined attribute',
#3431);
#3622=REPRESENTATION('',(#3621),#3423);
#3623=PROPERTY_DEFINITION_REPRESENTATION(#3618,#3622);
#3624=PROPERTY_DEFINITION('MANUFACTURER','user defined attribute',#3431);
#3628=REPRESENTATION('',(#3627),#3423);
#3629=PROPERTY_DEFINITION_REPRESENTATION(#3624,#3628);
#3630=PROPERTY_DEFINITION('MC_ERRORS','user defined attribute',#3431);
#3634=REPRESENTATION('',(#3633),#3423);
#3635=PROPERTY_DEFINITION_REPRESENTATION(#3630,#3634);
#3637=REPRESENTATION('',(#3636),#3423);
#3638=PROPERTY_DEFINITION('attribute type designation','Integer',#3631);
#3639=PROPERTY_DEFINITION_REPRESENTATION(#3638,#3637);
#3640=PROPERTY_DEFINITION('MODEL_CHECK','user defined attribute',#3431);
#3644=REPRESENTATION('',(#3643),#3423);
#3645=PROPERTY_DEFINITION_REPRESENTATION(#3640,#3644);
#3646=PROPERTY_DEFINITION('STEP_VERSION','user defined attribute',#3431);
#3650=REPRESENTATION('',(#3649),#3423);
#3651=PROPERTY_DEFINITION_REPRESENTATION(#3646,#3650);
#3652=PROPERTY_DEFINITION('SUPPLIER_FILENAME','user defined attribute',#3431);
#3656=REPRESENTATION('',(#3655),#3423);
#3657=PROPERTY_DEFINITION_REPRESENTATION(#3652,#3656);
#3658=PROPERTY_DEFINITION('PTC_WM_REVISION','user defined attribute',#3431);
#3662=REPRESENTATION('',(#3661),#3423);
#3663=PROPERTY_DEFINITION_REPRESENTATION(#3658,#3662);
#3664=PROPERTY_DEFINITION('PTC_WM_ITERATION','user defined attribute',#3431);
#3668=REPRESENTATION('',(#3667),#3423);
#3669=PROPERTY_DEFINITION_REPRESENTATION(#3664,#3668);
#3670=PROPERTY_DEFINITION('PTC_WM_VERSION','user defined attribute',#3431);
#3674=REPRESENTATION('',(#3673),#3423);
#3675=PROPERTY_DEFINITION_REPRESENTATION(#3670,#3674);
#3676=PROPERTY_DEFINITION('PTC_WM_LIFECYCLE_STATE','user defined attribute',
#3431);
#3680=REPRESENTATION('',(#3679),#3423);
#3681=PROPERTY_DEFINITION_REPRESENTATION(#3676,#3680);
#3682=PROPERTY_DEFINITION('PTC_WM_LIFECYCLE','user defined attribute',#3431);
#3686=REPRESENTATION('',(#3685),#3423);
#3687=PROPERTY_DEFINITION_REPRESENTATION(#3682,#3686);
#3688=PROPERTY_DEFINITION('PTC_WM_LOCATION','user defined attribute',#3431);
#3692=REPRESENTATION('',(#3691),#3423);
#3693=PROPERTY_DEFINITION_REPRESENTATION(#3688,#3692);
#3694=PROPERTY_DEFINITION('PTC_WM_CREATED_BY','user defined attribute',#3431);
#3698=REPRESENTATION('',(#3697),#3423);
#3699=PROPERTY_DEFINITION_REPRESENTATION(#3694,#3698);
#3700=PROPERTY_DEFINITION('PTC_WM_CREATED_ON','user defined attribute',#3431);
#3704=REPRESENTATION('',(#3703),#3423);
#3705=PROPERTY_DEFINITION_REPRESENTATION(#3700,#3704);
#3706=PROPERTY_DEFINITION('PTC_WM_MODIFIED_BY','user defined attribute',#3431);
#3710=REPRESENTATION('',(#3709),#3423);
#3711=PROPERTY_DEFINITION_REPRESENTATION(#3706,#3710);
#3712=PROPERTY_DEFINITION('PTC_WM_MODIFIED_ON','user defined attribute',#3431);
#3716=REPRESENTATION('',(#3715),#3423);
#3717=PROPERTY_DEFINITION_REPRESENTATION(#3712,#3716);
#3718=PROPERTY_DEFINITION('PTC_WM_TEAM','user defined attribute',#3431);
#3722=REPRESENTATION('',(#3721),#3423);
#3723=PROPERTY_DEFINITION_REPRESENTATION(#3718,#3722);
#3724=PROPERTY_DEFINITION('SUPPLIER','user defined attribute',#3431);
#3728=REPRESENTATION('',(#3727),#3423);
#3729=PROPERTY_DEFINITION_REPRESENTATION(#3724,#3728);
#3731=REPRESENTATION('',(#3730),#3423);
#3732=PROPERTY_DEFINITION('attribute type designation','Integer',#3725);
#3733=PROPERTY_DEFINITION_REPRESENTATION(#3732,#3731);
#3734=PROPERTY_DEFINITION('PTC_ORGANIZATION_ID','user defined attribute',#3431);
#3738=REPRESENTATION('',(#3737),#3423);
#3739=PROPERTY_DEFINITION_REPRESENTATION(#3734,#3738);
#3740=PROPERTY_DEFINITION('PTC_MODIFIED','user defined attribute',#3431);
#3744=REPRESENTATION('',(#3743),#3423);
#3745=PROPERTY_DEFINITION_REPRESENTATION(#3740,#3744);
#3747=REPRESENTATION('',(#3746),#3423);
#3748=PROPERTY_DEFINITION('attribute type designation','Yes No',#3741);
#3749=PROPERTY_DEFINITION_REPRESENTATION(#3748,#3747);
#3750=PROPERTY_DEFINITION('PLM','user defined attribute',#3431);
#3754=REPRESENTATION('',(#3753),#3423);
#3755=PROPERTY_DEFINITION_REPRESENTATION(#3750,#3754);
#3756=PROPERTY_DEFINITION('DOCUMENT_NUMBER','user defined attribute',#3431);
#3760=REPRESENTATION('',(#3759),#3423);
#3761=PROPERTY_DEFINITION_REPRESENTATION(#3756,#3760);
#3762=PROPERTY_DEFINITION('MATERIAL_TYPE','user defined attribute',#3431);
#3766=REPRESENTATION('',(#3765),#3423);
#3767=PROPERTY_DEFINITION_REPRESENTATION(#3762,#3766);
#3768=PROPERTY_DEFINITION('MATERIAL_NUMBER','user defined attribute',#3431);
#3772=REPRESENTATION('',(#3771),#3423);
#3773=PROPERTY_DEFINITION_REPRESENTATION(#3768,#3772);
#3774=PROPERTY_DEFINITION('PDMLINKNUMBER','user defined attribute',#3431);
#3778=REPRESENTATION('',(#3777),#3423);
#3779=PROPERTY_DEFINITION_REPRESENTATION(#3774,#3778);
#3780=PROPERTY_DEFINITION('VISIBLE','user defined attribute',#3431);
#3784=REPRESENTATION('',(#3783),#3423);
#3785=PROPERTY_DEFINITION_REPRESENTATION(#3780,#3784);
#3786=PROPERTY_DEFINITION('PTC_WM_NAME','user defined attribute',#3431);
#3790=REPRESENTATION('',(#3789),#3423);
#3791=PROPERTY_DEFINITION_REPRESENTATION(#3786,#3790);
#3792=PROPERTY_DEFINITION('PTC_WM_NUMBER','user defined attribute',#3431);
#3796=REPRESENTATION('',(#3795),#3423);
#3797=PROPERTY_DEFINITION_REPRESENTATION(#3792,#3796);
#3798=PROPERTY_DEFINITION('TC_CREO_MAT_ID','user defined attribute',#3431);
#3802=REPRESENTATION('',(#3801),#3423);
#3803=PROPERTY_DEFINITION_REPRESENTATION(#3798,#3802);
#3804=PROPERTY_DEFINITION('PTC_MASTER_MATERIAL','user defined attribute',#3431);
#3808=REPRESENTATION('',(#3807),#3423);
#3809=PROPERTY_DEFINITION_REPRESENTATION(#3804,#3808);
ENDSEC;
END-ISO-10303-21;
